REGIÃO:;N
UF:;AM
ESTAÇÃO:;S. G. DA CACHOEIRA
CODIGO (WMO):;A134
LATITUDE:;-,12499999
LONGITUDE:;-67,06111111
ALTITUDE:;90
DATA DE FUNDAÇÃO (YYYY-MM-DD):;2011-08-31
DATA (YYYY-MM-DD);HORA (UTC);PRECIPITAÇÃO TOTAL, HORÁRIO (mm);PRESSAO ATMOSFERICA AO NIVEL DA ESTACAO, HORARIA (mB);PRESSÃO ATMOSFERICA MAX.NA HORA ANT. (AUT) (mB);PRESSÃO ATMOSFERICA MIN. NA HORA ANT. (AUT) (mB);RADIACAO GLOBAL (KJ/m²);TEMPERATURA DO AR - BULBO SECO, HORARIA (°C);TEMPERATURA DO PONTO DE ORVALHO (°C);TEMPERATURA MÁXIMA NA HORA ANT. (AUT) (°C);TEMPERATURA MÍNIMA NA HORA ANT. (AUT) (°C);TEMPERATURA ORVALHO MAX. NA HORA ANT. (AUT) (°C);TEMPERATURA ORVALHO MIN. NA HORA ANT. (AUT) (°C);UMIDADE REL. MAX. NA HORA ANT. (AUT) (%);UMIDADE REL. MIN. NA HORA ANT. (AUT) (%);UMIDADE RELATIVA DO AR, HORARIA (%);VENTO, DIREÇÃO HORARIA (gr) (° (gr));VENTO, RAJADA MAXIMA (m/s);VENTO, VELOCIDADE HORARIA (m/s);
2012-01-01;00:00;0;998;998;997,3;-9999;25;23,2;26,6;25;23,6;22,9;90;80;90;27;1,4;,8;
2012-01-01;01:00;0;998,9;998,9;998;-9999;24,5;23,1;25;24,5;23,4;23,1;92;90;92;342;1,5;,5;
2012-01-01;02:00;0;999,5;999,5;998,8;-9999;24,5;23,1;24,5;24,2;23,2;22,9;93;92;92;314;1,6;,8;
2012-01-01;03:00;0;999,9;1000;999,5;-9999;23,7;22,5;24,5;23,7;23;22,5;93;91;93;31;1,6;,3;
2012-01-01;04:00;0;999,7;1000;999,7;-9999;23,7;22,6;23,8;23,4;22,7;22,4;94;93;93;321;1,6;,5;
2012-01-01;05:00;0;999,9;999,9;999,7;-9999;23,7;22,5;23,9;23,3;22,8;22,2;94;93;93;50;1,4;,4;
2012-01-01;06:00;0;999,4;1000;999,4;-9999;23,8;22,7;24;23,6;23;22,5;94;93;93;134;1,6;,7;
2012-01-01;07:00;6,8;999,4;999,5;999,2;-9999;24,1;23;25,1;23,8;23,2;22,7;94;89;94;272;4,3;,7;
2012-01-01;08:00;3;999,5;999,5;999,2;-9999;23,8;22,6;24,4;23,8;23,1;22,5;94;90;93;285;4,6;,8;
2012-01-01;09:00;12,8;1000,1;1000,1;999,4;-9999;23,8;22,8;25,1;23,4;22,8;21,7;94;84;94;346;5,3;1,4;
2012-01-01;10:00;,2;1000,8;1000,8;1000,1;-9999;23,4;22,5;23,9;23,4;22,9;22,5;95;94;94;337;2,8;1;
2012-01-01;11:00;0;1001,5;1001,5;1000,8;37,3;23,5;22,7;23,5;23,1;22,7;22,2;95;94;95;96;2;,7;
2012-01-01;12:00;,2;1002,2;1002,2;1001,5;274,2;24,4;23,4;24,5;23,5;23,5;22,6;95;94;94;327;1,6;,6;
2012-01-01;13:00;0;1002,9;1002,9;1002,2;733;26;23,7;26;24,4;24,4;23,4;94;87;87;286;1,5;,4;
2012-01-01;14:00;0;1002,8;1003;1002,8;1535,9;28,4;24,2;28,4;26;24,7;23,7;88;78;78;1;1,8;,9;
2012-01-01;15:00;0;1002,3;1002,8;1002,3;2379,5;30,1;24,1;30,2;28,3;25,5;23,1;80;66;70;315;3,1;,9;
2012-01-01;16:00;0;1001,5;1002,3;1001,5;2161,5;30,3;22,8;30,9;29,5;24,3;22,5;72;64;64;37;2,8;1,3;
2012-01-01;17:00;0;1000,5;1001,5;1000,5;2892,4;30,4;23,6;31,9;30,3;24,2;22,1;69;60;67;340;3,7;1,7;
2012-01-01;18:00;0;999,2;1000,5;999,2;2561,6;32,1;22,6;32,2;30,3;24,6;21,1;71;53;57;5;3,8;,9;
2012-01-01;19:00;0;998;999,2;998;2495,8;32,5;22,4;32,9;30,6;24;21,4;64;53;55;26;4,7;2,1;
2012-01-01;20:00;0;997,1;998;997,1;2052,5;31,8;23,8;33,4;31,6;23,8;21,3;63;51;63;353;6,7;1,4;
2012-01-01;21:00;0;997,1;997,2;997,1;1017,8;30,8;23,7;31,9;30,8;24,4;23,2;67;61;66;333;3,4;1,5;
2012-01-01;22:00;0;997,3;997,3;997;656,8;30;23,8;30,8;30;24,3;22,9;71;64;70;321;4;1;
2012-01-01;23:00;0;997,7;997,7;997,3;33,5;26,9;24,7;30;26,9;24,8;23,6;87;69;87;91;2,1;,5;
2012-01-02;00:00;0;998,4;998,4;997,7;-9999;26,3;24,6;27,1;26,2;25;24,3;92;87;91;283;1,2;,4;
2012-01-02;01:00;0;999,3;999,3;998,4;-9999;25,4;24,1;26,3;25,4;24,7;24,1;93;91;93;79;1,2;,6;
2012-01-02;02:00;0;1000,4;1000,4;999,3;-9999;25,1;24;25,4;25,1;24,3;23,9;93;93;93;151;1,4;,9;
2012-01-02;03:00;0;1000,5;1000,7;1000,4;-9999;24,9;23,6;25,2;24,9;24,1;23,6;94;93;93;167;1,4;,1;
2012-01-02;04:00;0;1000,2;1000,5;1000,2;-9999;24,6;23,5;24,9;24,5;23,7;23,4;94;93;94;93;1,1;,4;
2012-01-02;05:00;0;999,4;1000,2;999,4;-9999;24,6;23,5;25;24,5;23,9;23,5;94;93;94;114;1,8;,3;
2012-01-02;06:00;0;999;999,4;999;-9999;24,7;23,1;25;24,6;23,7;23;94;89;91;357;2,7;,6;
2012-01-02;07:00;0;998,8;999;998,6;-9999;24,4;23,2;24,7;24,1;23,2;22,8;94;90;93;340;2,2;,6;
2012-01-02;08:00;,2;998,1;998,8;998,1;-9999;24,2;23,1;24,5;24,1;23,3;22,9;94;92;94;184;2,2;1,4;
2012-01-02;09:00;0;998,3;998,3;998;-9999;24,2;23,1;24,5;24,2;23,4;23;94;92;94;13;2,2;,8;
2012-01-02;10:00;,2;999;999;998,3;-9999;24,3;23,3;24,3;24,1;23,3;23,1;94;94;94;280;1,7;,2;
2012-01-02;11:00;,2;999,8;999,8;999;15,2;24,2;23,3;24,3;24,1;23,3;23,1;95;94;94;6;1,8;1;
2012-01-02;12:00;0;1001,3;1001,3;999,8;390,8;25,7;24,1;25,7;24,2;24,2;23,3;94;90;91;321;1,9;,6;
2012-01-02;13:00;0;1001,5;1001,7;1001,4;1211,8;27,4;23,8;27,5;25,8;24,5;23,5;91;81;81;360;3,1;1,3;
2012-01-02;14:00;0;1001,4;1001,6;1001,3;2120,1;28,5;23,7;29;27,3;24,4;23,1;82;72;75;331;3,5;1,1;
2012-01-02;15:00;0;1001,4;1001,4;1001,3;2425,3;29,5;23,4;30,3;28,5;24,3;22,9;77;66;70;344;3;1,4;
2012-01-02;16:00;0;1000,5;1001,4;1000,5;1798,9;30;23,4;30,3;29;24,8;22,2;77;65;68;356;3;,8;
2012-01-02;17:00;0;999,3;1000,5;999,3;2988,8;31,4;23,7;31,4;30,1;24,3;22,3;68;61;64;357;3,1;1,1;
2012-01-02;18:00;0;998,3;999,3;998,3;3003;32;22,7;32;31;24,4;22,1;66;57;58;1;4,1;1,4;
2012-01-02;19:00;0;997,5;998,3;997,5;1904,5;30,9;24,1;32,3;30,6;24,5;22,1;69;56;67;309;3,9;1,3;
2012-01-02;20:00;0;997;997,5;996,8;1321,5;30,7;23,9;31,4;30,6;24,4;23,2;68;63;67;314;3;,9;
2012-01-02;21:00;0;996,9;997,1;996,8;690,4;29,7;24,5;30,7;29,7;24,5;23,4;74;66;74;318;2,8;1;
2012-01-02;22:00;13;998,8;999,3;996,9;216,3;22,7;21,6;29,8;22,7;25,1;20,8;94;70;93;128;10,3;1,3;
2012-01-02;23:00;8;999;999,2;998,6;-9999;22,9;22;23,1;22,6;22,2;21,6;95;93;95;310;4,8;1,5;
2012-01-03;00:00;,6;1000;1000,2;999;-9999;23,2;22,2;23,2;22,9;22,3;21,9;95;94;95;332;4,2;,7;
2012-01-03;01:00;5,6;1001;1001;1000;-9999;23,3;22,4;23,3;23,1;22,4;22,1;95;94;95;313;3,4;1,8;
2012-01-03;02:00;,6;1002,2;1002,2;1001;-9999;23,6;22,7;23,7;23,3;22,8;22,4;95;95;95;193;3,4;,9;
2012-01-03;03:00;4,8;1002,7;1002,7;1002,2;-9999;23,5;22,6;23,7;23,5;22,8;22,6;95;94;95;94;2,6;,8;
2012-01-03;04:00;3,2;1001,9;1002,7;1001,9;-9999;23,3;21,8;23,7;23,3;22,8;21,8;95;92;92;355;4,9;2;
2012-01-03;05:00;3,4;1001;1001,9;1001;-9999;23,4;22,5;23,4;22,9;22,5;21,7;95;92;95;260;4,9;,4;
2012-01-03;06:00;3;1000,3;1001,1;1000,2;-9999;23,4;22,5;23,5;23,3;22,6;22,4;95;94;95;237;1,6;,6;
2012-01-03;07:00;0;999,5;1000,3;999,3;-9999;23,5;22,6;23,5;23,3;22,6;22,4;95;95;95;288;2,6;1,1;
2012-01-03;08:00;2,8;999,9;999,9;999,4;-9999;23,4;22,5;23,5;23,4;22,6;22,5;95;95;95;119;2,6;,4;
2012-01-03;09:00;2,8;999,9;1000;999,7;-9999;23,3;22,5;23,5;23,3;22,6;22,4;95;95;95;175;3,6;,7;
2012-01-03;10:00;0;1000,4;1000,4;999,9;-9999;23,2;22,3;23,4;23,2;22,6;22,3;95;95;95;100;1,8;,4;
2012-01-03;11:00;0;1001,2;1001,2;1000,4;6,7;23,4;22,5;23,4;23,2;22,5;22,3;95;95;95;323;2;,9;
2012-01-03;12:00;0;1002,6;1002,6;1001,2;185,1;24;23;24;23,3;23,1;22,5;95;94;94;54;2;,5;
2012-01-03;13:00;0;1003,1;1003,1;1002,6;590,1;25;23,3;25;24;23,4;22,9;95;90;90;165;1,3;,7;
2012-01-03;14:00;0;1003,5;1003,6;1003,1;976,8;25,9;23,6;26;25;23,8;22,9;91;85;87;177;2,5;1,2;
2012-01-03;15:00;0;1003,5;1003,6;1003,4;1407;26,8;23,1;27,1;25,9;23,8;23;87;80;80;179;2,5;1,2;
2012-01-03;16:00;,6;1002,8;1003,5;1002,8;1206,9;26,6;23,7;27,5;26,6;24,3;23,2;85;78;84;166;2,9;1,2;
2012-01-03;17:00;12,2;1001,8;1002,8;1001,8;603,7;25,9;24,3;26,6;25,1;24,3;23,2;93;83;91;136;2,6;,6;
2012-01-03;18:00;0;1001,1;1001,8;1001,1;1158,6;27,2;24,4;27,3;25,9;25,1;23,5;91;81;85;189;2,6;1,6;
2012-01-03;19:00;0;1000,5;1001,1;1000,5;957,9;27,3;24;27,4;27,1;24,7;23,8;86;82;83;225;2,6;1;
2012-01-03;20:00;,6;999,9;1000,5;999,9;327,2;25,4;23,9;27,3;25,4;24,5;23,5;91;81;91;224;3,4;,8;
2012-01-03;21:00;1;999,2;999,9;999,2;173,3;25,1;24;25,4;25;24;23,7;93;91;93;161;3;1,2;
2012-01-03;22:00;0;999,9;999,9;999,1;93,8;25;23,8;25,2;25;23,9;23,7;93;92;93;268;3;,7;
2012-01-03;23:00;0;1000,5;1000,5;999,9;29,9;24,9;23,7;25,1;24,9;23,9;23,7;94;93;93;218;2,4;,4;
2012-01-04;00:00;0;1000,8;1000,9;1000,5;-9999;24,7;23,7;25;24,7;23,9;23,6;94;93;94;141;2,7;,4;
2012-01-04;01:00;0;1002;1002,1;1000,8;-9999;24,6;23,6;24,8;24,5;23,8;23,5;94;94;94;340;2;,9;
2012-01-04;02:00;0;1002,6;1002,6;1002;-9999;24,2;23,2;24,6;24,2;23,6;23,2;94;94;94;122;2,9;,3;
2012-01-04;03:00;0;1003;1003;1002,6;-9999;23,9;23;24,2;23,9;23,2;23;95;94;95;112;,9;,3;
2012-01-04;04:00;0;1002,7;1003,1;1002,7;-9999;24;23,1;24;23,8;23,1;22,9;95;94;95;267;1,2;,5;
2012-01-04;05:00;0;1002;1002,7;1002;-9999;23,8;22,8;24;23,8;23,1;22,8;95;94;94;202;2,6;1,3;
2012-01-04;06:00;0;1001,5;1002;1001,5;-9999;23,7;22,7;23,9;23,7;22,9;22,7;95;94;94;239;2,8;1,1;
2012-01-04;07:00;0;1001,4;1001,6;1001,3;-9999;23,9;23;23,9;23,6;23;22,7;95;94;95;190;2,8;,4;
2012-01-04;08:00;0;1001,3;1001,4;1001,2;-9999;23,8;22,9;23,9;23,8;23;22,8;95;94;94;328;2;,6;
2012-01-04;09:00;,2;1001,2;1001,3;1001,1;-9999;23,8;22,9;23,9;23,7;22,9;22,8;95;94;95;244;1,5;,5;
2012-01-04;10:00;0;1002;1002;1001,2;-9999;23,8;22,8;23,9;23,7;23;22,8;95;94;94;208;2;1,1;
2012-01-04;11:00;0;1002,8;1002,8;1002;28,1;23,8;22,9;23,9;23,7;22,9;22,8;95;94;95;162;2;,9;
2012-01-04;12:00;0;1003,3;1003,4;1002,8;365,2;24,5;23,1;24,5;23,8;23,3;22,9;95;92;92;189;3,1;1,8;
2012-01-04;13:00;0;1004,1;1004,1;1003,3;1047,1;25,5;23;25,7;24,5;23,4;22,7;93;83;86;175;3,2;1,1;
2012-01-04;14:00;0;1004,3;1004,4;1004,1;1063,9;26,1;22,8;27;25,4;24,2;22,8;89;81;82;136;2,7;1,3;
2012-01-04;15:00;0;1003,8;1004,3;1003,8;1117,6;26,7;22,9;26,8;25,8;23,7;22,6;87;79;79;195;3,1;,8;
2012-01-04;16:00;0;1003;1003,8;1003;2960;29,2;24,3;29,2;26,7;24,3;22,4;80;70;75;105;2,9;,8;
2012-01-04;17:00;0;1002;1003;1002;1699,5;28,8;23,8;29,5;28,5;24,2;22,6;76;68;74;11;2,4;1;
2012-01-04;18:00;0;1000,6;1002;1000,6;1890;29,6;23,5;29,7;28,8;24,3;23,2;76;70;70;292;2,9;1;
2012-01-04;19:00;0;999;1000,6;999;2479,1;30,1;23,1;30,8;29,3;24,5;22,5;72;64;66;168;3,7;1,4;
2012-01-04;20:00;1,6;998,2;999;998,2;2365,6;29,9;26,2;31,1;28,8;26,2;22,6;83;62;80;14;3,5;,7;
2012-01-04;21:00;0;997,9;998,2;997,9;1539,6;30,2;23,3;31,2;29,4;25,6;22,6;81;62;67;138;2,2;,9;
2012-01-04;22:00;0;998,1;998,1;997,9;528,5;29;25;30,2;29;25,1;23,3;79;67;79;74;1,8;,8;
2012-01-04;23:00;0;998,7;998,7;998;43,9;27;24,7;28,9;26,9;25,6;24,3;88;79;87;143;2,3;,7;
2012-01-05;00:00;0;999,9;999,9;998,7;-9999;26,3;24,9;27,1;26,2;25,1;24;92;85;92;164;1,3;,5;
2012-01-05;01:00;0;1000,6;1000,6;999,9;-9999;25,6;24,4;26,3;25,6;24,9;24,4;93;91;93;130;1;,4;
2012-01-05;02:00;0;1001,6;1001,6;1000,6;-9999;25,4;24,2;25,8;25,3;24,5;24,1;94;92;93;115;1,6;,3;
2012-01-05;03:00;0;1002,2;1002,2;1001,6;-9999;25,1;23,8;25,4;25,1;24,2;23,8;94;92;92;193;2;1,3;
2012-01-05;04:00;0;1002;1002,3;1002;-9999;24,4;23,2;25,1;24,4;23,8;23,2;93;92;93;77;2,1;,5;
2012-01-05;05:00;0;1001,1;1002;1001,1;-9999;24;23;24,4;24;23,3;23;94;93;94;351;1,2;,6;
2012-01-05;06:00;0;1000,8;1001,2;1000,8;-9999;23,9;23,1;24,2;23,8;23,2;22,8;95;94;95;123;1,3;,7;
2012-01-05;07:00;0;1000,2;1000,8;1000,2;-9999;23,7;22,8;24,1;23,7;23,2;22,8;95;94;95;71;1,3;,3;
2012-01-05;08:00;0;1000;1000,2;1000;-9999;23,6;22,7;23,7;23,4;22,8;22,5;95;95;95;86;1;,3;
2012-01-05;09:00;0;1000,1;1000,1;999,9;-9999;23,4;22,5;23,6;23,3;22,7;22,4;95;95;95;129;1,4;,2;
2012-01-05;10:00;0;1000,7;1000,7;1000,1;-9999;23,4;22,5;23,5;23,3;22,7;22,4;95;95;95;141;1,3;,3;
2012-01-05;11:00;0;1001,4;1001,4;1000,7;31,1;23,5;22,6;23,5;23,2;22,6;22,3;95;95;95;121;3;,4;
2012-01-05;12:00;0;1002,7;1002,7;1001,4;442,4;25,3;23,1;25,8;23,5;23,7;22,6;94;87;87;68;1,6;,8;
2012-01-05;13:00;0;1003,1;1003,1;1002,7;1497,9;28;23,5;28;25,3;24,1;22,9;89;75;77;121;3,5;1,1;
2012-01-05;14:00;0;1003,1;1003,2;1003,1;1658,6;28;23,7;28,5;27,4;24,2;22,8;81;74;77;207;3,8;1,4;
2012-01-05;15:00;0;1002,4;1003,1;1002,4;1933;29,1;23,8;29,3;27,7;24,4;23;80;70;73;162;3,5;1,6;
2012-01-05;16:00;0;1001,7;1002,4;1001,7;2610,1;30,9;23,6;30,9;29,1;24,8;23;74;65;65;93;5,2;1;
2012-01-05;17:00;0;1000,5;1001,7;1000,5;2998,6;30,8;23,3;31,7;30,4;24,9;22,2;71;59;65;74;4,1;1,5;
2012-01-05;18:00;0;999;1000,5;999;2279,3;31,9;22,7;32,1;29,7;24,9;22,1;74;56;58;73;3,8;1;
2012-01-05;19:00;0;997,9;999;997,6;2228,3;29,3;23,1;32,2;29,3;24,1;22,2;70;57;69;357;7;2,9;
2012-01-05;20:00;0;997,7;997,9;997,3;531,9;27,3;24,8;29,3;26,6;24,8;22,5;86;69;86;345;7;1,3;
2012-01-05;21:00;0;997,6;997,8;997,4;331,2;26,2;23,6;27,4;26,2;24,8;23;86;80;86;26;3,9;,9;
2012-01-05;22:00;0;998,7;998,7;997,6;157,5;25,8;22,8;26,5;25,8;24,1;22,8;87;83;84;271;3;,8;
2012-01-05;23:00;0;999,2;999,2;998,7;9,9;25,3;23,5;25,9;25,1;23,6;22,9;90;84;89;211;3;,6;
2012-01-06;00:00;0;1000,2;1000,2;999,2;-9999;25,3;23,7;25,5;25,2;23,9;23,4;92;89;91;268;3,3;,4;
2012-01-06;01:00;2,2;1001,4;1001,4;1000,2;-9999;24,5;23,3;25,3;24,5;23,7;23,2;93;90;93;214;4,1;1,9;
2012-01-06;02:00;1,4;1001,6;1001,7;1001,4;-9999;24,1;22,9;24,5;24;23,3;22,8;94;92;93;221;5,3;2;
2012-01-06;03:00;1,6;1002,4;1002,4;1001,6;-9999;23,8;22,8;24,1;23,8;23;22,7;94;92;94;128;4,3;,5;
2012-01-06;04:00;19,8;1002,5;1002,7;1002,4;-9999;23,4;22,6;23,9;23,4;22,9;22,5;95;94;95;41;1,9;1;
2012-01-06;05:00;3,4;1001,8;1002,5;1001,8;-9999;23,3;22,3;23,5;23,2;22,6;22,3;95;95;95;187;4,4;2;
2012-01-06;06:00;2,2;1000,8;1001,8;1000,8;-9999;23,3;22,4;23,3;23,1;22,4;22,2;95;95;95;210;4,4;,6;
2012-01-06;07:00;,2;1000,4;1000,8;1000,4;-9999;23,1;22,2;23,3;23,1;22,5;22,2;95;95;95;147;1,8;,8;
2012-01-06;08:00;0;1000;1000,4;999,9;-9999;23;22,1;23,2;22,9;22,3;22;95;95;95;130;1,8;,6;
2012-01-06;09:00;,2;1000,3;1000,3;1000;-9999;22,6;21,8;23;22,6;22,1;21,7;95;95;95;106;2,5;,8;
2012-01-06;10:00;,2;1000,9;1000,9;1000,3;-9999;22,8;21,9;22,8;22,6;21,9;21,8;95;95;95;125;2,5;,4;
2012-01-06;11:00;0;1002,1;1002,1;1000,9;7,3;22,8;22;22,8;22,6;22;21,8;95;95;95;30;1,4;,6;
2012-01-06;12:00;0;1002,6;1002,6;1001,6;120,4;23,2;22,3;23,3;22,7;22,4;21,9;95;95;95;348;2,1;,5;
2012-01-06;13:00;0;1003,1;1003,3;1002,6;229,9;23,6;22,3;23,6;23,1;22,5;22;95;92;93;248;1,9;,8;
2012-01-06;14:00;0;1003,3;1003,4;1003,1;776,3;24,8;22,4;24,8;23,6;22,8;21,9;93;85;86;198;2,2;1;
2012-01-06;15:00;0;1003,4;1003,6;1003,3;2346,7;26,7;22,5;26,8;24,8;23,2;21,8;87;76;78;299;2,5;1,2;
2012-01-06;16:00;0;1002,6;1003,4;1002,6;2419,6;28,1;23,1;28,3;26,6;23,6;21,8;80;72;74;300;2,8;1,2;
2012-01-06;17:00;0;1001,6;1002,6;1001,6;3359,9;29;22,4;29,5;27,9;23,9;21,5;76;64;67;22;5,5;1,4;
2012-01-06;18:00;0;1000,1;1001,6;1000,1;2866;29,6;21,5;30,6;28,9;23,9;21,5;73;60;62;353;3,8;1,2;
2012-01-06;19:00;0;998,7;1000,1;998,7;2999,8;30,1;21,3;31,1;29,5;23,8;21,1;70;58;59;184;3,8;1,9;
2012-01-06;20:00;0;998,4;998,7;998,1;2030,8;29,8;23,1;31,5;29,8;23,3;21;68;56;68;51;3,7;1,3;
2012-01-06;21:00;,4;999,4;999,5;998,4;420;24,7;22,4;29,9;24,7;23,6;22,3;88;65;87;358;5,8;1,8;
2012-01-06;22:00;9,8;999,4;999,8;999,3;22,2;22,9;21,9;24,7;22,9;22,6;21,8;94;87;94;47;6,5;2,3;
2012-01-06;23:00;2,8;1000,5;1000,5;999,4;1,2;23;22,1;23,1;22,9;22,1;21,8;95;94;95;67;6;1,2;
2012-01-07;00:00;,6;1001,2;1001,3;1000,5;-9999;23;22;23,3;23;22,3;22;95;94;94;10;2,3;,9;
2012-01-07;01:00;0;1002,2;1002,2;1001,2;-9999;23;22,1;23,1;22,9;22,2;21,9;95;94;95;335;2,7;1,3;
2012-01-07;02:00;0;1003,1;1003,1;1002,2;-9999;23;22;23,1;22,9;22,2;22;95;94;94;356;2,7;,7;
2012-01-07;03:00;0;1003;1003,3;1003;-9999;22,9;22;23,1;22,9;22,2;21,9;95;94;95;44;1,9;,5;
2012-01-07;04:00;0;1002,5;1003;1002,5;-9999;22,9;22;23;22,7;22,1;21,9;95;95;95;135;1,3;,3;
2012-01-07;05:00;0;1001,5;1002,5;1001,5;-9999;22,7;21,8;22,9;22,7;22,1;21,8;95;95;95;127;1;,3;
2012-01-07;06:00;0;1000,9;1001,5;1000,9;-9999;22,6;21,8;22,8;22,5;21,9;21,7;95;95;95;171;1,3;,7;
2012-01-07;07:00;0;1000,4;1000,9;1000,4;-9999;22,9;22,1;22,9;22,5;22,1;21,7;95;95;95;151;2,8;1;
2012-01-07;08:00;0;1000,4;1000,4;1000,3;-9999;22,7;21,9;23;22,7;22,2;21,8;95;95;95;178;2,7;,7;
2012-01-07;09:00;0;1000,4;1000,5;1000,4;-9999;22,8;22;22,9;22,7;22,1;21,9;95;95;95;161;2,9;1,1;
2012-01-07;10:00;0;1000,8;1000,9;1000,4;-9999;23,2;22,2;23,2;22,8;22,2;22;95;94;94;136;3,9;,7;
2012-01-07;11:00;0;1001,5;1001,5;1000,8;7,5;23,3;22,3;23,3;23,1;22,4;22,2;95;94;95;86;1,5;,4;
2012-01-07;12:00;0;1002;1002;1001,5;145,1;23,7;22,5;23,8;23,3;22,7;22,4;95;93;93;59;1,4;,7;
2012-01-07;13:00;0;1002,6;1002,6;1002;572;24,9;23;25;23,7;23,3;22,5;94;88;89;85;3,6;1,3;
2012-01-07;14:00;0;1002,4;1002,7;1002,4;1020,9;25,5;22,9;25,5;24,9;23,4;22,5;90;84;86;95;3,6;1,2;
2012-01-07;15:00;0;1002,2;1002,4;1002,1;1517,3;26,9;22,7;27,2;25,5;23,8;22,4;87;77;78;82;3,9;1,3;
2012-01-07;16:00;0;1001,6;1002,2;1001,6;2212,8;28,5;22,8;28,6;26,7;24,1;22,3;82;70;71;149;2,8;1;
2012-01-07;17:00;0;1000,7;1001,6;1000,7;2228,3;28,4;23,3;29,3;27,7;24;22,5;77;68;74;342;2,7;,7;
2012-01-07;18:00;0;999,9;1000,7;999,9;1673,7;28,8;23,5;29,4;28,4;24,1;22,8;76;69;73;133;2,9;1,1;
2012-01-07;19:00;0;998,4;999,9;998,4;2311,5;30,3;23,9;30,3;28,7;24,2;22,8;74;66;68;275;3,8;,7;
2012-01-07;20:00;0;997,4;998,4;997,4;1620,5;29;23,8;31;28,6;24;22,6;76;63;74;258;3,2;,8;
2012-01-07;21:00;0;997;997,4;997;1539,9;30,6;22,6;30,8;29;24,3;22;74;62;63;219;2,3;,6;
2012-01-07;22:00;,8;997,5;997,6;997;579,9;25,3;23;30,7;25,3;23,8;22;87;62;87;13;4,3;,8;
2012-01-07;23:00;1,4;998,8;998,8;997,5;3,5;24,8;23,5;25,3;24,8;23,9;22,8;93;86;93;55;3,5;,9;
2012-01-08;00:00;2,2;999,8;999,8;998,6;-9999;24,6;23,6;24,9;24,6;23,9;23,5;94;93;94;11;3;,6;
2012-01-08;01:00;0;1000,3;1000,3;999,8;-9999;24,3;23,3;24,7;24,3;23,7;23,3;94;94;94;19;1,5;,4;
2012-01-08;02:00;0;1000,8;1000,8;1000,3;-9999;24,1;23,2;24,3;24;23,3;23;95;94;95;171;1,5;1,1;
2012-01-08;03:00;0;1001,3;1001,3;1000,8;-9999;23,8;22,9;24,3;23,8;23,4;22,9;95;94;95;323;1,5;,4;
2012-01-08;04:00;0;1001;1001,3;1001;-9999;23,5;22,6;23,8;23,5;22,9;22,5;95;94;95;180;1,7;,6;
2012-01-08;05:00;0;1000,7;1001;1000,7;-9999;23,6;22,8;23,7;23,4;22,8;22,5;95;95;95;160;1,1;,4;
2012-01-08;06:00;0;1000,1;1000,7;1000,1;-9999;23,8;22,9;23,8;23,5;23;22,6;95;95;95;175;1;,2;
2012-01-08;07:00;0;999,9;1000,2;999,9;-9999;23,7;22,8;23,8;23,4;22,9;22,5;95;95;95;240;,8;,2;
2012-01-08;08:00;0;999,6;999,9;999,6;-9999;23,3;22,4;23,7;23,3;22,9;22,4;95;95;95;61;1;,5;
2012-01-08;09:00;0;999,5;999,6;999,4;-9999;23,5;22,7;23,5;23,2;22,7;22,4;95;95;95;17;1,2;,2;
2012-01-08;10:00;0;1000,4;1000,4;999,5;-9999;23,4;22,5;23,6;23,3;22,7;22,4;95;95;95;339;1,1;,6;
2012-01-08;11:00;0;1001,4;1001,4;1000,4;26,9;23,5;22,7;23,5;23,2;22,7;22,4;95;95;95;99;1;,1;
2012-01-08;12:00;0;1002,4;1002,4;1001,4;225,3;24,4;23,5;24,4;23,5;23,5;22,7;95;94;94;271;1,6;,6;
2012-01-08;13:00;0;1002,8;1002,8;1002,4;798,7;25,6;23,6;25,6;24,4;24;23,3;94;88;88;237;2,1;1;
2012-01-08;14:00;0;1003,3;1003,3;1002,8;1060,2;26,8;23,5;26,8;25,6;24,1;23,2;90;82;82;284;2,6;,8;
2012-01-08;15:00;0;1003;1003,3;1003;1680,7;27,8;23,6;28,4;26,7;24,8;23,1;83;74;78;176;2,1;1;
2012-01-08;16:00;0;1002;1003;1002;1755,2;28,5;24,1;28,9;27,7;24,6;23,1;80;72;77;53;2,3;1;
2012-01-08;17:00;0;1000,4;1002;1000,4;1287,2;27,2;24,2;29,3;27,2;25;23,6;84;73;84;327;5,1;2,1;
2012-01-08;18:00;2,8;999,5;1000,4;999,5;757,6;26,8;24,8;27,2;26,2;25;24,2;92;84;89;229;4,1;1;
2012-01-08;19:00;2,2;998,5;999,5;998,5;940,6;26,2;23,9;26,8;25,9;25,3;23,2;93;80;87;326;4,2;1,8;
2012-01-08;20:00;,4;998,2;998,6;997,8;909,7;25,7;23,8;26,3;25,6;24,5;23,4;92;84;89;22;3,7;1,5;
2012-01-08;21:00;14;998,1;998,4;998;102,6;24,4;23,4;25,7;23,4;23,8;21,8;95;86;94;316;7,7;1,5;
2012-01-08;22:00;0;999;999,1;998,1;21,9;24,5;23,5;24,5;24,3;23,5;23,3;95;94;95;187;3,2;,6;
2012-01-08;23:00;0;999,5;999,6;999;1,5;24,6;23,7;24,7;24,3;23,8;23,4;95;94;95;290;2,4;,4;
2012-01-09;00:00;0;1000,3;1000,3;999,5;-9999;24,6;23,7;24,7;24,5;23,8;23,6;95;94;94;234;2,4;1,1;
2012-01-09;01:00;0;1001,7;1001,7;1000,3;-9999;24,6;23,5;24,7;24,6;23,7;23,5;95;94;94;223;3,5;1,6;
2012-01-09;02:00;0;1002,7;1002,7;1001,7;-9999;24,4;23,2;24,6;24,4;23,5;23,2;94;93;93;220;3,8;1,3;
2012-01-09;03:00;3,4;1003,2;1003,2;1002,7;-9999;24;22,8;24,4;24;23,2;22,8;94;93;93;189;4,8;1,5;
2012-01-09;04:00;30,2;1003,2;1004;1003,2;-9999;22,3;21,5;24;22,3;22,9;21,5;95;93;95;121;4,9;,9;
2012-01-09;05:00;10,2;1002,6;1003,4;1002,5;-9999;22,2;21,4;22,3;21,9;21,5;21,1;95;95;95;277;3,2;,6;
2012-01-09;06:00;,6;1001,5;1002,6;1001,5;-9999;22,8;22;22,8;22,1;22;21,3;95;95;95;218;3,3;1,4;
2012-01-09;07:00;0;1001,1;1001,5;1001,1;-9999;23;22,1;23;22,8;22,2;22;95;95;95;223;3,1;1,3;
2012-01-09;08:00;0;1001,3;1001,3;1000,8;-9999;23,1;22,2;23,1;23;22,2;22,1;95;95;95;214;4,9;2,2;
2012-01-09;09:00;0;1001,4;1001,4;1001,1;-9999;23;22;23,1;23;22,2;22;95;94;94;197;4,4;1,7;
2012-01-09;10:00;0;1002;1002;1001,4;-9999;23,2;22;23,2;23;22,1;22;94;93;93;216;4,5;2,1;
2012-01-09;11:00;0;1002,8;1002,8;1002;8,7;23,2;22;23,2;23,1;22,1;21,9;94;93;93;216;4,4;2,1;
2012-01-09;12:00;0;1003,9;1003,9;1002,8;90,6;23,4;22,1;23,4;23,2;22,1;21,9;93;92;92;199;3,9;2,3;
2012-01-09;13:00;,8;1004,7;1004,7;1003,9;144,1;23,2;22,1;23,5;23,2;22,1;21,9;94;91;94;170;4,3;1,1;
2012-01-09;14:00;2,2;1004,9;1004,9;1004,7;230,3;23,5;22,4;23,5;23,2;22,5;22;94;93;93;182;2,2;,7;
2012-01-09;15:00;1,6;1004,5;1004,9;1004,5;341,5;23,7;22,3;23,7;23,5;22,5;22,1;93;91;92;154;1,8;,3;
2012-01-09;16:00;,8;1003,7;1004,5;1003,7;466,1;24;22,8;24;23,7;22,8;22,1;93;90;93;2;1,7;,7;
2012-01-09;17:00;,6;1003;1003,7;1003;644,3;24,3;22,8;24,3;23,9;23;22,4;93;90;92;333;2,4;1,1;
2012-01-09;18:00;0;1002;1003;1002;1613,7;26,1;23,4;26,1;24,3;23,5;22,5;92;81;85;283;2,8;1,2;
2012-01-09;19:00;0;1001,1;1002;1001,1;1210,9;25,7;22,6;26,3;25,6;23,4;22,1;87;79;83;351;2,8;1,3;
2012-01-09;20:00;0;1000,7;1001,1;1000,7;759,4;25,6;22,6;25,9;25,5;23,2;22,2;86;81;83;11;2,4;1,2;
2012-01-09;21:00;0;999,7;1000,7;999,6;779,7;25,6;22,7;25,9;25,6;23,2;22,2;87;81;84;6;2,8;1,1;
2012-01-09;22:00;0;999;999,7;999;325,3;25;23;25,6;25;23;22,5;89;84;89;342;2,8;,6;
2012-01-09;23:00;0;998,4;999;998,4;34,9;24,2;22,8;25;24,2;23,1;22,7;92;89;92;279;1,1;,5;
2012-01-10;00:00;0;999,6;999,6;998,4;-9999;23,4;22,4;24,2;23,4;22,7;22,3;94;91;94;43;1,3;1,1;
2012-01-10;01:00;0;1000,5;1000,5;999,6;-9999;23,1;22,2;23,5;23,1;22,5;22,2;95;94;95;38;1,6;,9;
2012-01-10;02:00;0;1001,2;1001,2;1000,5;-9999;23,1;22,2;23,2;23,1;22,3;22,2;95;94;94;39;1,9;1,1;
2012-01-10;03:00;0;1001,5;1001,6;1001,2;-9999;22,9;22;23,2;22,9;22,3;22;95;94;94;313;1,9;1;
2012-01-10;04:00;0;1001,6;1001,7;1001,5;-9999;22,7;21,9;23;22,6;22,1;21,7;95;94;95;270;1,7;,3;
2012-01-10;05:00;0;1001,4;1001,6;1001,4;-9999;22,7;21,9;22,7;22,5;21,9;21,6;95;95;95;171;1;,2;
2012-01-10;06:00;0;1000,7;1001,4;1000,7;-9999;22,4;21,6;22,7;22,4;21,9;21,6;95;95;95;103;1,2;,5;
2012-01-10;07:00;0;999,8;1000,7;999,8;-9999;22,4;21,6;22,6;22,3;21,8;21,5;95;95;95;311;1,3;,6;
2012-01-10;08:00;0;999,8;1000;999,7;-9999;22,6;21,8;22,7;22,3;21,9;21,5;95;95;95;306;1,3;,3;
2012-01-10;09:00;0;1000;1000;999,8;-9999;22,6;21,8;22,6;22,3;21,8;21,5;95;95;95;358;,8;,5;
2012-01-10;10:00;0;1000,4;1000,4;1000;-9999;22,9;22,1;22,9;22,6;22,1;21,8;95;95;95;312;,8;,5;
2012-01-10;11:00;0;1001,1;1001,1;1000,4;20,5;22,7;21,9;22,9;22,6;22,1;21,8;95;95;95;32;1,4;,8;
2012-01-10;12:00;0;1001,7;1001,7;1001,1;245,9;23,1;22,3;23,2;22,7;22,4;22;95;95;95;29;3;1,3;
2012-01-10;13:00;0;1002,2;1002,2;1001,7;725,2;23,9;22,7;23,9;23;22,9;22,2;95;93;93;22;4,6;1,5;
2012-01-10;14:00;0;1002;1002,2;1002;1042,6;25,3;23;25,3;23,9;23;22,4;93;85;87;354;3,3;1;
2012-01-10;15:00;0;1001,7;1002;1001,7;1954,3;26,6;22,7;27,6;25,1;23,6;22,3;87;76;79;343;3,6;1,3;
2012-01-10;16:00;0;1001,3;1001,7;1001,3;2761,9;28,8;22,7;28,9;26,5;23,7;22,2;81;69;70;227;3,6;,8;
2012-01-10;17:00;0;1000,3;1001,3;1000,3;3028,3;29,9;22,3;30;28,6;23,5;21,8;72;62;64;16;3;1,3;
2012-01-10;18:00;0;999,4;1000,3;999,4;2249,5;30;23;30,6;29,3;23,6;21,2;68;58;66;205;4;1;
2012-01-10;19:00;0;998,2;999,4;998,2;1595,3;29,6;22,6;30,5;29,6;24;22,3;70;64;66;298;3;1,1;
2012-01-10;20:00;0;996,9;998,2;996,9;1676,8;29,9;21,7;30,7;29,6;24;21,5;70;60;61;321;3,8;1,4;
2012-01-10;21:00;0;996,6;996,9;996,5;1684,5;30,8;21,7;31,5;29,9;22,9;21;64;55;58;326;3,8;1,4;
2012-01-10;22:00;0;996,9;996,9;996,4;841,1;29,5;22,5;31,1;29,4;23,8;21,3;70;57;66;17;2,9;,8;
2012-01-10;23:00;0;996,8;997;996,7;48,5;26,3;23,1;29,5;26,3;23,6;22,2;83;66;83;357;2;,6;
2012-01-11;00:00;0;997,7;997,7;996,8;-9999;25,5;23,3;26,3;25,4;23,9;22,9;89;83;87;44;2,7;1,1;
2012-01-11;01:00;0;998,7;998,7;997,7;-9999;24,6;23,3;25,5;24,6;23,5;23,2;92;87;92;46;1,9;,8;
2012-01-11;02:00;0;999,4;999,5;998,7;-9999;24,7;23,4;24,8;24,5;23,4;23,2;93;92;93;338;1,5;,6;
2012-01-11;03:00;0;999,4;999,6;999,3;-9999;24,5;23,4;24,9;24,4;23,5;23,1;94;91;94;147;1,3;,3;
2012-01-11;04:00;0;999;999,4;999;-9999;24,4;23,3;24,7;24,4;23,6;23,2;94;93;94;299;,8;,1;
2012-01-11;05:00;0;998,8;999;998,8;-9999;24,1;23,1;24,4;24,1;23,3;23;94;93;94;81;1;,5;
2012-01-11;06:00;0;998,6;998,8;998,5;-9999;23,8;22,8;24,2;23,8;23,2;22,8;94;94;94;6;1,2;,8;
2012-01-11;07:00;0;998;998,6;998;-9999;23,6;22,6;23,8;23,6;22,9;22,6;95;94;94;60;1,4;,7;
2012-01-11;08:00;0;997,7;998;997,7;-9999;23,6;22,5;23,9;23,5;22,9;22,5;95;93;94;330;2,2;,3;
2012-01-11;09:00;0;998,3;998,3;997,7;-9999;23,3;22,3;23,6;23,2;22,5;22,2;95;94;94;190;1;,4;
2012-01-11;10:00;0;998,8;999;998,3;-9999;23,4;22,4;23,4;23,1;22,5;22,1;95;94;94;263;1,4;,2;
2012-01-11;11:00;0;999,5;999,5;998,8;9;23,3;22,4;23,4;23,1;22,5;22,1;95;94;95;38;1,5;,7;
2012-01-11;12:00;0;1000,6;1000,6;999,5;152,2;24,1;23;24,1;23,3;23;22,3;95;94;94;69;2,4;1,4;
2012-01-11;13:00;0;1000,8;1000,8;1000,6;366,3;25;23,5;25;24,1;23,7;23;94;91;91;137;2,7;,7;
2012-01-11;14:00;0;1000,6;1000,8;1000,5;836,9;26,3;23,5;26,4;25;24,1;23,4;91;85;85;124;2,7;,7;
2012-01-11;15:00;0;1000,4;1000,7;1000,4;1086,1;27,2;23,6;27,2;26,2;24,1;23,4;87;80;81;58;2,5;1;
2012-01-11;16:00;0;1000,1;1000,5;1000,1;1401,9;27,7;23,5;28;27,1;24,3;23,1;83;77;78;332;2,8;1,1;
2012-01-11;17:00;0;999,5;1000,1;999,5;1779,1;29,2;24,1;29,2;27,6;24,6;23,2;81;72;74;281;2,8;1,1;
2012-01-11;18:00;0;997,8;999,5;997,8;2534,7;31,1;24,8;31,1;29,1;24,9;23,1;76;65;69;174;2,5;,7;
2012-01-11;19:00;0;996,2;997,8;996,2;2011,7;29,8;22,8;31,2;29,5;24,3;22,4;73;63;66;68;3,3;1;
2012-01-11;20:00;0;995,4;996,3;995,3;801,5;29,1;24,3;30;29,1;25,1;23,3;77;67;75;160;1,8;,8;
2012-01-11;21:00;0;995,4;995,8;995,2;660,1;28,2;25;29,5;28,2;25,7;24,1;83;74;83;71;3,5;1,5;
2012-01-11;22:00;0;996;996;995,2;211,7;26;23,4;28,2;26;25,1;23,3;86;81;85;93;4,4;,7;
2012-01-11;23:00;0;996,1;996,5;995,9;32;25,4;23,5;26;25,3;23,5;23;90;84;89;48;3,8;1,5;
2012-01-12;00:00;0;997,4;997,4;996;-9999;24,7;23,3;25,5;24,7;23,6;23,3;92;88;92;29;3,8;,4;
2012-01-12;01:00;0;998,3;998,3;997,3;-9999;24,5;23,4;24,9;24,5;23,6;23,3;93;92;93;96;1,1;,7;
2012-01-12;02:00;0;999,2;999,2;998,3;-9999;24,4;23,3;24,5;24,4;23,4;23,3;94;93;94;77;1,1;,7;
2012-01-12;03:00;0;999;999,3;999;-9999;24,6;23,5;24,6;24,3;23,5;23,3;94;94;94;254;1,6;,3;
2012-01-12;04:00;0;999,2;999,2;998,9;-9999;24;23;24,6;24;23,5;23;94;94;94;33;1,5;,6;
2012-01-12;05:00;0;998,8;999,3;998,8;-9999;23,6;22,7;24,1;23,6;23,1;22,7;95;94;95;75;1,3;,6;
2012-01-12;06:00;0;998,3;998,8;998,3;-9999;23,5;22,6;23,7;23,4;22,8;22,5;95;95;95;85;1,4;,6;
2012-01-12;07:00;0;998,2;998,5;998,2;-9999;23,8;22,8;23,9;23,5;23,1;22,6;95;94;95;114;1,8;,5;
2012-01-12;08:00;0;997,9;998,3;997,9;-9999;23,7;22,8;23,8;23,7;22,9;22,7;95;95;95;63;2,1;,6;
2012-01-12;09:00;0;998,7;998,7;997,9;-9999;23,8;22,9;23,8;23,6;22,9;22,6;95;95;95;95;2;,5;
2012-01-12;10:00;0;999,2;999,2;998,7;-9999;23,5;22,5;23,8;23,5;22,9;22,5;95;94;94;321;2,2;,6;
2012-01-12;11:00;0;999,8;999,9;999,2;19,2;23,3;22,4;23,5;23,2;22,5;22,3;95;94;95;83;1,6;,7;
2012-01-12;12:00;0;1000,2;1000,2;999,8;251,8;24,1;23;24,1;23,3;23;22,4;95;94;94;173;1,7;,9;
2012-01-12;13:00;0;1001,2;1001,2;1000,2;1004;27;24,1;27;24,1;24,1;23;94;83;84;53;2,6;1;
2012-01-12;14:00;0;1001,4;1001,4;1001,2;1942;29,3;23,7;29,4;26,4;24,8;22,9;85;71;72;112;3,6;1;
2012-01-12;15:00;0;1001;1001,4;1001;1865,2;29,3;23,5;29,7;28,4;24,7;23;77;69;71;63;3,6;1;
2012-01-12;16:00;0;1000,4;1001;1000,4;1799,7;28,5;23,6;30,3;28,4;24,5;22,9;75;66;75;180;4,1;1,8;
2012-01-12;17:00;0;999;1000,4;999;1300;28,5;23,8;30;28,4;24,4;22,8;79;69;76;5;4,1;1,7;
2012-01-12;18:00;1,8;998,1;999,1;998,1;2343,1;30;23,6;30;25,8;25,3;22,7;90;67;69;13;4,1;1,5;
2012-01-12;19:00;15;997,4;998,7;997,4;558,6;25,3;24,4;30;23,8;24,4;21,8;95;68;95;43;12,4;,7;
2012-01-12;20:00;0;996,5;997,9;996,5;1223,6;26,5;24,2;27,7;25,3;25,1;23,3;95;80;87;211;1,9;,7;
2012-01-12;21:00;0;996,1;996,7;996;630,6;27,6;24,1;27,6;25,9;24,5;23,5;91;79;81;65;1,8;,6;
2012-01-12;22:00;0;996,7;996,8;996,1;631,9;27;24,2;28,3;27;24,5;23,4;85;77;85;218;1,9;,9;
2012-01-12;23:00;6;998;998,3;996,7;35,1;24,2;22,8;27;24;24,6;22,4;93;85;92;45;7,9;2;
2012-01-13;00:00;1,4;998,2;998,4;998;-9999;24;23;24,2;24;23;22,6;94;92;94;269;4,8;,6;
2012-01-13;01:00;0;998,9;998,9;998,2;-9999;23,6;22,7;24;23,5;23;22,6;95;94;95;19;1,5;,8;
2012-01-13;02:00;0;999,4;999,4;998,8;-9999;23,6;22,7;23,7;23,3;22,7;22,4;95;94;95;311;1,7;,1;
2012-01-13;03:00;0;1000,3;1000,3;999,4;-9999;23,2;22,3;23,6;23,1;22,7;22,2;95;95;95;355;1,4;,7;
2012-01-13;04:00;0;1000,4;1000,4;1000,2;-9999;23,2;22,3;23,4;23,1;22,5;22,2;95;95;95;354;1,5;,4;
2012-01-13;05:00;0;999,8;1000,4;999,8;-9999;23;22,1;23,3;22,9;22,4;22,1;95;95;95;43;1,1;,8;
2012-01-13;06:00;0;999,3;999,8;999,2;-9999;22,7;21,9;23;22,7;22,2;21,9;95;95;95;23;1,1;,3;
2012-01-13;07:00;,2;999,1;999,3;998,9;-9999;22,5;21,7;22,7;22,5;21,8;21,7;95;95;95;183;1,4;,4;
2012-01-13;08:00;0;998,8;999,1;998,8;-9999;22,5;21,6;22,7;22,3;21,8;21,5;95;95;95;40;1;,4;
2012-01-13;09:00;0;999,2;999,2;998,8;-9999;22,5;21,6;22,6;22,3;21,8;21,5;95;95;95;10;2,4;,8;
2012-01-13;10:00;0;999,7;999,7;999,2;-9999;22,6;21,8;22,8;22,4;22;21,6;95;95;95;9;1,9;,5;
2012-01-13;11:00;0;1000,5;1000,5;999,7;30,1;22,7;22;22,7;22,5;22;21,7;95;95;95;50;1,6;,6;
2012-01-13;12:00;0;1001,4;1001,4;1000,5;513,2;24,9;23,9;24,9;22,7;23,9;22;95;94;94;330;1,4;,6;
2012-01-13;13:00;0;1001,8;1001,8;1001,4;1119,7;26,9;24;27;24,9;24,3;23,3;94;83;84;301;2,6;1;
2012-01-13;14:00;0;1001,8;1002;1001,7;1158;26,9;24,1;27,2;26,7;24,1;23,2;84;79;84;311;3,1;1,1;
2012-01-13;15:00;0;1001,5;1001,9;1001,5;1576,1;28,2;24;28,2;26,9;24,3;22,9;84;75;78;306;3,2;1;
2012-01-13;16:00;0;1000,9;1001,5;1000,9;2526;29,4;24,1;29,6;27,9;24,5;23,1;78;70;73;346;3;1,2;
2012-01-13;17:00;0;999,8;1000,9;999,8;2065;29,9;23,1;30,1;29;24,3;22,6;75;65;67;327;3,4;,7;
2012-01-13;18:00;0;998,6;999,8;998,6;3412,3;31,5;23;31,6;29,9;23,9;22,8;69;61;61;201;3,4;1,3;
2012-01-13;19:00;6,6;998,5;998,8;997,8;1213,2;25,5;23,5;31,9;25,5;25;22,8;90;59;89;141;6,5;1,8;
2012-01-13;20:00;2,2;997,6;998,5;997,5;694,6;26,7;24,7;26,7;24,4;24,8;22,5;93;88;89;318;6,5;1,3;
2012-01-13;21:00;0;997,1;997,6;997;1297,4;28,1;24,1;28,2;26,7;25;23,5;89;78;79;9;2,6;1,2;
2012-01-13;22:00;0;997,6;997,6;997;509,7;27,4;23,6;28,2;27,1;24,5;23,3;84;77;80;290;2,6;,6;
2012-01-13;23:00;0;998,4;998,4;997,4;61,1;25,8;23,9;27,4;25,8;24,4;23,5;90;80;90;205;2,1;,7;
2012-01-14;00:00;0;999,1;999,1;998,4;-9999;24,9;23,7;25,8;24,9;24,1;23,7;93;90;93;337;1,5;,7;
2012-01-14;01:00;0;999,8;999,8;999,1;-9999;24,4;23,3;25;24,4;23,8;23,2;93;92;93;1;2,1;,6;
2012-01-14;02:00;0;1000,5;1000,5;999,8;-9999;24,3;23,3;24,5;24,2;23,5;23,2;94;93;94;330;1;,3;
2012-01-14;03:00;0;1001;1001;1000,5;-9999;24,3;23,3;24,4;24,2;23,4;23,2;95;94;94;320;,7;,4;
2012-01-14;04:00;0;1001,3;1001,4;1001;-9999;24,1;23,2;24,3;24;23,3;23,1;95;94;95;149;1,5;,9;
2012-01-14;05:00;0;1000,3;1001,3;1000,3;-9999;24,1;23,1;24,3;24,1;23,4;23,1;95;94;94;114;1,5;,4;
2012-01-14;06:00;0;999,7;1000,3;999,7;-9999;24,2;23,3;24,3;24;23,4;23,1;95;94;95;274;,8;,4;
2012-01-14;07:00;0;999,4;999,7;999,4;-9999;24;23,1;24,3;23,9;23,3;23;95;94;95;319;1,3;,8;
2012-01-14;08:00;0;999,3;999,3;999,2;-9999;23,6;22,6;24;23,5;23,1;22,6;95;94;95;334;1,3;,3;
2012-01-14;09:00;0;999,6;999,6;999,2;-9999;23,4;22,5;23,7;23,3;22,8;22,5;95;95;95;39;1;,3;
2012-01-14;10:00;0;1000,3;1000,4;999,6;-9999;23,6;22,8;23,7;23,4;22,8;22,5;95;95;95;232;1,2;,4;
2012-01-14;11:00;0;1001,2;1001,2;1000,3;12,2;23,6;22,7;23,7;23,5;22,8;22,7;95;95;95;354;,8;,2;
2012-01-14;12:00;0;1002,3;1002,3;1001,2;148,8;24,3;23,4;24,3;23,6;23,4;22,7;95;95;95;126;1;,2;
2012-01-14;13:00;0;1003,2;1003,2;1002,3;458,7;25,4;24,1;25,4;24,3;24,2;23,4;95;92;93;145;1,4;,7;
2012-01-14;14:00;0;1003,2;1003,3;1003,1;547,4;25,7;23,9;25,8;25,3;24,2;23,7;93;89;90;213;1,8;1,1;
2012-01-14;15:00;0;1002,9;1003,2;1002,8;789;27,1;24;27,1;25,7;24,3;23,6;90;83;83;142;1,8;,4;
2012-01-14;16:00;0;1002,4;1002,9;1002,3;1716,8;28,2;24;28,5;26,9;25;23,6;85;77;78;49;1,9;,8;
2012-01-14;17:00;0;1001,7;1002,4;1001,7;1419;29,1;24,6;29,2;28,2;25,3;23,6;82;74;77;215;2,2;1;
2012-01-14;18:00;0;1000,9;1001,7;1000,9;1847;29,4;23,4;30;28,8;24,9;23,3;79;69;70;165;2,8;1,5;
2012-01-14;19:00;0;999,7;1000,9;999,7;1863,6;30,2;23,1;30,5;29,2;23,9;22,5;73;63;66;279;2,8;1,1;
2012-01-14;20:00;0;999;999,7;999;1167,5;29;23,9;30,7;28,8;24,2;22,5;75;64;74;197;2,3;1,4;
2012-01-14;21:00;0;999,1;999,1;998,9;510,3;28,7;24,6;29;28,4;24,7;23,4;79;72;79;230;2,3;,6;
2012-01-14;22:00;0;1000,1;1000,3;999,1;249,9;27,6;24,7;28,7;27,6;24,9;24,2;86;78;84;235;2,1;,6;
2012-01-14;23:00;1,6;1001,4;1001,4;1000;24;26,1;24,8;27,6;26,1;25,1;24,4;93;84;93;99;2,8;,5;
2012-01-15;00:00;,2;1001,8;1001,8;1001,4;-9999;24,9;23,7;26,1;24,8;25;23,3;93;87;93;178;3;1;
2012-01-15;01:00;0;1001,9;1001,9;1001,8;-9999;24,4;23,3;25,1;24,4;23,7;23,3;94;92;94;75;1,8;,3;
2012-01-15;02:00;0;1003,1;1003,1;1001,9;-9999;23,6;21,9;24,4;23,5;23,4;21,6;94;87;90;192;2,6;,8;
2012-01-15;03:00;0;1003,2;1003,4;1003,1;-9999;23,3;22,3;23,6;23,2;22,4;22;94;90;94;100;1,4;,4;
2012-01-15;04:00;0;1003,3;1003,3;1003,1;-9999;23,3;22,4;23,5;23,3;22,4;22,1;94;93;94;137;1,9;1;
2012-01-15;05:00;0;1002,5;1003,3;1002,5;-9999;23,7;22,1;23,7;23,3;22,5;22,1;95;91;91;189;3,1;1,4;
2012-01-15;06:00;0;1001,9;1002,5;1001,8;-9999;23,2;22,1;23,7;23,2;22,2;21,9;94;91;94;57;3,1;,4;
2012-01-15;07:00;0;1001,6;1002;1001,5;-9999;23,5;22,2;23,7;23,2;22,5;22,1;94;92;93;182;2;,6;
2012-01-15;08:00;0;1001,9;1001,9;1001,6;-9999;23,3;22,3;23,5;23,2;22,4;22,2;94;93;94;348;2,6;,5;
2012-01-15;09:00;0;1002;1002;1001,8;-9999;23,9;22,6;23,9;23,3;22,7;22,3;94;92;92;253;3,2;1;
2012-01-15;10:00;0;1002,5;1002,5;1002;-9999;23,7;22,6;24;23,7;22,7;22,5;93;92;93;228;3,7;1,6;
2012-01-15;11:00;0;1003,3;1003,3;1002,5;12;23,7;22,6;23,7;23,6;22,7;22,5;94;93;94;221;3,8;1,3;
2012-01-15;12:00;0;1004,3;1004,3;1003,3;158,8;23,8;22,8;23,9;23,7;22,8;22,6;94;93;94;205;3,4;1,8;
2012-01-15;13:00;0;1005;1005;1004,3;428,4;24,8;23,4;24,8;23,8;23,4;22,8;94;91;92;221;3,8;1;
2012-01-15;14:00;0;1005,2;1005,2;1005;831,4;25,8;23,1;26;24,7;23,5;22,9;92;84;85;204;3,3;1,7;
2012-01-15;15:00;0;1005,1;1005,2;1005,1;939,9;26,3;22,9;26,4;25,8;23,8;22,8;86;81;82;206;3,3;1,1;
2012-01-15;16:00;0;1004,2;1005,1;1004,2;2334,5;28;23,2;28;26,2;24;22,8;84;75;75;194;4,4;2,3;
2012-01-15;17:00;0;1003,1;1004,2;1003,1;3558,6;30,2;22,7;30,2;27,9;24;21,7;78;62;65;155;4,4;1;
2012-01-15;18:00;0;1001,8;1003,1;1001,8;3178,3;30,8;23,3;31;29,3;23,6;21,7;70;59;65;161;4,1;1,5;
2012-01-15;19:00;0;1000,5;1001,8;1000,5;2351;28,8;22,6;31,4;28,8;23;21,4;69;58;69;360;4;1,4;
2012-01-15;20:00;0;999,6;1000,5;999,6;2061,6;31,3;22,3;31,3;28,8;23,9;21,9;72;59;59;275;3,5;,7;
2012-01-15;21:00;0;999,6;999,7;999,5;1735,4;31,3;23,7;31,6;30,3;23,7;21,6;65;56;64;297;3,1;1;
2012-01-15;22:00;0;1000,6;1000,7;999,5;809,2;25,7;22,3;31,5;25,7;23,4;21,4;82;59;82;68;7;1,9;
2012-01-15;23:00;,2;1001,2;1001,3;1000,6;196,5;24,3;22,2;25,7;24,3;22,8;21,5;89;79;88;272;4,3;,6;
2012-01-16;00:00;0;1002,3;1002,4;1001,1;-9999;24,1;22,3;24,4;23,9;22,5;22;92;88;90;205;2;,7;
2012-01-16;01:00;0;1002,7;1002,7;1002,2;-9999;23,8;22,6;24,2;23,6;22,9;22,1;93;89;93;333;1,2;,5;
2012-01-16;02:00;0;1003,2;1003,3;1002,7;-9999;23,3;22,2;24;23,3;22,7;22;93;89;93;14;1,8;,8;
2012-01-16;03:00;0;1003,3;1003,5;1003,2;-9999;23;22;23,7;23;22,2;21,8;94;90;94;82;1,6;,7;
2012-01-16;04:00;0;1002,9;1003,3;1002,9;-9999;23;22;23,3;23;22,3;21,9;94;93;94;95;1,4;,5;
2012-01-16;05:00;0;1003,1;1003,1;1002,9;-9999;22,9;22;23;22,7;22;21,7;95;94;95;90;1,2;,5;
2012-01-16;06:00;,4;1002,6;1003,3;1002,6;-9999;23,2;22,3;23,2;22,8;22,3;21,9;95;94;95;178;3,2;,5;
2012-01-16;07:00;0;1002,6;1002,7;1002,6;-9999;23,1;22,1;23,3;23;22,3;22;95;94;94;330;2;1,3;
2012-01-16;08:00;1,8;1002,3;1002,6;1002,2;-9999;23,1;22,1;23,1;22,9;22,2;22;95;94;94;216;2;,6;
2012-01-16;09:00;0;1002,5;1002,5;1002,3;-9999;22,9;22,1;23,1;22,8;22,1;21,9;95;94;95;54;1,5;,7;
2012-01-16;10:00;0;1002,8;1002,8;1002,5;-9999;23;22,1;23,1;22,9;22,2;22;95;95;95;357;1,6;,5;
2012-01-16;11:00;0;1003,4;1003,4;1002,8;29;23,3;22,3;23,3;23;22,3;22,1;95;95;95;141;1,7;,6;
2012-01-16;12:00;0;1004,5;1004,5;1003,4;279,1;23,9;22,8;23,9;23,2;22,8;22,3;95;93;94;123;1,5;,6;
2012-01-16;13:00;0;1005,3;1005,4;1004,5;1131,2;25;22,2;25,5;23,9;23,3;22;94;83;84;60;4,4;1,7;
2012-01-16;14:00;0;1005,6;1005,6;1005,3;1657,5;26,5;22,1;26,9;25;23,4;21,7;85;75;77;20;3,3;,9;
2012-01-16;15:00;0;1005,2;1005,6;1005,2;1979,5;27,4;22,8;27,5;26,5;23,4;21,7;80;74;76;5;3,6;1,5;
2012-01-16;16:00;0;1004,7;1005,2;1004,7;2108,5;27,9;22,1;28,2;27,2;23,6;21,8;78;71;71;322;4;1,5;
2012-01-16;17:00;0;1003,7;1004,7;1003,7;2184,5;28,8;23,1;28,8;27,8;23,1;21,3;73;67;71;3;3,6;1,5;
2012-01-16;18:00;0;1002,2;1003,7;1002,2;1828,7;29,8;23,2;29,8;27,7;23,4;21,8;75;66;68;277;3,9;1,1;
2012-01-16;19:00;0;1000,8;1002,2;1000,8;3075,5;30,5;22,5;30,5;29,2;23,6;22,1;70;62;62;292;4,5;1,3;
2012-01-16;20:00;0;1000;1000,8;1000;1530,6;29,2;22;30,5;29,1;23,2;21,4;68;62;65;277;3,8;,8;
2012-01-16;21:00;0;999,6;1000;999,6;1299,8;29,3;21,4;29,5;28,8;22,6;21,2;68;61;62;326;2,9;1,1;
2012-01-16;22:00;0;999,7;999,8;999,5;604,8;28,7;22,5;29,9;28,7;23;21,4;71;61;69;325;2,3;,9;
2012-01-16;23:00;0;1000;1000;999,7;65,3;25,7;23,7;28,7;25,7;23,7;22,2;89;68;89;126;1,5;,7;
2012-01-17;00:00;0;1001;1001;1000;-9999;25;23,4;25,7;25;23,9;23,4;92;88;91;118;1,2;,5;
2012-01-17;01:00;0;1001,7;1001,7;1001;-9999;25,3;22,6;25,6;24,9;23,7;22,6;92;85;85;169;3,3;,5;
2012-01-17;02:00;,2;1002,2;1002,2;1001,7;-9999;24,1;22,9;25,4;24,1;23,2;22,5;93;85;93;28;1,1;,7;
2012-01-17;03:00;0;1002,4;1002,4;1002,1;-9999;24;22,8;24,5;23,9;23,2;22,1;93;89;93;79;1,5;,8;
2012-01-17;04:00;0;1002,3;1002,4;1002,2;-9999;24;22,7;24,2;23,9;22,9;22,5;94;91;93;10;2,5;,5;
2012-01-17;05:00;0;1001,8;1002,3;1001,8;-9999;24;22,9;24,1;23,8;22,9;22,6;94;92;94;318;1;,4;
2012-01-17;06:00;,2;1001,6;1001,8;1001,6;-9999;23,9;22,9;24;23,8;23;22,7;94;93;94;303;1;,2;
2012-01-17;07:00;,2;1001,3;1001,6;1001,3;-9999;24;23;24,1;23,9;23,1;22,8;94;94;94;214;1,3;,5;
2012-01-17;08:00;0;1001;1001,3;1001;-9999;23,8;22,8;24,3;23,8;23,3;22,8;95;94;94;33;1,4;,4;
2012-01-17;09:00;0;1001,1;1001,1;1001;-9999;23,9;23;24;23,8;23,1;22,8;95;94;95;21;1;,6;
2012-01-17;10:00;0;1001,7;1001,7;1001,1;-9999;23,7;22,8;24,1;23,7;23,1;22,7;95;94;95;73;1,1;,7;
2012-01-17;11:00;0;1002,2;1002,2;1001,7;17,4;23,8;22,9;23,9;23,7;23;22,8;95;95;95;175;1,2;,3;
2012-01-17;12:00;0;1003,1;1003,1;1002,2;286,6;24,9;23,5;24,9;23,8;23,8;22,9;95;92;92;158;,9;,3;
2012-01-17;13:00;0;1003,6;1003,6;1003,1;778,2;25,9;23,3;26,2;24,9;23,8;23;92;84;86;179;2;1,1;
2012-01-17;14:00;0;1003,6;1003,7;1003,6;1325,7;27,6;24;27,7;25,8;24,1;22,9;87;76;81;145;2,1;,7;
2012-01-17;15:00;0;1003,1;1003,6;1003,1;2330,6;28,2;23;29,3;27,3;24;22,8;81;70;73;147;3;1,3;
2012-01-17;16:00;0;1002,7;1003,1;1002,7;1923,2;29,1;23,7;29,9;28,2;24,7;23,1;76;69;72;159;3,2;1,2;
2012-01-17;17:00;0;1001,3;1002,7;1001,3;2448,8;30;22,8;30,8;29;25,1;22,3;77;63;65;160;3,4;1,2;
2012-01-17;18:00;0;999,7;1001,3;999,7;2674,3;31,4;23,6;31,7;29,7;24,7;21,9;68;59;63;291;3,2;1,1;
2012-01-17;19:00;0;998,3;999,7;998,3;2310,7;31,1;22,2;31,4;29,8;24,4;22,2;68;59;59;293;3,5;1,2;
2012-01-17;20:00;6,6;998,5;998,5;998;789,9;24,8;23,4;31,9;24,6;23,5;22,2;92;58;92;56;7,9;1,4;
2012-01-17;21:00;2,4;998,4;998,5;997,8;698,2;25,7;24,1;25,8;24,8;24,2;23,4;93;87;91;252;3,7;,8;
2012-01-17;22:00;0;998,6;998,9;998,1;121,8;24,9;23,3;25,7;24,9;24;23,2;92;89;91;298;2,2;,6;
2012-01-17;23:00;0;998,3;998,7;998,3;12,1;24,5;23,3;24,9;24,5;23,4;23,2;93;91;93;27;1,8;,6;
2012-01-18;00:00;0;999,3;999,3;998,3;-9999;24,4;23,4;24,5;24,2;23,5;23,2;94;93;94;319;1,6;,5;
2012-01-18;01:00;0;1000,8;1000,8;999,3;-9999;24,2;23,1;24,5;24,2;23,5;23,1;94;93;93;256;1,6;,2;
2012-01-18;02:00;0;1001,4;1001,4;1000,8;-9999;24;23;24,3;23,9;23,2;22,9;94;93;94;289;1,2;,4;
2012-01-18;03:00;0;1001,5;1001,6;1001,3;-9999;23,5;22,6;24;23,5;23;22,6;95;94;95;80;1,2;,8;
2012-01-18;04:00;0;1001,3;1001,6;1001,3;-9999;23,6;22,7;23,7;23,5;22,8;22,6;95;95;95;86;1,3;,6;
2012-01-18;05:00;0;1000,4;1001,3;1000,4;-9999;23,8;22,9;23,9;23,6;23;22,7;95;95;95;150;1,5;,4;
2012-01-18;06:00;0;999,8;1000,5;999,8;-9999;23,6;22,7;23,9;23,6;22,9;22,6;95;94;95;314;1,9;,5;
2012-01-18;07:00;0;999,7;1000;999,7;-9999;23,4;22,4;23,7;23,4;22,8;22,4;95;94;94;299;1,9;,4;
2012-01-18;08:00;0;999,5;999,7;999,4;-9999;23,1;22,2;23,4;23;22,4;22,2;95;94;95;33;1,6;,7;
2012-01-18;09:00;0;999,8;999,8;999,4;-9999;23,1;22,3;23,1;22,9;22,3;22,1;95;95;95;281;1,9;,3;
2012-01-18;10:00;,2;1000,1;1000,1;999,8;-9999;23,1;22,2;23,2;23;22,4;22,2;95;95;95;327;1;,6;
2012-01-18;11:00;0;1000,5;1000,6;1000,1;6,7;22,8;22;23,1;22,8;22,3;22;95;95;95;80;1,4;,4;
2012-01-18;12:00;0;1002;1002;1000,5;94,1;23,2;22,4;23,2;22,8;22,5;22,1;95;95;95;80;1,8;,3;
2012-01-18;13:00;0;1003,4;1003,4;1002;371,3;23,8;23;23,9;23,2;23,1;22,4;95;95;95;83;2,2;,9;
2012-01-18;14:00;0;1003,8;1003,9;1003,4;263,4;24,5;23,5;24,5;23,8;23,5;23,1;95;94;94;80;2,2;,8;
2012-01-18;15:00;0;1003,5;1003,8;1003,5;531,7;25,1;23,2;25,3;24,5;23,7;22,9;94;88;89;95;2;,6;
2012-01-18;16:00;0;1002,3;1003,5;1002,3;631,1;25,5;23;25,5;24,9;23,5;22,7;90;86;86;167;2,3;1,3;
2012-01-18;17:00;0;1000,8;1002,3;1000,8;2101,1;26,8;22,7;27,2;25,5;23,6;21,8;87;74;78;179;3;1,4;
2012-01-18;18:00;0;999,3;1000,8;999,3;2908,4;28,5;23,4;28,7;26,8;23,5;21,8;80;67;74;30;3;1;
2012-01-18;19:00;0;998,6;999,3;998,6;1702,2;28,7;23,2;28,7;28;23,6;21,8;76;67;72;221;2,7;1,3;
2012-01-18;20:00;0;998,2;998,6;998,1;2267,5;29,4;22,3;30;28,7;23,2;21,1;72;61;66;32;2,7;,9;
2012-01-18;21:00;0;997,2;998,2;997,2;807,1;27,9;24,1;29,6;27,8;24,1;20,9;80;61;80;85;2,3;,6;
2012-01-18;22:00;0;996,8;997,2;996,7;645;27;23,3;28,5;27;24,6;23,2;83;76;80;84;3,9;1,5;
2012-01-18;23:00;0;998,3;998,3;996,8;65,9;25,2;23,5;27;25,2;23,7;23,2;91;80;90;35;3,8;,7;
2012-01-19;00:00;0;999;999,1;998,3;-9999;24,3;23,1;25,4;24,3;23,8;23,1;93;90;93;73;1,4;,5;
2012-01-19;01:00;0;999,8;999,8;998,9;-9999;23,9;22,9;24,2;23,7;23,2;22,6;94;93;94;103;2;,6;
2012-01-19;02:00;0;1000,4;1000,4;999,8;-9999;24;22,8;24,2;23,9;23,1;22,8;94;93;93;226;2;,4;
2012-01-19;03:00;0;1001,2;1001,2;1000,4;-9999;23,2;22,1;24,1;23,2;22,9;22,1;94;93;94;59;1,1;,6;
2012-01-19;04:00;0;1001,2;1001,4;1001,2;-9999;23,1;22,2;23,3;23;22,3;22;95;94;95;228;1,4;,6;
2012-01-19;05:00;0;1000,5;1001,2;1000,5;-9999;22,6;21,7;23,3;22,6;22,3;21,6;95;94;95;83;1,3;,9;
2012-01-19;06:00;0;999,8;1000,5;999,8;-9999;22,7;21,8;22,8;22,4;21,9;21,5;95;94;95;327;1,1;,4;
2012-01-19;07:00;0;999,2;999,8;999,2;-9999;22,3;21,5;22,7;22,2;21,9;21,3;95;95;95;6;1,8;,5;
2012-01-19;08:00;0;999;999,2;999;-9999;22,3;21,5;22,5;22,1;21,7;21,2;95;95;95;337;,9;,4;
2012-01-19;09:00;0;999;999,1;999;-9999;22;21,2;22,3;21,8;21,5;20,9;95;95;95;114;1,2;,4;
2012-01-19;10:00;0;999,4;999,4;999;-9999;22,2;21,4;22,4;21,9;21,6;21,2;95;95;95;30;1,4;,7;
2012-01-19;11:00;0;1000,1;1000,1;999,4;17,5;22,4;21,6;22,5;22,2;21,7;21,5;95;95;95;61;1,7;,8;
2012-01-19;12:00;0;1001,1;1001,1;1000,1;331,7;23,1;22,3;23,2;22,4;22,4;21,6;95;95;95;103;2,1;,6;
2012-01-19;13:00;0;1001,1;1001,2;1001;1230,7;25,9;22,9;25,9;23,1;23,8;22,4;95;83;83;122;2,5;,9;
2012-01-19;14:00;0;1001;1001,1;1000,8;2121,6;27,9;22,5;28,4;25,8;23,8;22,2;86;70;72;74;2,9;1,2;
2012-01-19;15:00;0;1000,8;1001;1000,8;2627,6;29,7;22,2;30,1;27,9;23,9;22,1;75;64;64;137;3,6;,9;
2012-01-19;16:00;0;1000,3;1000,8;1000,3;2936,8;30,7;22,2;31,1;29,1;24,1;21,7;71;60;61;103;3,5;,9;
2012-01-19;17:00;0;999,5;1000,3;999,5;2658,3;30,6;22,8;31,7;30,2;23,9;21,3;66;58;63;105;4;,8;
2012-01-19;18:00;0;997,9;999,5;997,9;2153,3;31,9;22,8;32,6;29,6;23,6;21,3;68;51;59;136;3,3;1,5;
2012-01-19;19:00;0;996,4;997,9;996,4;3162,4;32,1;21;33,1;31,3;23,3;20,8;61;50;52;103;5,3;1,3;
2012-01-19;20:00;0;995,4;996,4;995,4;1258;31,2;22,7;32,1;31;22,9;21;62;52;61;125;3,9;,6;
2012-01-19;21:00;0;995,5;995,5;995,2;701,5;28,4;24;31,2;28,4;24,4;22,4;77;61;77;325;3,7;1,5;
2012-01-19;22:00;,6;996,5;996,5;995,5;344,1;26,4;23,4;28,5;26,4;24;23;84;76;84;26;4,7;1,6;
2012-01-19;23:00;0;997;997;996,5;40,3;26,1;24,1;26,4;25,6;24,5;23,2;92;83;89;334;4,7;1;
2012-01-20;00:00;,8;997,8;997,8;997;-9999;25,1;23,8;26,1;25,1;24,4;23,8;93;89;93;38;2,5;,7;
2012-01-20;01:00;0;998,7;998,7;997,8;-9999;24,7;23,5;25,3;24,7;24,2;23,4;94;91;93;67;1,6;,9;
2012-01-20;02:00;0;999,2;999,2;998,7;-9999;24,8;23,6;24,9;24,7;23,7;23,5;94;92;93;253;2,1;,6;
2012-01-20;03:00;0;999,5;999,5;999,2;-9999;24,3;23,3;24,8;24,3;23,7;23,3;94;93;94;97;1,1;,6;
2012-01-20;04:00;0;999,7;999,7;999,4;-9999;24,5;23,4;24,5;24,3;23,4;23,2;94;94;94;325;1;,6;
2012-01-20;05:00;0;999,2;999,8;999,2;-9999;24,2;23,2;24,5;24,2;23,4;23,2;94;94;94;133;1,1;,5;
2012-01-20;06:00;0;998,2;999,1;998,2;-9999;24,2;23,2;24,3;24,1;23,4;23,1;94;94;94;216;1;,3;
2012-01-20;07:00;,2;998,4;998,4;998,1;-9999;24,3;23,3;24,4;24,1;23,4;23,1;95;94;94;245;2,4;,3;
2012-01-20;08:00;0;998,2;998,4;998;-9999;24,2;23,2;24,3;24,1;23,3;23,1;94;94;94;248;2;,4;
2012-01-20;09:00;5,4;998,5;998,6;998,2;-9999;24;23,1;24,3;24;23,3;23,1;95;94;94;183;1,6;,9;
2012-01-20;10:00;16,4;999,9;999,9;998,5;-9999;23,3;22,4;24,1;23,3;23,2;22,3;95;94;95;65;5,5;3;
2012-01-20;11:00;17,2;1000,3;1000,4;999,9;0;22,1;21,3;23,3;21,9;22,2;21,1;95;94;95;141;5,5;,4;
2012-01-20;12:00;4;1000,9;1000,9;1000,3;10,6;22,4;21,7;22,4;22;21,7;21,3;95;95;95;169;2,1;1,3;
2012-01-20;13:00;4,6;1001,9;1001,9;1000,9;66,2;23;22,1;23,1;22,4;22,3;21,7;95;95;95;178;3,6;1,3;
2012-01-20;14:00;2;1002,7;1002,7;1001,9;120,6;23,2;22,2;23,2;22,9;22,2;22;95;94;95;212;3,6;1;
2012-01-20;15:00;1,6;1002,3;1002,7;1002,3;284,5;23,4;22,3;23,4;23,2;22,4;22,2;95;94;94;161;4,3;1,7;
2012-01-20;16:00;,2;1002,2;1002,4;1002,2;921,7;24,2;22,7;24,4;23,3;23,2;22,3;94;91;91;172;4,3;1,5;
2012-01-20;17:00;0;1001,6;1002,2;1001,6;1129,3;24,8;22,5;25;24,1;23,2;22,3;94;85;87;197;3,3;1,8;
2012-01-20;18:00;0;1000;1001,7;1000;1334,3;25,9;22,9;26,1;24,8;23,2;22,3;88;83;83;223;3,4;1,2;
2012-01-20;19:00;0;999,3;1000;999,3;837,4;25,5;22,8;26;25,5;23,3;22,3;86;81;85;354;3,6;,8;
2012-01-20;20:00;0;998,8;999,3;998,8;614;25,5;22,8;25,8;25,4;23,3;22,4;87;83;85;337;1,8;,9;
2012-01-20;21:00;0;998;998,8;998;627,2;26;23,1;26,2;25,5;23,4;22,7;86;83;84;291;1,6;,6;
2012-01-20;22:00;0;998;998;997,8;366,8;25,3;23,3;26,2;25,3;23,7;22,8;89;82;88;292;1,5;,6;
2012-01-20;23:00;0;998,6;998,6;998;58,9;24,2;22,8;25,3;24,2;23,4;22,8;92;88;92;325;1,5;,8;
2012-01-21;00:00;0;999,1;999,1;998,6;-9999;23,5;22,5;24,2;23,5;22,9;22,4;94;92;94;29;1,4;,5;
2012-01-21;01:00;0;999,8;999,8;999,1;-9999;23,3;22,3;23,7;23,3;22,7;22,3;95;94;94;8;1,8;,8;
2012-01-21;02:00;0;1000,3;1000,3;999,8;-9999;23;22,1;23,3;23;22,4;22;95;94;94;322;1,8;,6;
2012-01-21;03:00;0;1000,8;1000,8;1000,3;-9999;22,8;21,9;23;22,6;22,1;21,7;95;94;95;204;1,5;,3;
2012-01-21;04:00;0;1001;1001;1000,8;-9999;22,5;21,6;22,8;22,5;21,9;21,6;95;95;95;341;1,7;,5;
2012-01-21;05:00;0;1000,7;1001;1000,7;-9999;22,2;21,4;22,5;22,2;21,6;21,3;95;95;95;272;1,1;,4;
2012-01-21;06:00;0;1000,4;1000,7;1000,4;-9999;22,3;21,5;22,4;21,9;21,6;21;95;95;95;191;1;,5;
2012-01-21;07:00;0;1000;1000,4;1000;-9999;22,9;22,1;22,9;22,3;22,1;21,4;95;95;95;223;1,7;,8;
2012-01-21;08:00;0;1000;1000;999,8;-9999;22,8;22;23;22,8;22,2;22;95;95;95;217;3;1,1;
2012-01-21;09:00;0;1000,4;1000,4;1000;-9999;22,9;22;23;22,8;22,2;22;95;95;95;208;2,2;1,4;
2012-01-21;10:00;0;1001,1;1001,1;1000,4;-9999;22,6;21,8;22,9;22,6;22;21,8;95;95;95;213;3;1,5;
2012-01-21;11:00;0;1001,5;1001,5;1001,1;13,7;22,7;21,9;22,7;22,5;21,9;21,7;95;95;95;215;3,1;1,5;
2012-01-21;12:00;0;1002,2;1002,2;1001,5;153,6;23,3;22,2;23,3;22,7;22,3;21,8;95;93;94;274;2,6;,5;
2012-01-21;13:00;0;1002,3;1002,5;1002,2;508,6;24,1;22,5;24,1;23,3;22,6;22,1;94;90;90;179;2,8;1,2;
2012-01-21;14:00;0;1002,7;1002,7;1002,3;895,2;25,3;22,7;25,3;24;22,8;22,1;90;85;85;155;2,8;1,5;
2012-01-21;15:00;0;1002,6;1002,7;1002,6;2010,8;27,1;23,1;27,2;25,3;23,4;22,3;86;78;79;181;4;2;
2012-01-21;16:00;0;1002,1;1002,6;1002,1;2302,5;27,7;23,1;28,3;26,7;23,6;22,2;80;70;76;210;4;1,4;
2012-01-21;17:00;,2;1000,9;1002,1;1000,9;1481;27,2;23,7;28,7;27,2;23,8;21,9;81;69;81;94;4;,8;
2012-01-21;18:00;3,2;999,1;1000,9;999,1;2991,5;28,7;23,2;28,9;25,3;24,7;22,9;90;72;72;8;4,4;1,5;
2012-01-21;19:00;0;997,6;999,1;997,6;3240,9;29,8;22,4;30,2;28,5;24,4;22,3;76;64;64;358;3,5;1,3;
2012-01-21;20:00;0;996,6;997,6;996,6;2495,6;30,3;22,1;30,8;29,7;23,6;21;69;57;62;329;3,6;1;
2012-01-21;21:00;0;996,3;996,6;996,3;1683,5;30,3;22,4;30,9;30,2;23,1;21,4;65;58;63;329;2,9;1,5;
2012-01-21;22:00;0;996,7;996,7;996,2;776,1;29,6;23;30,5;29,6;23,1;21,3;68;58;68;306;2,8;,8;
2012-01-21;23:00;0;997,5;997,5;996,7;39,4;26,3;22,9;29,6;26,3;23,5;22,3;82;66;82;3;2;,3;
2012-01-22;00:00;0;998,2;998,2;997,5;-9999;26;23,4;26,3;25,2;23,7;22,6;91;80;86;322;2,6;1,1;
2012-01-22;01:00;0;999,2;999,2;998,2;-9999;25,2;23,3;26,1;25,2;23,6;23,1;90;85;89;322;2,6;,8;
2012-01-22;02:00;0;999,9;999,9;999,2;-9999;24,4;23;25,2;24,4;23,5;22,9;92;89;92;19;2,2;1;
2012-01-22;03:00;0;1000,3;1000,4;999,7;-9999;24,2;22,8;24,6;24,2;23,1;22,8;92;91;92;329;2,6;,7;
2012-01-22;04:00;0;1000,2;1000,3;1000,1;-9999;23,9;22,6;24,2;23,9;22,9;22,6;93;92;93;4;2,5;,6;
2012-01-22;05:00;0;999,9;1000,3;999,9;-9999;23,9;22,8;24;23,7;22,9;22,5;94;93;94;111;1,9;,5;
2012-01-22;06:00;0;999,4;1000;999,4;-9999;24,2;23,1;24,2;23,9;23,1;22,8;94;93;94;194;1,7;,5;
2012-01-22;07:00;,8;999,1;999,4;999;-9999;23,7;22,4;24,3;23,7;23,2;22,3;94;91;92;190;4,4;,9;
2012-01-22;08:00;0;999,3;999,3;999;-9999;23,3;22,1;23,7;23,3;22,5;22,1;94;92;93;227;2,6;,7;
2012-01-22;09:00;0;999,1;999,5;999,1;-9999;23,3;22,2;23,3;23,2;22,2;22;94;93;94;270;2,4;,6;
2012-01-22;10:00;0;999,6;999,6;999;-9999;23,3;22,2;23,3;23,2;22,2;22,1;94;93;94;205;1,5;,5;
2012-01-22;11:00;0;1000,4;1000,4;999,6;4,1;23,1;22,2;23,3;23;22,2;22;95;93;95;334;1,2;,6;
2012-01-22;12:00;0;1001,9;1001,9;1000,4;134;23,6;22,6;23,6;23;22,6;22,1;95;94;94;73;1,6;,7;
2012-01-22;13:00;0;1002,6;1002,6;1001,9;296,7;24,2;22,7;24,2;23,6;22,9;22,4;94;91;91;52;1,8;,6;
2012-01-22;14:00;0;1003;1003;1002,6;301;24,5;23;24,5;24,2;23,1;22,5;93;90;92;57;2,2;1,2;
2012-01-22;15:00;7;1003,1;1003,3;1003;212,4;23,5;22,4;24,6;23,4;23,2;22;94;90;94;44;5,1;1,4;
2012-01-22;16:00;2;1002,3;1003,1;1002,3;322,9;23,8;22,5;23,8;23,2;22,6;22,1;94;92;93;84;3,4;,6;
2012-01-22;17:00;,2;1002,1;1002,4;1002,1;582,6;24,3;22,8;24,3;23,8;23;22;93;88;91;50;2,5;,5;
2012-01-22;18:00;0;1001;1002,1;1001;942,1;25,4;22,3;25,5;24,3;22,9;21,8;92;82;83;344;2;,6;
2012-01-22;19:00;0;999,8;1001;999,8;1080,3;26,1;22,6;26,4;25,1;23,1;21,9;86;77;81;17;2;1;
2012-01-22;20:00;0;998,3;999,8;998,3;1067;25,9;21,9;26,3;25,8;22,7;21,5;82;77;79;30;2,8;1;
2012-01-22;21:00;0;997,9;998,3;997,7;693,8;25,8;22,4;26,3;25,7;23,2;21,8;84;78;82;60;2,3;,7;
2012-01-22;22:00;0;997,8;998;997,7;377,1;25,4;23;26;25,3;23,2;22,3;87;80;87;105;1,6;,4;
2012-01-22;23:00;0;998,4;998,4;997,8;78,5;24;22,7;25,4;24;23,2;22,6;92;87;92;126;1,1;,6;
2012-01-23;00:00;0;998,9;998,9;998,4;-9999;23,6;22,5;24;23,4;22,7;22,4;94;92;94;79;2,7;1;
2012-01-23;01:00;0;999,5;999,5;998,9;-9999;23,4;22,2;23,6;23,2;22,5;22,1;94;93;93;54;2,7;1;
2012-01-23;02:00;0;1000,5;1000,5;999,5;-9999;23,2;22,1;23,4;23,1;22,2;22;94;92;94;217;2,2;,4;
2012-01-23;03:00;0;1001,1;1001,1;1000,5;-9999;23;22;23,2;23;22,1;22;94;94;94;192;1,2;,8;
2012-01-23;04:00;0;1001,4;1001,4;1001,1;-9999;22,7;21,8;23;22,7;22,1;21,7;95;94;95;129;1,3;,3;
2012-01-23;05:00;0;1000,7;1001,4;1000,7;-9999;22,6;21,7;22,7;22,4;21,8;21,5;95;95;95;198;1,6;,8;
2012-01-23;06:00;0;1000,3;1000,7;1000,2;-9999;22,7;21,8;22,8;22,4;22;21,5;95;95;95;184;3,2;1,6;
2012-01-23;07:00;0;999,6;1000,3;999,6;-9999;22,7;21,8;22,8;22,6;21,9;21,8;95;95;95;88;2,8;,6;
2012-01-23;08:00;0;999,4;999,6;999,4;-9999;22,4;21,6;22,7;22,4;21,8;21,6;95;95;95;33;1,6;,7;
2012-01-23;09:00;0;999,3;999,4;999,1;-9999;22,4;21,6;22,5;22,4;21,7;21,6;95;95;95;19;1,2;,3;
2012-01-23;10:00;0;999,7;999,7;999,3;-9999;22,5;21,7;22,5;22,3;21,7;21,5;95;95;95;240;,8;,3;
2012-01-23;11:00;0;1000,5;1000,5;999,7;3,9;22,5;21,6;22,6;22,4;21,7;21,5;95;95;95;103;1;,5;
2012-01-23;12:00;0;1001,4;1001,4;1000,5;116,8;23;22,2;23,1;22,5;22,2;21,7;95;95;95;108;1,4;,6;
2012-01-23;13:00;0;1001,7;1001,7;1001,4;411,1;24;22,6;24;23;22,6;22,1;95;91;92;94;3,4;,8;
2012-01-23;14:00;0;1001,9;1002;1001,7;953;25,3;22,8;25,5;24;23,3;22,4;92;84;86;90;5,6;1,6;
2012-01-23;15:00;0;1001,8;1002,2;1001,8;1870,8;26,4;22,5;26,9;25;23,4;22,1;87;78;79;50;4,6;2;
2012-01-23;16:00;0;1000,9;1001,8;1000,9;2856,6;28,7;23,2;28,7;26,4;23,8;22,1;79;70;73;245;3,4;1;
2012-01-23;17:00;0;1000;1000,9;1000;2519,2;29,5;23,1;29,7;28,2;23,9;22,4;75;68;69;206;2,8;1,3;
2012-01-23;18:00;0;998,8;1000;998,8;2777,6;30;22,8;31;29;24;22,2;71;62;66;163;3,9;1,6;
2012-01-23;19:00;0;997,1;998,8;997,1;2979,2;31,3;21,8;31,8;30;24,1;21,7;67;55;57;160;4,4;1,3;
2012-01-23;20:00;0;996,2;997,1;996,2;2639,3;32;22;32,1;31;22,9;21;60;54;56;158;3,9;1;
2012-01-23;21:00;0;995,9;996,2;995,8;1787,8;31,2;22,5;32,6;30,4;23,5;21,4;64;52;60;78;3,2;1;
2012-01-23;22:00;0;996,2;996,2;995,9;448;27,9;23,8;31,6;27,8;24;22,7;79;60;79;126;4;,3;
2012-01-23;23:00;0;996,5;996,6;996,2;49,3;26,4;24,5;28,1;26,4;24,6;23,5;89;76;89;177;1;,6;
2012-01-24;00:00;0;997,2;997,2;996,5;-9999;25,9;24,2;26,5;25,3;24,7;23,8;93;89;90;2;2,7;1,2;
2012-01-24;01:00;0;997,8;997,8;997,2;-9999;25;23,2;25,9;25;24;23,2;91;87;90;39;2,5;1,2;
2012-01-24;02:00;0;998;998;997,8;-9999;24,3;23;25;24,3;23,4;23;93;90;93;125;2,3;,6;
2012-01-24;03:00;0;998,9;998,9;998;-9999;24,4;23,1;24,5;24,2;23,4;22,9;94;92;93;314;2,4;,7;
2012-01-24;04:00;0;999,4;999,4;998,9;-9999;24,5;23,3;24,7;24,2;23,5;22,9;94;92;93;315;1,7;,4;
2012-01-24;05:00;0;998,9;999,4;998,9;-9999;24,1;23,1;24,5;24,1;23,3;23;94;93;94;135;1,6;,8;
2012-01-24;06:00;0;998,4;998,9;998,4;-9999;24,2;23,2;24,3;23,9;23,3;22,9;95;94;94;311;1,6;,6;
2012-01-24;07:00;0;997,4;998,4;997,4;-9999;24,2;23,2;24,4;24,1;23,4;23,1;94;94;94;187;1,5;,6;
2012-01-24;08:00;0;997,6;997,7;997,3;-9999;23,9;23;24,2;23,9;23,2;22,9;94;94;94;48;1,4;,6;
2012-01-24;09:00;0;997,7;997,7;997,4;-9999;24;23;24;23,8;23,1;22,9;95;94;95;16;1,4;,9;
2012-01-24;10:00;0;998,5;998,5;997,7;-9999;24;23;24;23,9;23,1;22,9;95;94;94;331;2,2;,7;
2012-01-24;11:00;0;999,6;999,6;998,5;14,6;24;23;24,1;23,9;23;22,9;94;94;94;350;2,3;,8;
2012-01-24;12:00;0;1000,7;1000,7;999,6;220,8;24,7;23,2;24,8;24;23,4;23;94;91;91;316;2,6;,9;
2012-01-24;13:00;0;1001,2;1001,3;1000,7;792,6;25,8;22,7;25,9;24,5;23,4;22,2;92;81;83;331;3;1;
2012-01-24;14:00;0;1001,7;1001,7;1001,1;1137,2;26,3;23,2;26,7;25,7;23,2;22,1;85;79;83;323;2;1;
2012-01-24;15:00;,2;1001,6;1001,8;1001,5;825,8;24;20,9;26,8;24;24,1;20,7;87;79;83;345;8,1;3,5;
2012-01-24;16:00;5,4;1001,6;1001,7;1001,5;568,8;22,8;21,4;24;22,6;21,6;20,8;93;83;92;334;8,1;2,4;
2012-01-24;17:00;,8;1000,5;1001,6;1000,5;969,1;24,6;22,6;24,6;22,8;23;21,4;93;89;89;7;5,5;1,4;
2012-01-24;18:00;0;998,9;1000,5;998,9;2780,4;27,4;22,8;27,6;24,5;23,9;22,1;92;72;76;337;3,9;1,7;
2012-01-24;19:00;0;998;998,9;998;1598,7;27,1;22,9;27,9;26,8;23,8;21,9;82;72;78;80;3,9;1,2;
2012-01-24;20:00;0;997,6;998;997,6;892,4;26,7;23,6;27,6;26,7;24,2;22,6;85;76;83;68;4,2;1,8;
2012-01-24;21:00;0;997,4;997,6;997,4;983,6;27;23,5;27,9;26,7;24,5;23,1;84;79;81;66;4,7;2,1;
2012-01-24;22:00;,2;997,3;997,4;997,3;343,6;24,8;23;27;24,8;23,8;22,8;91;81;90;130;6,9;,6;
2012-01-24;23:00;0;997,8;997,8;997,3;69,5;24,1;22,9;24,8;24,1;23,2;22,7;93;89;93;201;1,7;,3;
2012-01-25;00:00;0;998,5;998,5;997,8;-9999;23,5;22,4;24,1;23,5;22,9;22,4;94;93;94;94;1,2;,2;
2012-01-25;01:00;0;999;999;998,5;-9999;23,3;22,3;23,6;23,3;22,6;22,3;94;94;94;93;1,4;,3;
2012-01-25;02:00;0;999,8;999,8;999;-9999;23;22,1;23,4;23;22,4;22;95;94;94;176;1,8;,7;
2012-01-25;03:00;0;1000,5;1000,5;999,8;-9999;23;22;23,2;23;22,3;22;95;94;94;89;1,4;,6;
2012-01-25;04:00;0;1000,6;1000,7;1000,4;-9999;23;22;23,1;23;22,2;22;95;94;95;63;1,4;,7;
2012-01-25;05:00;0;1000,3;1000,6;1000,3;-9999;22,9;22;23,2;22,9;22,3;22;95;94;95;29;1;,8;
2012-01-25;06:00;0;999,8;1000,3;999,8;-9999;22,7;21,9;23;22,7;22,1;21,8;95;95;95;37;1,2;,8;
2012-01-25;07:00;0;999,4;999,8;999,4;-9999;22,7;21,8;22,9;22,7;22,1;21,8;95;95;95;41;1,3;,5;
2012-01-25;08:00;0;999,4;999,5;999,4;-9999;22,6;21,8;22,7;22,6;21,9;21,7;95;95;95;105;1,2;,2;
2012-01-25;09:00;0;999,5;999,5;999,3;-9999;22,5;21,6;22,8;22,5;22;21,6;95;95;95;57;,8;,3;
2012-01-25;10:00;0;999,9;999,9;999,5;-9999;22,4;21,6;22,6;22,3;21,7;21,5;95;95;95;72;,9;,1;
2012-01-25;11:00;0;1000,4;1000,4;999,9;67,1;22,8;22;22,8;22,2;22;21,3;95;95;95;150;1;,5;
2012-01-25;12:00;0;1001,3;1001,3;1000,4;436,5;23,8;22,1;23,8;22,8;22,5;21,9;95;91;91;199;1,6;,7;
2012-01-25;13:00;0;1002;1002;1001,3;763,5;24,8;22,1;24,9;23,8;22,6;22;92;84;85;191;1,5;,6;
2012-01-25;14:00;0;1002;1002,1;1001,9;1231,4;26,2;22,5;26,3;24,8;23,1;22,1;86;80;80;189;1,7;1;
2012-01-25;15:00;0;1001,4;1002;1001,4;1669,4;27,8;22,9;27,8;26;23,1;22,3;82;74;75;297;2;,7;
2012-01-25;16:00;0;1001,1;1001,4;1001,1;3366,9;29,6;23,1;29,7;27,6;23,7;21,5;76;66;68;187;3,4;1,4;
2012-01-25;17:00;0;999,8;1001,1;999,8;2899,3;30,1;22,4;30,7;29,2;23,4;21,7;69;60;64;191;3,4;1,2;
2012-01-25;18:00;0;998,2;999,8;998,2;2878,2;31,3;22,1;31,8;30;24,9;20,6;68;53;58;54;3,8;,9;
2012-01-25;19:00;0;996,5;998,2;996,5;2372,9;32;21,2;32,2;30,9;23;20,6;63;52;53;170;2,6;,8;
2012-01-25;20:00;0;995,5;996,5;995,5;2497,9;32,1;21,3;32,8;32;23;20;58;48;53;205;2,9;1,4;
2012-01-25;21:00;0;995;995,5;995;1775,6;31,8;22;32,6;31,5;23,1;21,2;60;52;56;135;4;1;
2012-01-25;22:00;0;995,5;995,5;995;539,4;31,7;22,2;31,8;30,7;23,3;21,6;63;56;57;199;3,1;,7;
2012-01-25;23:00;0;996,5;996,5;995,5;51,9;27,2;23,4;31,7;27,2;23,7;22,2;80;57;80;81;1,4;,4;
2012-01-26;00:00;0;997,1;997,1;996,5;-9999;25,8;24,1;27,3;25,8;24,8;23,3;91;79;91;76;1,4;,4;
2012-01-26;01:00;0;998,3;998,3;997,1;-9999;25,3;23,9;25,8;25,3;24,2;23,8;92;90;92;327;3;,6;
2012-01-26;02:00;0;999,2;999,2;998,3;-9999;25,1;23,5;25,9;25,1;24,1;23,4;92;88;91;35;1,6;,4;
2012-01-26;03:00;0;1000;1000;999,2;-9999;24,7;23,3;25,5;24,5;23,7;23,1;92;89;92;62;3,2;1,6;
2012-01-26;04:00;4,4;1000,8;1000,8;1000,1;-9999;22,4;21,5;25;22,3;23,5;21,3;95;84;95;70;10,4;1,1;
2012-01-26;05:00;4,6;1000,4;1000,8;1000,4;-9999;22,7;21,8;22,7;22,4;21,8;21,4;95;94;95;150;3,3;,6;
2012-01-26;06:00;,2;999,6;1000,4;999,6;-9999;22,6;21,7;22,7;22,4;21,8;21,5;95;94;94;299;1,7;,5;
2012-01-26;07:00;0;998,9;999,6;998,9;-9999;22,5;21,6;22,7;22,3;21,8;21,4;95;94;94;352;2,3;,9;
2012-01-26;08:00;0;998,2;998,9;998,2;-9999;22,2;21,3;22,5;22,2;21,5;21,3;95;94;95;312;2,2;,7;
2012-01-26;09:00;0;998,4;998,4;998;-9999;22;21,1;22,2;22;21,3;21,1;95;94;95;41;1,9;,7;
2012-01-26;10:00;0;999,1;999,1;998,4;-9999;22,1;21,2;22,2;22;21,3;21,1;95;94;95;317;2;,5;
2012-01-26;11:00;0;1000;1000;999,1;6,5;22;21,2;22,1;21,8;21,2;20,9;95;95;95;301;1,4;,2;
2012-01-26;12:00;0;1001,1;1001,1;1000;171,4;22,5;21,6;22,5;21,9;21,6;21,1;95;95;95;125;1,2;,5;
2012-01-26;13:00;0;1002,1;1002,1;1001,1;734,3;24,6;22,9;24,7;22,5;23;21,6;95;87;90;85;2,7;,9;
2012-01-26;14:00;0;1002,3;1002,3;1002,1;1757;25,8;22,6;25,8;24,6;23,3;21,8;90;81;83;57;4,9;2,5;
2012-01-26;15:00;,2;1001,8;1002,3;1001,8;1799,1;25,5;22,8;27,3;25,5;23,5;22,2;85;75;85;100;4,9;1,1;
2012-01-26;16:00;0;1001,1;1001,8;1001,1;2043,7;27,2;22,9;27,3;25,4;23,8;22,1;85;74;78;97;3,1;1,1;
2012-01-26;17:00;0;999,5;1001,1;999,5;3061,2;29,2;22,9;29,7;27,2;24,2;21,9;79;66;69;102;4,1;1,3;
2012-01-26;18:00;0;998,3;999,5;998,3;3235,3;30,3;21,9;30,8;29,1;23,8;21,2;71;57;61;148;4,8;1,3;
2012-01-26;19:00;0;996,8;998,3;996,8;2006,6;30,1;23,5;30,8;29,7;23,6;21,4;69;59;68;115;4,8;1;
2012-01-26;20:00;0;996,3;996,8;996,1;1771,4;29,7;23,3;30,4;29,6;23,8;22,1;70;62;69;151;3,2;1,1;
2012-01-26;21:00;0;996,3;996,3;996,1;646,4;28,4;24,5;29,9;28,4;24,8;22,4;79;65;79;57;2,8;,8;
2012-01-26;22:00;0;996,7;996,7;996,1;243,6;27,9;24,5;28,4;27,8;25,1;24;85;78;82;165;1,5;,8;
2012-01-26;23:00;0;997,8;997,8;996,7;38,8;26,5;24,8;27,9;26,5;25,1;24,6;90;82;90;94;1,1;,6;
2012-01-27;00:00;0;998,7;998,7;997,8;-9999;26,1;24,8;26,5;26,1;24,9;24,7;93;90;93;137;1,1;,4;
2012-01-27;01:00;0;1000;1000;998,7;-9999;26,2;24,8;26,2;26;25;24,7;94;92;92;259;1,4;,5;
2012-01-27;02:00;11;1001,3;1001,3;1000;-9999;23,1;22,2;26,2;23;24,7;21,4;95;82;95;345;8,7;1,6;
2012-01-27;03:00;1,2;1001,7;1001,9;1001,3;-9999;23,2;22,4;23,3;23;22,4;22,1;95;95;95;72;4,2;,7;
2012-01-27;04:00;,4;1001,7;1002,2;1001,7;-9999;23,2;22,3;23,3;23,1;22,4;22,3;95;95;95;148;2,3;1,1;
2012-01-27;05:00;3,6;1001,2;1001,7;1001,2;-9999;22,8;21,9;23,1;22,7;22,3;21,8;95;94;95;193;2,8;1,2;
2012-01-27;06:00;3,6;1000,5;1001,2;1000,5;-9999;22,7;21,7;22,8;22,6;21,9;21,6;95;94;94;205;4,2;1,2;
2012-01-27;07:00;,6;999,9;1000,5;999,9;-9999;22,8;21,8;22,8;22,7;21,9;21,7;94;94;94;185;4;1,9;
2012-01-27;08:00;0;999,5;999,9;999,5;-9999;22,7;21,6;22,8;22,7;21,8;21,6;94;93;94;192;6,5;2,7;
2012-01-27;09:00;0;999,8;999,8;999,4;-9999;22,6;21,4;22,7;22,5;21,6;21,3;94;92;93;212;6,5;2,2;
2012-01-27;10:00;0;1000,3;1000,4;999,8;-9999;22,3;21,2;22,6;22,3;21,4;21,2;94;92;94;178;4,8;1,4;
2012-01-27;11:00;0;1000,9;1000,9;1000,3;10,1;22,6;21,5;22,6;22,3;21,5;21,2;94;93;93;174;2,7;,5;
2012-01-27;12:00;0;1001,8;1001,8;1000,9;314,4;23,8;21,8;23,8;22,6;22;21,5;93;88;89;161;2,8;,4;
2012-01-27;13:00;0;1002,7;1002,7;1001,8;790,1;24,5;22,3;24,6;23,6;22,5;21,5;90;85;88;71;2,2;1;
2012-01-27;14:00;0;1002,9;1002,9;1002,7;1132,6;26;22,8;26;24,5;22,8;21,6;89;78;83;78;2,9;,8;
2012-01-27;15:00;0;1002,6;1002,9;1002,6;1184;25,8;21,7;26,3;25,4;23;21,6;84;76;78;169;2,8;,7;
2012-01-27;16:00;0;1001,9;1002,6;1001,9;1542,4;26,4;22,3;26,8;25,7;22,9;21,5;82;74;78;262;3;1,1;
2012-01-27;17:00;0;1001,3;1002;1001,3;1892,6;28,3;22,1;28,3;26,5;23;21,6;79;68;69;229;2,7;,8;
2012-01-27;18:00;0;999,8;1001,3;999,8;2602,2;29;23,1;29,2;27,8;23,1;20,8;72;62;71;215;3,1;1;
2012-01-27;19:00;0;998,5;999,8;998,4;2621,3;28,9;22,7;30,1;28,3;23,6;21,5;73;61;69;331;3,5;1,4;
2012-01-27;20:00;,6;998,3;998,5;998,1;511,5;24,5;22,4;28,9;24,5;24,2;22,1;89;67;88;61;7,3;3;
2012-01-27;21:00;2,8;998,4;998,4;998;118,8;23,5;22,4;24,5;23,4;22,7;22,1;94;88;94;71;7;,9;
2012-01-27;22:00;,6;998,4;998,5;998,2;78,3;23,6;22,5;23,6;23,4;22,6;22,2;94;93;94;111;2,3;,5;
2012-01-27;23:00;0;998,5;998,6;998,3;19,6;23,5;22,5;23,9;23,5;22,8;22,4;94;93;94;36;2;,3;
2012-01-28;00:00;0;999,4;999,4;998,5;-9999;23,1;22,2;23,7;23,1;22,7;22,1;95;94;95;93;1,2;,5;
2012-01-28;01:00;0;1000,8;1000,8;999,4;-9999;23,2;22,3;23,2;23,1;22,4;22,2;95;95;95;115;1,8;,3;
2012-01-28;02:00;,2;1001,8;1001,8;1000,8;-9999;23,3;22,4;23,4;23,2;22,5;22,3;95;95;95;56;1,6;,8;
2012-01-28;03:00;,2;1001,7;1002,3;1001,7;-9999;23,4;22,5;23,5;23,3;22,6;22,4;95;94;95;251;1,8;,7;
2012-01-28;04:00;0;1001,5;1001,9;1001,5;-9999;23,6;22,7;23,6;23,2;22,7;22,3;95;95;95;217;2,5;1,3;
2012-01-28;05:00;0;1001,4;1001,6;1001,4;-9999;23,4;22,5;23,6;23,4;22,7;22,5;95;95;95;16;2,5;,9;
2012-01-28;06:00;0;1000,5;1001,3;1000,5;-9999;23,2;22,4;23,4;23,1;22,6;22,3;95;95;95;263;2,1;,7;
2012-01-28;07:00;,2;1000;1000,5;1000;-9999;23,3;22,5;23,3;23,1;22,5;22,3;95;95;95;314;1,4;,3;
2012-01-28;08:00;0;1000;1000,1;1000;-9999;23,1;22,3;23,3;23;22,4;22,2;95;95;95;7;1,5;,7;
2012-01-28;09:00;0;1000,4;1000,4;1000;-9999;23,2;22,4;23,3;23;22,5;22,2;95;95;95;64;1,3;,5;
2012-01-28;10:00;0;1000,9;1000,9;1000,4;-9999;23,3;22,5;23,4;23,2;22,6;22,4;95;95;95;87;1,8;,4;
2012-01-28;11:00;0;1001,4;1001,4;1000,9;13,6;23,1;22,3;23,4;23,1;22,6;22,3;95;95;95;57;1,6;,8;
2012-01-28;12:00;0;1002,2;1002,2;1001,4;262;23,7;22,9;23,8;23,1;22,9;22,3;95;95;95;62;1,8;,7;
2012-01-28;13:00;0;1003;1003;1002,2;777,6;25;22,7;25,1;23,5;23,3;22,5;95;87;87;68;1,8;,8;
2012-01-28;14:00;0;1003,2;1003,3;1003;1276,4;26,5;22,9;26,5;25;23,6;22,4;89;80;81;80;2,9;1,2;
2012-01-28;15:00;0;1003;1003,2;1002,9;2106,8;28,1;23,7;28,2;26,2;23,7;22,4;84;73;77;57;3,2;1,4;
2012-01-28;16:00;0;1002,2;1003;1002,2;2259,9;28,8;23,2;29,5;27,7;24,3;22,6;78;66;72;63;3,1;1,3;
2012-01-28;17:00;0;1001,3;1002,2;1001,3;2544,4;29,5;22,8;29,8;28,2;24,4;21,9;75;64;67;71;3,8;1,2;
2012-01-28;18:00;0;999,6;1001,3;999,6;2940,7;30,4;22,7;31;28,9;23,7;21,3;72;57;63;138;3,5;1,2;
2012-01-28;19:00;0;998,1;999,6;998,1;3279,7;31,7;23,2;31,8;30,2;23,9;21;67;54;61;29;3,4;,8;
2012-01-28;20:00;0;997,1;998,1;997,1;2089,7;30,1;22,5;31,8;29,9;23,6;21,3;67;56;64;46;3,8;1,3;
2012-01-28;21:00;0;996,7;997,1;996,7;1387,4;29,7;23;31,3;29,7;23,3;21;68;55;68;58;3,7;,9;
2012-01-28;22:00;0;997,6;997,6;996,6;325,5;26;22,9;29,7;26;23,4;22,5;83;66;83;41;7,5;2,9;
2012-01-28;23:00;0;998,2;998,4;997,6;133,6;25;22,5;26;25;23;22,5;87;83;86;25;6;1,6;
2012-01-29;00:00;0;999,2;999,2;998,2;-9999;24,6;22,9;25;24,5;22,9;22,4;90;86;90;221;4,2;,6;
2012-01-29;01:00;0;1000,1;1000,1;999,2;-9999;24;22,6;24,8;24;22,9;22,5;92;89;92;134;1,6;,4;
2012-01-29;02:00;0;1000,4;1000,4;1000,1;-9999;23,7;22,5;24,1;23,6;22,9;22,5;94;92;93;37;1,8;1;
2012-01-29;03:00;0;1000,9;1000,9;1000,4;-9999;23,8;22,6;24;23,7;22,8;22,5;94;92;93;324;1,8;,5;
2012-01-29;04:00;0;1001;1001,1;1000,9;-9999;23,8;22,6;23,9;23,7;22,8;22,5;94;92;93;339;1;,2;
2012-01-29;05:00;0;1000,6;1001,2;1000,6;-9999;23,5;22,5;23,8;23,5;22,7;22,4;94;93;94;52;,9;,2;
2012-01-29;06:00;0;1000,1;1000,6;1000,1;-9999;23,3;22,3;23,5;23,3;22,6;22,3;95;94;94;40;1;,2;
2012-01-29;07:00;,2;999,8;1000,1;999,7;-9999;23,4;22,5;23,5;23,2;22,6;22,2;95;94;95;165;,9;,4;
2012-01-29;08:00;0;999,7;999,8;999,7;-9999;23,5;22,6;23,5;23,2;22,6;22,2;95;94;95;195;1,3;,2;
2012-01-29;09:00;0;999,9;999,9;999,7;-9999;23,5;22,6;23,6;23,2;22,7;22,3;95;94;95;221;1,1;,5;
2012-01-29;10:00;0;1000,1;1000,1;999,9;-9999;23,9;22,9;23,9;23,5;23;22,7;95;94;94;232;2,9;1,1;
2012-01-29;11:00;,2;1000,9;1000,9;1000,1;6,5;23,8;22,9;23,9;23,7;23;22,8;95;94;95;309;2,9;,4;
2012-01-29;12:00;0;1002;1002;1000,9;196,1;24,5;23,2;24,5;23,8;23,2;22,8;95;91;92;273;1,6;,6;
2012-01-29;13:00;0;1002,7;1002,7;1002;965,5;25,9;23;25,9;24,5;23,2;22,7;92;83;84;204;2,7;1,5;
2012-01-29;14:00;0;1002,9;1002,9;1002,7;1844,9;27,2;22,8;27,3;25,9;23,7;22,4;85;75;77;260;3,3;1;
2012-01-29;15:00;0;1002,7;1002,9;1002,7;2168,7;27,7;22,4;28,2;26,7;23,5;22,3;80;71;73;225;4,6;1,6;
2012-01-29;16:00;0;1001,7;1002,7;1001,7;2147,9;28,9;23,1;28,9;27,6;23,3;22,2;75;69;71;209;3,5;1,8;
2012-01-29;17:00;0;1000,6;1001,7;1000,6;3622,5;29,9;22,3;30,2;28,5;23,8;21,7;73;61;64;233;3,6;1,7;
2012-01-29;18:00;0;999,5;1000,6;999,5;3184,2;31;22,2;31,2;29,4;23,5;22;68;60;60;238;5,8;1,5;
2012-01-29;19:00;0;998,2;999,5;998,2;1777,3;28,4;24,1;30,9;27,8;24,1;21,7;78;59;77;61;5,2;1;
2012-01-29;20:00;1;998,4;998,4;997,9;128,7;24,6;23,2;28,4;24,6;24,1;22,5;92;75;92;84;8,2;2;
2012-01-29;21:00;7,6;998,5;998,6;998,4;16,1;23,8;22,7;24,6;23,8;23,3;22,7;94;92;94;85;5,3;1,4;
2012-01-29;22:00;,4;998,5;998,6;998,2;77,7;23,8;22,8;23,9;23,7;22,8;22,4;94;92;94;308;3,5;,6;
2012-01-29;23:00;0;999;999;998,5;26;23,7;22,6;23,9;23,6;22,8;22,5;94;92;94;328;2,2;,6;
2012-01-30;00:00;0;999,4;999,4;999;-9999;23,2;22,3;23,7;23,2;22,6;22,2;94;93;94;338;1,2;,7;
2012-01-30;01:00;,2;1000,2;1000,2;999,4;-9999;23,1;22,1;23,3;23,1;22,4;22,1;95;94;94;321;2;,6;
2012-01-30;02:00;0;1000,7;1000,8;1000,2;-9999;22,8;21,9;23,1;22,6;22;21,7;95;94;95;324;1,5;,6;
2012-01-30;03:00;0;1000,9;1001;1000,7;-9999;22,4;21,5;22,8;22,3;21,9;21,5;95;94;95;9;2;,5;
2012-01-30;04:00;0;1000,9;1001,1;1000,9;-9999;22,2;21,3;22,4;22;21,6;21,1;95;95;95;47;1,5;,5;
2012-01-30;05:00;0;1000;1000,9;1000;-9999;22,1;21,3;22,2;21,9;21,4;21,1;95;95;95;46;1;,3;
2012-01-30;06:00;0;999,5;1000,1;999,5;-9999;22,1;21,3;22,2;21,9;21,4;21,1;95;95;95;253;1,3;,3;
2012-01-30;07:00;0;999,6;999,8;999,5;-9999;22;21,2;22,1;21,8;21,3;21;95;95;95;9;1,6;,9;
2012-01-30;08:00;0;999,6;999,6;999,4;-9999;21,9;21,1;22;21,8;21,2;21;95;95;95;72;2;,6;
2012-01-30;09:00;0;999,6;999,6;999,3;-9999;22,1;21,3;22,2;21,9;21,4;21,1;95;95;95;157;1,1;,4;
2012-01-30;10:00;0;1000;1000;999,6;-9999;22,1;21,3;22,2;22;21,4;21,2;95;95;95;357;1,3;,9;
2012-01-30;11:00;0;1000,6;1000,6;1000;17,7;22;21,2;22,1;21,9;21,3;21,1;95;95;95;25;1,7;,7;
2012-01-30;12:00;0;1001,6;1001,6;1000,6;418,6;23,5;22,5;23,5;22;22,5;21,2;95;93;94;263;1,7;,5;
2012-01-30;13:00;0;1002,5;1002,5;1001,6;1055,4;24,9;22,6;25;23,5;22,8;22,1;94;86;87;325;1,9;1,1;
2012-01-30;14:00;0;1003,1;1003,1;1002,5;1057,3;25,6;22,7;25,8;24,8;23,2;22,3;87;83;84;316;2,7;1,4;
2012-01-30;15:00;0;1003;1003,1;1003;1132,2;26,3;23;26,3;25,5;23,6;22,5;86;80;82;30;2,8;,8;
2012-01-30;16:00;2,4;1002,3;1003;1002,3;677,4;24,6;22,8;26,6;24,6;23,8;22,4;91;80;90;135;4,1;1,5;
2012-01-30;17:00;,2;1000,7;1002,3;1000,7;2437;27,3;22,8;27,6;24,5;24,7;21,9;93;73;76;178;4,1;1;
2012-01-30;18:00;0;1000;1000,8;1000;1688,7;26,5;23,3;27,4;26,2;23,4;22,1;83;74;83;164;3,7;1,5;
2012-01-30;19:00;0;998,6;1000;998,6;842,5;26,4;23,2;26,5;26,1;23,9;22,8;86;80;83;282;3;1,2;
2012-01-30;20:00;0;997,1;998,6;997,1;1148,5;26,7;22,9;27;26,3;23,8;22,6;84;79;79;312;3;1,3;
2012-01-30;21:00;0;996,5;997,1;996,3;1104,2;28,1;23,1;28,1;26,6;23,5;22,3;81;74;74;306;3;,5;
2012-01-30;22:00;0;996,9;996,9;996,4;581,7;27,6;23,3;28,4;27,3;23,7;22,4;79;73;77;273;2;,9;
2012-01-30;23:00;0;997,4;997,4;996,9;91,1;25,2;23,4;27,7;25,2;23,7;23;90;76;89;4;3;1,1;
2012-01-31;00:00;0;998,1;998,1;997,4;-9999;24,5;23;25,2;24,5;23,4;23;92;88;92;322;2,3;1,1;
2012-01-31;01:00;0;999;999;998,1;-9999;24;22,9;24,5;23,9;23,1;22,7;94;91;93;275;1,9;,6;
2012-01-31;02:00;0;999,1;999,3;999;-9999;23,6;22,5;24,1;23,5;23;22,4;94;93;94;158;1;,4;
2012-01-31;03:00;0;999,6;999,6;999,1;-9999;23,2;22,2;23,7;23,2;22,7;22,2;95;94;94;319;1,2;,4;
2012-01-31;04:00;0;999,9;999,9;999,6;-9999;22,8;21,9;23,2;22,8;22,2;21,9;95;94;95;128;1,4;,3;
2012-01-31;05:00;0;999,6;1000;999,6;-9999;22,6;21,7;22,8;22,6;22;21,7;95;94;95;21;1,1;,7;
2012-01-31;06:00;0;999,3;999,6;999,3;-9999;23,1;22,2;23,2;22,6;22,4;21,7;95;95;95;334;1,4;,5;
2012-01-31;07:00;0;998,9;999,3;998,9;-9999;23,3;22,5;23,4;23;22,6;22,1;95;95;95;341;1,4;,4;
2012-01-31;08:00;0;998,6;998,9;998,4;-9999;23,3;22,5;23,3;23,2;22,5;22,3;95;95;95;342;1,4;,3;
2012-01-31;09:00;0;998,6;998,8;998,5;-9999;23,3;22,5;23,3;23,2;22,5;22,3;95;95;95;338;2,4;1,1;
2012-01-31;10:00;0;998,7;998,7;998,6;-9999;22,9;22,1;23,3;22,9;22,4;22,1;95;95;95;94;2,4;,6;
2012-01-31;11:00;0;999,8;999,8;998,7;15,9;23;22,2;23,1;22,9;22,3;22;95;95;95;12;1,6;,4;
2012-01-31;12:00;0;1000,6;1000,6;999,8;395,3;23,8;22,7;23,8;23;22,7;22,2;95;93;93;339;2,3;1;
2012-01-31;13:00;0;1001,3;1001,4;1000,6;869;25,7;23,1;25,7;23,8;23,4;22,5;94;84;86;24;2,5;1;
2012-01-31;14:00;0;1001,7;1001,7;1001,3;2073,3;27,9;22,9;28,3;25,7;23,8;22,6;85;74;74;326;4,3;1,2;
2012-01-31;15:00;0;1001,2;1001,8;1001,2;1816,4;28,7;23,6;28,8;27,8;24;22,5;77;71;74;351;3,4;1,6;
2012-01-31;16:00;0;1000,3;1001,2;1000,3;2760;30;23,1;30,5;28,6;23,7;22,3;75;64;67;321;4,8;1,7;
2012-01-31;17:00;,8;999,2;1000,3;999,1;1594,4;27,7;23,1;30,3;27,7;23,8;21,8;77;61;76;5;3,6;,7;
2012-01-31;18:00;7,6;999;999,2;998,6;557;25,6;24,1;27,7;25,5;24,5;22,9;91;76;91;103;3,5;1,6;
2012-01-31;19:00;1,8;997,4;999;997,4;166,3;25,2;24;25,7;24,8;24;23,1;94;89;93;109;3,7;,6;
2012-01-31;20:00;,2;996,9;997,4;996,8;741;26;24,3;26;25,2;24,3;23,6;93;88;90;90;3,1;,8;
2012-01-31;21:00;0;996,1;996,9;996,1;832,7;26,1;23,6;26,4;26;24,4;23,4;90;84;86;162;2,2;1,1;
2012-01-31;22:00;0;996,8;996,8;995,8;437,6;25,8;23,6;26,2;25,8;23,9;22,9;88;83;88;118;2,6;,4;
2012-01-31;23:00;0;997,5;997,5;996,8;41,1;24,7;23,4;25,8;24,7;24;23,3;93;88;93;106;2,8;,4;
2012-02-01;00:00;0;997,5;997,6;997,2;-9999;24,3;23,2;25;24,3;23,6;23,1;93;91;93;121;1,2;,4;
2012-02-01;01:00;0;998,8;998,8;997,5;-9999;24,4;23,2;24,5;24,1;23,4;23;94;93;93;143;1,7;,4;
2012-02-01;02:00;0;999,4;999,4;998,8;-9999;24,1;23,1;24,6;24,1;23,5;23,1;94;93;94;242;1,3;,4;
2012-02-01;03:00;0;999,7;999,7;999,3;-9999;24,2;23,2;24,4;24,1;23,4;23,1;95;94;94;227;1,1;,3;
2012-02-01;04:00;0;999,8;1000;999,7;-9999;23,9;23;24,3;23,9;23,4;22,9;95;94;94;75;,8;,3;
2012-02-01;05:00;0;999,2;999,9;999,2;-9999;23,9;23;24;23,8;23,1;22,9;95;94;95;351;1,3;,6;
2012-02-01;06:00;0;998,3;999,2;998,3;-9999;23,8;22,9;23,9;23,6;23;22,7;95;95;95;330;1,6;,9;
2012-02-01;07:00;0;997,9;998,3;997,9;-9999;23,8;23;23,8;23,7;23;22,8;95;95;95;13;1,5;,4;
2012-02-01;08:00;0;997,8;997,9;997,6;-9999;23,8;22,9;23,9;23,7;23;22,9;95;95;95;54;1,1;,8;
2012-02-01;09:00;0;997,8;997,9;997,7;-9999;23,8;23;23,8;23,7;23;22,9;95;95;95;94;1,1;,3;
2012-02-01;10:00;,2;998,9;998,9;997,8;-9999;23,7;22,9;23,8;23,6;23;22,8;95;95;95;40;2;,6;
2012-02-01;11:00;0;999,7;999,8;998,9;5,7;23,8;22,9;23,8;23,7;23;22,9;95;95;95;319;1,8;,8;
2012-02-01;12:00;0;1000,6;1000,6;999,7;133,5;24,4;23,6;24,4;23,8;23,6;23;95;95;95;321;2,6;,8;
2012-02-01;13:00;0;1001,3;1001,3;1000,6;325,4;24,8;23,6;25;24,4;23,9;23,5;95;93;93;13;2,6;,8;
2012-02-01;14:00;0;1001,5;1001,5;1001,2;858,2;26,3;23,8;26,3;24,7;24,1;23,4;94;86;86;353;2,5;1,3;
2012-02-01;15:00;0;1000,6;1001,5;1000,6;1918,5;28,4;23,8;28,4;26,2;23,8;22,7;86;75;76;132;2,7;,7;
2012-02-01;16:00;0;999,8;1000,6;999,8;2159,6;29;23,7;29,1;27,9;24,6;22,5;79;71;73;240;3,4;,9;
2012-02-01;17:00;0;998,7;999,8;998,7;2781,3;30,1;23,4;30,4;28,4;24,2;22,4;74;66;68;227;3,8;1,2;
2012-02-01;18:00;0;997,2;998,8;997,2;2616,6;29,1;23,2;30,7;28,1;24,9;22,5;82;65;71;18;4;1,6;
2012-02-01;19:00;0;995,9;997,2;995,9;2893,8;31,4;22,6;31,4;29,1;24,5;22,6;73;60;60;55;3,7;1,2;
2012-02-01;20:00;0;994,7;995,9;994,7;2469,7;31,9;22,1;31,9;30,7;23,9;21,6;66;56;56;68;3,9;1,2;
2012-02-01;21:00;0;994,8;994,8;994,2;1656,8;27,1;22,4;32,4;27,1;23,7;21,6;75;55;75;82;11,4;4,3;
2012-02-01;22:00;1,6;994,9;995;994,7;634,4;24,7;22,7;27,1;24,5;22,8;21,7;90;75;89;86;11,4;,9;
2012-02-01;23:00;0;995,6;995,6;994,9;60,8;24;22,6;24,7;23,9;23,1;22,4;93;88;92;72;3,2;,5;
2012-02-02;00:00;0;996,9;996,9;995,6;-9999;23,5;22,4;24,3;23,5;22,9;22,3;93;91;93;46;1,6;,9;
2012-02-02;01:00;0;997,5;997,5;996,8;-9999;23,6;22,6;23,7;23,4;22,7;22,3;94;93;94;67;1,6;,6;
2012-02-02;02:00;0;998,1;998,1;997,5;-9999;23,6;22,6;23,8;23,5;22,8;22,5;94;94;94;97;1,7;,4;
2012-02-02;03:00;0;999;999;998,1;-9999;23,8;22,7;23,9;23,5;22,7;22,5;94;93;93;313;2,1;,9;
2012-02-02;04:00;0;998,9;999,1;998,9;-9999;23,8;22,8;24;23,7;22,9;22,6;94;93;94;64;2,4;,6;
2012-02-02;05:00;0;998,3;998,9;998,3;-9999;23,9;22,7;24,3;23,8;23;22,7;94;92;93;87;2,4;,3;
2012-02-02;06:00;0;997,8;998,3;997,8;-9999;23,8;22,8;24;23,8;22,9;22,7;94;93;94;123;1,2;,2;
2012-02-02;07:00;0;997,1;997,8;997,1;-9999;23,9;22,8;24,1;23,8;23,1;22,8;94;93;94;15;1,4;,6;
2012-02-02;08:00;0;996,8;997,1;996,7;-9999;23,5;22,6;23,9;23,5;22,7;22,5;95;94;95;39;1,4;,5;
2012-02-02;09:00;0;997,1;997,2;996,8;-9999;23,5;22,5;23,7;23,4;22,8;22,5;95;94;94;105;1,3;,5;
2012-02-02;10:00;0;997,6;997,6;997,1;-9999;23,5;22,6;23,7;23,4;22,8;22,4;95;94;95;282;1,1;,2;
2012-02-02;11:00;0;998,3;998,3;997,6;20;23,6;22,6;23,6;23,4;22,7;22,5;95;94;94;341;1,3;,4;
2012-02-02;12:00;0;999,3;999,3;998,3;223,7;24,3;22,8;24,3;23,6;22,9;22,5;94;91;91;56;1,2;,5;
2012-02-02;13:00;0;1000;1000;999,3;912,7;26,2;23,3;26,2;24,3;23,6;22,6;91;83;84;159;1,7;,7;
2012-02-02;14:00;0;1000,3;1000,5;1000;672,8;25,5;23,3;26,2;25,4;23,5;22,6;88;83;88;37;3,1;1,3;
2012-02-02;15:00;0;999,9;1000,5;999,9;2177,7;27,7;23,3;27,7;25,5;23,9;22,8;90;77;77;20;3,7;1,5;
2012-02-02;16:00;0;999;999,9;999;2385,6;29,1;22,7;29,1;27,4;24,1;22,1;81;67;68;20;4,8;1,8;
2012-02-02;17:00;0;998,3;999;998,3;2877,9;29,6;23;30,3;28,9;23,6;21,9;70;63;68;66;4,8;1,9;
2012-02-02;18:00;0;997,3;998,3;997,3;1527,7;27,9;22,8;29,8;27,9;23,5;22,1;76;65;74;44;4,9;2;
2012-02-02;19:00;0;995,7;997,3;995,7;1016;28,6;22,9;28,7;27,6;24,2;22,7;79;71;71;55;4,1;1,6;
2012-02-02;20:00;0;994,9;995,7;994,9;1951,1;29,4;22,1;29,8;28,5;23,6;22,1;74;65;65;22;3,6;,7;
2012-02-02;21:00;0;994,5;994,9;994,5;1779,4;29,9;22,7;30,3;29,2;23,9;22;71;63;65;18;3,2;1,4;
2012-02-02;22:00;0;994,8;994,8;994,5;805,5;29,5;23;30,2;29,2;23,9;22,1;73;62;68;125;2,9;,4;
2012-02-02;23:00;0;995,3;995,3;994,8;57,9;26,4;24,3;29,5;26,4;24,8;23,5;88;68;88;61;1,7;,4;
2012-02-03;00:00;0;996,3;996,4;995,3;-9999;26;24,6;26,5;25,8;24,8;24,2;93;88;92;336;,8;,3;
2012-02-03;01:00;0;997,3;997,3;996,3;-9999;25,5;24,2;26;25,3;24,6;24;93;92;93;326;,9;,5;
2012-02-03;02:00;0;997,9;997,9;997,3;-9999;25,2;24,1;25,5;25,1;24,3;24;94;92;93;291;1;,1;
2012-02-03;03:00;0;998,3;998,3;997,9;-9999;25,3;24,2;25,3;24,9;24,2;23,8;94;93;94;177;2,3;,6;
2012-02-03;04:00;0;998,1;998,4;998,1;-9999;25,3;24;25,4;25,1;24,2;23,9;94;92;92;218;3,2;1,4;
2012-02-03;05:00;,4;998;998,1;997,7;-9999;25;24;25,3;25;24,1;23,9;94;92;94;168;3,2;1,3;
2012-02-03;06:00;,6;996,9;998;996,9;-9999;25;24;25,1;25;24,1;23,9;94;94;94;284;2,8;,6;
2012-02-03;07:00;3,4;996,7;997;996,7;-9999;24,8;23,9;25;24,7;24,1;23,8;95;94;95;198;1,7;1;
2012-02-03;08:00;0;996,7;996,7;996,4;-9999;24,5;23,4;24,9;24,5;23,9;23,4;95;93;94;184;3,1;1,1;
2012-02-03;09:00;0;997;997;996,7;-9999;24,4;23,4;24,5;24,4;23,4;23,3;94;93;94;252;2,8;,4;
2012-02-03;10:00;0;997,7;997,7;997;-9999;24,4;23,4;24,5;24,4;23,5;23,4;94;94;94;268;3,4;1,2;
2012-02-03;11:00;0;998,4;998,4;997,7;11,6;24,1;23,1;24,4;24,1;23,4;23;94;94;94;266;3,1;1;
2012-02-03;12:00;0;999,5;999,5;998,4;220,4;24,3;23;24,3;24;23,1;22,8;94;91;92;283;2,4;,7;
2012-02-03;13:00;0;1000,1;1000,1;999,5;512,7;25,1;23;25,2;24,3;23,3;22,7;93;88;88;228;2,7;,9;
2012-02-03;14:00;0;1000,5;1000,5;1000,1;829,3;25,7;23,2;25,8;25;23,4;22,9;89;85;86;213;3,5;1,7;
2012-02-03;15:00;0;1000,3;1000,5;1000,3;1115,7;26,5;23,3;26,6;25,7;23,7;23;87;82;83;200;3,3;1,7;
2012-02-03;16:00;0;999,6;1000,3;999,6;2312,9;28,4;23,6;28,9;26,4;24,4;23;83;72;75;195;3,6;1,6;
2012-02-03;17:00;0;998,4;999,6;998,4;3105;30,5;23,4;30,6;28,4;24;22,3;76;63;66;218;3,5;,8;
2012-02-03;18:00;0;997;998,4;997;2016,3;29,9;22,7;30,6;29,5;23,8;22,2;69;62;65;216;2,8;1,1;
2012-02-03;19:00;0;996;997;996;2073,5;30,4;22,6;30,9;29,3;24,4;22,3;71;62;63;177;4,1;1,4;
2012-02-03;20:00;0;995,3;996;995,2;1526,5;29,4;23,3;30,4;28;23,9;22,2;76;62;70;338;3,6;,8;
2012-02-03;21:00;19,8;995,8;995,9;995,2;373,6;24,1;23,2;29,4;23,7;24,4;22,2;95;69;95;15;7,3;1,5;
2012-02-03;22:00;2,6;995,7;995,9;995,4;198,7;24,1;23,1;24,3;23,9;23,3;22,8;95;93;94;317;4,5;,5;
2012-02-03;23:00;0;996,5;996,5;995,7;44,8;24,1;23,2;24,3;23,8;23,3;22,7;95;94;95;334;,9;,5;
2012-02-04;00:00;0;997,3;997,3;996,5;-9999;23,8;22,9;24,1;23,8;23,1;22,9;95;94;95;350;,9;,4;
2012-02-04;01:00;0;998,2;998,2;997,3;-9999;24;23,1;24,1;23,7;23,3;22,8;95;94;95;299;1,4;,7;
2012-02-04;02:00;0;998,8;998,9;998,2;-9999;24,1;23,2;24,3;24;23,4;23;95;95;95;172;1,3;,3;
2012-02-04;03:00;4,6;999,6;999,6;998,8;-9999;23,8;22,8;24,1;23,8;23,2;22,6;95;92;94;129;5,7;1,4;
2012-02-04;04:00;5;999,1;999,6;999;-9999;23,7;22,8;23,8;23,5;22,9;22,6;95;94;94;237;5,9;,9;
2012-02-04;05:00;,2;998,6;999,1;998,6;-9999;23,7;22,8;23,8;23,6;22,9;22,7;95;94;95;272;1,7;,6;
2012-02-04;06:00;0;998,1;998,6;998,1;-9999;23,6;22,7;23,7;23,5;22,8;22,6;95;95;95;216;2,8;,4;
2012-02-04;07:00;1,2;997,7;998,1;997,7;-9999;23,9;23;23,9;23,5;23;22,7;95;95;95;306;1,5;,5;
2012-02-04;08:00;34,6;998,2;998,5;997,7;,1;22,3;21,5;23,9;22,1;23;21,2;95;94;95;344;4;1,2;
2012-02-04;09:00;5;998,2;998,3;997,7;-9999;21,9;21,1;22,3;21,8;21,5;21;95;95;95;289;3,3;,5;
2012-02-04;10:00;2;998,2;998,3;998,1;-9999;21,9;21,1;21,9;21,8;21,2;21;95;95;95;23;1,4;,5;
2012-02-04;11:00;,6;998,7;998,7;998,1;11,4;22;21,3;22,1;21,8;21,3;21,1;96;95;95;343;1,2;,6;
2012-02-04;12:00;0;999,9;999,9;998,7;247,4;23;22,2;23,1;22;22,3;21,3;96;95;95;321;1,5;,4;
2012-02-04;13:00;0;1000,9;1000,9;999,9;584,9;23,9;22,7;24;23;23;22,2;95;93;93;313;1,8;,6;
2012-02-04;14:00;0;1001,3;1001,3;1000,9;789,7;25,3;23;25,3;23,9;23,4;22,7;94;86;87;254;3;,9;
2012-02-04;15:00;0;1001,1;1001,3;1001,1;1290,7;26,1;23,3;26,5;25,3;23,4;22,5;89;80;85;269;2,4;,7;
2012-02-04;16:00;0;1000,5;1001,1;1000,5;1094;27,3;23,9;27,4;26;24;22,7;86;79;82;240;2,3;1;
2012-02-04;17:00;0;999,4;1000,5;999,4;3420,8;29,8;23,2;29,8;27,1;24,3;22,5;81;67;68;231;3,3;1;
2012-02-04;18:00;2;998,1;999,4;998,1;1426,6;27,5;24,5;30,1;27,2;24,9;22,7;87;68;84;292;3;1;
2012-02-04;19:00;0;996,8;998,1;996,8;2834,7;30,2;23,6;30,2;27,4;25,5;22,7;88;67;68;319;3,1;,7;
2012-02-04;20:00;0;995,8;996,8;995,6;1665,5;29,9;23,5;30,2;29,2;24,4;22,6;74;65;69;299;2,9;1,1;
2012-02-04;21:00;5,8;997,3;997,4;995,8;448,7;25;23,4;29,9;25;24,5;22,8;93;66;91;93;6,8;1,4;
2012-02-04;22:00;2,4;997,4;997,4;997;139,6;22,9;21,6;25;22,9;23,4;21,6;93;90;92;343;5,1;1;
2012-02-04;23:00;0;997,3;997,5;997,2;39,9;22,7;21,5;23;22,7;22;21,5;94;92;93;17;2,2;,7;
2012-02-05;00:00;0;998;998;997,2;-9999;22,9;21,9;22,9;22,5;22;21,5;95;93;94;261;1,7;,4;
2012-02-05;01:00;0;998,9;998,9;998;-9999;22,7;21,8;22,9;22,6;21,9;21,6;95;94;94;185;2,8;,4;
2012-02-05;02:00;0;999,5;999,5;998,9;-9999;22,5;21,6;22,8;22,4;21,9;21,5;95;94;95;34;1,1;,4;
2012-02-05;03:00;0;999,8;999,9;999,3;-9999;22,7;21,8;22,8;22,5;21,9;21,6;95;95;95;315;1,4;,4;
2012-02-05;04:00;0;999,8;1000;999,7;-9999;22,8;21,9;22,9;22,6;22;21,7;95;94;95;231;1,2;,3;
2012-02-05;05:00;0;999,3;999,9;999,3;-9999;22,6;21,8;23;22,4;22,1;21,6;95;94;95;321;1;,4;
2012-02-05;06:00;0;999,2;999,3;999,2;-9999;22,4;21,6;22,7;22,3;21,8;21,4;95;95;95;351;1,1;,5;
2012-02-05;07:00;0;999;999,2;998,9;-9999;22;21,2;22,4;22;21,6;21,2;95;95;95;16;1,2;,5;
2012-02-05;08:00;0;998,8;999;998,8;-9999;21,9;21,1;22,2;21,9;21,4;21,1;95;95;95;57;1,4;,6;
2012-02-05;09:00;0;998,6;998,8;998,5;-9999;22;21,2;22,1;21,9;21,3;21;95;95;95;231;1,1;,5;
2012-02-05;10:00;0;999;999;998,6;-9999;21,8;21;22;21,6;21,1;20,8;95;95;95;52;1,2;,7;
2012-02-05;11:00;0;999,5;999,5;999;18,9;22,2;21,5;22,2;21,8;21,5;21;95;95;95;219;1,1;,1;
2012-02-05;12:00;0;1000,6;1000,6;999,5;267,4;22,9;22,1;23;22;22,2;21,3;96;95;95;37;,9;,6;
2012-02-05;13:00;0;1001,3;1001,3;1000,6;1012,5;25,2;23;25,6;22,9;23,9;22,1;95;88;88;297;1,6;,8;
2012-02-05;14:00;0;1001,6;1001,6;1001,3;1469;27,1;23,4;27,3;25,1;23,9;22,8;89;79;80;352;2;,7;
2012-02-05;15:00;0;1001,5;1001,7;1001,5;1624,7;28,3;23,9;28,3;26,8;24;22,8;83;75;77;345;2,4;1;
2012-02-05;16:00;0;1000,1;1001,5;1000,1;2331,2;28,6;24,1;29;28,1;24,4;22,5;79;69;77;233;3,5;1,4;
2012-02-05;17:00;2,8;999,5;1000,1;999,4;566,9;25,8;24;28,7;25,8;24,7;23;91;73;90;160;5,6;1,8;
2012-02-05;18:00;2,8;998,8;999,6;998,8;277,3;24,6;23,3;25,8;24,6;23,8;22,8;93;88;92;166;5,6;2,1;
2012-02-05;19:00;0;998,5;998,9;998,5;460,7;24,3;22,6;24,6;24,2;23,3;22,3;93;89;90;182;5;2,1;
2012-02-05;20:00;0;997,6;998,5;997,5;431,5;24,2;22,5;24,4;24,2;22,8;22,2;91;88;90;190;4,1;2;
2012-02-05;21:00;0;997,7;997,8;997,6;263,1;24,1;22,2;24,3;24,1;22,6;22,1;90;88;89;199;4;1,7;
2012-02-05;22:00;0;997,7;997,7;997,4;174,7;23,9;21,9;24,2;23,9;22,4;21,9;90;88;89;170;3,1;1,6;
2012-02-05;23:00;0;998,6;998,6;997,7;33,7;23,7;22;24;23,7;22,2;22;91;89;91;186;3;1,4;
2012-02-06;00:00;0;999;999;998,6;-9999;23,4;21,9;23,7;23,4;22,1;21,9;92;91;92;151;2,7;,5;
2012-02-06;01:00;0;1000;1000;999;-9999;23,5;22,3;23,5;23,1;22,3;21,9;94;92;93;212;2;1,2;
2012-02-06;02:00;0;1001,1;1001,1;1000;-9999;23,3;22,3;23,5;23,3;22,3;22,1;94;93;94;255;2,3;,5;
2012-02-06;03:00;0;1001,7;1001,7;1001;-9999;23,3;22,2;23,4;23,3;22,4;22,2;94;93;93;278;1,7;,6;
2012-02-06;04:00;0;1001,7;1001,8;1001,5;-9999;23,3;22,1;23,4;23,3;22,3;22,1;94;93;93;234;2,4;,6;
2012-02-06;05:00;0;1000,9;1001,7;1000,9;-9999;23,1;22,1;23,3;23,1;22,2;22,1;94;93;94;314;2,4;1;
2012-02-06;06:00;0;1000,5;1000,9;1000,5;-9999;23,2;22,2;23,2;23,1;22,2;22,1;94;94;94;300;2,4;,4;
2012-02-06;07:00;0;999,5;1000,5;999,5;-9999;23,2;22,1;23,3;23,2;22,3;22,1;94;93;94;287;1,2;,5;
2012-02-06;08:00;0;1000,2;1000,2;999,2;-9999;23,3;22,3;23,3;23,1;22,3;22,2;94;94;94;191;2,2;,3;
2012-02-06;09:00;0;1000,1;1000,2;1000;-9999;23,2;22,2;23,3;23,2;22,3;22,2;94;94;94;1;1,5;,7;
2012-02-06;10:00;0;1000,9;1000,9;1000,1;-9999;23,3;22,3;23,3;23,1;22,3;22,1;94;94;94;288;1,8;,4;
2012-02-06;11:00;0;1001,3;1001,3;1000,9;2,8;23,2;22,3;23,3;23,1;22,4;22,1;95;94;95;302;1,4;,4;
2012-02-06;12:00;0;1002;1002;1001,3;102,5;23,5;22,4;23,6;23,2;22,6;22,3;95;94;94;249;1,6;,6;
2012-02-06;13:00;0;1002,8;1002,8;1002;325,2;24;22,6;24;23,4;22,7;22,3;94;91;92;226;2,9;1;
2012-02-06;14:00;0;1003,5;1003,5;1002,8;814,8;24,5;22,6;24,9;24;22,8;22,4;92;87;89;222;2,9;1,1;
2012-02-06;15:00;0;1003,3;1003,5;1003,3;669,4;25,2;22,7;25,4;24,5;23;22,4;90;85;86;211;2,3;,9;
2012-02-06;16:00;0;1002,7;1003,3;1002,7;482,5;25,3;22,7;25,3;24,9;23,4;22,5;89;85;86;231;2;,8;
2012-02-06;17:00;0;1001,9;1002,7;1001,9;913,1;25,5;23;26,3;25,2;23,5;22,5;88;81;86;322;2,8;1,1;
2012-02-06;18:00;,2;1000,7;1001,9;1000,7;1691,9;26,7;22,8;27,2;25,3;24,2;22,8;89;79;79;330;3,4;1,1;
2012-02-06;19:00;0;999,5;1000,7;999,5;2740,9;27,5;23,7;29,1;26,6;24,3;22,7;81;72;80;322;4,3;1,8;
2012-02-06;20:00;,4;999,2;999,6;998,9;437,6;25,9;24,1;27,5;25,8;24,3;23;90;78;90;162;3,5;,7;
2012-02-06;21:00;6;999,9;1000,2;999,2;207,4;22,2;21,1;26;22,2;24,4;20,8;94;87;93;107;9,8;,8;
2012-02-06;22:00;2,2;999,3;999,9;999,3;25,1;22;21,1;22,2;22;21,3;20,9;94;93;94;74;2,6;,9;
2012-02-06;23:00;2,2;998,8;999,3;998,8;2,8;22;21,1;22,1;22;21,2;21;95;94;95;297;2,4;1;
2012-02-07;00:00;,8;998,9;999;998,8;-9999;21,9;21,1;22,1;21,9;21,2;21,1;95;95;95;357;2,7;,9;
2012-02-07;01:00;0;999,3;999,3;998,9;-9999;21,9;21,1;22;21,8;21,1;20,9;95;95;95;323;2,7;,3;
2012-02-07;02:00;0;1001,2;1001,2;999,3;-9999;21,9;21,1;22;21,8;21,1;20,9;95;95;95;176;1,1;,6;
2012-02-07;03:00;0;1002,2;1002,2;1001,2;-9999;21,8;21;22;21,6;21,2;20,8;95;95;95;4;1,6;,5;
2012-02-07;04:00;0;1002,1;1002,3;1002;-9999;21,8;21;21,9;21,6;21,1;20,8;95;95;95;26;1,3;,2;
2012-02-07;05:00;0;1001,7;1002,1;1001,6;-9999;21,9;21,1;22;21,7;21,3;20,9;95;95;95;77;2,1;,5;
2012-02-07;06:00;0;1000,5;1001,7;1000,5;-9999;21,6;20,8;22;21,6;21,2;20,8;95;95;95;40;1,4;,9;
2012-02-07;07:00;0;1000,2;1000,5;1000,2;-9999;21,5;20,8;21,6;21,4;20,8;20,7;95;95;95;82;1,4;,6;
2012-02-07;08:00;0;999,8;1000,2;999,7;-9999;21,5;20,7;21,6;21,5;20,8;20,7;95;95;95;182;1,3;,6;
2012-02-07;09:00;0;999,6;999,8;999,5;-9999;21,4;20,7;21,6;21,3;20,8;20,6;96;95;96;148;1,1;,3;
2012-02-07;10:00;0;1000,3;1000,3;999,6;-9999;21,6;20,8;21,7;21,3;21;20,5;96;95;96;19;1,6;,8;
2012-02-07;11:00;0;1001,2;1001,2;1000,3;11,9;21,6;20,8;21,6;21,4;20,9;20,7;96;96;96;5;1,5;,5;
2012-02-07;12:00;0;1001,8;1001,8;1001,2;204,5;22,5;21,8;22,5;21,5;21,8;20,8;96;96;96;234;1,4;,8;
2012-02-07;13:00;0;1002,5;1002,5;1001,8;985;24,3;22,3;24,3;22,4;22,8;21,6;96;89;89;330;1,6;,5;
2012-02-07;14:00;0;1002,6;1002,6;1002,5;1457,7;26,3;22,5;26,4;24,1;23,1;21,6;90;80;80;339;2,1;,6;
2012-02-07;15:00;0;1002,2;1002,6;1002,1;2113,8;27,5;23,2;27,5;26,1;23,7;22,3;82;76;77;313;3,5;1,2;
2012-02-07;16:00;0;1001,9;1002,3;1001,9;2444,6;28,5;22,9;28,6;27,2;23,7;22,6;79;71;72;290;4,1;1,1;
2012-02-07;17:00;0;1000,3;1001,9;1000,3;2699,5;28,9;22,1;30,1;28,2;24,6;22,1;76;67;67;304;3,5;1;
2012-02-07;18:00;6,2;999,1;1000,3;999,1;1104,7;24,7;23;29,5;24,7;24,1;21,9;91;64;91;76;5,5;1,3;
2012-02-07;19:00;,4;997,5;999,1;997,5;2928,3;28,5;22,1;29,2;24,6;25,2;22,1;92;68;69;125;4,2;1,1;
2012-02-07;20:00;0;996,7;997,5;996,7;2242,2;28,2;22,9;29,8;28,2;24,2;21,5;75;62;73;170;4,7;1,8;
2012-02-07;21:00;0;996,4;996,7;996,1;555,3;26,8;23,5;28,2;26,8;23,7;22,5;84;71;82;218;4,5;1,5;
2012-02-07;22:00;0;996,9;996,9;996,4;312,6;26,2;23,6;26,8;26,2;23,9;23,4;86;82;85;196;3,3;1,4;
2012-02-07;23:00;0;997,9;998;996,9;62,1;25,7;23,8;26,2;25,6;23,9;23,5;90;85;90;246;2,6;,4;
2012-02-08;00:00;5;999,9;999,9;997,9;-9999;22,4;21,3;25,7;22,3;23,9;20,6;94;88;93;242;10,2;,7;
2012-02-08;01:00;2,4;1000,9;1000,9;999,9;-9999;22,5;21,6;22,6;22,4;21,7;21,3;95;93;95;261;1,4;,4;
2012-02-08;02:00;1,8;1001,2;1001,3;1000,9;-9999;22,5;21,6;22,7;22,4;21,8;21,5;95;94;95;360;1,2;,3;
2012-02-08;03:00;,8;1001,2;1001,3;1001,1;-9999;22,6;21,7;22,7;22,5;21,9;21,6;95;94;94;250;1,8;,4;
2012-02-08;04:00;0;1001,3;1001,5;1001,2;-9999;22,7;21,8;22,9;22,6;21,9;21,6;95;94;94;128;1,4;,4;
2012-02-08;05:00;,2;1000,9;1001,3;1000,9;-9999;22,9;22;22,9;22,7;22;21,8;95;94;95;157;1;,6;
2012-02-08;06:00;0;1000,3;1000,9;1000,3;-9999;22,8;21,9;23;22,8;22,1;21,9;95;94;95;310;1,1;,4;
2012-02-08;07:00;0;1000,4;1000,4;1000,1;-9999;22,8;21,9;22,9;22,7;22;21,8;95;95;95;304;1,2;,5;
2012-02-08;08:00;0;1000,1;1000,4;1000,1;-9999;22,5;21,7;22,9;22,5;22,1;21,7;95;95;95;248;2,9;,8;
2012-02-08;09:00;0;1000,8;1000,8;1000,1;-9999;22,5;21,6;22,5;22,4;21,7;21,5;95;94;95;229;2,7;,6;
2012-02-08;10:00;0;1001;1001;1000,7;-9999;22,6;21,6;22,6;22,5;21,7;21,6;95;94;94;246;2,3;,5;
2012-02-08;11:00;0;1001,2;1001,2;1001;10,2;22,6;21,6;22,6;22,5;21,7;21,5;95;94;94;245;2,4;,6;
2012-02-08;12:00;0;1001,8;1001,8;1001,2;317,5;23,2;21,9;23,2;22,6;22,1;21,6;94;92;92;220;2,8;1,3;
2012-02-08;13:00;0;1002,7;1002,7;1001,8;695,6;23,8;21,7;24,2;23,1;22,6;21,5;93;86;88;192;3,6;1,2;
2012-02-08;14:00;0;1003,2;1003,2;1002,7;1247,8;25,4;21,4;25,7;23,8;23,1;21,4;88;78;79;166;2,6;,6;
2012-02-08;15:00;0;1002,8;1003,3;1002,8;1642,8;26;21,8;26,4;25,3;22,7;21,4;82;75;78;356;2,6;,9;
2012-02-08;16:00;0;1002;1002,8;1002;1924,1;27,2;22,8;27,4;26;23,3;21,3;81;72;77;273;3;1,3;
2012-02-08;17:00;0;1001,2;1002;1001,2;2611,4;28,4;23,2;28,4;27,1;23,4;21,7;79;70;73;324;3,1;1,1;
2012-02-08;18:00;0;1000,3;1001,2;1000,3;2493,6;29,1;22,5;29,3;28,2;23,7;21,8;74;65;68;36;3;1;
2012-02-08;19:00;0;999;1000,3;999;2274,7;28,7;23,8;30,1;28,6;23,8;22;75;63;75;326;4;1,5;
2012-02-08;20:00;0;998,2;999;998,2;1191,9;27,7;22,9;28,7;27,6;23,5;22,4;78;71;75;322;4;1,4;
2012-02-08;21:00;0;997,5;998,2;997,5;716,4;26,9;22,8;27,9;26,9;23,8;22,8;79;74;78;327;3;1,3;
2012-02-08;22:00;0;997,1;997,5;997;409,5;26,6;23,1;27,2;26,6;23,1;22,5;82;76;81;3;3,2;,9;
2012-02-08;23:00;0;997,8;997,8;997,1;74;25,1;23;26,6;25,1;23,6;22,9;89;80;89;345;1,8;,4;
2012-02-09;00:00;0;998,5;998,5;997,8;-9999;24,6;23,3;25,1;24,3;23,6;23;94;89;93;304;1,8;,4;
2012-02-09;01:00;0;999,4;999,4;998,5;-9999;24,2;23,2;24,6;24,2;23,5;23;94;93;94;190;1;,6;
2012-02-09;02:00;0;1000,2;1000,2;999,4;-9999;23,6;22,7;24,2;23,6;23,1;22,7;95;93;94;49;1;,3;
2012-02-09;03:00;0;1000,5;1000,6;1000,2;-9999;23,7;22,7;24;23,5;23;22,5;95;94;94;168;1,1;,3;
2012-02-09;04:00;0;1000,1;1000,6;1000,1;-9999;23,5;22,6;24;23,3;23;22,4;95;94;94;345;1,7;,7;
2012-02-09;05:00;0;1000;1000,1;1000;-9999;23,2;22,3;23,7;23;22,8;22,1;95;94;95;151;1,5;,6;
2012-02-09;06:00;0;999,2;1000;999,2;-9999;23,2;22,3;23,5;23,1;22,6;22,2;95;94;95;336;1,4;,9;
2012-02-09;07:00;0;999;999,3;999;-9999;23,5;22,6;23,5;23,2;22,6;22,3;95;94;95;34;1,5;,4;
2012-02-09;08:00;,2;998,8;999,1;998,7;-9999;23,4;22,5;23,6;23,2;22,7;22,3;95;94;95;316;1,1;,4;
2012-02-09;09:00;0;998,8;999;998,6;-9999;23,2;22,3;23,4;23;22,5;22,1;95;94;95;330;1,7;,8;
2012-02-09;10:00;0;999,8;999,8;998,8;-9999;22,9;22;23,2;22,8;22,3;21,9;95;94;95;102;1,6;,4;
2012-02-09;11:00;0;1000,8;1000,8;999,8;9,3;22,6;21,8;22,9;22,5;22;21,7;95;95;95;37;2,1;1,3;
2012-02-09;12:00;0;1001,7;1001,7;1000,8;98,5;23,3;22,5;23,3;22,6;22,5;21,8;95;95;95;137;2,1;,4;
2012-02-09;13:00;11,4;1002,8;1002,8;1001,7;49;21,9;21,1;23,5;21,8;22,7;20,6;95;92;95;357;10,1;1,1;
2012-02-09;14:00;,8;1003,2;1003,4;1002,7;61,7;22,2;21,3;22,2;21,9;21,3;21;95;94;95;66;2,3;,4;
2012-02-09;15:00;,4;1003,4;1003,6;1003,2;256,9;22,9;21,9;22,9;22,1;22;21,3;95;94;94;181;1,1;,5;
2012-02-09;16:00;0;1002,7;1003,5;1002,7;807;24,3;22,4;24,3;22,9;22,8;21,9;94;89;89;238;1,8;,6;
2012-02-09;17:00;0;1001,7;1002,7;1001,7;1501,1;25,9;23,1;26,2;24,3;23,8;22,3;90;84;85;315;2,4;1,3;
2012-02-09;18:00;0;999,9;1001,7;999,9;1671,8;27,5;23,3;27,5;25,8;23,9;22,9;86;78;78;264;4,2;1,2;
2012-02-09;19:00;0;998,7;999,9;998,7;2405,4;28,1;23,2;28,8;27,2;24,3;22,6;81;71;75;293;3,4;1,2;
2012-02-09;20:00;0;998;998,7;998;2323,5;28,8;22,9;29,3;27,9;25;22,9;79;70;71;299;4,1;1,6;
2012-02-09;21:00;0;997,8;998;997,6;1662,7;28,4;23,2;29,4;28,4;23,8;22,5;74;68;74;321;3,8;1,2;
2012-02-09;22:00;0;997,7;997,9;997,6;692,5;27,8;23,4;29;27,8;23,8;22,8;79;71;77;319;3;,7;
2012-02-09;23:00;0;998,6;998,6;997,7;87;26;24,2;27,8;26;24,4;23,6;90;77;90;147;1,3;,3;
2012-02-10;00:00;0;999,2;999,2;998,6;-9999;25,7;24,2;26;25,7;24,6;24,1;92;90;91;316;1,5;,7;
2012-02-10;01:00;0;1000,6;1000,6;999,1;-9999;25,3;24;25,8;25,3;24,3;23,9;93;91;93;165;1,6;,4;
2012-02-10;02:00;0;1001,3;1001,3;1000,6;-9999;25,3;23,9;25,4;25,2;24,3;23,9;93;92;92;223;1,5;,7;
2012-02-10;03:00;0;1001,6;1001,7;1001,3;-9999;24,6;23,6;25,3;24,5;24;23,4;94;92;94;21;2,1;,4;
2012-02-10;04:00;0;1001,4;1001,7;1001,4;-9999;24,7;23,6;24,8;24,5;23,8;23,5;94;94;94;220;,9;,3;
2012-02-10;05:00;0;1000,5;1001,4;1000,5;-9999;24,4;23,4;24,7;24,4;23,7;23,3;94;94;94;236;1,1;,4;
2012-02-10;06:00;0;999,7;1000,5;999,7;-9999;23,8;22,9;24,5;23,7;23,5;22,8;95;94;95;147;1,2;,7;
2012-02-10;07:00;0;999,5;999,7;999,3;-9999;23,6;22,7;23,8;23,5;22,9;22,6;95;95;95;102;1,2;,2;
2012-02-10;08:00;0;1000,1;1000,1;999,5;-9999;23,9;23,1;23,9;23,5;23,1;22,7;95;95;95;224;1,7;,6;
2012-02-10;09:00;0;1000,3;1000,3;1000,1;-9999;24;23,1;24,1;23,9;23,2;23,1;95;94;94;217;1,7;,7;
2012-02-10;10:00;0;1000,5;1000,5;1000,2;-9999;23,8;22,8;24,1;23,8;23,1;22,8;94;94;94;260;1,6;,5;
2012-02-10;11:00;0;1001,2;1001,2;1000,5;,4;23,8;22,6;23,8;23,7;22,8;22,6;94;93;93;211;1,9;1;
2012-02-10;12:00;0;1001,9;1001,9;1001,2;62,9;23,9;22,9;24;23,7;22,9;22,7;94;93;94;181;1,9;1;
2012-02-10;13:00;1,8;1003,5;1003,5;1001,8;101,7;23,7;22,4;24,2;23,7;23,2;22,4;94;93;93;78;6,5;1,9;
2012-02-10;14:00;26,2;1004,4;1004,4;1003,5;26,7;22,3;21,5;23,7;22;22,3;21,1;95;93;95;21;8,1;1,2;
2012-02-10;15:00;4,2;1004,2;1004,5;1004,1;37,8;22,1;21,3;22,3;22;21,5;21,2;95;95;95;347;3,9;,6;
2012-02-10;16:00;5,8;1003,9;1004,4;1003,9;55,6;22,2;21,4;22,2;22,1;21,5;21,3;95;95;95;250;1,2;,5;
2012-02-10;17:00;5,2;1003;1003,9;1003;110,3;22,2;21,4;22,2;22;21,5;21,3;95;95;95;209;1,4;,4;
2012-02-10;18:00;1,2;1002;1003;1002;323,8;22,6;21,7;22,6;22;21,7;21,2;95;95;95;267;1,2;,5;
2012-02-10;19:00;,2;1000,5;1002;1000,5;655,3;23,3;22,1;23,3;22,6;22,2;21,7;95;92;93;216;2,5;1,3;
2012-02-10;20:00;0;998,8;1000,5;998,8;787,7;23,8;21,8;23,9;23,2;22,2;21,4;93;87;89;88;2,5;,6;
2012-02-10;21:00;0;997,8;998,8;997,8;539,8;23,9;22;24,1;23,8;22,5;21,9;91;88;89;77;2,8;,8;
2012-02-10;22:00;0;998,2;998,2;997,6;303,8;23,9;22;24,1;23,8;22,3;21,7;91;87;90;46;1,9;,7;
2012-02-10;23:00;0;999,3;999,3;998,2;52,2;23,4;22,2;23,9;23,4;22,4;21,9;93;89;93;327;1,3;,8;
2012-02-11;00:00;0;999,9;999,9;999,3;-9999;23;22;23,4;23;22,2;22;94;93;94;324;1,3;,3;
2012-02-11;01:00;0;1000,9;1000,9;999,9;-9999;22,4;21,5;23;22,4;21,9;21,5;95;94;95;185;1,1;,5;
2012-02-11;02:00;0;1001,3;1001,3;1000,9;-9999;22,5;21,7;22,7;22,2;21,9;21,3;95;94;95;276;1,5;,3;
2012-02-11;03:00;0;1001,6;1001,6;1001,3;-9999;22,3;21,4;22,7;22,2;21,9;21,3;95;95;95;45;1,4;,4;
2012-02-11;04:00;0;1001,4;1001,8;1001,4;-9999;22,4;21,6;22,5;22,2;21,7;21,4;95;95;95;350;1,2;,5;
2012-02-11;05:00;0;1001;1001,5;1001;-9999;22,5;21,7;22,5;22,3;21,7;21,5;95;95;95;283;1,3;,5;
2012-02-11;06:00;,2;1000,6;1001;1000,6;-9999;22,5;21,7;22,5;22,2;21,7;21,4;95;95;95;201;1,5;,6;
2012-02-11;07:00;,2;1000,1;1000,6;1000,1;-9999;22,4;21,6;22,5;22,3;21,7;21,5;95;95;95;228;1,6;,6;
2012-02-11;08:00;0;999,8;1000,1;999,8;-9999;22,3;21,4;22,5;22,3;21,6;21,4;95;95;95;305;1,2;,3;
2012-02-11;09:00;0;1000,3;1000,3;999,8;-9999;22,1;21,3;22,3;22,1;21,5;21,3;95;95;95;340;1,2;,4;
2012-02-11;10:00;0;1000,6;1000,6;1000,3;-9999;22,1;21,2;22,3;22,1;21,5;21,2;95;95;95;125;1;,2;
2012-02-11;11:00;0;1001,5;1001,5;1000,6;10,1;22,1;21,4;22,1;21,9;21,4;21,1;95;95;95;158;,9;,4;
2012-02-11;12:00;0;1002,3;1002,3;1001,5;202,3;23;22,2;23,1;22,1;22,2;21,4;95;95;95;112;,9;,4;
2012-02-11;13:00;0;1003,1;1003,1;1002,3;1139,6;25,5;22,8;25,5;23;23,3;22,1;95;85;85;206;2,8;1,2;
2012-02-11;14:00;0;1003,3;1003,3;1003,1;1879,4;26,5;23,1;27,3;24,9;23,8;22,1;87;79;82;210;2,8;1,3;
2012-02-11;15:00;0;1003;1003,3;1003;2752,8;28,5;23,4;28,6;26,5;24,1;22,1;82;70;74;207;3,2;,9;
2012-02-11;16:00;0;1002,2;1003;1002,2;2785,7;29,2;22,8;29,8;28,2;24,1;22,4;76;68;69;161;4,8;2;
2012-02-11;17:00;0;1000,7;1002,2;1000,7;2237,8;30,4;23,4;30,4;29,1;24,9;22,6;77;65;67;120;4,8;,9;
2012-02-11;18:00;0;999,2;1000,7;999,2;2308,2;29,4;23,3;30,8;28,6;24,9;22,5;77;63;70;148;5,4;1,6;
2012-02-11;19:00;0;998,1;999,2;998,1;2482,5;30;23,1;30,6;29,4;24,6;22,6;73;63;66;117;3,5;,9;
2012-02-11;20:00;0;997,5;998,1;997,4;2441,3;30,8;22,7;31,7;29,9;23,6;21,5;69;57;62;147;3,3;,8;
2012-02-11;21:00;17,8;997,9;997,9;997,5;209,6;24,9;23,8;30,8;24,6;24,2;22,2;94;62;94;171;7,5;2,5;
2012-02-11;22:00;,2;997,8;997,9;997,5;182,5;24,4;23,2;25,1;24,2;23,8;22,7;94;88;93;108;7,6;,7;
2012-02-11;23:00;0;998;998;997,7;51,3;24,3;23,3;24,6;24,1;23,5;23;94;91;94;116;2,5;,4;
2012-02-12;00:00;0;999;999;998;-9999;24,2;23,2;24,5;24,2;23,6;23,2;95;94;94;53;1,3;,6;
2012-02-12;01:00;0;999,2;999,2;999;-9999;24,4;23,4;24,5;24,2;23,5;23,2;95;94;94;285;1,6;,3;
2012-02-12;02:00;0;1000;1000,1;999,2;-9999;24,1;23,2;24,4;23,8;23,5;22,9;95;94;95;289;1,1;,6;
2012-02-12;03:00;0;1000,4;1000,4;1000;-9999;23,7;22,8;24,2;23,6;23,3;22,6;95;94;95;151;1,2;,5;
2012-02-12;04:00;0;1000,7;1000,8;1000,4;-9999;23,6;22,7;23,7;23,5;22,9;22,6;95;95;95;326;1,5;1;
2012-02-12;05:00;0;1000;1000,7;1000;-9999;23,4;22,5;23,9;23,4;23;22,5;95;95;95;73;1,5;,4;
2012-02-12;06:00;0;999,5;1000,1;999,5;-9999;23,3;22,4;23,5;23,3;22,7;22,4;95;95;95;109;1,2;,8;
2012-02-12;07:00;0;998,9;999,5;998,9;-9999;23,4;22,6;23,5;23,3;22,6;22,4;95;95;95;127;1,3;,6;
2012-02-12;08:00;0;999;999;998,8;-9999;23,5;22,6;23,7;23,4;22,8;22,6;95;95;95;331;1,1;,6;
2012-02-12;09:00;0;999,2;999,2;999;-9999;23,6;22,7;23,8;23,5;23;22,6;95;95;95;40;1;,4;
2012-02-12;10:00;0;999,3;999,3;999,1;-9999;23,8;23;23,8;23,5;23;22,7;95;95;95;239;1,1;,5;
2012-02-12;11:00;0;1000,2;1000,2;999,2;12,6;23,9;23,1;23,9;23,8;23,1;23;95;95;95;231;1,4;,6;
2012-02-12;12:00;0;1001,1;1001,1;1000,2;325,6;24,8;23,7;24,9;23,9;23,8;23,1;95;93;93;216;1,9;1,1;
2012-02-12;13:00;0;1002,1;1002,1;1001,1;755,7;25;23,4;25,4;24,8;24,1;23,2;94;89;91;196;2;1,2;
2012-02-12;14:00;0;1002,5;1002,5;1002,1;922,4;26,3;24,1;26,3;24,9;24,1;23,3;92;87;88;165;2,7;1;
2012-02-12;15:00;0;1002,6;1002,6;1002,5;1725,5;27,8;24,5;27,9;26,3;25;23,6;89;80;82;88;4,3;1,3;
2012-02-12;16:00;0;1001,6;1002,6;1001,6;1917,9;28,1;23,7;28,5;27,3;24,7;23,3;84;75;77;134;5;1,4;
2012-02-12;17:00;0;1000,3;1001,5;1000,3;3148,9;29,8;23,4;30,2;28,1;25,3;23,1;79;68;68;135;4,4;1,4;
2012-02-12;18:00;0;998,4;1000,3;998,4;3068,9;30,2;23,4;30,7;29,1;24,7;22,7;74;64;67;149;4,3;1,6;
2012-02-12;19:00;0;997,4;998,4;997,4;2319;30,7;23,4;31,2;30;24,5;22,5;72;61;65;74;3,6;,9;
2012-02-12;20:00;0;997,3;997,5;997,2;933;28,4;24;30,7;28,4;24,7;23,1;79;66;77;291;4,5;1,6;
2012-02-12;21:00;0;996,4;997,3;996,4;569,8;27,5;23,6;28,4;27,5;24,3;23,5;81;76;79;269;4,5;,7;
2012-02-12;22:00;0;998,1;998,1;996,4;195,1;26,2;23,8;27,7;26,2;24,2;23,4;87;79;87;13;2,7;1;
2012-02-12;23:00;0;999;999;997,9;19,8;25,4;23,8;26,3;25,2;24;23,3;92;85;91;103;3,9;,7;
2012-02-13;00:00;0;999,8;999,8;999;-9999;25,2;23,6;25,8;25,2;23,9;23,5;91;87;91;308;2,6;1;
2012-02-13;01:00;,4;999,9;1000,1;999,7;-9999;24,9;23,7;25,5;24,8;23,8;23,5;93;90;93;320;2,3;,7;
2012-02-13;02:00;,2;1000,4;1000,4;999,8;-9999;24,5;23,3;24,9;24,5;23,7;23,3;94;93;93;138;2,6;,5;
2012-02-13;03:00;0;1000,3;1000,5;1000,2;-9999;24,1;23;24,5;24,1;23,4;22,9;94;93;94;102;1,7;,6;
2012-02-13;04:00;0;1000;1000,3;1000;-9999;23,9;22,9;24,2;23,8;23,1;22,8;94;93;94;203;1,3;,3;
2012-02-13;05:00;0;999,3;1000;999,3;-9999;23,4;22,5;24;23,4;22,9;22,5;95;94;95;41;1,1;,5;
2012-02-13;06:00;0;998;999,3;998;-9999;23;22,1;23,4;23;22,6;22,1;95;95;95;322;1,6;,4;
2012-02-13;07:00;0;997,5;998;997,3;-9999;22,6;21,8;23,1;22,6;22,2;21,8;95;95;95;72;1,3;,6;
2012-02-13;08:00;0;997,2;997,5;997,2;-9999;22,5;21,7;22,7;22,4;21,9;21,6;95;95;95;38;1,3;,7;
2012-02-13;09:00;0;997,6;997,6;997,1;-9999;22,4;21,6;22,5;22,3;21,8;21,5;95;95;95;341;1,3;,3;
2012-02-13;10:00;0;998,3;998,3;997,6;-9999;21,9;21,1;22,5;21,9;21,7;21,1;95;95;95;73;1,1;,5;
2012-02-13;11:00;0;999,3;999,3;998,3;16,1;22;21,2;22;21,9;21,2;21,1;96;95;95;129;1,2;,2;
2012-02-13;12:00;0;1000,3;1000,3;999,3;336,3;24,1;23,3;24,1;22;23,3;21,2;96;95;95;117;2,4;,5;
2012-02-13;13:00;0;1001,2;1001,2;1000,3;842,4;25,1;23,4;25,1;24,1;23,6;23,1;95;90;90;180;3,3;1,8;
2012-02-13;14:00;0;1001,6;1001,6;1001,2;1583,9;27,2;23,3;27,2;25;23,6;22,9;91;79;79;162;4;1,3;
2012-02-13;15:00;0;1001,5;1001,6;1001,5;2275,3;28;23,8;28,6;27,2;24,3;23,2;83;74;78;123;4,7;1,3;
2012-02-13;16:00;0;1000,9;1001,5;1000,9;2433,4;28,9;24,6;29,4;28;24,6;23,1;78;71;77;146;4,9;1,6;
2012-02-13;17:00;0;999,7;1000,9;999,7;3003,2;30,5;24;30,9;28,9;25,4;22,5;77;63;68;150;4,1;1,4;
2012-02-13;18:00;0;998,3;999,7;998,3;2826;30,8;23,7;31,7;29,4;24,8;22,4;71;60;66;160;4,9;1,6;
2012-02-13;19:00;0;997,2;998,3;997,2;2695,9;32;22,7;32,3;30,2;24,5;22,3;69;56;58;135;3,8;1,4;
2012-02-13;20:00;0;996,4;997,2;996,4;1868,6;31,6;24,1;32;30,6;24,1;21,9;66;56;65;105;4;,7;
2012-02-13;21:00;0;996,2;996,4;995,9;1559,8;30,4;24,2;31,7;30,4;24,8;22,9;71;60;70;94;4;1,7;
2012-02-13;22:00;0;997;997;996,2;701,3;28;23,3;30,6;28;24,7;23,3;77;66;76;92;4,4;1,5;
2012-02-13;23:00;0;997;997,1;996,8;70,2;26,5;23,6;28;26,5;24;23,5;85;76;84;68;4,4;1,2;
2012-02-14;00:00;0;997,9;997,9;996,9;-9999;25,5;23,4;26,5;25,2;23,7;23,3;89;84;88;77;3;1,4;
2012-02-14;01:00;0;998,4;998,4;997,9;-9999;24,9;23,4;25,5;24,8;23,4;23,1;91;87;91;87;2,6;,6;
2012-02-14;02:00;0;999,2;999,2;998,4;-9999;24,1;23;25;24,1;23,4;22,8;93;90;93;21;1,5;,8;
2012-02-14;03:00;0;999,1;999,2;999;-9999;23,6;22,6;24,5;23,6;23,3;22,6;94;92;94;45;1,6;,7;
2012-02-14;04:00;0;999,4;999,4;999,1;-9999;23,5;22,6;23,8;23,4;22,9;22,4;95;94;95;32;1,3;,5;
2012-02-14;05:00;0;998,9;999,4;998,9;-9999;23,1;22,2;23,7;23,1;22,8;22,2;95;94;94;86;1,4;,6;
2012-02-14;06:00;0;998,7;998,9;998,6;-9999;23;22,1;23,3;23;22,4;22,1;95;94;94;43;1,4;,1;
2012-02-14;07:00;0;998;998,7;998;-9999;22,8;22;23;22,7;22,1;21,9;95;94;95;79;1,8;,6;
2012-02-14;08:00;0;997,9;998;997,7;-9999;23,2;22,3;23,2;22,5;22,4;21,5;95;95;95;149;1,9;,4;
2012-02-14;09:00;0;998,3;998,3;997,9;-9999;23;22,1;23,3;22,9;22,4;22;95;94;95;147;1,3;,6;
2012-02-14;10:00;0;999,3;999,3;998,3;-9999;22,9;22;23,2;22,9;22,4;22;95;95;95;134;1,8;,3;
2012-02-14;11:00;0;999,7;999,7;999,3;17,8;23,2;22,3;23,2;22,9;22,3;22;95;95;95;62;1,6;,8;
2012-02-14;12:00;,2;1000,3;1000,3;999,7;315,6;24,6;23,2;24,6;23,2;23,2;22,4;95;92;92;89;2,9;,8;
2012-02-14;13:00;0;1001;1001;1000,3;1158,8;26,7;24;26,8;24,6;24,1;23;92;82;85;103;3,7;1,3;
2012-02-14;14:00;0;1001,3;1001,3;1001;2186;28,8;23,8;28,8;26,7;24,5;23,1;85;75;75;107;5,1;1,2;
2012-02-14;15:00;0;1000,8;1001,3;1000,8;2907,8;30;24,2;30,2;28,2;24,8;23,1;77;69;71;52;3,4;1,3;
2012-02-14;16:00;0;1000,2;1000,8;1000,2;3414,6;31,2;23,9;31,4;29,7;24,8;23;72;63;65;92;3,8;1,4;
2012-02-14;17:00;0;999,1;1000,2;999,1;3232,3;32,2;23;32,3;30,9;24,9;22,5;68;57;58;160;3,6;1,5;
2012-02-14;18:00;0;997,9;999,1;997,9;3011,7;31,6;24;32,4;30,5;25,3;22,6;70;58;64;159;4,7;1,9;
2012-02-14;19:00;10,6;997,3;997,9;997,3;974,8;27,2;24,5;31,8;25,9;25;22;92;62;85;96;5,7;1,8;
2012-02-14;20:00;,2;997;997,3;996,9;1661;29,3;23,8;29,3;25,2;25,6;22,2;89;72;73;49;5,6;1,8;
2012-02-14;21:00;0;996,4;997,2;996,4;1009;26,1;22,3;29,5;26,1;24,6;21,6;81;71;80;58;8,9;1,9;
2012-02-14;22:00;0;997,2;997,3;996,4;148,4;25,2;23;26,1;25,2;23,4;22,3;89;80;88;135;3,8;,9;
2012-02-14;23:00;0;997,3;997,5;997,1;36,9;23,8;22,5;25,2;23,8;23,2;22,2;93;85;93;51;2,4;1,3;
2012-02-15;00:00;0;998,3;998,3;997,3;-9999;23,9;22,4;24,2;23,7;22,7;22,1;93;89;92;232;2,5;,9;
2012-02-15;01:00;0;999,2;999,2;998,3;-9999;23,3;21,9;24;23,1;22,6;21,9;94;92;92;65;2,6;1,1;
2012-02-15;02:00;0;1000;1000;999,2;-9999;23,2;22;23,3;23;22,1;21,6;93;91;93;193;2,7;,3;
2012-02-15;03:00;0;1000,4;1000,5;1000;-9999;22,6;21,6;23,2;22,5;22;21,5;94;92;94;6;1,5;,4;
2012-02-15;04:00;0;1000,2;1000,5;1000,2;-9999;22,4;21,4;22,8;22,3;21,8;21,3;95;94;94;46;1,7;,5;
2012-02-15;05:00;0;999,7;1000,2;999,7;-9999;22,3;21,4;22,4;22,2;21,5;21,3;95;94;95;80;2;,4;
2012-02-15;06:00;0;999,4;999,8;999,4;-9999;22,3;21,4;22,5;22;21,6;21,1;95;95;95;98;1,7;,6;
2012-02-15;07:00;,2;998,9;999,4;998,9;-9999;22,5;21,6;22,8;22,3;21,8;21,5;95;94;94;75;2,1;,4;
2012-02-15;08:00;0;999,1;999,1;998,9;-9999;22,2;21,2;22,7;22,2;21,7;21,2;95;94;94;206;1;,2;
2012-02-15;09:00;0;999,5;999,5;999,1;-9999;22,5;21,7;22,5;22,1;21,7;21,2;95;94;95;175;1,9;,8;
2012-02-15;10:00;0;1000,3;1000,3;999,5;-9999;22,8;21,8;22,8;22,3;21,9;21,3;95;94;94;263;2;,6;
2012-02-15;11:00;0;1000,9;1000,9;1000,3;12,8;22,9;21,9;23;22,7;22;21,7;95;94;94;144;2,3;,8;
2012-02-15;12:00;0;1002;1002;1000,9;321,2;24,1;22,3;24,2;22,9;22,7;22;94;90;90;220;2,7;1,3;
2012-02-15;13:00;0;1003,2;1003,2;1002;825,4;24,7;22,8;24,8;24,1;23;22,2;91;87;89;191;3,3;1,3;
2012-02-15;14:00;0;1003,7;1003,7;1003,2;521,8;24,8;22,8;25;24,7;23,1;22,5;89;86;89;172;2,8;1,1;
2012-02-15;15:00;,2;1003,7;1004;1003,7;307,9;24,5;23,1;25,2;24,3;23,3;22,5;92;86;92;37;2,6;1,2;
2012-02-15;16:00;,2;1003,1;1003,7;1003,1;469,7;24,6;22,4;24,9;24,5;23,5;22,4;92;87;88;38;2,5;,7;
2012-02-15;17:00;2,6;1002,2;1003,1;1002,2;186,2;24,3;23;24,6;24;23,3;22,4;94;88;93;114;1,4;,4;
2012-02-15;18:00;2;1001;1002,2;1001;210,6;23,6;22,1;24,3;23,6;23,1;22,1;94;91;92;171;2,1;1,2;
2012-02-15;19:00;3,2;999,9;1001;999,9;148,7;23,6;22,6;23,7;23,4;22,8;22,2;95;92;94;75;2,7;1,2;
2012-02-15;20:00;1;998,4;999,9;998,4;229,7;23,3;22,2;23,7;23,3;22,8;22;95;91;94;71;4;1,8;
2012-02-15;21:00;,8;998,3;998,4;998,2;139;23,3;22,2;23,4;23,2;22,2;21,8;94;91;93;181;4,6;,8;
2012-02-15;22:00;,4;999;999;998,2;240,1;23,3;21,9;23,3;23,2;22,1;21,7;94;91;91;173;2,6;,7;
2012-02-15;23:00;0;999,9;999,9;998,9;107;22,8;21,7;23,4;22,8;22;21,7;94;91;94;134;1,7;,5;
2012-02-16;00:00;0;1000,9;1000,9;999,9;-9999;22,6;21,7;22,8;22,5;21,8;21,7;95;94;95;10;1,3;,9;
2012-02-16;01:00;0;1001,3;1001,3;1000,9;-9999;22,4;21,6;22,6;22,4;21,7;21,6;95;95;95;350;1,3;,7;
2012-02-16;02:00;0;1001,9;1001,9;1001,3;-9999;22,2;21,4;22,4;22,1;21,6;21,3;95;95;95;73;2,3;,7;
2012-02-16;03:00;0;1002,1;1002,2;1001,9;-9999;22,5;21,6;22,5;22,2;21,6;21,4;95;95;95;109;2,3;,5;
2012-02-16;04:00;0;1002,1;1002,1;1002,1;-9999;22,4;21,6;22,5;22,4;21,7;21,5;95;94;95;174;1,7;,7;
2012-02-16;05:00;0;1001,6;1002,1;1001,6;-9999;22,3;21,5;22,4;22,2;21,5;21,4;95;95;95;87;2;,5;
2012-02-16;06:00;0;1000,9;1001,6;1000,9;-9999;22,4;21,5;22,4;22,3;21,6;21,5;95;95;95;119;2,1;,4;
2012-02-16;07:00;0;1000,2;1000,9;1000,2;-9999;22,6;21,7;22,6;22,3;21,8;21,5;95;95;95;106;3,3;,9;
2012-02-16;08:00;0;1000,6;1000,6;1000,2;-9999;22,5;21,6;22,6;22,5;21,8;21,6;95;94;94;96;3,3;,7;
2012-02-16;09:00;0;1000,9;1000,9;1000,6;-9999;22,7;21,8;22,8;22,5;21,8;21,5;95;94;94;111;3,2;1,1;
2012-02-16;10:00;0;1001,6;1001,6;1000,9;-9999;22,9;21,9;23;22,7;21,9;21,8;94;94;94;81;4;,8;
2012-02-16;11:00;0;1001,8;1001,8;1001,6;1,4;22,9;21,7;23;22,8;22;21,7;94;93;93;67;4,7;1,7;
2012-02-16;12:00;0;1001,8;1001,8;1001,6;98,3;22,9;21,8;22,9;22,7;21,8;21,7;94;93;93;86;6;1,6;
2012-02-16;13:00;0;1002,5;1002,6;1001,8;327,9;23,7;22,2;23,7;22,9;22,2;21,7;93;91;91;90;4,9;1,4;
2012-02-16;14:00;0;1002,9;1002,9;1002,4;817,2;24,6;22,1;24,8;23,6;22,8;22;92;85;86;89;4,9;1,4;
2012-02-16;15:00;0;1003,2;1003,3;1002,8;1205,6;25,4;22,5;25,4;24,6;23;21,9;88;81;84;100;5;1,3;
2012-02-16;16:00;0;1002,7;1003,2;1002,7;2894,5;28,1;22,5;28,4;25,4;23,9;22,1;84;71;71;96;6,1;1,3;
2012-02-16;17:00;0;1002;1002,7;1002;3691;29;22,9;29,1;27,3;23,6;21,7;76;67;70;104;5,7;1,8;
2012-02-16;18:00;0;1001;1002;1000,9;3458,7;29,6;22,1;29,9;28,9;23,6;21,5;72;63;64;140;6,4;2;
2012-02-16;19:00;0;1000,2;1001;1000,2;2276,9;29,1;21,8;29,6;28,5;23,3;21,3;71;64;65;106;6,4;1,4;
2012-02-16;20:00;0;999,5;1000,2;999,5;1188,4;27,9;22,9;29,1;27,7;23,1;21,5;75;65;74;148;4,8;1,5;
2012-02-16;21:00;0;999;999,5;998,9;1678,7;28,1;22,3;29;28;23,2;21,8;74;67;71;157;4,4;1,7;
2012-02-16;22:00;0;999;999;998,9;424,9;26,9;23;28,1;26,9;23;22;79;70;79;155;4,3;,9;
2012-02-16;23:00;0;999,7;999,7;999;64,6;25,3;22,7;26,9;25,3;23,1;22,4;86;77;86;161;1,9;,7;
2012-02-17;00:00;0;1000,3;1000,3;999,7;-9999;24,2;22,8;25,5;24,2;22,9;22,6;92;86;92;64;1,4;,6;
2012-02-17;01:00;0;1001,2;1001,2;1000,3;-9999;23,9;22,6;24,2;23,9;22,9;22,5;93;91;92;276;2,3;,4;
2012-02-17;02:00;0;1001,9;1002;1001,2;-9999;23,2;22,2;23,9;23,2;22,8;22,1;94;92;94;100;1,2;,6;
2012-02-17;03:00;0;1002,4;1002,4;1001,9;-9999;22,9;22;23,2;22,8;22,2;21,8;95;94;95;41;1,3;,7;
2012-02-17;04:00;0;1001,6;1002,4;1001,6;-9999;22,6;21,7;23;22,6;22,1;21,6;95;94;95;72;1,3;,7;
2012-02-17;05:00;0;1000,7;1001,6;1000,7;-9999;22,7;21,8;22,7;22,4;21,9;21,5;95;95;95;85;2,3;,8;
2012-02-17;06:00;0;999,7;1000,7;999,7;-9999;22,9;21,8;22,9;22,4;21,9;21,5;95;93;93;144;2;,6;
2012-02-17;07:00;0;999,6;999,7;999,3;-9999;22,5;21,4;22,9;22,5;21,7;21,3;94;92;93;329;2,7;1,8;
2012-02-17;08:00;0;1000;1000;999,5;-9999;22,4;21,3;22,5;22,3;21,5;21,3;94;93;94;359;3,3;1,3;
2012-02-17;09:00;0;1000,1;1000,2;999,9;-9999;22,3;21,3;22,5;22,3;21,5;21,3;94;93;94;70;3;,7;
2012-02-17;10:00;0;1000,6;1000,6;1000,1;-9999;22,1;21,2;22,3;22,1;21,4;21,2;95;94;95;240;1,3;,2;
2012-02-17;11:00;0;1001;1001;1000,6;9;22;21,2;22,1;21,9;21,2;21,1;95;95;95;7;1,4;,8;
2012-02-17;12:00;0;1002;1002;1001;315,7;24,3;22,8;24,3;21,9;22,8;21,1;95;91;91;3;1,9;,6;
2012-02-17;13:00;0;1002,6;1002,6;1002;1374,2;26,1;22,2;26,1;24,4;23;21,4;91;76;79;94;3;1,1;
2012-02-17;14:00;0;1003;1003;1002,6;2169,4;27,7;22,6;27,7;26,1;22,7;21,5;80;70;73;132;3;1,2;
2012-02-17;15:00;0;1002,8;1003,1;1002,8;2742,3;29,3;22,2;29,3;27,3;23,6;21,5;75;64;65;273;3,2;,9;
2012-02-17;16:00;0;1001,9;1002,8;1001,9;3467,4;30,8;21,9;30,8;29,1;23,6;21,3;70;59;59;101;4,3;1,5;
2012-02-17;17:00;0;1000,9;1001,9;1000,9;2695,3;30,8;21,1;31,1;29,6;23;20,8;65;55;56;337;5,1;1;
2012-02-17;18:00;0;999;1000,9;999;3230,4;31,5;21,2;32,2;30,6;22,8;20,2;61;51;55;68;3,6;1,5;
2012-02-17;19:00;0;997,6;999;997,6;3179,8;32;21,3;32,3;31;22,2;20,6;60;51;53;185;5,6;2,7;
2012-02-17;20:00;0;996,5;997,6;996,5;2769,7;32,2;20,7;32,6;31,8;22,5;19,8;58;47;51;177;5,4;2,7;
2012-02-17;21:00;0;996,8;996,8;996,5;1119,9;30,4;23;32,4;30,4;23,3;20,5;65;50;64;124;4,9;,9;
2012-02-17;22:00;0;997,8;997,8;996,8;285,2;26,9;22,5;30,4;26,9;23,4;21,8;77;64;77;76;5,1;,6;
2012-02-17;23:00;0;999;999;997,8;51,8;25,1;22,3;26,9;25,1;23;22;86;76;85;34;2,7;1,1;
2012-02-18;00:00;0;999,8;999,9;998,9;-9999;24,7;22,6;25,1;24,7;22,8;22,2;89;85;88;336;2,8;1;
2012-02-18;01:00;0;1000,6;1000,8;999,8;-9999;23,8;22,3;24,8;23,8;22,6;22,2;91;87;91;97;3,3;,7;
2012-02-18;02:00;0;1000,7;1000,8;1000,5;-9999;23,3;22,2;23,9;23,3;22,6;22,1;93;91;93;57;1,4;,8;
2012-02-18;03:00;0;1001;1001,1;1000,4;-9999;23,5;22,2;23,6;23,2;22,5;22,1;94;93;93;320;2,7;2;
2012-02-18;04:00;0;1001,2;1001,4;1001;-9999;23,2;22,3;23,6;23,1;22,3;22;94;93;94;59;2,7;1;
2012-02-18;05:00;0;1000,2;1001,2;1000,2;-9999;23,8;22,6;23,9;23,2;22,8;22,3;95;93;93;104;2,2;,4;
2012-02-18;06:00;0;999,6;1000,2;999,4;-9999;23,5;22,4;23,8;23,5;22,7;22,3;94;93;93;307;2,3;,7;
2012-02-18;07:00;0;999,5;999,6;999,3;-9999;23,2;22,3;23,5;23;22,4;22,1;95;93;94;357;2,8;1,3;
2012-02-18;08:00;0;999,2;999,5;999,1;-9999;23,1;22,2;23,3;23,1;22,3;22,1;94;94;94;116;3,1;,6;
2012-02-18;09:00;0;999,3;999,3;998,9;-9999;23,1;22,1;23,1;22,9;22,2;22;95;94;94;128;1,7;,4;
2012-02-18;10:00;0;999,9;999,9;999,3;-9999;22,9;22;23,1;22,7;22,1;21,8;95;94;95;74;2,1;,9;
2012-02-18;11:00;0;1000,8;1000,8;999,9;11,5;23,1;22;23,1;22,9;22;21,9;95;94;94;68;1,9;1;
2012-02-18;12:00;0;1001,8;1001,8;1000,8;479,6;25;22,5;25,2;23;23,2;22;94;86;86;111;2,1;,7;
2012-02-18;13:00;0;1002,9;1002,9;1001,8;831,3;25,2;22,7;25,5;24,6;23,4;22,3;89;84;86;74;4;1,8;
2012-02-18;14:00;0;1003;1003,1;1002,9;1060,2;26;22,7;26,2;25,2;23,4;22,2;87;80;82;73;5;2;
2012-02-18;15:00;0;1002,9;1003,3;1002,9;2320,4;28,4;23,3;28,5;26;23,7;22;83;73;74;44;6,7;1,8;
2012-02-18;16:00;0;1002,2;1002,9;1002,2;2219,9;27,1;22,7;29,2;26,7;23,8;22,1;80;70;77;345;5,6;2,2;
2012-02-18;17:00;2,2;1000,8;1002,2;1000,8;2316,9;27,3;22,3;30;27,1;23,7;22,3;80;64;74;70;5,6;1,2;
2012-02-18;18:00;0;999,2;1000,8;999,1;3163,9;27,3;23,1;30,2;26,3;25,6;22;87;62;78;90;5,2;2,1;
2012-02-18;19:00;0;997,6;999,2;997,6;1867;28,8;23,6;29;25,8;24,2;21,6;85;67;74;35;5,2;2,3;
2012-02-18;20:00;0;996,1;997,6;996;988,9;27,3;22,5;28,9;27,2;24,2;22,1;78;69;75;92;5,8;,8;
2012-02-18;21:00;0;996,3;996,4;996,1;1008,2;28,6;23,2;28,6;27;24,2;22,6;81;72;73;92;2,5;1,2;
2012-02-18;22:00;0;997;997;996,3;1018,7;27,7;23,4;29,9;27,7;24;22,7;78;67;78;134;3,5;,8;
2012-02-18;23:00;0;998;998;996,8;20,2;25,4;23,7;27,7;25,4;24;23,4;90;77;90;62;2,4;,9;
2012-02-19;00:00;0;999;999;998;-9999;25,1;23,8;25,8;25;23,9;23,4;93;89;92;199;1,6;,7;
2012-02-19;01:00;0;1000,2;1000,2;999;-9999;24,7;23,6;25,2;24,5;23,8;23,2;94;91;94;287;1,4;,4;
2012-02-19;02:00;0;1000,4;1000,4;1000,2;-9999;24,8;23;25;24,4;23,6;23;94;90;90;197;3;1,7;
2012-02-19;03:00;0;1000,9;1000,9;1000,4;-9999;24,2;22,9;24,8;24,1;23,1;22,8;93;90;93;307;3;,4;
2012-02-19;04:00;0;1001,1;1001,3;1000,9;-9999;23,9;22,7;24,2;23,8;23;22,7;94;92;93;307;1,2;,5;
2012-02-19;05:00;0;1000,8;1001,2;1000,8;-9999;23,8;22,7;24;23,7;22,8;22,5;94;92;94;348;2,5;1,1;
2012-02-19;06:00;2,2;1000,6;1001,1;1000,6;-9999;21,5;20,4;24;21,5;22,8;20,3;94;89;93;323;8,1;1,9;
2012-02-19;07:00;1,8;999,5;1000,6;999,2;-9999;21,4;20,6;21,6;21,2;20,7;20,2;95;93;95;346;4,1;,9;
2012-02-19;08:00;0;999,4;999,5;999,2;-9999;21,7;20,8;21,7;21,4;20,8;20,5;95;95;95;221;2,5;,9;
2012-02-19;09:00;0;999,4;999,7;999,4;-9999;21,5;20,7;21,7;21,5;20,9;20,7;95;95;95;118;1,8;,3;
2012-02-19;10:00;0;1000,1;1000,1;999,4;-9999;21,7;20,9;21,7;21,5;20,9;20,7;95;95;95;86;1,4;,3;
2012-02-19;11:00;0;1000,7;1000,7;1000,1;9,8;21,9;21,1;21,9;21,7;21,1;20,9;95;95;95;25;,8;,6;
2012-02-19;12:00;0;1001,8;1001,8;1000,7;269,8;22,7;21,6;22,8;21,9;21,8;21,1;95;93;93;168;1,3;,7;
2012-02-19;13:00;0;1002,4;1002,4;1001,8;1080,5;24,2;21,9;24,6;22,7;22,9;21,7;94;87;87;147;2,2;,8;
2012-02-19;14:00;0;1002,6;1002,7;1002,4;1143,1;25,7;23;25,7;24,1;23,4;22;90;82;85;148;2,3;1;
2012-02-19;15:00;0;1002,4;1002,6;1002,4;2618,4;28,8;23,6;28,8;25,7;24;22,1;85;73;74;62;3,6;1,3;
2012-02-19;16:00;0;1001,5;1002,4;1001,5;2648,8;29,6;23,3;29,8;28,1;24,6;22,9;78;68;69;111;4,5;1,7;
2012-02-19;17:00;0;1000,1;1001,5;1000,1;2168,1;29,2;23,4;30,5;28,8;24,6;21,9;76;63;71;116;4,5;1,2;
2012-02-19;18:00;0;999,1;1000,1;999,1;1355,7;27;23,1;30,1;26,9;24;22,4;82;65;79;28;6,9;1,9;
2012-02-19;19:00;0;998;999,1;997,9;1120,6;27,9;23,5;27,9;26,8;23,5;22,5;82;75;77;26;4;1,2;
2012-02-19;20:00;0;997,4;998,1;997,3;1701,7;28,4;23,2;28,9;27,8;24,1;22,2;78;69;74;85;7,9;1,8;
2012-02-19;21:00;0;997;997,6;997;517,6;26,6;23,6;28,4;26,5;24,4;22,8;83;72;83;130;4,7;,9;
2012-02-19;22:00;0;998,1;998,1;997;241,2;25,8;23,4;26,6;25,8;23,9;22,8;87;80;86;162;2,2;1;
2012-02-19;23:00;0;998,1;998,1;997,9;30,9;25,2;23,5;25,8;25,1;23,6;23,2;91;86;91;341;2,1;,5;
2012-02-20;00:00;0;999,3;999,3;998,1;-9999;24,7;23,4;25,2;24,7;23,7;23,4;93;91;92;184;1,2;,6;
2012-02-20;01:00;0;999,8;999,8;999,3;-9999;24,8;23,2;24,9;24,6;23,5;23,1;93;90;91;171;3,5;,9;
2012-02-20;02:00;0;1000,7;1000,7;999,8;-9999;24,8;23,5;24,9;24,5;23,5;23,2;93;91;93;207;1,9;,6;
2012-02-20;03:00;0;1001,1;1001,1;1000,7;-9999;24,5;23,1;24,8;24,5;23,5;23;93;90;92;236;1,9;,6;
2012-02-20;04:00;0;1000,9;1001,1;1000,9;-9999;24,3;23;24,5;24,3;23,2;23;93;92;93;219;2,5;,7;
2012-02-20;05:00;0;1000,3;1001;1000,3;-9999;24;22,8;24,3;24;23;22,7;93;92;93;216;2,5;1,5;
2012-02-20;06:00;0;999,8;1000,3;999,8;-9999;23,9;22,5;24;23,9;22,8;22,5;93;92;92;264;2,5;,4;
2012-02-20;07:00;0;999,7;999,8;999,7;-9999;23,2;22,2;23,9;23,2;22,6;22,2;94;92;94;119;1,4;,5;
2012-02-20;08:00;0;999,7;999,7;999,4;-9999;23,3;22,3;23,4;23,1;22,4;22,2;95;94;95;337;1,2;,3;
2012-02-20;09:00;0;999,9;999,9;999,6;-9999;23,2;22,2;23,4;23,1;22,4;22,1;95;94;94;290;1;,3;
2012-02-20;10:00;0;1000,2;1000,2;999,9;-9999;23,2;22,2;23,3;23,2;22,3;22,2;94;94;94;238;1,2;,4;
2012-02-20;11:00;0;1000,9;1000,9;1000,2;4,8;23,2;22,2;23,2;23,1;22,2;22,1;94;94;94;223;2,5;,8;
2012-02-20;12:00;0;1001,9;1001,9;1000,9;143,8;23,6;22,4;23,6;23,2;22,4;22,1;94;92;93;221;2,1;,8;
2012-02-20;13:00;0;1002,7;1002,7;1001,9;673,6;24,5;22,3;24,8;23,6;22,7;22,1;93;86;88;197;3,3;1,9;
2012-02-20;14:00;0;1003;1003;1002,7;2204,5;27,1;23,1;27,1;24,4;23,6;22;89;77;79;218;2,8;1,3;
2012-02-20;15:00;0;1002,6;1003,1;1002,6;2315,3;28;22,9;28,4;26,5;23,4;22,2;79;72;74;279;2,8;,9;
2012-02-20;16:00;0;1002;1002,6;1002;2868,3;30;23,2;30,6;28;24,3;22,4;76;65;67;207;4;1,5;
2012-02-20;17:00;0;1001;1002;1001;2610,4;30,3;23,1;31,1;29,7;24;21;72;57;66;61;4,1;,9;
2012-02-20;18:00;,8;999;1001;999;1906,9;29,7;24,3;30,8;27,8;25,4;22,3;84;63;73;227;3;,8;
2012-02-20;19:00;0;998;999;997,8;1897,2;27,2;23;31,5;27,1;24,7;22,4;78;59;78;179;7,3;2,6;
2012-02-20;20:00;0;997,7;998;997,3;926,5;26,9;22,6;27,4;26,7;23,4;22,5;81;77;77;228;4,9;1,2;
2012-02-20;21:00;0;997,9;997,9;997,3;634,1;26,8;23,4;27;26,7;23,4;22,2;82;75;81;346;3,2;,8;
2012-02-20;22:00;1,2;998,5;998,5;997,9;195,1;24,4;23,1;26,9;24;23,6;21,9;93;80;92;295;3,9;,7;
2012-02-20;23:00;0;998,5;998,6;998,2;52,4;23,8;22,7;24,6;23,8;23,3;22,7;94;90;93;48;1,8;,5;
2012-02-21;00:00;0;1000,2;1000,2;998,5;-9999;23,7;22,5;23,8;23,6;22,7;22,4;94;93;93;313;2,4;,7;
2012-02-21;01:00;0;1001,4;1001,4;1000,2;-9999;23,4;22,4;23,7;23,4;22,6;22,4;94;93;94;322;1,6;,4;
2012-02-21;02:00;0;1002,2;1002,2;1001,4;-9999;23,4;22,4;23,7;23,3;22,8;22,4;95;94;94;88;1,2;,5;
2012-02-21;03:00;0;1002,7;1002,8;1002,2;-9999;23,7;22,7;23,7;23,3;22,7;22,3;95;94;94;192;2;1,2;
2012-02-21;04:00;0;1002,7;1003;1002,6;-9999;24;22,8;24,2;23,7;23;22,6;94;91;93;227;2,9;1,1;
2012-02-21;05:00;0;1001,8;1002,8;1001,8;-9999;23,9;22,7;24,2;23,9;22,9;22,7;93;92;93;223;3,9;1,8;
2012-02-21;06:00;0;1000,7;1001,8;1000,7;-9999;23,7;22,5;23,9;23,7;22,7;22,5;93;92;93;222;3,1;1,2;
2012-02-21;07:00;0;1000,1;1000,7;1000,1;-9999;23,6;22,5;23,7;23,6;22,6;22,5;94;93;94;216;5,3;2,5;
2012-02-21;08:00;0;1000;1000,1;999,9;-9999;23,5;22,1;23,7;23,5;22,6;22,1;94;92;92;214;5,9;2,4;
2012-02-21;09:00;0;1000,3;1000,3;1000;-9999;23,4;22;23,5;23,4;22,2;22;92;92;92;224;4,7;1,7;
2012-02-21;10:00;0;1001,1;1001,1;1000,3;-9999;23,4;22,1;23,4;23,3;22,1;21,9;93;91;92;221;4,1;1,1;
2012-02-21;11:00;0;1001,6;1001,6;1001,1;5,4;23,5;22,3;23,5;23,3;22,3;22;93;92;93;209;2,4;,6;
2012-02-21;12:00;0;1003;1003;1001,5;87;23,6;22,4;23,7;23,5;22,5;22,2;93;91;93;7;2,6;1;
2012-02-21;13:00;2,2;1004,1;1004,1;1003;125,7;22,2;21;23,6;22,2;22,4;20,7;93;89;93;290;7,4;,7;
2012-02-21;14:00;20,4;1004,6;1004,9;1004,1;93,1;21,2;20,3;22,2;21,1;21;20,2;95;92;95;50;5,6;1,4;
2012-02-21;15:00;2,4;1004,7;1004,7;1004,3;371,9;21,8;20,6;22;21,2;21,1;20,3;95;93;93;29;3,1;,9;
2012-02-21;16:00;0;1004,1;1004,9;1004,1;874,7;23,3;21,1;23,3;21,8;21,5;20,6;94;87;88;335;3;1,3;
2012-02-21;17:00;0;1003,5;1004,1;1003,5;1130,2;23,9;21,2;24,4;23,3;22,1;21;89;83;85;15;4,4;1,4;
2012-02-21;18:00;,2;1003,2;1003,5;1003,1;466,3;23,8;22,2;24,1;23,7;22,5;21,2;92;85;91;80;2,7;1;
2012-02-21;19:00;2,8;1002,1;1003,2;1002,1;313,1;21,7;20,4;23,8;21,6;22,3;20,3;93;89;93;114;5,6;1,1;
2012-02-21;20:00;,2;1001,3;1002,1;1001,3;491,1;22,6;21,5;22,6;21,7;21,6;20,5;94;92;93;122;3,3;,5;
2012-02-21;21:00;0;1000,4;1001,3;1000,4;394,3;22,3;20,9;22,7;22,3;21,6;20,9;93;92;92;57;2,9;1;
2012-02-21;22:00;0;999,5;1000,4;999,5;152,9;22,1;20,9;22,4;22,1;21,2;20,8;94;92;93;151;2,3;,6;
2012-02-21;23:00;0;999,4;999,5;999,1;24,4;21,8;20,8;22,2;21,8;21,1;20,8;94;92;94;82;1,4;,5;
2012-02-22;00:00;0;999,8;999,8;999,4;-9999;21,7;20,8;21,8;21,7;20,9;20,8;95;94;95;81;1,2;,4;
2012-02-22;01:00;0;1000,6;1000,6;999,8;-9999;21,7;20,9;21,8;21,7;21;20,8;95;95;95;78;1,8;,7;
2012-02-22;02:00;0;1001,2;1001,2;1000,6;-9999;21,5;20,8;21,7;21,5;20,9;20,7;95;95;95;340;1,8;,7;
2012-02-22;03:00;0;1001,9;1001,9;1001,2;-9999;21,5;20,7;21,6;21,4;20,9;20,6;95;95;95;179;1,3;,5;
2012-02-22;04:00;0;1001,7;1002,1;1001,7;-9999;21,6;20,9;21,7;21,5;20,9;20,7;95;95;95;223;1;,2;
2012-02-22;05:00;0;1001,3;1001,8;1001,3;-9999;22;21,1;22;21,5;21,2;20,7;95;95;95;231;1,7;,7;
2012-02-22;06:00;,2;1000,5;1001,3;1000,5;-9999;21,8;21;22;21,7;21,1;20,9;95;95;95;221;1,6;,6;
2012-02-22;07:00;0;1000,3;1000,5;1000,3;-9999;21,6;20,6;21,9;21,6;21;20,6;95;94;94;208;2,2;1,4;
2012-02-22;08:00;0;1000,1;1000,3;1000;-9999;21,6;20,7;21,7;21,5;20,8;20,6;95;94;95;202;2,2;,5;
2012-02-22;09:00;0;1000,3;1000,3;1000;-9999;21,6;20,6;21,7;21,6;20,8;20,6;95;94;94;146;1,5;,7;
2012-02-22;10:00;0;1000,6;1000,6;1000,3;-9999;21,4;20,5;21,6;21,3;20,6;20,4;95;94;94;181;1,9;1;
2012-02-22;11:00;0;1001,3;1001,3;1000,6;7,2;21,5;20,5;21,6;21,4;20,7;20,4;95;93;94;177;1,9;,9;
2012-02-22;12:00;0;1002,2;1002,2;1001,3;204,7;22,1;20,9;22,1;21,5;21;20,5;94;93;93;205;2,1;1,1;
2012-02-22;13:00;0;1002,8;1002,8;1002,2;943,6;23,3;21;23,5;22,1;21,6;20,8;93;86;87;179;2,6;1,6;
2012-02-22;14:00;0;1002,9;1003,1;1002,8;1257,5;24,4;21,8;24,5;23,2;21,9;20,8;88;83;86;131;3,3;1,1;
2012-02-22;15:00;0;1003,1;1003,1;1002,9;1806,6;25,4;21,2;26,1;24;22,8;21;86;76;78;192;3,5;1,6;
2012-02-22;16:00;0;1002,7;1003,1;1002,7;989,1;25,8;22,3;26,2;25,3;22,5;21,2;84;78;81;34;2,8;1,1;
2012-02-22;17:00;0;1001,4;1002,7;1001,4;2234,9;27;21,9;27,4;25,8;23,2;21,4;83;72;74;345;2,4;1,1;
2012-02-22;18:00;0;999,7;1001,4;999,7;2731,1;29,8;22;29,9;27;23,9;21,5;76;63;63;160;4,4;1,3;
2012-02-22;19:00;0;997,8;999,7;997,8;2094,8;28,8;22,7;30,4;28,4;23,7;21,3;73;63;70;331;4,4;,7;
2012-02-22;20:00;0;997;997,8;996,9;1720,9;27,6;22,4;30,5;27,6;23,5;21,5;74;61;74;28;4,9;2,3;
2012-02-22;21:00;0;996,8;997,1;996,7;859,8;26,1;22,9;27,6;25,9;23,7;21,9;84;73;83;57;6,3;1,9;
2012-02-22;22:00;0;996,7;996,9;996,7;390,1;25,3;23,4;26,1;25,3;23,4;22,5;89;82;89;26;4;1,1;
2012-02-22;23:00;0;997,3;997,3;996,7;30,5;24,5;23;25,3;24,5;23,6;22,9;92;89;92;346;2,8;1;
2012-02-23;00:00;0;998,5;998,5;997,3;-9999;23,8;22,6;24,6;23,8;23,2;22,6;93;91;93;4;1,9;,5;
2012-02-23;01:00;0;999,3;999,3;998,5;-9999;23,6;22,5;24;23,5;22,8;22,4;94;93;94;38;1,3;,2;
2012-02-23;02:00;0;1000,2;1000,2;999,3;-9999;23,3;22,3;23,6;23,2;22,4;22,2;94;93;94;33;1,2;,7;
2012-02-23;03:00;0;1000,7;1000,7;1000,2;-9999;23,5;22,5;23,5;23,2;22,5;22,2;95;94;94;243;1;,2;
2012-02-23;04:00;0;1000,4;1000,8;1000,3;-9999;22,9;21,9;23,5;22,9;22,5;21,9;94;94;94;338;1;,5;
2012-02-23;05:00;0;1000,3;1000,5;1000,3;-9999;22,8;22;22,9;22,8;22;21,9;95;94;95;359;1,5;,8;
2012-02-23;06:00;0;999,9;1000,3;999,9;-9999;22,5;21,7;22,9;22,5;22;21,7;95;95;95;311;1,5;,3;
2012-02-23;07:00;0;999,5;999,9;999,5;-9999;22,5;21,6;22,6;22,5;21,8;21,6;95;95;95;30;1,7;,3;
2012-02-23;08:00;0;999,6;999,7;999,5;-9999;22,4;21,6;22,5;22,3;21,7;21,5;95;95;95;87;1,2;,5;
2012-02-23;09:00;0;999,6;999,6;999,5;-9999;22,9;22,1;22,9;22,4;22,1;21,6;95;95;95;195;1,2;,4;
2012-02-23;10:00;0;999,7;999,7;999,5;-9999;23;22,1;23;22,8;22,1;22;95;95;95;164;1,3;,5;
2012-02-23;11:00;0;1000,3;1000,3;999,7;7,2;23;22,2;23,1;22,9;22,2;22,1;95;95;95;336;1;,3;
2012-02-23;12:00;0;1001,4;1001,4;1000,3;230;23,8;22,5;23,8;23;22,6;22,2;95;92;93;214;1,5;,7;
2012-02-23;13:00;0;1001,9;1001,9;1001,4;730,3;24,7;22,6;24,8;23,8;23;22,4;93;88;88;203;3;1,3;
2012-02-23;14:00;0;1002,4;1002,4;1001,9;1244,8;25,7;22,8;25,9;24,7;23,2;22,4;90;82;84;180;2,8;1,5;
2012-02-23;15:00;0;1002,5;1002,6;1002,4;1420,1;26,8;23;27,1;25,7;23,5;22,5;85;78;80;184;2,9;1;
2012-02-23;16:00;0;1001,8;1002,5;1001,8;1732,3;28,1;23,3;28,1;26,7;23,8;22,6;82;74;75;162;3,4;1,2;
2012-02-23;17:00;0;1000,4;1001,8;1000,4;3298,1;29,4;22,8;29,8;27,8;23,5;21,9;78;64;68;186;4,4;1,9;
2012-02-23;18:00;0;999;1000,4;999;2016,4;29,7;23,2;29,9;28,6;23,9;21,7;75;63;68;183;4,5;1,8;
2012-02-23;19:00;,2;998,6;999;998,4;902,3;26,2;23,1;30,2;26,2;24,1;22;85;65;83;80;5,6;1,9;
2012-02-23;20:00;,6;998,3;998,6;998,2;225,9;24,2;22,7;26,2;24,2;23,6;22,4;92;83;91;87;5,1;1,2;
2012-02-23;21:00;,6;997,6;998,3;997,6;247,6;23,5;22,1;24,2;23,5;22,9;21,8;93;88;92;50;5,6;,6;
2012-02-23;22:00;0;997,3;997,6;997,3;172,3;23,3;22,2;23,6;23,2;22,2;21,8;94;90;93;176;2,2;1,1;
2012-02-23;23:00;0;997,6;997,6;997,3;42,6;23;22;23,3;23;22,2;22;94;93;94;84;1,8;,5;
2012-02-24;00:00;0;998,1;998,1;997,6;-9999;22,7;21,8;23;22,7;22;21,8;95;94;94;84;1,3;,4;
2012-02-24;01:00;0;999;999;998,1;-9999;22,6;21,7;22,7;22,5;21,8;21,6;95;94;94;21;1,8;,3;
2012-02-24;02:00;,2;1000,4;1000,4;999;-9999;22,5;21,6;22,7;22,4;21,8;21,5;95;94;95;130;1,1;,5;
2012-02-24;03:00;0;1001,2;1001,2;1000,4;-9999;22,9;22;22,9;22,5;22;21,6;95;95;95;232;1,2;,5;
2012-02-24;04:00;0;1000,8;1001,2;1000,8;-9999;22,7;21,9;22,9;22,7;22;21,8;95;95;95;215;3,6;1,6;
2012-02-24;05:00;0;1000,6;1000,9;1000,6;-9999;22,8;22;22,8;22,6;22,1;21,8;95;95;95;204;3,2;1,5;
2012-02-24;06:00;0;1000,2;1000,7;1000,2;-9999;22,8;21,9;22,9;22,7;22;21,8;95;94;95;179;2,3;1,2;
2012-02-24;07:00;0;999,9;1000,2;999,9;-9999;22,9;21,9;22,9;22,7;22;21,8;95;94;95;197;2,3;1;
2012-02-24;08:00;0;999,6;999,9;999,6;-9999;22,9;21,9;22,9;22,8;22;21,9;95;94;94;225;2,2;,8;
2012-02-24;09:00;0;999,5;999,6;999,4;-9999;22,8;21,9;22,9;22,8;22;21,8;95;94;95;159;1,7;,8;
2012-02-24;10:00;2,4;999,7;999,8;999,5;-9999;22,7;21,8;22,9;22,7;21,9;21,8;95;94;95;214;2,6;1,6;
2012-02-24;11:00;1,6;1000,8;1000,8;999,7;13,8;22,8;21,9;22,8;22,6;21,9;21,7;95;95;95;164;2,6;1,1;
2012-02-24;12:00;,8;1001,9;1001,9;1000,8;239,5;23,3;22;23,3;22,8;22,2;21,9;95;92;92;207;4,1;1,3;
2012-02-24;13:00;0;1002,9;1002,9;1001,9;642,3;24,1;22,6;24,1;23,3;22,7;21,9;93;90;91;223;2,3;1;
2012-02-24;14:00;0;1003,5;1003,5;1002,9;515,1;24,8;22,3;24,8;24;22,7;22;91;85;86;257;2,2;,5;
2012-02-24;15:00;0;1003,5;1003,6;1003,4;1127,9;25,5;22,6;25,7;24,7;23,4;22,3;89;83;84;243;2,1;,9;
2012-02-24;16:00;0;1002,9;1003,5;1002,9;1536,2;26,7;22,7;26,8;25,5;23,3;22,1;87;77;79;278;2,3;,5;
2012-02-24;17:00;,2;1002;1002,9;1002;574,4;24,2;22,4;26,7;24,2;23;22,1;90;77;90;190;4,9;2,6;
2012-02-24;18:00;3,2;1000,6;1002;1000,6;168,4;23,6;22,5;24,2;23,6;22,8;22,2;94;89;93;256;4,9;,6;
2012-02-24;19:00;1;998,9;1000,6;998,9;1580,8;25,8;23,3;25,8;23,5;23,6;22,3;94;84;86;243;3;1,2;
2012-02-24;20:00;0;998,4;998,8;998,3;2788,3;26,7;22,9;26,8;25,7;23,5;22,3;86;78;80;203;4;2,3;
2012-02-24;21:00;0;998;998,5;998;1806,2;27,6;23,3;27,8;26,5;23,6;22,4;82;75;77;233;3,5;1,5;
2012-02-24;22:00;0;998,3;998,3;997,9;791;26,6;22,7;27,7;26,6;23,6;22,5;81;75;79;226;4;1,5;
2012-02-24;23:00;0;999,2;999,2;998,3;62,9;25,4;23,2;26,6;25,4;23,2;22,7;88;79;88;245;4;1,1;
2012-02-25;00:00;0;1000,7;1000,7;999,2;-9999;24,1;22,2;25,4;24,1;23,3;22,1;90;86;89;282;4,1;,8;
2012-02-25;01:00;7,2;1001,6;1001,6;1000,7;-9999;23,1;22;24,1;23,1;22,4;21,9;94;89;94;329;2,9;1;
2012-02-25;02:00;4,8;1002,8;1002,8;1001,6;-9999;23;22,1;23,1;22,9;22,2;21,9;95;94;95;74;2,3;,5;
2012-02-25;03:00;5,8;1002,9;1003,1;1002,8;-9999;22,8;22;23,1;22,8;22,3;22;95;95;95;55;1,6;,7;
2012-02-25;04:00;3,6;1002,4;1003;1002,4;-9999;22,7;21,8;22,9;22,7;22,1;21,8;95;95;95;145;1,3;,3;
2012-02-25;05:00;0;1001,4;1002,4;1001,4;-9999;22,8;22;22,8;22,6;22;21,8;95;95;95;123;1,6;,6;
2012-02-25;06:00;,2;1001,1;1001,4;1001;-9999;22,8;22;22,9;22,7;22,1;21,9;95;95;95;196;2,7;,9;
2012-02-25;07:00;0;1000,5;1001,1;1000,5;-9999;22,7;21,8;22,9;22,7;22,1;21,8;95;95;95;181;2,4;1;
2012-02-25;08:00;0;1000,1;1000,5;1000,1;-9999;22,7;21,8;22,8;22,6;21,9;21,8;95;95;95;219;2,3;1,3;
2012-02-25;09:00;0;1000;1000,1;999,8;-9999;22,7;21,8;22,7;22,6;21,9;21,7;95;95;95;214;2,4;1,2;
2012-02-25;10:00;0;1000;1000,1;1000;-9999;22,6;21,7;22,7;22,5;21,8;21,6;95;94;95;214;3,5;1;
2012-02-25;11:00;0;1000,4;1000,4;1000;16,8;22,8;21,8;22,8;22,6;21,9;21,7;95;94;94;224;2,8;1;
2012-02-25;12:00;0;1001,1;1001,1;1000,3;340,8;23,5;21,9;23,5;22,7;22;21,6;94;90;91;310;3,1;,5;
2012-02-25;13:00;0;1001,8;1001,8;1001,1;735,3;24,3;21,7;24,6;23,5;22,3;21,6;91;84;85;311;2;1;
2012-02-25;14:00;0;1002,1;1002,1;1001,8;2332,1;26,9;22,4;26,9;24,3;23,1;21,6;87;76;76;139;2,5;1,1;
2012-02-25;15:00;0;1001,9;1002,2;1001,8;3040,5;27,3;22,3;28;26,3;24,1;21,6;80;71;74;57;3,2;1,4;
2012-02-25;16:00;0;1001,3;1001,9;1001,3;3127,1;29;22,3;29,4;27,4;23,8;21,7;78;64;67;66;3,8;,9;
2012-02-25;17:00;0;1000,3;1001,3;1000,3;2780,9;29,6;22,7;30,3;29;23,8;21,2;71;60;67;269;2,7;,9;
2012-02-25;18:00;0;998,5;1000,3;998,5;2095,4;30,1;21,8;30,4;29;23,8;21,8;72;61;61;328;3,9;1;
2012-02-25;19:00;0;996,5;998,5;996,5;2545,3;30,7;21,6;31,6;29,3;23,1;21,2;68;56;58;347;3,6;1;
2012-02-25;20:00;0;995,6;996,5;995,6;2891;32,2;22,2;32,4;30,7;23,2;21;63;53;56;325;2,8;1;
2012-02-25;21:00;14,4;996,5;996,6;995,6;1486,9;23,7;21,8;32,2;23,3;24,3;21,2;90;54;89;316;7,5;2,6;
2012-02-25;22:00;19,6;996,2;996,8;996,1;345,8;24,6;23,2;24,6;23,1;23,2;21,4;95;88;92;249;7;1,2;
2012-02-25;23:00;0;997,4;997,4;996,2;100;23,9;22,8;24,7;23,9;23,4;22,8;94;90;94;82;4;1,6;
2012-02-26;00:00;0;998,7;998,7;997,4;,6;23,3;22,1;24,1;23,3;22,7;22;94;92;93;96;7;1,5;
2012-02-26;01:00;,2;1000,1;1000,1;998,7;-9999;23,1;22,1;23,3;23,1;22,2;21,9;94;93;94;264;4,3;,4;
2012-02-26;02:00;0;1000,6;1000,6;1000,1;-9999;23;22;23,2;22,8;22,1;21,8;94;92;94;359;1,3;,5;
2012-02-26;03:00;0;1001,2;1001,2;1000,6;-9999;22,8;21,9;23;22,8;22,1;21,8;95;94;94;98;1;,2;
2012-02-26;04:00;0;1001,1;1001,2;1001,1;-9999;22,8;21,8;22,9;22,6;22;21,7;95;94;95;257;,9;,5;
2012-02-26;05:00;0;999,9;1001,1;999,9;-9999;22,5;21,7;22,9;22,5;22;21,7;95;95;95;115;,9;,7;
2012-02-26;06:00;0;999,6;999,9;999,5;-9999;22,6;21,7;22,6;22,5;21,8;21,6;95;95;95;9;1;,5;
2012-02-26;07:00;0;999,3;999,6;999,3;-9999;22,6;21,7;22,7;22,5;21,9;21,6;95;95;95;269;1,5;,5;
2012-02-26;08:00;0;999,1;999,3;999,1;-9999;22,4;21,6;22,7;22,4;21,9;21,6;95;95;95;89;1,4;,4;
2012-02-26;09:00;0;999,4;999,4;999,1;-9999;22,6;21,8;22,6;22,4;21,8;21,6;95;95;95;122;1,3;,5;
2012-02-26;10:00;0;1000,3;1000,3;999,4;-9999;22,6;21,8;22,7;22,6;21,9;21,8;95;95;95;46;1,2;,6;
2012-02-26;11:00;0;1000,9;1000,9;1000,3;7,1;22,7;21,9;22,8;22,6;21,9;21,8;95;95;95;17;,9;,4;
2012-02-26;12:00;0;1001,6;1001,6;1000,9;174,9;23,2;22,4;23,2;22,6;22,4;21,8;95;95;95;70;,9;,4;
2012-02-26;13:00;0;1002,5;1002,5;1001,6;642,7;24,5;22,6;24,5;23,2;22,7;22,1;95;88;89;149;1,5;,6;
2012-02-26;14:00;0;1002,8;1002,8;1002,5;1159,5;25,9;22,7;26,1;24,4;23,7;22,2;91;82;83;129;2,2;,9;
2012-02-26;15:00;0;1002,9;1003;1002,7;1117,9;25,6;22,9;26,1;25,3;23,4;22,4;87;82;85;173;4;1,6;
2012-02-26;16:00;0;1002,2;1002,9;1002,2;1936,4;27,6;22,6;27,8;25,6;23,9;21,8;85;73;74;86;3,4;1,4;
2012-02-26;17:00;0;1001,2;1002,2;1001,2;2538,2;28,7;23;28,8;27,4;23,8;22,1;79;69;71;79;4,5;1,2;
2012-02-26;18:00;0;999,3;1001,2;999,3;3271,4;30,6;22,7;30,6;28,2;24,1;21,2;76;61;63;62;4;1,5;
2012-02-26;19:00;0;998,1;999,3;998,1;1994,2;29,2;22,2;30,6;27,9;23,7;21,7;75;60;66;57;5,6;1,6;
2012-02-26;20:00;0;997,6;998,1;997,6;1694;28,8;21,8;29,3;28,5;23,6;21,4;72;65;66;29;4,2;1,6;
2012-02-26;21:00;7,4;998,3;998,4;997,3;1057,2;23,3;21,7;29,4;23,3;23,1;21,2;91;63;91;59;7;2,4;
2012-02-26;22:00;6,6;998;998,3;998;157;23,8;23;23,9;23,1;23;21,8;95;91;95;75;5,7;,8;
2012-02-26;23:00;,2;998,5;998,5;998;30,2;23,6;22,7;23,9;23,6;23;22,6;95;94;95;62;2,8;,4;
2012-02-27;00:00;,2;998,7;998,7;998,5;-9999;23,7;22,9;23,8;23,6;22,9;22,7;95;95;95;181;1,1;,5;
2012-02-27;01:00;0;999,5;999,5;998,6;-9999;23,7;22,9;23,8;23,5;22,9;22,6;95;95;95;230;,9;,3;
2012-02-27;02:00;0;1000,4;1000,4;999,5;-9999;23,2;22,4;23,7;23,1;22,8;22,2;95;95;95;327;1,3;,3;
2012-02-27;03:00;0;1000,4;1000,6;1000,4;-9999;23,1;22,3;23,4;23;22,6;22,2;95;95;95;127;1,2;,8;
2012-02-27;04:00;0;1000,2;1000,4;1000,2;-9999;23,1;22,3;23,1;22,9;22,3;22,1;95;95;95;127;1,2;,4;
2012-02-27;05:00;0;999,6;1000,2;999,6;-9999;23,1;22,3;23,1;23;22,3;22,2;95;95;95;58;1,1;,6;
2012-02-27;06:00;0;998,9;999,6;998,9;-9999;23,2;22,4;23,3;23,1;22,5;22,3;95;95;95;287;1,2;,4;
2012-02-27;07:00;0;998,6;999;998,6;-9999;22,8;22;23,2;22,8;22,3;22;95;95;95;48;1,9;1,3;
2012-02-27;08:00;0;998,4;998,6;998,4;-9999;23;22,2;23,1;22,8;22,3;22;95;95;95;204;1,9;1;
2012-02-27;09:00;0;998,8;998,8;998,4;-9999;22,8;22;23;22,8;22,2;22;95;95;95;327;1,3;,5;
2012-02-27;10:00;0;999,4;999,4;998,8;-9999;22,6;21,8;22,8;22,6;22;21,8;95;95;95;72;,9;,5;
2012-02-27;11:00;0;1000,2;1000,2;999,4;27,9;23;22,2;23,1;22,6;22,3;21,8;95;95;95;276;1;,6;
2012-02-27;12:00;0;1000,8;1000,8;1000,2;319,2;24;22,9;24;23;22,9;22,2;95;93;93;220;1,6;,9;
2012-02-27;13:00;0;1001,4;1001,4;1000,8;917,3;25,7;23;25,7;24;23,4;22,5;94;85;85;188;1,8;,8;
2012-02-27;14:00;0;1001,7;1001,8;1001,4;2244,7;28,3;23,3;28,4;25,7;24,2;22,7;85;73;74;149;2,8;,9;
2012-02-27;15:00;0;1001,5;1001,8;1001,5;2939,8;30,2;23,1;30,4;28,3;24,5;22,6;78;64;66;121;3,4;1,2;
2012-02-27;16:00;0;1001;1001,5;1001;2582,3;29,5;22,4;31;29,2;24,8;21,9;72;61;66;166;3,5;1;
2012-02-27;17:00;0;999,9;1001;999,9;3906,6;32,1;22;32,4;29,5;23,6;20,5;66;52;55;87;3,8;1,5;
2012-02-27;18:00;0;998,2;999,9;998,2;3179,2;32,6;21,9;32,8;30,9;23,7;20,5;63;51;53;79;4,2;1,8;
2012-02-27;19:00;0;996,6;998,2;996,6;2846,5;32,4;20,9;33,1;31,9;22,9;20,3;58;48;51;69;4,1;1,3;
2012-02-27;20:00;0;996,5;996,6;996,5;1431,7;31,3;22,7;32,8;30,7;23,4;19,4;64;46;61;33;3,8;1,6;
2012-02-27;21:00;0;996,8;996,8;996,2;1229,6;30,2;22,2;31,3;30,1;23,2;20,9;65;56;62;360;4,8;2;
2012-02-27;22:00;0;997,3;997,3;996,8;432,7;27,8;22,4;30,2;27,8;22,9;21,9;73;62;72;338;4,8;1,1;
2012-02-27;23:00;0;997,9;997,9;997,3;22,9;25,9;22;27,8;25,9;22,8;21,9;81;72;79;304;3,9;,6;
2012-02-28;00:00;0;998,7;998,7;997,9;-9999;25,6;23;25,9;25,3;23,1;21;86;74;86;217;3,4;1;
2012-02-28;01:00;0;999,6;999,6;998,7;-9999;24,6;22,7;25,6;24,6;23;22,6;90;85;89;296;3,1;,5;
2012-02-28;02:00;0;1000,5;1000,5;999,6;-9999;24,7;23;24,7;24,5;23,1;22,7;91;89;90;229;1,4;,4;
2012-02-28;03:00;0;1001,2;1001,2;1000,5;-9999;24,4;22,6;24,7;24,2;23,1;22,5;92;89;90;208;2,8;1,5;
2012-02-28;04:00;0;1001,1;1001,3;1001,1;-9999;24;22,6;24,5;23,9;22,7;22,4;92;88;92;343;2,5;1,1;
2012-02-28;05:00;16;1000,2;1001,5;1000,2;-9999;23;22;24;22,9;22,6;21,8;95;91;94;178;3,5;,9;
2012-02-28;06:00;,6;1000,2;1000,3;999,8;-9999;22,9;21,8;23,1;22,5;22,1;21,3;95;93;94;338;5,7;1,1;
2012-02-28;07:00;0;999,1;1000,2;999,1;-9999;22,7;21,8;22,9;22,7;21,9;21,7;94;94;94;339;3,4;,9;
2012-02-28;08:00;0;998,9;999,1;998,8;-9999;23;22,1;23;22,7;22,1;21,8;95;94;95;178;2,1;1,1;
2012-02-28;09:00;,4;999,9;999,9;998,9;-9999;22,3;21;23,2;22,3;22,2;21;95;89;92;27;5,1;1,8;
2012-02-28;10:00;14,8;1000,5;1000,5;999,9;-9999;21,7;20,8;22,3;21,7;21,2;20,8;95;92;95;194;4;,9;
2012-02-28;11:00;5,6;1001,2;1001,2;1000,3;-9999;21,8;21,1;21,9;21,5;21,1;20,7;95;95;95;118;1,8;,6;
2012-02-28;12:00;3;1001,9;1002;1001,2;15,6;21,8;21;21,9;21,7;21,1;20,9;95;95;95;192;1,8;1,1;
2012-02-28;13:00;4,6;1002,9;1002,9;1001,9;45,7;21,9;21,1;22;21,7;21,2;20,9;95;95;95;185;1,8;,8;
2012-02-28;14:00;1,6;1003,4;1003,4;1002,9;392,9;22,9;21,9;22,9;21,8;21,9;20,9;95;94;94;110;1,5;,5;
2012-02-28;15:00;,2;1002,9;1003,4;1002,9;982,7;23,7;21,8;23,7;22,8;22,2;21,5;94;88;89;186;2;,9;
2012-02-28;16:00;0;1002,1;1002,9;1002,1;1655,4;25,2;21,2;25,5;23,5;22,7;21,2;90;78;79;277;2,7;1,1;
2012-02-28;17:00;0;1001,1;1002,1;1001,1;2279,1;26,2;22,5;26,4;25,1;22,9;20,8;83;75;80;263;3,1;1,5;
2012-02-28;18:00;,2;999,9;1001,1;999,9;2282,4;26,9;22,2;27,4;25,8;23,1;21,6;81;73;75;308;3,1;1,2;
2012-02-28;19:00;0;998,6;999,9;998,6;2925,5;28,1;22,7;28,6;26,7;23,7;21,9;79;68;73;317;3,3;1,3;
2012-02-28;20:00;0;997,7;998,6;997,7;2433,8;28,3;22,6;28,7;27,4;23,4;21,9;77;68;71;310;4,5;1,7;
2012-02-28;21:00;0;998;998;997,5;1924,6;28,4;22,9;29;28,2;23,4;22,1;72;66;72;328;3,8;1,7;
2012-02-28;22:00;0;997,9;998;997,6;1307,7;28,1;22;28,9;27,8;23,2;21,6;74;67;69;308;3,8;1,3;
2012-02-28;23:00;,2;999,5;999,5;997,9;207,5;24,1;22,6;28,1;24,1;22,9;21,6;91;69;91;111;3,8;,7;
2012-02-29;00:00;1,6;1000,2;1000,2;999,5;-9999;23,4;22,1;24,1;23,4;22,7;22;94;91;92;212;2,3;1,2;
2012-02-29;01:00;2;1001,5;1001,5;1000,2;-9999;23,1;22,1;23,5;23,1;22,3;21,9;94;92;94;312;2;,5;
2012-02-29;02:00;1,8;1002,3;1002,3;1001,4;-9999;23,2;22,3;23,3;23,1;22,3;22,1;95;94;95;119;1,4;,3;
2012-02-29;03:00;1;1002,4;1002,4;1002,3;-9999;23,3;22,3;23,3;23,1;22,4;22,1;95;94;94;222;1,3;,5;
2012-02-29;04:00;,2;1002,1;1002,4;1002,1;-9999;23,6;22,6;23,6;23,3;22,6;22,3;94;94;94;301;2,5;,7;
2012-02-29;05:00;0;1001,4;1002,1;1001,4;-9999;23,5;22,5;23,7;23,5;22,7;22,5;94;94;94;226;2,5;,9;
2012-02-29;06:00;0;1001;1001,4;1001;-9999;23,5;22,4;23,6;23,5;22,6;22,4;94;94;94;257;2,9;,7;
2012-02-29;07:00;,2;1000,9;1001;1000,8;-9999;23,4;22,2;23,5;23,4;22,5;22,2;94;93;93;226;2,6;1,2;
2012-02-29;08:00;0;1000,9;1001;1000,8;-9999;23,3;22,2;23,4;23,3;22,4;22,2;94;93;94;212;2,7;,7;
2012-02-29;09:00;0;1001,1;1001,1;1000,8;-9999;23,1;22,1;23,4;23,1;22,3;22;94;93;94;225;2;,7;
2012-02-29;10:00;0;1001,5;1001,5;1001,1;-9999;22,9;21,9;23,2;22,9;22,1;21,9;94;93;94;319;1,6;,6;
2012-02-29;11:00;0;1001,6;1001,6;1001,5;4,2;22,7;21,7;23,1;22,7;22,1;21,7;94;94;94;206;3,2;1,8;
2012-02-29;12:00;0;1002,4;1002,4;1001,6;174,6;22,7;21,6;22,9;22,7;21,9;21,5;94;93;93;204;3,1;,7;
2012-02-29;13:00;0;1003,2;1003,2;1002,4;404,7;23,3;21,9;23,4;22,7;22;21,5;94;91;92;159;2;1;
2012-02-29;14:00;0;1003,2;1003,3;1003,2;1106,4;25,1;22,3;25,1;23,3;22,8;21,7;93;84;85;70;2;,6;
2012-02-29;15:00;0;1003,1;1003,3;1003,1;2540,3;27,6;22,3;28,2;25,1;24,2;22,1;85;73;73;109;2,8;1;
2012-02-29;16:00;0;1002,2;1003,1;1002,2;3246,1;28,7;23,2;29,1;27;24,2;22,3;81;69;73;99;3;1,1;
2012-02-29;17:00;0;1001,1;1002,3;1001,1;2496,7;28,9;22,5;29,3;28,2;24;22;75;66;68;331;3,6;,7;
2012-02-29;18:00;0;999,4;1001,1;999,4;2600,6;30,4;24,4;30,4;28,7;24,4;22,4;75;65;70;111;3,4;1,1;
2012-02-29;19:00;0;997,8;999,4;997,8;2659,6;29,9;23,1;30,5;29,4;24;22,2;71;62;67;233;3,4;,8;
2012-02-29;20:00;0;997;997,8;997;2556,4;31,3;23,4;31,9;29,8;24,8;22,7;73;60;63;39;2,5;,9;
2012-02-29;21:00;0;997,2;997,3;997;1459,3;26,8;22,6;31,2;26,6;24,2;20,7;81;60;78;24;6,4;1,3;
2012-02-29;22:00;0;998,4;998,4;997,1;546,5;25,7;22,8;27,8;25,7;23,8;22,3;85;74;84;81;7,7;2,8;
2012-02-29;23:00;1,2;999,6;999,6;998,4;5,2;22,8;21,6;25,7;22,8;22,6;21,6;94;84;93;100;7,7;1,4;
2012-03-01;00:00;1,4;1000,4;1000,4;999,6;-9999;22,8;21,8;22,8;22,6;21,8;21,4;94;92;94;110;5,7;1,2;
2012-03-01;01:00;,2;1001;1001;1000,4;-9999;22,8;21,7;22,9;22,7;21,9;21,6;95;94;94;106;4;,7;
2012-03-01;02:00;0;1001,7;1001,7;1001;-9999;23;21,7;23;22,8;21,9;21,7;94;92;93;159;2,2;,6;
2012-03-01;03:00;0;1002,3;1002,3;1001,7;-9999;22,8;21,7;23,1;22,8;21,9;21,6;93;92;93;175;1,9;1,1;
2012-03-01;04:00;,2;1002,4;1002,4;1002,3;-9999;22,7;21,7;22,8;22,7;21,8;21,6;94;93;94;79;2,1;,4;
2012-03-01;05:00;0;1001,6;1002,4;1001,6;-9999;22,8;21,8;22,8;22,7;21,9;21,7;94;94;94;188;1,3;,6;
2012-03-01;06:00;0;1000,8;1001,6;1000,8;-9999;22,7;21,7;23;22,7;22;21,7;95;94;94;188;2,3;1,2;
2012-03-01;07:00;0;1000;1000,8;1000;-9999;22,5;21,5;22,7;22,4;21,7;21,4;94;93;94;204;3;1,4;
2012-03-01;08:00;0;1000,5;1000,5;999,9;-9999;22,5;21,4;22,6;22,4;21,5;21,3;94;93;93;174;2,5;,9;
2012-03-01;09:00;0;1000,9;1000,9;1000,5;-9999;22,4;21,5;22,5;22,3;21,5;21,3;95;93;95;90;2,3;,4;
2012-03-01;10:00;0;1001,3;1001,3;1000,9;-9999;22,2;21,3;22,5;22,2;21,6;21,3;95;94;94;88;2,6;,9;
2012-03-01;11:00;0;1002,2;1002,2;1001,3;17,9;22,3;21,4;22,3;21,9;21,4;21;95;94;95;95;2,9;1;
2012-03-01;12:00;0;1002,8;1002,8;1002,2;274,8;23,1;21,6;23,2;22,3;21,9;21,3;95;91;91;95;3,2;,8;
2012-03-01;13:00;0;1003,7;1003,7;1002,8;1025,9;24,5;22,1;24,8;23,1;22,7;21,7;92;85;86;107;3,4;1,2;
2012-03-01;14:00;0;1004,1;1004,2;1003,7;992,5;25,2;22,5;25,2;24,5;22,5;21,7;88;82;85;60;3,4;1,6;
2012-03-01;15:00;0;1003,9;1004,1;1003,9;2189,8;27,2;22,4;28,1;25,2;24;22;86;73;75;88;4;1,6;
2012-03-01;16:00;0;1003,4;1003,9;1003,4;2748,7;28,8;21,9;29,6;26,9;24;21,9;80;66;66;67;4,2;1,7;
2012-03-01;17:00;3,2;1002,4;1003,4;1002,4;1621,5;25,7;23,8;30;25,4;24,3;21,9;89;65;89;158;5,7;1,4;
2012-03-01;18:00;,4;1000,7;1002,4;1000,7;3006;30;23,9;30,1;25,7;24,9;21,8;91;63;70;293;2,5;,8;
2012-03-01;19:00;0;999,1;1000,7;999,1;1040,6;27,4;22,9;29,9;27,2;24,2;22,4;83;70;76;343;4,2;1,4;
2012-03-01;20:00;0;998,4;999,1;998,4;2443,1;28,9;23,8;29,2;27,4;24,3;22,8;78;71;74;312;5,1;2;
2012-03-01;21:00;18,8;999,9;1000,1;998,1;1083;23,2;22,3;30,2;22,9;24,3;21,2;95;65;94;81;13,6;2,4;
2012-03-01;22:00;,2;1000,2;1000,3;999,9;16;22,5;21,6;23,2;22,5;22,2;21,6;95;94;95;103;8,7;,8;
2012-03-01;23:00;0;1000,4;1000,4;1000,1;2,8;22,2;21,3;22,6;22,2;21,7;21,2;95;94;94;158;2,6;1;
2012-03-02;00:00;,2;1001;1001,1;1000,4;-9999;22,3;21,4;22,3;22,1;21,4;21,2;95;94;95;130;1,5;,3;
2012-03-02;01:00;0;1001,8;1001,8;1001;-9999;22;21,2;22,3;21,9;21,3;21,1;95;94;95;16;1,1;,3;
2012-03-02;02:00;0;1002,4;1002,4;1001,8;-9999;22,1;21,3;22,2;21,9;21,4;21,1;95;95;95;143;,9;,5;
2012-03-02;03:00;0;1002,3;1002,5;1002,2;-9999;21,9;21,1;22,3;21,8;21,5;21;95;95;95;22;1,5;,4;
2012-03-02;04:00;0;1002;1002,3;1002;-9999;21,9;21,1;22,1;21,8;21,3;21;95;95;95;339;1,3;,8;
2012-03-02;05:00;0;1001,5;1002;1001,5;-9999;21,7;20,9;22;21,7;21,2;20,9;95;95;95;55;2,1;,4;
2012-03-02;06:00;0;1001,3;1001,5;1001,2;-9999;21,6;20,8;21,7;21,6;20,9;20,8;95;95;95;48;1,3;,4;
2012-03-02;07:00;0;1000,9;1001,3;1000,9;-9999;21,7;20,9;21,8;21,6;21;20,8;95;95;95;14;1;,4;
2012-03-02;08:00;0;1000,8;1000,9;1000,7;-9999;21,9;21,1;21,9;21,7;21,1;20,9;95;95;95;124;1,3;,3;
2012-03-02;09:00;0;1001,2;1001,2;1000,8;-9999;21,9;21,1;22;21,8;21,2;21;95;95;95;29;1;,4;
2012-03-02;10:00;0;1001,5;1001,5;1001,2;-9999;21,8;21;21,9;21,7;21,1;21;95;95;95;29;1,2;,4;
2012-03-02;11:00;0;1002,3;1002,3;1001,5;8,3;21,8;21,1;21,8;21,7;21,1;21;96;95;96;351;,8;,2;
2012-03-02;12:00;0;1003,1;1003,1;1002,3;195,3;22,5;21,7;22,5;21,7;21,7;21;96;95;95;139;1,1;,5;
2012-03-02;13:00;0;1003,9;1003,9;1003,1;566,4;23,6;22,1;23,6;22,4;22,3;21,6;95;90;91;341;2;,6;
2012-03-02;14:00;0;1004,3;1004,3;1003,9;1103,9;25;21,9;25,2;23,6;22,4;21,7;92;83;83;175;2;,7;
2012-03-02;15:00;0;1004,2;1004,4;1004,2;1557,5;26,3;23,4;26,3;24,9;23,4;21,8;85;79;84;70;2,2;1;
2012-03-02;16:00;0;1003,6;1004,2;1003,6;2117,9;28,3;23,2;28,3;26,3;23,6;22;84;74;74;129;2,6;,8;
2012-03-02;17:00;0;1002,3;1003,6;1002,3;2517,9;28,6;22,7;29,1;27,7;23,8;22,3;76;68;70;182;4,2;2,1;
2012-03-02;18:00;0;1000,5;1002,3;1000,5;2914;29,7;21,7;30;28,3;24,2;21,7;72;62;62;80;4,1;1,4;
2012-03-02;19:00;0;998,8;1000,5;998,8;2910,6;30,5;22,7;30,7;29,3;23;21,4;68;58;63;158;3,7;1,1;
2012-03-02;20:00;0;997,2;998,8;997,2;2415,9;30,8;21,8;31,2;29,7;23,2;20,7;66;55;59;165;4,1;1,6;
2012-03-02;21:00;0;997;997,2;996,8;1878,7;31,7;20,9;31,7;30,6;22,9;20,6;61;53;53;287;3,5;,7;
2012-03-02;22:00;1,6;997,8;997,8;996,9;530,2;25,1;23,3;31,7;25,1;23,8;21,2;91;53;89;349;8,5;2,2;
2012-03-02;23:00;0;998,3;998,3;997,8;70,8;24,7;23,3;25,1;24,6;23,5;23,1;93;89;92;278;4,3;,4;
2012-03-03;00:00;0;999,6;999,6;998,3;-9999;24,4;23,3;24,7;24,2;23,4;23,1;94;92;93;153;1,7;,9;
2012-03-03;01:00;0;1000,5;1000,5;999,6;-9999;23,9;22,9;24,5;23,9;23,3;22,9;94;93;94;335;1,7;,7;
2012-03-03;02:00;0;1000,8;1000,9;1000,4;-9999;23,8;22,8;24;23,6;23;22,7;95;94;94;335;1,9;,5;
2012-03-03;03:00;,2;1001,5;1001,5;1000,7;-9999;23,7;22,8;23,9;23,7;23;22,7;95;94;95;45;2;,7;
2012-03-03;04:00;,2;1002,2;1002,3;1001,5;-9999;24;23,1;24;23,7;23,1;22,8;95;95;95;264;1,6;,2;
2012-03-03;05:00;0;1002,2;1002,3;1002,2;-9999;23,7;22,8;24;23,7;23,1;22,8;95;94;95;65;1,2;,5;
2012-03-03;06:00;0;1001,2;1002,2;1001,2;-9999;23,8;22,9;23,9;23,7;23;22,8;95;95;95;122;1,7;,5;
2012-03-03;07:00;0;1000,7;1001,2;1000,6;-9999;23,7;22,7;23,8;23,6;22,9;22,7;95;94;94;104;2,6;,9;
2012-03-03;08:00;,6;1000,2;1000,7;1000,2;-9999;23,6;22,6;23,7;23,5;22,7;22,5;95;94;95;139;2,9;,2;
2012-03-03;09:00;,2;1000,1;1000,2;999,9;-9999;23,1;22,2;23,6;23;22,6;22,1;95;94;95;359;1,8;,4;
2012-03-03;10:00;0;1000,3;1000,3;1000,1;-9999;22,9;22,1;23,2;22,8;22,2;21,8;95;94;95;57;1,3;,7;
2012-03-03;11:00;0;1000,9;1000,9;1000,3;18,2;22,8;21,9;23;22,7;22,1;21,8;95;94;95;116;1,5;,4;
2012-03-03;12:00;0;1002,3;1002,3;1000,9;483,6;24,7;22,7;24,8;22,7;23,2;21,8;95;89;89;137;2,7;,6;
2012-03-03;13:00;0;1003;1003;1002,3;1477,2;26,1;22,4;26,3;24,6;23,6;22,3;91;80;80;87;3,1;1,2;
2012-03-03;14:00;0;1003,6;1003,6;1003;1817,5;26,6;23,5;26,7;25,6;23,6;22;86;79;83;62;3;1,2;
2012-03-03;15:00;0;1003,4;1003,8;1003,4;2455,3;28,3;23,4;28,4;26,6;24,4;22;84;73;75;235;3,4;1;
2012-03-03;16:00;0;1002,5;1003,4;1002,5;1957,1;28,7;22,6;29;27,9;23,9;22,4;76;69;69;346;2,8;1,3;
2012-03-03;17:00;0;1001,2;1002,6;1001,2;3354,1;30,6;21,9;31,4;28,7;23,7;21,2;71;58;60;159;3,4;1,7;
2012-03-03;18:00;0;999,3;1001,2;999,3;2702,7;30,8;21,8;31,6;30;23;20,7;66;55;59;299;3,4;1,3;
2012-03-03;19:00;0;997,3;999,3;997,3;3307,7;31,8;22;32,1;30,8;23,1;20,5;61;52;56;204;4,7;1,3;
2012-03-03;20:00;0;996,6;997,3;996,6;2055,5;30,7;23,2;31,9;30,2;23,2;20,8;65;53;65;217;3,3;1,3;
2012-03-03;21:00;0;995,8;996,6;995,8;1978,8;32;21,8;32,3;30,6;22,5;20,7;65;51;55;253;4;1,2;
2012-03-03;22:00;1,4;997,6;997,6;995,8;456,7;24,8;22,9;32,3;24,8;24;20,6;90;51;90;158;5,7;2,4;
2012-03-03;23:00;,2;997,6;997,7;997,4;16,6;24,2;22,9;24,8;24,2;23,3;22,8;93;89;93;102;5,7;,4;
2012-03-04;00:00;0;999;999;997,6;-9999;23,8;22,8;24,2;23,8;23;22,8;94;93;94;108;1;,6;
2012-03-04;01:00;0;1000,1;1000,1;999;-9999;24,1;23;24,2;23,6;23,2;22,6;95;93;93;234;1,5;,8;
2012-03-04;02:00;0;1001,1;1001,1;1000,1;-9999;24;23;24,2;23,7;23,2;22,7;94;93;94;127;1,6;,5;
2012-03-04;03:00;0;1001,8;1001,8;1001,1;-9999;23,9;23;24,2;23,8;23,2;22,8;95;94;94;121;1;,5;
2012-03-04;04:00;0;1001,7;1002;1001,7;-9999;24,2;23,2;24,2;23,8;23,2;22,8;95;94;94;143;1,3;,4;
2012-03-04;05:00;0;1001,1;1001,7;1001,1;-9999;24,1;23;24,3;24;23,3;23;94;94;94;334;1,5;,6;
2012-03-04;06:00;0;1000,3;1001,1;1000,3;-9999;23,6;22,7;24,1;23,6;23;22,7;95;94;94;330;1,5;,5;
2012-03-04;07:00;0;999,9;1000,3;999,9;-9999;23,6;22,7;23,7;23,3;22,8;22,4;95;94;95;319;1,4;,4;
2012-03-04;08:00;0;1000;1000;999,7;-9999;23,8;22,9;23,8;23,4;22,9;22,5;95;94;95;296;1,4;,4;
2012-03-04;09:00;0;1000,6;1000,6;999,9;-9999;23,6;22,7;23,8;23,5;22,9;22,6;95;94;95;1;1,4;,6;
2012-03-04;10:00;,6;1000,7;1000,9;1000,4;-9999;23,6;22,7;23,8;23,6;22,9;22,7;95;94;94;179;2,3;1,1;
2012-03-04;11:00;0;1001,4;1001,4;1000,5;15,4;23,8;22,9;23,9;23,6;23;22,7;95;94;95;343;2,3;,6;
2012-03-04;12:00;0;1002,4;1002,4;1001,4;291;24,5;23,4;24,5;23,8;23,5;22,9;95;93;93;22;1,7;,8;
2012-03-04;13:00;0;1003,4;1003,4;1002,4;438;25,1;23,7;25,1;24,5;23,7;23,1;93;90;92;51;1,9;,7;
2012-03-04;14:00;0;1003,9;1003,9;1003,4;615,1;25,4;23,2;25,5;25,1;23,6;23;92;87;88;187;2,2;1;
2012-03-04;15:00;0;1003,6;1003,9;1003,6;1270,7;27,2;23,4;27,3;25,3;24,1;23;89;80;80;54;2,1;,8;
2012-03-04;16:00;,2;1002,9;1003,6;1002,8;2449,5;27,6;24,4;28,3;27,2;24,8;23,1;86;75;83;16;3,5;1,2;
2012-03-04;17:00;1,8;1001,2;1002,9;1001,2;1975,7;28,1;23,5;28,2;26,6;25;23,3;89;76;76;90;2,4;1;
2012-03-04;18:00;0;999,3;1001,2;999,3;2824,8;29,8;22,9;30,1;28;25,2;22,8;81;65;67;46;4;1,9;
2012-03-04;19:00;0;998;999,3;998;3022,2;30,7;22,6;30,9;29,7;24,5;22,5;72;61;62;79;4,4;2;
2012-03-04;20:00;10;997,4;998,1;997,4;1548,7;24,7;22,9;32,2;24,4;24,3;22;93;57;90;196;6;2,5;
2012-03-04;21:00;0;998,6;998,6;997,4;198,5;25;23,3;25,4;24,7;23,7;22,9;92;86;90;104;4,1;,9;
2012-03-04;22:00;,2;999,3;999,3;998,4;60,6;24,3;23;25;24,2;23,4;22,5;93;89;93;327;3,9;,6;
2012-03-04;23:00;0;1000;1000;999,2;4;24,3;23,1;24,5;24,2;23,3;22,9;93;92;93;271;3,2;,5;
2012-03-05;00:00;0;1001;1001;1000;-9999;24,3;23,2;24,4;24,2;23,2;22,9;94;92;94;233;2;,7;
2012-03-05;01:00;,2;1001,9;1002;1001;-9999;24;22,8;24,3;23,9;23,2;22,7;94;92;93;270;2,4;,7;
2012-03-05;02:00;0;1002,4;1002,5;1001,9;-9999;23,7;22,7;24;23,7;22,9;22,6;94;92;94;284;2,4;,6;
2012-03-05;03:00;0;1003;1003,3;1002,3;-9999;23,6;22,6;23,8;23,5;22,8;22,5;94;93;94;278;2,5;,4;
2012-03-05;04:00;0;1002,5;1003;1002,4;-9999;23,6;22,5;23,6;23,5;22,6;22,4;94;93;94;237;2,5;1,1;
2012-03-05;05:00;0;1002;1002,7;1002;-9999;23,5;22,4;23,6;23,4;22,5;22,3;94;93;94;270;2,4;,3;
2012-03-05;06:00;0;1001,2;1002;1001,2;-9999;23,3;22,3;23,5;23,3;22,4;22,3;94;94;94;209;1,4;,9;
2012-03-05;07:00;0;1000,2;1001,2;1000,2;-9999;23,1;22,1;23,4;23,1;22,4;22,1;94;94;94;201;2,2;1;
2012-03-05;08:00;0;1000;1000,2;999,9;-9999;23,1;22,1;23,2;23,1;22,3;22,1;95;94;94;199;2,3;1;
2012-03-05;09:00;0;1000,3;1000,3;999,9;-9999;23;22;23,2;22,9;22,2;21,9;95;94;94;199;2,1;1;
2012-03-05;10:00;0;1000,9;1000,9;1000,3;-9999;23;22;23;22,9;22,1;21,8;94;94;94;214;2,6;1,1;
2012-03-05;11:00;0;1001,6;1001,6;1000,9;19,7;23;22;23,1;22,9;22,1;21,9;94;94;94;287;2,1;,5;
2012-03-05;12:00;0;1003;1003;1001,6;223,8;23,9;22,4;23,9;23;22,5;22;94;91;91;248;1,4;,6;
2012-03-05;13:00;0;1003,5;1003,5;1003;584,7;24,2;22,2;24,2;23,8;22,5;22;92;89;89;216;2,9;,9;
2012-03-05;14:00;0;1003,9;1003,9;1003,5;1198,3;25,6;22,9;25,6;24,2;22,9;22,1;89;83;85;181;3,4;1,4;
2012-03-05;15:00;0;1003,5;1003,9;1003,5;2662,6;27,1;22,5;27,2;25,5;23,7;22,3;85;75;76;240;3,2;,9;
2012-03-05;16:00;0;1002,8;1003,5;1002,8;2353,5;28,6;23,1;28,7;27,2;23,7;22,3;79;70;72;340;2,7;1;
2012-03-05;17:00;0;1001,8;1002,8;1001,8;2294,4;29,7;23,1;29,9;28,5;23,6;22,3;73;66;68;234;3,1;1,2;
2012-03-05;18:00;0;1000,7;1001,8;1000,7;2296,4;30,1;22,2;30,3;29,4;23,6;22,1;70;63;63;314;2,5;,5;
2012-03-05;19:00;0;999,2;1000,7;999,2;2189,6;30,6;23,1;30,8;29,8;23,6;21,8;69;60;64;25;2,7;1,2;
2012-03-05;20:00;0;997,5;999,2;997,5;2322,8;30,2;23,6;31,8;30,1;23,6;21,3;68;57;68;201;3,8;1,3;
2012-03-05;21:00;0;996,9;997,6;996,9;707,8;29,1;22,6;30,8;29,1;23,8;21,7;72;60;68;140;3,2;,6;
2012-03-05;22:00;0;997;997;996,8;642,8;29,8;22,9;30,9;28,9;24;21,7;75;60;66;207;1,9;,5;
2012-03-05;23:00;0;997,7;997,7;997;59,9;26,6;23,3;29,8;26,6;24,1;23;83;66;82;311;1;,3;
2012-03-06;00:00;0;998,4;998,5;997,6;-9999;25,3;23,9;26,6;25,3;24,4;23,2;92;82;92;83;1,1;,4;
2012-03-06;01:00;0;999,9;999,9;998,4;-9999;24,6;23,4;25,3;24,6;24;23,4;94;92;93;25;,8;,5;
2012-03-06;02:00;0;1000,7;1000,7;999,9;-9999;24,3;23,3;24,6;24,3;23,5;23,2;94;93;94;239;1;,2;
2012-03-06;03:00;0;1001,8;1001,8;1000,7;-9999;24;23;24,4;24;23,4;23;94;94;94;67;2;,6;
2012-03-06;04:00;0;1001,3;1001,8;1001,3;-9999;24;22,5;24,7;23,5;23,2;22,2;94;89;91;80;4,9;,6;
2012-03-06;05:00;0;1000,6;1001,3;1000,6;-9999;23,5;22,2;24,1;23,5;22,6;22,2;93;90;93;51;1,7;,6;
2012-03-06;06:00;0;999,8;1000,6;999,8;-9999;23,6;22,5;23,8;23,4;22,6;22,2;94;93;93;9;3;,3;
2012-03-06;07:00;0;999,7;999,9;999,4;-9999;23;22;23,6;23;22,5;22;94;93;94;32;1,8;1,3;
2012-03-06;08:00;0;999,3;999,8;999,3;-9999;22,7;21,8;23,1;22,7;22,2;21,8;95;94;94;40;1,8;,7;
2012-03-06;09:00;0;999,7;999,7;999,2;-9999;22,7;21,8;22,9;22,6;22;21,6;95;94;95;317;1,6;1;
2012-03-06;10:00;0;1000,3;1000,3;999,7;-9999;22,3;21,5;22,8;22,3;21,9;21,3;95;94;95;55;1,6;,8;
2012-03-06;11:00;0;1001;1001;1000,3;31,4;22,5;21,7;22,6;22;21,8;21,1;95;94;95;26;1,8;,8;
2012-03-06;12:00;0;1002;1002;1001;334,7;24,1;22,7;24,1;22,4;22,9;21,6;95;92;92;309;1,5;,5;
2012-03-06;13:00;0;1002,6;1002,6;1002;1064,3;26,4;22,5;26,6;24,1;24,2;22,5;93;79;80;220;2,4;1,3;
2012-03-06;14:00;0;1002,7;1002,8;1002,6;2110,1;27,9;23;28;26,3;23,7;22,5;83;75;75;218;2,8;1,2;
2012-03-06;15:00;0;1002,1;1002,7;1002,1;2678,9;29,2;22,3;30;27,8;23,4;21,8;76;65;66;256;3,2;1,2;
2012-03-06;16:00;0;1001,4;1002,1;1001,4;3386,4;30,6;22;30,8;29;23,6;21,4;71;58;60;146;3,5;1,5;
2012-03-06;17:00;0;1000,5;1001,4;1000,5;3100,9;30,7;21,7;31,5;30,1;23,6;20,9;67;55;59;173;3,5;1,4;
2012-03-06;18:00;0;998,9;1000,5;998,9;3074;32,2;23,8;32,4;30,7;23,8;20,8;61;52;61;51;4,1;,9;
2012-03-06;19:00;0;997;998,9;997;2681,7;32,5;21,2;32,7;31;23,2;20,4;61;49;52;22;4;1,4;
2012-03-06;20:00;0;996,1;997;996,1;2386,9;32,5;20,1;33,1;30,9;22,8;19,8;59;47;48;64;4,5;1,4;
2012-03-06;21:00;0;995,6;996,1;995,6;1607,4;32,5;20,3;33,3;31,1;22,9;19,6;58;46;49;75;5;1,1;
2012-03-06;22:00;0;996,1;996,1;995,6;533,5;28,7;21,8;32,8;28,7;22,4;20,7;68;49;66;55;3,5;1,1;
2012-03-06;23:00;0;996,9;996,9;996,1;32,6;26,8;22,8;28,7;26,2;23,3;21,4;82;65;79;16;3,5;1,1;
2012-03-07;00:00;0;998,3;998,3;996,9;-9999;27;22,8;27,8;26,8;22,9;22,2;79;72;78;352;3,5;1,3;
2012-03-07;01:00;0;999,9;1000;998,3;-9999;26,4;23;27;25,1;23,6;22,7;89;78;82;165;3,2;1,4;
2012-03-07;02:00;0;1000,6;1000,6;999,8;-9999;25,7;22,5;26,4;25,7;23,1;22,3;83;80;82;194;3,2;,9;
2012-03-07;03:00;0;1000,8;1000,9;1000,6;-9999;24,7;22,7;25,7;24,7;22,9;22,3;90;82;89;150;2,6;1;
2012-03-07;04:00;,2;1000,4;1000,8;1000,4;-9999;24,1;22,7;24,7;24,1;23,2;22,6;93;89;92;160;1,9;,6;
2012-03-07;05:00;0;999,5;1000,4;999,5;-9999;23,9;22,7;24,1;23,9;23;22,6;94;91;93;332;1,3;,5;
2012-03-07;06:00;0;999,1;999,5;999,1;-9999;23,6;22,6;23,9;23,6;22,9;22,6;94;93;94;30;1;,5;
2012-03-07;07:00;0;998,8;999,1;998,8;-9999;23,7;22,4;23,7;23,4;22,8;22,4;95;92;92;187;3,3;1,5;
2012-03-07;08:00;0;998,8;998,9;998,7;-9999;23;22;23,7;23;22,3;21,9;94;92;94;147;3,3;,6;
2012-03-07;09:00;0;999,1;999,1;998,8;-9999;23,6;21,9;23,7;23;22,3;21,9;94;90;91;181;2,4;,7;
2012-03-07;10:00;0;999,5;999,5;999,1;-9999;23,4;22,1;23,6;23,2;22,1;21,9;93;90;92;194;2,6;1,2;
2012-03-07;11:00;0;1000,3;1000,3;999,5;24,1;23,5;22,3;23,5;23,3;22,4;22,1;93;92;93;225;2,8;,8;
2012-03-07;12:00;0;1001,1;1001,1;1000,3;372,2;24,1;22,9;24,1;23,5;22,9;22,2;93;92;93;166;3,6;,9;
2012-03-07;13:00;0;1001,8;1001,8;1001,1;969,4;25,3;23,1;25,3;24,1;23,4;22,6;93;86;88;167;3,6;2,1;
2012-03-07;14:00;0;1001,8;1001,9;1001,8;1489,7;27,9;23,8;27,9;25,3;24;22,8;88;79;79;117;5,4;1,6;
2012-03-07;15:00;0;1001,6;1001,9;1001,6;2194,1;29,1;23,4;29,5;27,4;24,3;22,3;79;69;71;109;6,5;1,4;
2012-03-07;16:00;0;1001;1001,7;1001;2596,7;30,2;23,5;30,3;28,5;23,8;22,3;73;66;68;131;4,5;1,9;
2012-03-07;17:00;0;999,9;1001;999,9;2598,7;30,3;22,9;30,9;29,5;24;21,9;69;62;65;152;4,6;1,4;
2012-03-07;18:00;0;998,3;999,9;998,3;2906,9;31,6;22,7;32;30,1;23,7;21,8;67;56;59;109;5,1;1,7;
2012-03-07;19:00;0;996,6;998,3;996,6;2899,2;32;21,9;32,6;30,7;23,5;21,1;62;52;55;118;5,1;1,4;
2012-03-07;20:00;0;995,6;996,6;995,6;2572,7;32,4;21,7;32,6;31,6;22,9;20,7;59;50;53;98;5,1;1,1;
2012-03-07;21:00;0;995,3;995,6;995,2;1660,8;32,2;22,2;32,8;31,5;22,5;20,4;58;50;56;114;3,8;,9;
2012-03-07;22:00;0;995,5;995,5;995,1;759,4;30,1;22,4;32,2;30,1;22,8;20,9;64;52;64;99;4,3;,6;
2012-03-07;23:00;0;996,7;996,7;995,5;50;26,7;22,9;30,1;26,7;23,6;22;80;63;80;278;1,7;,2;
2012-03-08;00:00;0;997,9;997,9;996,7;-9999;25,7;23,7;26,8;25,6;23,8;22,8;90;79;89;34;,8;,4;
2012-03-08;01:00;0;998,7;998,7;997,9;-9999;25,3;23,6;25,7;25,1;23,9;23,5;92;89;90;340;2;,7;
2012-03-08;02:00;0;999,7;999,7;998,7;-9999;25,1;23,7;25,3;24,6;23,8;23,2;93;90;92;254;2,1;,8;
2012-03-08;03:00;0;1000,6;1000,6;999,7;-9999;26,3;23,6;26,8;25,1;24;23,3;92;81;85;226;4,3;1,6;
2012-03-08;04:00;0;1000,2;1000,8;1000,2;-9999;25,7;23,5;26,3;25,7;23,8;23,5;89;85;88;305;3,6;1,2;
2012-03-08;05:00;1;999,7;1000,2;999,7;-9999;24,6;22,6;25,7;24,6;23,6;22,5;89;87;89;282;4,7;,9;
2012-03-08;06:00;41,8;1000,3;1000,3;999,5;-9999;22,3;21,4;24,6;22,3;22,5;21,4;95;88;95;360;6,9;2,7;
2012-03-08;07:00;50,4;1000,2;1000,8;1000;1,4;21,2;20,4;22,3;21,1;21,3;20,3;95;95;95;46;7,7;2,6;
2012-03-08;08:00;6;999,9;1000,2;999,7;0;21,2;20,5;21,4;21,1;20,7;20,4;96;95;96;127;5,4;,6;
2012-03-08;09:00;4;999,6;999,9;999,6;-9999;21,3;20,6;21,4;21,2;20,7;20,5;96;96;96;88;1,4;,2;
2012-03-08;10:00;6,2;999,9;999,9;999,6;-9999;21,5;20,8;21,6;21,3;20,8;20,6;96;96;96;127;1,1;,6;
2012-03-08;11:00;2,6;1000,4;1000,5;999,9;-9999;21,9;21,2;21,9;21,5;21,2;20,8;96;96;96;211;3,3;1,1;
2012-03-08;12:00;1,2;1001,5;1001,5;1000,4;120,6;22,3;21,5;22,3;21,8;21,5;21,1;96;96;96;177;1,9;,9;
2012-03-08;13:00;,2;1002,4;1002,4;1001,5;313,7;22,6;21,6;22,6;22,3;21,7;21,5;96;95;95;200;2,2;,9;
2012-03-08;14:00;2,2;1003,3;1003,3;1002,4;330,1;22,5;21,5;22,5;22,3;21,6;21,3;95;94;94;197;2,5;,7;
2012-03-08;15:00;1,6;1003,2;1003,5;1003,2;355,6;22,9;21,9;22,9;22,4;22;21,4;95;94;95;273;1,4;,5;
2012-03-08;16:00;,8;1002,5;1003,2;1002,5;700,7;23,7;22,6;23,7;22,8;22,6;21,8;95;92;93;11;1,8;,4;
2012-03-08;17:00;,2;1001,5;1002,5;1001,5;873,6;23,9;22,1;24,3;23,7;23;22,1;94;90;90;215;2,2;1,2;
2012-03-08;18:00;0;1000,2;1001,5;1000,2;687,2;24,5;22,7;24,8;23,9;23,2;22,2;92;89;90;292;2,2;,8;
2012-03-08;19:00;0;999,7;1000,2;999,7;340;24;22,7;24,6;23,8;22,9;22,3;93;90;93;234;2,8;,9;
2012-03-08;20:00;,4;999,2;999,7;999,2;514,9;24,3;22,9;24,3;23,8;23;22,3;93;90;92;204;2,2;,9;
2012-03-08;21:00;,2;998,8;999,2;998,8;576;24,9;23;25;24,3;23,4;22,6;92;88;89;240;2,3;,8;
2012-03-08;22:00;0;998,9;998,9;998,7;301,8;24,3;22,7;24,9;24,3;23,3;22,7;93;88;91;227;3,5;1;
2012-03-08;23:00;0;999,8;999,8;998,9;47,1;23,7;22,7;24,3;23,7;22,9;22,7;94;90;94;141;3,5;,6;
2012-03-09;00:00;0;1000,7;1000,7;999,8;-9999;23,4;22,5;23,7;23,4;22,7;22,5;95;94;95;102;1,1;,7;
2012-03-09;01:00;0;1001,6;1001,6;1000,7;-9999;23,3;22,5;23,5;23,2;22,6;22,4;95;95;95;144;1,4;,8;
2012-03-09;02:00;0;1002;1002;1001,6;-9999;23,2;22,3;23,4;23,1;22,5;22,2;95;95;95;335;1,3;,9;
2012-03-09;03:00;0;1002,4;1002,4;1002;-9999;23,4;22,5;23,4;23,2;22,5;22,3;95;95;95;219;1,3;,6;
2012-03-09;04:00;0;1002,3;1002,4;1002,3;-9999;23,3;22,4;23,5;23,2;22,6;22,2;95;94;95;192;1,6;,7;
2012-03-09;05:00;0;1001,9;1002,3;1001,9;-9999;23,4;22,5;23,4;23,1;22,5;22,2;95;94;95;184;2;1;
2012-03-09;06:00;0;1001,4;1001,9;1001,4;-9999;23,4;22,3;23,5;23,4;22,6;22,3;95;94;94;198;3,3;1,7;
2012-03-09;07:00;0;1001,1;1001,4;1001,1;-9999;23,2;22,3;23,4;23,2;22,3;22,2;95;93;94;201;3,2;1,4;
2012-03-09;08:00;,4;1000,8;1001,1;1000,8;-9999;23,2;22,2;23,3;23,2;22,3;22,2;95;94;94;207;2,5;,8;
2012-03-09;09:00;0;1001;1001;1000,8;-9999;23,2;22,1;23,3;23,1;22,3;22,1;94;94;94;163;2,4;,6;
2012-03-09;10:00;0;1001,5;1001,5;1001;-9999;23;21,8;23,2;23;22,2;21,8;94;93;93;170;3,3;1,6;
2012-03-09;11:00;0;1002,5;1002,5;1001,5;6;22,9;22;23;22,8;22;21,8;95;93;95;82;3,3;,7;
2012-03-09;12:00;3,4;1003,4;1003,4;1002,5;81;22,4;21,4;23;22,4;22,1;21,4;95;93;94;97;3,9;1;
2012-03-09;13:00;2,8;1004;1004;1003,4;271;23,1;22,1;23,1;22,3;22,2;21,2;95;94;94;120;3,8;,3;
2012-03-09;14:00;,4;1004,3;1004,3;1004;722,2;24,3;22,4;24,3;23,1;22,8;21,9;94;89;89;235;1,9;,5;
2012-03-09;15:00;0;1004,3;1004,5;1004,3;1035,2;25;21,9;25,1;24,3;22,8;21,6;90;82;83;20;2,2;,9;
2012-03-09;16:00;0;1003,7;1004,3;1003,7;1653;25,9;22,6;26,1;24,9;23,1;21,5;85;78;82;70;2,5;1,4;
2012-03-09;17:00;0;1003;1003,7;1003;1567,8;26,7;22,2;27;25,9;23,2;21,6;83;75;76;122;2,4;,8;
2012-03-09;18:00;0;1001,4;1003;1001,4;2248,7;27,8;22,7;28;26,7;23,1;21,3;77;69;74;267;2,5;,9;
2012-03-09;19:00;0;999,5;1001,4;999,5;1766,4;27,8;22,8;28,2;27,1;23,7;21,2;78;67;74;300;3,9;,9;
2012-03-09;20:00;,6;998,4;999,5;998,4;864,5;27,2;24,2;27,9;26,5;24,8;21,9;88;71;84;101;2,3;,6;
2012-03-09;21:00;0;998;998,4;997,9;1671,6;28,6;23,5;29;27,2;25,3;22,5;85;69;74;123;2,2;,6;
2012-03-09;22:00;0;998,6;998,6;998;404,5;27,2;23,2;28,8;26,5;23,9;22,4;85;69;79;317;2,3;,6;
2012-03-09;23:00;0;999,5;999,5;998,6;50,4;25,4;23,1;27,4;25,4;23,8;22,8;89;76;87;326;1,6;,6;
2012-03-10;00:00;17;1000,9;1000,9;999,4;-9999;24,2;23,3;25,5;23,9;23,6;23;95;87;95;275;3,1;,8;
2012-03-10;01:00;0;1001,7;1001,7;1000,8;-9999;23,5;22,3;24,2;23,5;23,2;22,3;95;93;93;338;3,5;1,4;
2012-03-10;02:00;,2;1002,7;1002,7;1001,7;-9999;23,1;22,1;23,5;23,1;22,3;22;94;93;94;71;3,4;,4;
2012-03-10;03:00;3,4;1003,2;1003,3;1002,7;-9999;23,3;22,4;23,4;23,1;22,4;22,1;95;94;95;355;2,3;1,2;
2012-03-10;04:00;12,8;1003,4;1003,6;1003,1;-9999;22,9;22;23,4;22,9;22,5;22;95;94;95;30;5,1;1,6;
2012-03-10;05:00;20,2;1002,7;1003,5;1002,7;-9999;22,6;21,7;22,9;22,5;22;21,7;95;95;95;209;4,9;1,1;
2012-03-10;06:00;27,2;1002,2;1002,8;1002,1;-9999;22,4;21,7;22,6;22,4;21,8;21,7;95;95;95;290;1,8;,5;
2012-03-10;07:00;6,6;1001,9;1002,2;1001,9;-9999;22,2;21,4;22,4;22;21,7;21,3;96;95;96;298;2;,7;
2012-03-10;08:00;2,2;1001,8;1002;1001,8;-9999;22,5;21,7;22,5;22,2;21,8;21,4;96;95;95;167;1,7;,8;
2012-03-10;09:00;1,6;1002,1;1002,1;1001,8;-9999;22,4;21,7;22,6;22,4;21,9;21,6;96;95;95;355;1,6;,6;
2012-03-10;10:00;1,2;1002,6;1002,6;1002,1;-9999;22,3;21,5;22,4;22,2;21,6;21,5;96;95;96;27;1,2;,3;
2012-03-10;11:00;1;1003,1;1003,1;1002,6;1,1;22,3;21,5;22,3;22,2;21,6;21,5;96;96;96;140;,9;,3;
2012-03-10;12:00;1;1004,2;1004,2;1003,1;70;22,3;21,5;22,4;22,3;21,6;21,5;96;95;95;141;1,5;,7;
2012-03-10;13:00;,4;1004,8;1004,8;1004,2;288,1;22,7;21,7;22,7;22,3;21,8;21,4;95;94;94;125;1,5;,4;
2012-03-10;14:00;0;1005,2;1005,2;1004,8;584,7;23,6;22,2;23,7;22,7;22,5;21,7;95;91;92;197;2,2;1,4;
2012-03-10;15:00;0;1004,8;1005,2;1004,8;1006,2;24,6;22,1;24,6;23,6;22,6;21,8;93;86;86;217;2,7;1,1;
2012-03-10;16:00;0;1003,9;1004,8;1003,9;1472,5;25,6;22,5;25,7;24,5;22,6;21,8;89;80;83;209;3,1;1,3;
2012-03-10;17:00;0;1003,1;1003,9;1003,1;1487,4;26,2;22,2;26,3;25,7;22,8;22;83;78;79;178;2,8;1,3;
2012-03-10;18:00;0;1002,5;1003,1;1002,5;1148,4;26,2;22,4;26,6;26,2;22,8;21,6;81;75;80;152;2,5;,7;
2012-03-10;19:00;0;1001,3;1002,5;1001,3;904,8;26;22,4;26,5;25,8;23,2;21,7;82;77;81;171;2,9;1,5;
2012-03-10;20:00;0;1000;1001,3;1000;700,3;25,5;22;26;25,5;22,8;21,9;85;80;81;154;3;1,2;
2012-03-10;21:00;0;999,2;1000;999,2;681,4;25,7;21,9;25,7;25,4;22,5;21,4;85;78;80;158;2,8;,8;
2012-03-10;22:00;0;999,2;999,3;999,1;401,5;25,2;22,1;25,7;25,2;22,6;21,6;85;78;83;161;1,8;,4;
2012-03-10;23:00;0;999,9;999,9;999,2;62,1;23,7;22;25,2;23,7;22,6;21,9;91;82;90;48;,9;,3;
2012-03-11;00:00;0;1000,9;1000,9;999,9;-9999;23,4;22,5;23,7;23,3;22,6;22,1;95;90;94;240;,8;,3;
2012-03-11;01:00;0;1002,1;1002,1;1000,9;-9999;23,2;22,3;23,4;23;22,4;22;95;94;95;244;1,3;,6;
2012-03-11;02:00;0;1002,7;1002,7;1002,1;-9999;22,8;21,9;23,2;22,5;22,3;21,6;95;94;95;285;1,3;,3;
2012-03-11;03:00;0;1003,1;1003,1;1002,8;-9999;22,5;21,7;22,8;22,3;21,9;21,4;95;95;95;237;,9;,3;
2012-03-11;04:00;0;1002,9;1003,2;1002,9;-9999;22,2;21,4;22,5;22;21,6;21,1;95;94;95;214;1;,5;
2012-03-11;05:00;0;1002,1;1002,9;1002,1;-9999;22,1;21,3;22,2;21,8;21,3;21;95;95;95;355;1,3;,3;
2012-03-11;06:00;0;1001,6;1002,1;1001,5;-9999;21,8;21;22,2;21,8;21,4;20,9;95;95;95;298;1;,3;
2012-03-11;07:00;0;1001,4;1001,7;1001,2;-9999;22;21,2;22,1;21,6;21,4;20,8;96;95;95;67;1,9;,5;
2012-03-11;08:00;0;1001,3;1001,6;1001,3;-9999;22,6;21,7;22,7;22;21,9;21,2;95;95;95;190;1,7;,8;
2012-03-11;09:00;17,8;1001,9;1002,1;1001,3;-9999;22,5;21,7;22,7;22,4;21,8;21,5;95;95;95;184;4,1;1,6;
2012-03-11;10:00;4,6;1002,4;1002,5;1001,8;-9999;22,5;21,7;22,7;22,5;21,9;21,7;95;95;95;210;4,8;,7;
2012-03-11;11:00;0;1003,2;1003,2;1002,4;3,4;22,4;21,7;22,5;22,3;21,7;21,5;95;95;95;337;1,7;,7;
2012-03-11;12:00;,2;1003,9;1003,9;1003,2;85,4;22,7;21,9;22,7;22,4;21,9;21,6;95;95;95;342;1,6;,6;
2012-03-11;13:00;,2;1004,6;1004,6;1003,9;491,9;23,6;22,5;23,6;22,7;22,7;21,9;95;92;93;156;1,5;,5;
2012-03-11;14:00;0;1005,1;1005,1;1004,6;1205,4;25,4;22,6;25,9;23,6;23,4;22,1;94;81;84;244;2,6;1;
2012-03-11;15:00;0;1004,7;1005,2;1004,7;1282;26,8;23,1;26,8;25,4;23,6;22,2;85;80;80;297;2,7;1;
2012-03-11;16:00;0;1003,7;1004,7;1003,7;2176,8;27,7;22,9;27,7;26,6;23,7;22,2;82;73;75;227;2,2;,9;
2012-03-11;17:00;0;1002,3;1003,7;1002,3;2690,4;29,3;23,9;29,3;27,7;24;22,3;79;70;73;300;3,9;1,5;
2012-03-11;18:00;14;1001,8;1002,3;1001,8;692,6;23,4;22,5;29,8;23,1;24,1;21,9;95;66;95;257;11,1;,8;
2012-03-11;19:00;,6;1000,6;1001,8;1000,6;464,9;24,4;23,4;24,4;23,3;23,4;22,4;95;93;94;355;3,7;1,5;
2012-03-11;20:00;0;1000;1000,6;1000;1041,7;24,9;22,8;25,2;24,3;23,6;22,4;94;86;88;353;3,8;1,4;
2012-03-11;21:00;0;999,9;1000;999,7;535,1;24,6;22,9;25,3;24,6;23,3;22,6;90;87;90;353;4,9;1,7;
2012-03-11;22:00;0;999,8;1000;999,3;192,7;24,1;22,8;24,6;24,1;22,9;22,6;92;90;92;59;3,6;,9;
2012-03-11;23:00;,2;1001,2;1001,2;999,5;40,5;23,9;22,9;24,1;23,9;22,9;22,6;94;91;94;85;3,1;,8;
2012-03-12;00:00;2;1001,7;1001,9;1001,2;-9999;23,5;22,5;23,9;23,5;22,9;22,5;94;94;94;110;2,7;,4;
2012-03-12;01:00;,4;1001,7;1001,8;1001,6;-9999;23,4;22,4;23,6;23,3;22,7;22,4;95;94;95;50;2,2;,7;
2012-03-12;02:00;0;1002,3;1002,3;1001,6;-9999;23,5;22,6;23,5;23,3;22,6;22,4;95;95;95;201;1,4;,5;
2012-03-12;03:00;,2;1003;1003;1002,3;-9999;23,4;22,5;23,5;23,3;22,6;22,4;95;94;94;211;1,5;,7;
2012-03-12;04:00;0;1002,5;1003;1002,5;-9999;23,1;22,2;23,5;23,1;22,4;22,2;95;94;95;340;1,9;,4;
2012-03-12;05:00;0;1001,8;1002,5;1001,8;-9999;23,2;22,3;23,2;23,1;22,3;22,2;95;95;95;214;2;1,1;
2012-03-12;06:00;0;1001;1001,8;1001;-9999;23;22;23,2;23;22,3;22;95;94;95;274;2;,3;
2012-03-12;07:00;0;1000,9;1001,1;1000,8;-9999;22,6;21,8;23;22,6;22,1;21,7;95;95;95;29;1;,7;
2012-03-12;08:00;0;1000,8;1000,9;1000,7;-9999;22,4;21,6;22,6;22,4;21,8;21,6;95;95;95;50;1,8;1,1;
2012-03-12;09:00;0;1000,7;1000,8;1000,7;-9999;22,6;21,8;22,6;22,3;21,8;21,6;95;95;95;139;1,8;,3;
2012-03-12;10:00;0;1001,4;1001,4;1000,7;-9999;22,6;21,8;22,6;22,5;21,9;21,7;95;95;95;55;,9;,6;
2012-03-12;11:00;0;1002,3;1002,3;1001,4;10,7;22,8;22;22,8;22,6;22;21,8;95;95;95;69;,9;,3;
2012-03-12;12:00;,2;1002,6;1002,6;1002,3;106,1;23,2;22,3;23,2;22,8;22,4;22;95;95;95;232;1,5;,9;
2012-03-12;13:00;0;1003,5;1003,5;1002,6;315,3;23,7;22,5;23,7;23,2;22,7;22,3;95;93;93;212;2,2;1,2;
2012-03-12;14:00;0;1004;1004,1;1003,5;782,6;24,9;23,1;24,9;23,6;23,1;22,3;94;88;90;241;2,2;,8;
2012-03-12;15:00;0;1003,8;1004,1;1003,8;1400,1;25,9;22,4;26;24,8;23,1;22,1;90;80;81;205;2,3;1;
2012-03-12;16:00;0;1003,3;1003,8;1003,3;2155,3;26,7;21,8;27,4;25,9;22,9;21,8;82;75;75;265;2,8;,8;
2012-03-12;17:00;0;1002,2;1003,3;1002,2;2558,9;28,6;22,3;28,9;26,7;23,4;21,7;77;68;69;306;3,2;1,2;
2012-03-12;18:00;0;1000,7;1002,2;1000,7;3532,9;29,9;22,6;30,6;28,4;24;21,8;73;62;65;245;3,9;1,4;
2012-03-12;19:00;0;999,3;1000,7;999,3;2593,6;30;22,1;30,2;28,6;23,6;21,5;72;62;62;20;3,9;1,1;
2012-03-12;20:00;0;998,2;999,3;998,2;2514;30,5;22,2;31,1;29,6;23,5;21;68;58;61;228;4,4;1,5;
2012-03-12;21:00;0;998,1;998,3;998,1;1354,6;30,4;22,1;30,8;29;23,1;21,5;71;59;61;230;4,4;1,2;
2012-03-12;22:00;0;998,2;998,2;997,9;702,6;29,5;22,1;31;29,5;23,1;21;65;57;65;213;2,5;,8;
2012-03-12;23:00;0;998,7;998,8;998;47,7;26,4;23,8;29,5;26,4;24;22,2;87;65;86;172;1,6;,8;
2012-03-13;00:00;,4;1000,2;1000,2;998,7;-9999;25,2;23,2;26,7;25,2;24,4;23;89;83;89;138;5,5;1,5;
2012-03-13;01:00;6;1001;1001;1000,2;-9999;24;23;25,2;24;23,3;23;94;89;94;45;4,2;,7;
2012-03-13;02:00;,2;1001,9;1001,9;1001;-9999;24;23,1;24,2;23,9;23,3;22,9;95;94;95;97;1,7;,5;
2012-03-13;03:00;0;1002;1002,2;1001,8;-9999;23,9;23;24,1;23,8;23,2;22,9;95;94;95;51;2;1;
2012-03-13;04:00;0;1001,7;1002;1001,5;-9999;23,7;22,8;24;23,7;23,1;22,8;95;94;95;25;2;,8;
2012-03-13;05:00;0;1001,1;1001,7;1001,1;-9999;23,9;23;23,9;23,7;23;22,8;95;95;95;181;2,2;,4;
2012-03-13;06:00;0;1000,6;1001,1;1000,5;-9999;23,7;22,9;23,9;23,6;23;22,7;95;95;95;7;2,3;,9;
2012-03-13;07:00;0;999,8;1000,6;999,8;-9999;23,6;22,7;23,8;23,6;23;22,7;95;95;95;165;2,1;,2;
2012-03-13;08:00;0;999,9;999,9;999,6;-9999;23,4;22,6;23,6;23,4;22,7;22,5;95;95;95;57;1;,4;
2012-03-13;09:00;0;1000,2;1000,3;999,8;-9999;23,4;22,6;23,5;23,3;22,7;22,5;95;95;95;143;1,4;,6;
2012-03-13;10:00;0;1000,3;1000,3;999,9;-9999;23,2;22,4;23,4;23,2;22,6;22,4;95;95;95;296;1,3;,5;
2012-03-13;11:00;0;1000,8;1000,8;1000,3;19;23,3;22,5;23,3;23,1;22,5;22,3;95;95;95;67;1,1;,4;
2012-03-13;12:00;0;1001,8;1001,8;1000,8;259,4;23,7;22,9;23,7;23,2;23;22,5;95;95;95;159;1,6;,4;
2012-03-13;13:00;,2;1002,6;1002,6;1001,8;798,6;26;23,8;26;23,7;23,8;22,9;95;87;88;89;1,6;,5;
2012-03-13;14:00;0;1003;1003,1;1002,7;966,3;26,2;23,1;26,5;25,5;24,1;23;89;83;83;302;1,9;,7;
2012-03-13;15:00;0;1003;1003,2;1003;957,7;26,8;23,4;27,1;26,2;23,8;22,9;85;81;82;227;2,3;,8;
2012-03-13;16:00;0;1002,4;1003;1002,4;1741,8;27,9;23,2;27,9;26,6;24;22,8;83;75;76;230;2,7;1,2;
2012-03-13;17:00;0;1001,1;1002,4;1001,1;2302,6;28,8;23,6;29;27,9;23,7;22,4;77;68;74;220;3,3;1,1;
2012-03-13;18:00;0;999,3;1001,1;999,3;3248,1;30;22,4;30,1;28,7;24;21,6;74;64;64;209;2,9;1,3;
2012-03-13;19:00;0;998,2;999,3;998,2;3313;30,6;22,7;31,3;29,7;23,2;21,3;67;58;63;332;4,2;1,2;
2012-03-13;20:00;0;997,3;998,2;997,2;2079,1;31,6;23,1;31,6;30,5;23,9;22;66;58;61;337;2,9;,7;
2012-03-13;21:00;0;997,3;997,4;997,2;1020;29,3;23,4;31,7;29,3;24,1;22,2;72;58;71;307;3,3;1,2;
2012-03-13;22:00;9,4;998,3;998,3;997,3;168,1;24,7;23,7;29,4;24,7;24,1;22,8;94;68;94;48;6,1;2,5;
2012-03-13;23:00;6,2;999,1;999,1;998,2;11,4;24,2;23,1;24,7;23,6;23,7;22,2;94;92;94;336;4,5;1,4;
2012-03-14;00:00;,2;999,7;999,8;999,1;-9999;24;23;24,2;23,7;23,1;22,7;95;92;95;282;3,3;,7;
2012-03-14;01:00;0;1000,7;1000,7;999,6;-9999;24,1;23,2;24,3;23,9;23,4;23;95;94;95;158;2,1;,8;
2012-03-14;02:00;0;1000,8;1001;1000,7;-9999;23,7;22,8;24,1;23,7;23,2;22,8;95;94;95;43;1,7;,8;
2012-03-14;03:00;0;1001,3;1001,3;1000,8;-9999;23,7;22,9;23,8;23,6;23;22,8;95;95;95;201;1,3;,5;
2012-03-14;04:00;0;1001,2;1001,4;1001,1;-9999;24;23,1;24;23,7;23,1;22,9;95;95;95;240;1,9;,4;
2012-03-14;05:00;0;1000,3;1001,2;1000,3;-9999;23,6;22,7;24;23,5;23,1;22,6;95;94;95;227;1,4;,6;
2012-03-14;06:00;0;999,8;1000,3;999,7;-9999;23,6;22,7;23,7;23,4;22,8;22,5;95;94;95;285;1,6;,6;
2012-03-14;07:00;0;999,8;999,9;999,8;-9999;23,2;22,3;23,6;23,2;22,7;22,3;95;94;95;347;1,7;,2;
2012-03-14;08:00;0;999,8;999,8;999,5;-9999;23,2;22,4;23,3;23;22,4;22,1;95;95;95;323;1,2;,6;
2012-03-14;09:00;0;1000,1;1000,1;999,8;-9999;23,4;22,6;23,4;23,2;22,6;22,3;95;95;95;279;1,3;,4;
2012-03-14;10:00;0;1000,8;1000,8;1000,1;-9999;23,5;22,7;23,5;23,3;22,7;22,5;95;95;95;308;1,3;,3;
2012-03-14;11:00;0;1001,6;1001,6;1000,8;13,2;23,8;22,9;23,8;23,5;23;22,7;95;95;95;208;1,4;,6;
2012-03-14;12:00;0;1002,2;1002,3;1001,6;189,9;24,3;23,4;24,3;23,7;23,4;22,9;95;94;95;243;2;1;
2012-03-14;13:00;0;1002,9;1002,9;1002,2;1009,5;25,6;23,3;25,6;24,3;23,8;23,1;95;87;87;222;2,1;1;
2012-03-14;14:00;0;1003,7;1003,7;1002,9;1351,4;26,7;22,9;26,7;25,6;23,7;22,6;88;80;80;234;2,8;,7;
2012-03-14;15:00;0;1003,3;1003,7;1003,3;1696;27,5;23;27,8;26,5;23,7;22,6;82;75;76;69;2,5;,4;
2012-03-14;16:00;0;1002,5;1003,3;1002,5;2899,8;29,2;23,1;29,4;27,5;23,9;22,3;78;68;70;234;3,1;1,2;
2012-03-14;17:00;0;1001,3;1002,5;1001,3;2625,9;29,8;22,3;30,6;28,7;24;22,1;74;64;64;186;3;1,3;
2012-03-14;18:00;0;1000;1001,3;1000;2781,8;30,5;22,6;31,3;29,4;23,8;22,1;69;60;63;155;3,5;1,1;
2012-03-14;19:00;0;999,1;1000;998,9;1629;30;23,2;30,9;29,6;24,6;22,4;74;62;67;170;3,5;1,2;
2012-03-14;20:00;0;998,4;999,1;998,4;1670,7;29,7;23,9;30,8;29,5;24,2;22,8;72;63;71;176;5,4;2,4;
2012-03-14;21:00;0;997,9;998,4;997,7;812,8;27,2;24,3;30;27,1;24,6;23,5;85;69;85;122;5,8;,8;
2012-03-14;22:00;0;997,6;997,9;997,5;117,3;25,9;23,7;27,1;25,9;24,3;23,4;88;83;88;152;4,1;,9;
2012-03-14;23:00;0;998,8;998,8;997,6;17,1;25,4;23,7;25,9;25,3;24;23,7;92;88;91;189;1,9;,9;
2012-03-15;00:00;0;999,4;999,4;998,8;-9999;25,1;23,7;25,4;25;23,7;23,4;92;90;92;193;1,7;,6;
2012-03-15;01:00;0;1000,2;1000,2;999,4;-9999;24,5;22,9;25,1;24,5;23,6;22,9;92;89;91;199;2;,8;
2012-03-15;02:00;0;1001;1001;1000,2;-9999;24,2;22,8;24,6;24,2;23,1;22,8;93;90;92;195;1,8;,5;
2012-03-15;03:00;0;1001,6;1001,6;1001;-9999;24,1;22,8;24,3;24;23;22,7;93;92;93;184;2,6;,7;
2012-03-15;04:00;0;1001,3;1001,7;1001,3;-9999;23,5;22,4;24,3;23,5;22,9;22,4;94;91;94;141;2,3;,5;
2012-03-15;05:00;0;1000,7;1001,3;1000,7;-9999;23,3;22,4;23,5;23,2;22,5;22,2;95;94;95;240;,9;,4;
2012-03-15;06:00;0;1000;1000,7;1000;-9999;23,1;22,3;23,4;22,9;22,5;22;95;94;95;198;1,1;,5;
2012-03-15;07:00;0;999,8;1000;999,8;-9999;22,9;22;23,2;22,8;22,4;21,9;95;94;95;298;1,1;,3;
2012-03-15;08:00;0;1000;1000;999,8;-9999;22,6;21,7;23,1;22,6;22,2;21,7;95;95;95;294;1,2;,2;
2012-03-15;09:00;0;1000,5;1000,5;1000;-9999;22,6;21,8;22,7;22,5;21,9;21,7;95;95;95;350;1,1;,2;
2012-03-15;10:00;,2;1001;1001;1000,5;-9999;22,8;22;23;22,6;22,2;21,7;95;95;95;260;1,4;,6;
2012-03-15;11:00;0;1002;1002;1001;20,9;23,2;22,3;23,2;22,7;22,4;21,8;95;95;95;204;1,4;,7;
2012-03-15;12:00;0;1002,5;1002,5;1002;283,5;24,2;23,1;24,2;23,2;23,1;22,4;95;93;93;263;2,1;,9;
2012-03-15;13:00;0;1003,3;1003,3;1002,5;679,3;25,3;23,3;25,3;24,2;23,5;22,9;94;88;89;231;2,7;1,2;
2012-03-15;14:00;0;1003,9;1004;1003,2;1407;26,1;23,3;26,3;25,2;23,8;23;89;84;85;205;3,5;1,3;
2012-03-15;15:00;0;1003,8;1004;1003,8;2479,6;29,3;24,1;29,3;26,1;24,6;23,1;85;74;74;243;3,3;1,3;
2012-03-15;16:00;0;1003,1;1003,7;1003,1;2829,7;29,9;23,2;30,9;28,8;24,9;23,2;77;66;67;156;5,4;1,9;
2012-03-15;17:00;0;1001,6;1003,1;1001,6;2354;29,7;24,8;31,1;29,5;25,3;23,2;76;67;75;146;4,3;1,7;
2012-03-15;18:00;0;999,8;1001,6;999,8;3152,7;32,1;22,5;32,5;29,7;25,6;21,8;79;55;57;80;4,3;1,2;
2012-03-15;19:00;,2;998,9;999,7;998,8;2540,4;27,5;23,6;32,8;27,5;25,2;22;80;54;79;79;8,6;2,8;
2012-03-15;20:00;0;997,9;998,9;997,9;1995,8;29,8;23;29,8;27,1;24,6;22,6;83;65;67;60;8,6;2,3;
2012-03-15;21:00;0;997,7;998;997,5;750,1;29;24,3;30,2;28,7;24,9;23,2;80;66;76;352;4,4;,9;
2012-03-15;22:00;0;998;998;997,5;399,9;27,7;24,4;29,1;27,7;25;23,9;84;75;82;336;2,7;,8;
2012-03-15;23:00;0;998,6;998,7;998;23,1;25,3;21,2;27,8;25,2;25,1;20,7;89;73;78;14;5,7;,6;
2012-03-16;00:00;0;999,3;999,3;998,5;-9999;24,4;21,2;25,4;24,2;22;20,8;86;77;82;313;1,7;,6;
2012-03-16;01:00;0;999,9;999,9;999,2;-9999;23,5;22,1;24,4;23,5;22,1;21,1;92;82;92;63;1,2;,9;
2012-03-16;02:00;0;1001;1001;999,9;-9999;23,4;22,1;23,5;23,3;22,2;21,9;93;91;92;55;1,2;,8;
2012-03-16;03:00;0;1002,3;1002,3;1001;-9999;23,3;22,3;23,4;23,3;22,3;22;94;92;94;102;1,3;,4;
2012-03-16;04:00;0;1002,3;1002,4;1002,3;-9999;23;22;23,7;23;22,6;21,9;94;93;94;164;1;,4;
2012-03-16;05:00;0;1001,6;1002,3;1001,6;-9999;24,1;22,9;24,2;23;23,2;22,1;95;93;93;211;2,3;1;
2012-03-16;06:00;0;1000,8;1001,6;1000,8;-9999;24;23;24,1;23,9;23;22,7;94;93;94;232;2,3;1;
2012-03-16;07:00;0;1000,6;1000,8;1000,5;-9999;24,1;23;24,1;24;23,1;23;94;93;94;227;3,1;,9;
2012-03-16;08:00;0;1000,4;1000,6;1000,4;-9999;23,9;22,9;24,2;23,9;23,1;22,9;94;93;94;180;4,2;1,7;
2012-03-16;09:00;0;1000,7;1000,7;1000,4;-9999;24;22,9;24;23,8;23;22,9;94;94;94;154;4,1;1,3;
2012-03-16;10:00;0;1001;1001;1000,7;-9999;24,1;22,9;24,1;24;23;22,9;94;93;93;150;4;,8;
2012-03-16;11:00;0;1001,7;1001,7;1001;8,3;24,4;23;24,4;24,1;23;22,9;94;91;92;189;3,5;1,4;
2012-03-16;12:00;0;1002,5;1002,5;1001,7;225,2;24,9;23,1;24,9;24,4;23,1;22,9;92;89;90;166;4;1,6;
2012-03-16;13:00;0;1003,4;1003,4;1002,5;794,4;26,2;23,4;26,2;24,9;23,5;23;91;84;85;158;3,7;1,3;
2012-03-16;14:00;0;1003,7;1003,7;1003,4;983,9;27,1;23,7;27,2;26;24,1;23;85;79;81;106;3;1,2;
2012-03-16;15:00;0;1003,5;1003,8;1003,5;1697;29;23,7;29,1;27,1;24,5;22,9;83;73;73;148;4,5;1,5;
2012-03-16;16:00;0;1002,7;1003,5;1002,7;2618,8;30,5;23,2;31;28,3;24,5;23,1;76;63;65;133;4,5;1,5;
2012-03-16;17:00;0;1001,5;1002,8;1001,5;2624,5;30,6;23,1;31,2;29,6;24,4;22,6;73;59;64;156;5;1,7;
2012-03-16;18:00;0;1000;1001,5;1000;2536;30,6;23,1;31,7;30,1;23,8;21,9;67;57;65;139;5,6;2;
2012-03-16;19:00;0;998,5;1000;998,5;3061,9;32,1;22,5;32,3;30,5;23,9;21,4;67;54;57;145;4,6;1,9;
2012-03-16;20:00;0;997,3;998,5;997,3;2446,1;32,3;21,6;32,7;31,7;24,2;21,4;63;52;53;81;4,8;1,6;
2012-03-16;21:00;0;997,3;997,4;997,2;1617,8;31,8;22;32,7;31,7;22,8;21,4;59;52;56;153;4,1;1,4;
2012-03-16;22:00;0;997,4;997,4;997,2;652,9;30,7;23,5;31,8;30,6;23,5;21,3;67;54;66;118;4,1;,6;
2012-03-16;23:00;0;998,6;998,6;997,4;41,4;27,4;24,2;30,7;27,3;24,7;22,6;86;63;83;146;1,6;,7;
2012-03-17;00:00;0;999,7;999,7;998,6;-9999;27,5;23,7;27,7;26,9;24,5;23,6;86;79;80;200;2,4;1,3;
2012-03-17;01:00;0;1000,9;1000,9;999,6;-9999;25,9;23,9;27,5;25,9;24;23,5;89;79;89;76;2,6;,9;
2012-03-17;02:00;0;1002,3;1002,3;1000,9;-9999;25,7;23,9;26,2;25,7;24,2;23,8;90;88;90;232;1,9;,7;
2012-03-17;03:00;0;1002,3;1002,5;1002,1;-9999;25,5;23,3;25,8;25,5;24,1;23,3;92;88;88;210;2,4;1,1;
2012-03-17;04:00;0;1002,2;1002,4;1002,1;-9999;24,7;23;25,6;24,6;23,5;22,9;91;87;90;303;2,4;,6;
2012-03-17;05:00;0;1001,1;1002,2;1001,1;-9999;24,5;22,7;24,7;24,5;23;22,5;91;89;90;281;2,1;,5;
2012-03-17;06:00;0;1000,9;1001,1;1000,8;-9999;24,4;22,7;24,8;24,3;22,8;22,6;91;88;90;271;3,4;,4;
2012-03-17;07:00;0;1000,4;1000,9;1000,4;-9999;24,6;22,9;24,6;24,3;23;22,7;92;90;91;228;1,5;,7;
2012-03-17;08:00;1;1000,2;1000,4;1000,2;-9999;23,9;22,8;24,6;23,9;23;22,7;94;90;94;7;3,5;,9;
2012-03-17;09:00;1,2;1000,3;1000,3;1000,1;-9999;23,8;22,9;24,1;23,8;23;22,8;94;93;94;72;1,9;,7;
2012-03-17;10:00;2,6;1000,7;1000,7;1000,2;-9999;23,9;23;23,9;23,8;23;22,8;95;94;95;266;2,5;,3;
2012-03-17;11:00;1,2;1001,5;1001,5;1000,7;6,7;23,8;22,7;24,1;23,8;23,1;22,7;95;93;94;252;3,6;1;
2012-03-17;12:00;,6;1003,1;1003,1;1001,5;66;23,7;22,5;23,8;23,7;22,8;22,5;94;92;93;260;3,6;,4;
2012-03-17;13:00;3,4;1004,3;1004,3;1003,1;38,4;23,4;22,4;23,7;23,4;22,7;22,3;94;93;94;200;3,1;1,4;
2012-03-17;14:00;4,8;1004,7;1004,7;1004,3;49,1;23,4;22,3;23,4;23,3;22,5;22,2;95;93;93;218;4,2;1,7;
2012-03-17;15:00;2;1004,8;1005,1;1004,7;291,6;23,8;22,8;23,8;23,3;22,8;22,1;94;92;94;280;3,9;,6;
2012-03-17;16:00;,6;1004,2;1004,8;1004,2;759,3;24,2;22,7;24,3;23,8;23;22,3;94;90;92;225;3,2;1,6;
2012-03-17;17:00;0;1003;1004,2;1003;1700,4;26,1;23,1;26,2;24,1;23,6;22,4;92;82;84;223;3,9;1,6;
2012-03-17;18:00;0;1001;1002,9;1001;2064,9;27,3;22,8;27,3;25,7;23,7;22,3;86;77;77;255;4,8;1,5;
2012-03-17;19:00;0;999,6;1001;999,6;2059,1;27,6;22,8;28,3;27;24,1;22,2;81;72;75;244;4,6;1,5;
2012-03-17;20:00;0;998,1;999,6;998,1;1729,9;27,7;22,6;28,3;27,2;23,7;22,2;79;71;74;261;4,6;1,6;
2012-03-17;21:00;0;997,7;998,1;997,5;880,7;26,9;22,9;28,4;26,6;23,4;22,5;81;72;79;351;4,1;1;
2012-03-17;22:00;0;998,9;998,9;997,7;613,5;26,7;23,7;27,6;26,6;23,7;22,4;83;74;83;27;2,1;,6;
2012-03-17;23:00;0;999,6;999,6;998,9;51,2;24,9;23,5;26,7;24,9;23,8;23;92;81;92;65;1,3;,9;
2012-03-18;00:00;0;999,6;999,7;999,5;-9999;24,5;23,3;25,1;24,5;23,8;23,3;93;91;93;288;1,2;,4;
2012-03-18;01:00;0;1000,7;1000,7;999,5;-9999;24,3;23,2;24,7;24,2;23,5;23,1;94;92;93;329;1,6;,7;
2012-03-18;02:00;0;1002,1;1002,1;1000,7;-9999;24,2;23,1;24,4;24,2;23,3;23,1;94;93;93;315;1,4;,6;
2012-03-18;03:00;0;1003,1;1003,1;1002,1;-9999;24;22,8;24,3;24;23,1;22,8;94;92;93;84;2,3;,7;
2012-03-18;04:00;0;1002,5;1003,2;1002,4;-9999;23,7;22,7;24;23,7;23;22,7;94;93;94;334;1,8;,8;
2012-03-18;05:00;0;1002;1002,5;1002;-9999;23,7;22,7;23,9;23,6;22,9;22,6;94;93;94;349;1,7;,6;
2012-03-18;06:00;0;1001,5;1002;1001,4;-9999;23,4;22,5;23,7;23,4;22,8;22,5;95;94;94;112;1,6;,7;
2012-03-18;07:00;0;1000,8;1001,5;1000,8;-9999;23,5;22,6;23,5;23,4;22,6;22,5;95;94;95;221;1,8;,5;
2012-03-18;08:00;0;1000,7;1000,8;1000,6;-9999;23,4;22,5;23,6;23,4;22,6;22,4;95;94;95;81;1,6;,6;
2012-03-18;09:00;0;1000,8;1000,8;1000,7;-9999;23,6;22,7;23,6;23,3;22,8;22,5;95;95;95;293;2,2;,4;
2012-03-18;10:00;0;1001,1;1001,1;1000,8;-9999;23,5;22,4;23,8;23,5;22,9;22,4;95;93;93;214;1,7;,5;
2012-03-18;11:00;0;1001,9;1001,9;1001,1;5,2;23,5;22,5;23,6;23,3;22,6;22,3;95;93;95;141;1,7;,6;
2012-03-18;12:00;0;1003;1003;1001,9;79,3;23,7;22,7;23,7;23,4;22,7;22,5;95;94;94;13;1,4;,7;
2012-03-18;13:00;0;1003,8;1003,8;1003;413,9;24,6;23,1;24,6;23,7;23,2;22,7;94;91;91;51;1,2;,5;
2012-03-18;14:00;,4;1004,7;1004,7;1003,8;408,8;24,7;23,3;24,9;24,4;23,4;22,8;93;89;92;4;2,7;1,1;
2012-03-18;15:00;1,8;1004,5;1004,7;1004,4;431,3;24,5;23,2;24,7;24;23,3;22,7;93;91;92;13;4,1;1,5;
2012-03-18;16:00;0;1003,8;1004,5;1003,8;426,2;24,4;22,5;24,8;24,4;23,5;22,4;93;88;89;13;4,6;1,3;
2012-03-18;17:00;0;1002,9;1003,8;1002,9;581,1;25,4;22,7;25,4;24,4;23,1;22,3;90;84;85;102;3,6;,7;
2012-03-18;18:00;,8;1001,5;1002,9;1001,5;401,3;24;22,5;25,4;24;23,3;22,4;92;84;92;121;2,7;,8;
2012-03-18;19:00;2;1000,2;1001,5;1000,2;200,6;23,1;22,1;24;23,1;22,8;22;94;92;94;153;4;1,6;
2012-03-18;20:00;,6;999,5;1000,2;999,5;365,6;23,8;22,7;23,8;23,1;22,8;22,1;94;93;94;141;3,1;,6;
2012-03-18;21:00;0;998,7;999,6;998,7;403,4;23,9;22,5;23,9;23,7;22,8;22,2;94;91;92;114;3,3;,7;
2012-03-18;22:00;0;997,9;998,7;997,9;214,8;23,8;22,5;24;23,7;22,7;22,3;93;91;92;199;2,9;1,7;
2012-03-18;23:00;0;998,1;998,1;997,9;48,3;23,2;22,3;23,8;23,2;22,6;22,2;95;92;95;50;2,9;,7;
2012-03-19;00:00;0;999,4;999,4;998,1;-9999;23;22,1;23,2;22,9;22,3;22;95;95;95;324;1,8;1;
2012-03-19;01:00;0;1000,3;1000,3;999,4;-9999;23;22,2;23;22,8;22,2;22;95;95;95;335;2,5;1,3;
2012-03-19;02:00;0;1001,2;1001,2;1000,3;-9999;22,9;22;23;22,9;22,2;22;95;95;95;319;2,4;1;
2012-03-19;03:00;0;1001,6;1001,6;1001,2;-9999;22,6;21,8;22,9;22,6;22;21,8;95;95;95;118;2,2;,2;
2012-03-19;04:00;0;1001;1001,6;1001;-9999;22,9;22,1;22,9;22,6;22,1;21,8;95;95;95;224;1,9;,8;
2012-03-19;05:00;0;1000,3;1001;1000,3;-9999;22,5;21,6;22,9;22,5;22,1;21,6;95;95;95;128;2,1;,4;
2012-03-19;06:00;0;999,5;1000,3;999,5;-9999;22,3;21,5;22,5;22,2;21,6;21,4;95;95;95;153;2;,9;
2012-03-19;07:00;0;999,3;999,5;999,3;-9999;22,4;21,6;22,4;22;21,7;21,2;95;95;95;166;2;,5;
2012-03-19;08:00;0;999,2;999,3;999,2;-9999;22,3;21,5;22,4;22;21,6;21,2;95;95;95;76;1,3;,6;
2012-03-19;09:00;,2;999,2;999,3;999,1;-9999;22;21,3;22,3;22;21,6;21,3;96;95;96;33;1,4;,8;
2012-03-19;10:00;0;1000;1000;999,3;-9999;22,1;21,4;22,1;22;21,4;21,3;96;96;96;68;1,6;,7;
2012-03-19;11:00;0;1001;1001;1000;19,2;22,4;21,6;22,4;22,1;21,6;21,4;96;96;96;169;1,5;,2;
2012-03-19;12:00;0;1001,6;1001,6;1001;196,7;22,9;22,2;22,9;22,3;22,2;21,6;96;96;96;91;1,3;,6;
2012-03-19;13:00;0;1002,2;1002,2;1001,6;607,5;24,2;22,8;24,2;22,9;23,2;22,2;96;92;92;92;2;,9;
2012-03-19;14:00;0;1002,8;1002,8;1002,2;891,8;25,2;23;25,3;24,2;23,4;22,6;93;86;88;111;2,6;,6;
2012-03-19;15:00;0;1002,8;1003;1002,8;958,5;25,8;23;26;25,1;23,4;22,5;90;83;84;125;2,2;,7;
2012-03-19;16:00;0;1001,9;1002,8;1001,9;1846,4;28,4;23,8;28,4;25,6;24;22,6;86;74;76;80;2,7;,9;
2012-03-19;17:00;0;1000,4;1001,9;1000,4;2923,8;29,6;23;30;28,3;24,5;22,3;79;67;68;121;3,6;1,2;
2012-03-19;18:00;0;999;1000,4;999;3278,1;30,5;23,6;31,1;29,3;25;22,6;76;64;67;89;5,2;1,5;
2012-03-19;19:00;0;997,5;999;997,5;2323,5;31,5;24;31,6;29,7;24,8;22,4;75;61;64;61;3,6;1,6;
2012-03-19;20:00;0;996,3;997,5;996,3;1900,3;31,2;22;31,8;29,2;24,4;21,4;76;56;58;117;3,4;,5;
2012-03-19;21:00;0;995,5;996,3;995,5;1437,8;30,8;23,2;32,2;29,6;24,5;21,8;72;57;64;87;3,8;1,2;
2012-03-19;22:00;0;995,8;995,8;995,4;715,7;29,2;22,9;31,7;29,2;23,8;22,2;70;59;69;60;2,7;1;
2012-03-19;23:00;0;996,9;996,9;995,8;28,5;26,4;23,7;29,2;26;24,2;22,9;88;69;85;60;6,1;1,7;
2012-03-20;00:00;0;998,4;998,4;996,9;-9999;25,9;23,3;26,7;25,8;23,8;22,9;87;80;86;119;6,4;1,1;
2012-03-20;01:00;,2;999,3;999,3;998,3;-9999;24,4;23,2;25,9;24,4;23,4;22,9;93;84;93;38;3,2;1,1;
2012-03-20;02:00;0;999,6;999,6;999,2;-9999;24,2;23,1;24,5;24,1;23,3;23,1;94;92;94;68;2,8;1,2;
2012-03-20;03:00;0;1000,5;1000,5;999,6;-9999;24;22,9;24,2;24;23,2;22,9;94;93;94;173;2,2;,5;
2012-03-20;04:00;0;1000,2;1000,6;1000,2;-9999;23,7;22,7;24;23,6;22,9;22,6;95;94;94;263;1,2;,5;
2012-03-20;05:00;0;999,4;1000,2;999,4;-9999;23,1;22,2;23,7;23,1;22,7;22,2;95;94;95;51;1,1;,4;
2012-03-20;06:00;0;999,3;999,5;999,2;-9999;22,9;22,1;23,1;22,9;22,3;22;95;95;95;123;,8;,2;
2012-03-20;07:00;0;999;999,3;999;-9999;23,1;22,2;23,3;22,9;22,5;22;95;95;95;127;1,3;,4;
2012-03-20;08:00;0;998,8;999;998,8;-9999;23,2;22,4;23,4;23,1;22,6;22,2;95;95;95;125;1,4;,5;
2012-03-20;09:00;0;998,9;999;998,8;-9999;23,3;22,3;23,3;23,2;22,5;22,3;95;94;95;147;2;,8;
2012-03-20;10:00;0;999,1;999,2;998,9;-9999;23,2;22,2;23,3;23,1;22,3;22,2;95;94;94;94;1,5;,5;
2012-03-20;11:00;0;999,8;999,8;999,1;39;23,4;22,5;23,4;23,1;22,5;22,1;95;94;94;82;1,3;,6;
2012-03-20;12:00;0;1000,4;1000,4;999,8;343,7;24,7;23,3;24,7;23,5;23,3;22,5;94;90;92;81;3,5;1,3;
2012-03-20;13:00;0;1001,1;1001,1;1000,4;1132,6;28,2;24,5;28,2;24,7;24,5;23;92;77;80;93;4,5;1,3;
2012-03-20;14:00;0;1001,7;1001,7;1001,1;2202,4;29,7;24,1;29,7;28;24,5;22,6;80;68;72;99;5,3;1,2;
2012-03-20;15:00;0;1001,2;1001,7;1001,2;2948,6;30,7;24;31;29,6;24,8;22,1;74;61;67;124;6,5;1,4;
2012-03-20;16:00;0;1000,5;1001,2;1000,5;2887,1;30,9;22,9;31,3;30,3;25;22,4;70;60;63;89;5,3;1,6;
2012-03-20;17:00;0;999,2;1000,5;999,2;3592,6;32,8;23,4;32,8;30,9;24,8;22,3;69;56;58;99;4,7;1,7;
2012-03-20;18:00;0;997,6;999,2;997,6;2599,2;32,4;22,9;32,8;30,7;24,2;22;66;55;58;124;6;1,6;
2012-03-20;19:00;0;995,9;997,6;995,9;2400,9;30,8;23,7;32,4;29,6;24;21,9;69;56;66;183;6,6;1,9;
2012-03-20;20:00;0;995,2;995,9;995,2;1116,9;29,6;23,6;31,3;29,6;24,4;21,9;73;57;70;239;4,1;,8;
2012-03-20;21:00;0;994,9;995,2;994,7;453,4;27,8;23,6;29,5;27,8;24;23,2;79;71;78;192;3,3;1;
2012-03-20;22:00;0;996,3;996,3;994,9;170,3;27;24;28;26,9;24,5;23,5;86;77;83;28;2,4;,6;
2012-03-20;23:00;,6;997,6;997,6;996,3;7,4;25,8;24;27;25,8;24,7;23,8;91;83;90;185;3;1,2;
2012-03-21;00:00;0;998,2;998,3;997,5;-9999;25,2;23,9;25,8;25,2;24,2;23,7;94;90;93;250;2,9;1;
2012-03-21;01:00;0;999,3;999,4;998,2;-9999;24,8;23,4;25,2;24,6;23,8;23,2;93;90;92;230;2,9;,7;
2012-03-21;02:00;0;1000,4;1000,4;999,4;-9999;24,5;23,5;24,8;24,4;23,5;23,1;94;92;94;147;1,9;,9;
2012-03-21;03:00;,6;1000,8;1000,9;1000,4;-9999;24,5;23,4;24,6;24,5;23,6;23,4;94;94;94;169;2,1;,9;
2012-03-21;04:00;0;1000,5;1000,8;1000,5;-9999;24,3;23,2;24,6;24,3;23,6;23,1;94;92;93;202;2,7;1,4;
2012-03-21;05:00;0;1000,4;1000,7;1000,4;-9999;24,1;23,1;24,3;24;23,2;22,9;94;93;94;236;2,2;,3;
2012-03-21;06:00;0;999,5;1000,4;999,5;-9999;24,1;23,1;24,1;24;23,2;23;95;94;94;283;1,1;,3;
2012-03-21;07:00;,6;999,3;999,5;999,3;-9999;23,9;22,9;24,1;23,9;23,2;22,9;95;94;94;148;1,5;,6;
2012-03-21;08:00;6,4;999,8;999,9;999,3;-9999;22,1;20,9;24;22,1;23;20,9;95;92;93;50;8;3,9;
2012-03-21;09:00;25,6;1000,1;1000,1;999,6;-9999;21,8;21;22,1;21,7;21,1;20,8;95;93;95;23;8;1,8;
2012-03-21;10:00;8,4;1000,8;1000,8;1000,1;-9999;21,8;21;21,9;21,8;21,1;21;95;95;95;330;4,4;1,3;
2012-03-21;11:00;8,4;1001,6;1001,7;1000,8;1,1;21,5;20,8;21,8;21,5;21;20,7;95;95;95;353;4,7;2;
2012-03-21;12:00;3,2;1002,5;1002,5;1001,6;42,2;22;21,2;22;21,5;21,2;20,8;96;95;95;348;4,7;1,3;
2012-03-21;13:00;,4;1003,3;1003,3;1002,5;375,9;22,7;21,8;22,7;22;21,8;21,2;95;95;95;339;3,2;1;
2012-03-21;14:00;0;1003,5;1003,6;1003,3;714,4;23,5;21,8;23,5;22,6;22,1;21,6;95;90;90;329;3;,9;
2012-03-21;15:00;0;1003,2;1003,6;1003,2;874,2;24,5;22;24,5;23,5;22,3;21,7;91;86;86;338;2,4;,7;
2012-03-21;16:00;0;1002,4;1003,2;1002,3;1306,3;25,7;22,2;25,8;24,4;22,7;21,7;87;81;81;159;1,8;,6;
2012-03-21;17:00;0;1001,6;1002,3;1001,6;1193,8;25,6;22,4;25,9;25,3;23,1;22;86;81;83;177;2,6;,6;
2012-03-21;18:00;0;1000,1;1001,6;1000,1;1102,2;26;22,6;26,2;25,5;23,1;22;84;79;82;185;2,2;1,2;
2012-03-21;19:00;0;998,6;1000,1;998,6;1147,1;26,6;22,3;26,7;26;22,9;22;82;76;77;182;2,4;,8;
2012-03-21;20:00;0;997,4;998,6;997,4;1122,6;26,8;22;27,3;26,5;22,7;21,7;78;72;75;216;1,8;,8;
2012-03-21;21:00;0;997,1;997,4;997,1;820,4;26,9;22,7;27,1;26,5;23,3;21,7;80;73;78;78;1,8;,6;
2012-03-21;22:00;0;997,1;997,3;997,1;343,9;26;23,5;27;26;23,6;22,1;87;75;86;218;1,4;,3;
2012-03-21;23:00;0;997,3;997,3;996,9;35;24,4;23,1;26;24,2;23,5;22,7;93;86;93;286;,7;,2;
2012-03-22;00:00;0;998,3;998,3;997,3;-9999;23,7;22,8;24,3;23,5;23;22,5;95;92;95;157;1,2;,3;
2012-03-22;01:00;0;999,7;999,7;998,3;-9999;23,2;22,3;23,8;23,2;22,9;22,3;95;94;95;79;1;,6;
2012-03-22;02:00;0;1000,4;1000,4;999,7;-9999;22,8;21,9;23,2;22,8;22,4;21,9;95;95;95;24;1,2;,7;
2012-03-22;03:00;0;1000,5;1000,6;1000,4;-9999;22,7;21,9;22,9;22,6;22;21,7;95;95;95;41;1;,5;
2012-03-22;04:00;0;1000,3;1000,5;1000,3;-9999;22,8;22;22,8;22,5;22;21,7;95;95;95;332;1,7;,8;
2012-03-22;05:00;0;999,7;1000,3;999,7;-9999;22,5;21,6;22,9;22,4;22,1;21,5;95;94;95;314;1,9;,3;
2012-03-22;06:00;0;999,5;999,7;999,5;-9999;22,6;21,9;22,6;22,2;21,9;21,3;95;95;95;317;1,1;,7;
2012-03-22;07:00;0;999,5;999,5;999,4;-9999;22,4;21,6;22,8;22,3;22,1;21,5;95;95;95;34;1,6;,8;
2012-03-22;08:00;0;999,5;999,6;999,4;-9999;22,9;22,1;22,9;22,4;22,1;21,6;95;95;95;310;1,5;,4;
2012-03-22;09:00;0;999,5;999,6;999,4;-9999;22,8;22;22,9;22,8;22,1;22;95;95;95;3;1,2;,4;
2012-03-22;10:00;0;1000;1000;999,4;-9999;22,7;21,9;22,9;22,7;22,1;21,8;95;95;95;97;4,1;,3;
2012-03-22;11:00;0;1000,5;1000,5;1000;36,1;23,1;22,2;23,1;22,7;22,2;21,9;95;94;95;347;1,6;,4;
2012-03-22;12:00;0;1001,4;1001,4;1000,5;350,4;23,9;22,4;23,9;23,1;22,6;22,2;95;91;92;205;2,4;1;
2012-03-22;13:00;0;1001,9;1001,9;1001,4;1028,7;26;23,1;26;23,9;23,3;22,4;92;84;84;297;2,8;1;
2012-03-22;14:00;0;1002,4;1002,4;1001,9;1963,8;27,7;23,5;28;25,9;23,8;22,7;84;75;78;244;2,8;,8;
2012-03-22;15:00;0;1002,2;1002,5;1002,2;2227,1;28,8;22,9;28,9;27,5;24,1;22,5;78;70;71;327;3,1;1,1;
2012-03-22;16:00;0;1001,3;1002,2;1001,3;2629,9;29,4;23,8;29,8;28,5;24;22,4;74;67;72;346;3,3;1;
2012-03-22;17:00;0;1000;1001,3;1000;2321,9;30;23,6;30,5;29,3;24,4;22,8;73;66;69;222;3,8;1,9;
2012-03-22;18:00;0;998,2;1000;998,2;2782,7;31,3;23,3;31,5;29,7;24,3;21,8;70;58;62;319;3,8;1,4;
2012-03-22;19:00;0;996,7;998,2;996,7;2839,8;31,8;23;32,4;30,7;23,8;21,7;64;56;60;251;3,1;1,2;
2012-03-22;20:00;0;995,9;996,7;995,9;2154,9;32,2;22,8;32,3;31;23,7;21,8;65;56;58;6;4,1;1;
2012-03-22;21:00;9,2;996,9;996,9;995,6;1433,3;23,7;22,6;32,8;23,6;24,6;21,5;94;55;94;87;12;2,6;
2012-03-22;22:00;3,2;997,1;997,1;996,7;159,7;23,5;22,4;24,1;23,5;23,2;22,3;95;93;93;108;6,1;1,3;
2012-03-22;23:00;0;998,6;998,6;997,1;35,5;23,4;22,3;23,5;22,8;22,3;21,7;95;92;93;214;4,2;,5;
2012-03-23;00:00;0;999,4;999,4;998,6;-9999;22,9;22;23,4;22,9;22,2;21,9;95;93;94;22;2,3;1,1;
2012-03-23;01:00;0;999,9;999,9;999,4;-9999;22,7;21,8;22,9;22,6;21,9;21,6;94;93;94;318;2,2;,8;
2012-03-23;02:00;0;999,8;1000;999,8;-9999;22,6;21,6;22,9;22,5;21,9;21,5;95;94;94;297;1,5;,3;
2012-03-23;03:00;0;1000,5;1000,5;999,8;-9999;22,3;21,3;22,6;22,3;21,6;21,2;95;93;94;37;1,9;,8;
2012-03-23;04:00;0;1000,2;1000,5;1000,2;-9999;22,3;21,3;22,5;22,3;21,4;21,2;94;93;94;14;2,4;,4;
2012-03-23;05:00;0;999,6;1000,2;999,6;-9999;22,5;21,5;22,5;22,3;21,5;21,3;95;94;94;314;2,1;,8;
2012-03-23;06:00;0;999,3;999,7;999,3;-9999;22,6;21,8;22,6;22,3;21,8;21,3;95;94;95;277;1,4;,3;
2012-03-23;07:00;0;999;999,4;999;-9999;22,3;21,4;22,7;22,3;21,9;21,4;95;94;95;98;1;,5;
2012-03-23;08:00;0;998,8;999;998,7;-9999;22,1;21,3;22,5;22,1;21,7;21,3;95;95;95;59;1,4;,7;
2012-03-23;09:00;0;999,2;999,2;998,8;-9999;22,4;21,6;22,4;22,1;21,6;21,2;95;95;95;158;1,7;1;
2012-03-23;10:00;0;999,7;999,7;999,2;-9999;22,6;21,8;22,7;22,4;21,9;21,6;95;95;95;205;2,2;1,3;
2012-03-23;11:00;0;1000,5;1000,5;999,7;11,1;22,8;21,9;22,8;22,6;21,9;21,7;95;95;95;245;2,5;,5;
2012-03-23;12:00;0;1001,3;1001,3;1000,5;215,9;23,3;22,1;23,3;22,8;22,3;21,9;95;93;93;272;1,6;,4;
2012-03-23;13:00;0;1002,2;1002,2;1001,3;874,8;24,8;22,3;24,8;23,3;22,6;21,9;94;84;86;208;1,9;,9;
2012-03-23;14:00;0;1002,5;1002,5;1002,1;1754,3;26,2;22,3;26,4;24,8;23,1;21,9;87;78;79;218;2,5;1,2;
2012-03-23;15:00;0;1002,3;1002,5;1002,2;2869,7;28,4;21,9;28,5;26,2;23,4;21,2;81;67;68;297;3;,9;
2012-03-23;16:00;0;1001,4;1002,3;1001,4;3329,4;29,6;21,8;29,9;28,4;23,1;21;71;60;63;297;4,2;1,9;
2012-03-23;17:00;0;1000,2;1001,4;1000,2;2866,4;30,2;22,1;30,6;29,5;23,3;21,6;66;59;62;167;4,2;1,1;
2012-03-23;18:00;0;999;1000,2;999;2335,4;31,1;22,3;31,4;30,2;23,1;20,8;64;55;60;191;2,5;,9;
2012-03-23;19:00;0;997,4;999;997,4;2273,1;31,3;23;32;30,3;23,5;21,3;66;54;61;165;3,1;1,2;
2012-03-23;20:00;0;996,1;997,4;996,1;2507,9;31,1;23,2;31,7;30,3;24,9;22,7;69;61;63;205;5,2;2,5;
2012-03-23;21:00;0;995,9;996,2;995,9;1701,2;31;23,8;31,1;30;23,8;22,6;68;61;66;218;5,2;1,6;
2012-03-23;22:00;0;996,3;996,4;995,9;654,2;29,3;23,6;31,1;29,3;24,4;21,6;71;58;71;194;2,9;,2;
2012-03-23;23:00;0;996,5;996,5;996,3;30,2;26,5;24,3;29,3;26,5;24,4;22,8;88;68;88;114;1,5;,9;
2012-03-24;00:00;0;997,8;997,8;996,5;-9999;25,5;23,7;26,6;25,4;24,3;23,7;92;87;90;92;2,3;,7;
2012-03-24;01:00;0;999;999;997,8;-9999;24,9;23,6;25,5;24,9;23,9;23,5;93;89;92;62;1,6;1;
2012-03-24;02:00;0;999,8;999,8;999;-9999;24,5;23,3;25,2;24,5;24;23,2;93;91;93;50;1,6;,5;
2012-03-24;03:00;0;1000,5;1000,5;999,8;-9999;24,5;23,3;24,7;24,4;23,5;23,3;94;93;93;176;1,6;,5;
2012-03-24;04:00;0;1000,2;1000,5;1000,2;-9999;24,4;23,3;24,6;24,2;23,5;23,1;94;93;94;273;1,1;,4;
2012-03-24;05:00;0;999,7;1000,3;999,7;-9999;24,1;23;24,4;23,9;23,4;22,8;95;93;94;220;1,4;,4;
2012-03-24;06:00;0;999,1;999,7;999,1;-9999;24,4;23,1;24,5;23,9;23,4;22,9;95;93;93;200;1,7;,8;
2012-03-24;07:00;0;998,7;999,1;998,7;-9999;23,6;22,6;24,4;23,6;23,1;22,4;94;92;94;320;1,5;,6;
2012-03-24;08:00;0;998,7;998,7;998,6;-9999;23,2;22,2;23,6;23;22,6;22;95;94;94;205;1,3;,1;
2012-03-24;09:00;0;998,9;998,9;998,7;-9999;23;22,2;23,2;22,6;22,2;21,7;95;94;95;305;1,1;,3;
2012-03-24;10:00;0;999,2;999,2;998,8;-9999;22,6;21,7;23;22,6;22,2;21,7;95;95;95;112;1,1;,2;
2012-03-24;11:00;0;1000;1000;999,2;36,5;22,8;22;22,8;22,4;22;21,5;95;95;95;120;,7;,3;
2012-03-24;12:00;0;1001;1001;1000;494,3;25,1;23,4;25,1;22,8;23,5;22;95;90;90;198;2,3;1,1;
2012-03-24;13:00;0;1001,7;1001,7;1001;1378,5;27,5;23,7;27,8;25,1;24,5;23,3;90;80;80;156;3,4;1,3;
2012-03-24;14:00;0;1002;1002;1001,7;2141,4;28,9;23,7;29,3;27,4;24,7;23,4;83;73;74;173;4,1;1,9;
2012-03-24;15:00;0;1001,8;1002,1;1001,8;2099,8;29,6;23,7;30,7;28,9;25,3;23,4;78;67;71;161;4,1;1,4;
2012-03-24;16:00;0;1001;1001,8;1001;1983,4;31,2;24;31,3;29,2;24,8;23,2;74;65;66;89;4,1;1,2;
2012-03-24;17:00;0;999,7;1001;999,7;3254,4;31,2;23,7;32,3;30,8;25;22,8;70;58;64;174;6;2,6;
2012-03-24;18:00;0;997,7;999,7;997,7;3146,4;32,2;24;32,7;31,2;24,4;22;66;55;62;173;4,4;2,1;
2012-03-24;19:00;0;996,3;997,7;996,3;2273;32;23,2;32,8;31,5;24,4;22,3;67;55;60;182;4,2;,9;
2012-03-24;20:00;0;996,4;996,6;996;1891,1;30,4;24,3;32,7;30,4;24,8;22,6;70;57;70;190;7,8;4,2;
2012-03-24;21:00;0;996;996,5;995,8;1127,1;28,1;23,6;30,4;28,1;24,9;22,6;77;68;77;55;7,8;1,1;
2012-03-24;22:00;0;997,9;997,9;996;117,8;26,4;24;28,1;26,3;24,5;23,4;87;76;87;349;3,5;1,2;
2012-03-24;23:00;,6;999,5;999,5;997,8;3;24,4;22,4;26,4;24,4;24,3;22,3;90;83;88;99;8,4;2,6;
2012-03-25;00:00;,8;1000,2;1000,3;999,5;-9999;23,7;22,6;24,4;23,7;22,7;22,3;93;89;93;46;8,4;,9;
2012-03-25;01:00;2;1000,8;1000,8;1000,2;-9999;23,7;22,7;23,9;23,7;22,8;22,6;94;93;94;88;3,1;1,1;
2012-03-25;02:00;,4;1001,2;1001,2;1000,8;-9999;23,7;22,7;23,8;23,7;22,8;22,6;94;94;94;72;4,9;1,9;
2012-03-25;03:00;0;1001,2;1001,2;1001,2;-9999;23,6;22,6;23,8;23,6;22,8;22,5;94;93;94;113;4,9;,6;
2012-03-25;04:00;0;1001,5;1001,5;1001,2;-9999;23,7;22,6;23,8;23,5;22,8;22,5;94;94;94;338;2;,8;
2012-03-25;05:00;0;1000,6;1001,5;1000,6;-9999;23,5;22,5;23,8;23,5;22,7;22,5;94;94;94;15;1,6;,5;
2012-03-25;06:00;,2;1000;1000,6;1000;-9999;23,5;22,6;23,6;23,4;22,6;22,4;95;94;95;194;1,3;,6;
2012-03-25;07:00;0;999,8;1000;999,6;-9999;23,2;22,4;23,6;23,2;22,7;22,3;95;94;95;23;1,5;,7;
2012-03-25;08:00;0;1000,4;1000,4;999,8;-9999;23,3;22,4;23,3;23,2;22,4;22,3;95;95;95;126;1,5;,2;
2012-03-25;09:00;0;1001,1;1001,1;1000,4;-9999;23,3;22,4;23,3;23,2;22,5;22,4;95;95;95;104;1,1;,2;
2012-03-25;10:00;0;1001,3;1001,4;1001,1;-9999;23,6;22,8;23,7;23,2;22,8;22,3;95;95;95;264;,6;,3;
2012-03-25;11:00;,2;1001,8;1001,8;1001,3;9,8;23,6;22,8;23,7;23,3;22,8;22,5;95;95;95;221;,9;,3;
2012-03-25;12:00;0;1002,4;1002,4;1001,8;269,1;24,3;23,2;24,3;23,6;23,2;22,8;95;93;93;184;2,7;1;
2012-03-25;13:00;0;1003;1003;1002,4;602,8;25,1;23;25,2;24,3;23,4;22,9;94;88;88;137;2,3;1,1;
2012-03-25;14:00;0;1003,4;1003,4;1003;1453,4;27,1;23,4;27,2;25,1;24,4;22,8;89;79;80;100;3;1,2;
2012-03-25;15:00;0;1003,3;1003,6;1003,3;1514,5;27,3;23,3;28;26,7;24,4;23,1;86;77;79;45;3,6;1,7;
2012-03-25;16:00;0;1002,8;1003,3;1002,8;2253,3;29,2;23,3;29,5;27,3;24,8;22,8;81;69;70;112;3,6;1,2;
2012-03-25;17:00;0;1002;1002,8;1002;1891,9;29,5;23,8;30;28,9;25,4;22,5;79;68;71;70;3,3;1,4;
2012-03-25;18:00;0;1000,5;1002;1000,5;1822,3;30,1;23,6;30,1;29,2;24,6;22,1;74;64;68;174;3,1;1,3;
2012-03-25;19:00;0;998,7;1000,5;998,7;2962,4;30,1;23,5;31,1;29,6;24;22,2;71;62;68;192;3,8;1,4;
2012-03-25;20:00;0;997,4;998,7;997,3;2157,8;30,4;22,1;30,8;29,3;24,6;22,1;75;60;61;55;3,7;1,2;
2012-03-25;21:00;0;997,1;997,4;997,1;911,8;29,7;23,9;31,3;29,7;24,7;22,2;74;59;71;282;2,5;,5;
2012-03-25;22:00;0;997,2;997,3;997,1;312,7;28;24,9;29,7;27,7;24,9;23,8;84;71;83;326;2,4;,5;
2012-03-25;23:00;0;998,3;998,3;997,2;52;26,9;24,3;28;26,9;24,8;23,9;88;79;86;229;4,2;,8;
2012-03-26;00:00;0;999,6;999,6;998,3;-9999;26;24;26,9;26;24,4;23,9;89;86;89;304;2,3;,4;
2012-03-26;01:00;0;1000,7;1000,8;999,6;-9999;25,6;24,1;26,3;25,5;24,2;23,8;91;87;91;223;1,6;,3;
2012-03-26;02:00;0;1001,4;1001,4;1000,7;-9999;25,2;23,9;25,8;24,9;24,1;23,7;93;90;93;9;2;,9;
2012-03-26;03:00;0;1001,9;1001,9;1001,3;-9999;25;23,8;25,3;24,9;24;23,7;94;92;93;330;1,7;,7;
2012-03-26;04:00;0;1001,9;1002;1001,8;-9999;24,6;23,2;25;24,6;23,9;23,2;94;92;92;345;1,8;,8;
2012-03-26;05:00;0;1001,1;1001,9;1001,1;-9999;24,2;22,9;24,6;24,2;23,3;22,8;93;91;93;188;1,8;,4;
2012-03-26;06:00;0;1000,8;1001,2;1000,8;-9999;24,2;23,1;24,2;23,9;23,2;22,8;94;92;94;131;1,9;,6;
2012-03-26;07:00;18,6;1000,3;1000,9;1000,3;-9999;23;22;24,3;23;23,2;22;95;93;94;243;3,5;,7;
2012-03-26;08:00;3,6;1000,8;1000,8;1000,2;-9999;23,3;22,5;23,4;22,9;22,5;22;95;94;95;253;2,3;,4;
2012-03-26;09:00;2,2;1001,1;1001,1;1000,8;-9999;23,3;22,4;23,6;23,3;22,7;22,4;95;94;95;162;3,1;1;
2012-03-26;10:00;2,4;1001,9;1001,9;1001;-9999;23,3;22,4;23,4;23,3;22,6;22,4;95;94;95;317;1,9;,7;
2012-03-26;11:00;3;1003;1003;1001,9;1,7;23,1;22,2;23,4;23,1;22,6;22,2;95;95;95;321;2,7;1,1;
2012-03-26;12:00;,2;1003,4;1003,4;1003;78,8;23;22;23,1;23;22,2;22;95;94;94;331;3,3;,9;
2012-03-26;13:00;0;1003,7;1003,7;1003,4;337,9;23,3;22;23,4;23;22,2;21,8;94;92;92;337;2,3;,9;
2012-03-26;14:00;0;1004,1;1004,1;1003,7;666,1;24,4;22,7;24,4;23,3;22,7;21,9;93;88;90;350;2,2;,9;
2012-03-26;15:00;0;1003,9;1004,1;1003,9;1013,4;25,2;22,7;25,2;24,3;23;21,9;90;85;86;183;2,7;1,5;
2012-03-26;16:00;0;1003,3;1003,9;1003,3;1832,8;26,5;23,5;26,5;25;23,5;22,2;87;80;84;187;2,9;1,7;
2012-03-26;17:00;0;1002;1003,3;1002;2002,3;27,4;22,9;27,6;26,4;23,6;22,5;83;76;76;203;3,5;1,6;
2012-03-26;18:00;0;1000,6;1002;1000,6;2428,1;28,9;23,7;28,9;27,4;23,9;22,7;81;71;74;231;3,6;1,8;
2012-03-26;19:00;0;999;1000,6;999;2522,5;30,1;22,6;30,2;28,6;24,2;22,6;74;64;64;251;4;1,5;
2012-03-26;20:00;0;997,8;999;997,8;2760,8;30,9;23,4;30,9;29,4;24;22;70;62;65;271;4,7;1,1;
2012-03-26;21:00;0;997,4;997,8;997,4;1393,8;28,8;23,5;30,9;28,8;24,1;22,5;73;62;73;278;3,9;1;
2012-03-26;22:00;0;997,4;997,5;997,2;464;27,2;24;29,4;27,2;24;22,8;83;69;83;305;3,6;,4;
2012-03-26;23:00;0;998,4;998,4;997,4;48,6;25,8;23,8;27,4;25,7;24,3;23,6;89;81;89;336;3,1;1,1;
2012-03-27;00:00;0;999,7;999,7;998,4;-9999;24,9;23,3;25,8;24,9;23,8;23,3;91;88;90;344;3,1;,7;
2012-03-27;01:00;0;1001,6;1001,6;999,7;-9999;24,6;23;25;24,6;23,4;23;92;90;91;23;1,8;,7;
2012-03-27;02:00;5;1002,8;1003;1001,6;-9999;22,3;21,3;24,8;22,3;23,6;21,1;94;88;94;75;10,9;1,4;
2012-03-27;03:00;3,2;1002,5;1002,9;1002,5;-9999;22,3;21,3;22,5;22,2;21,5;21,1;95;92;94;38;4,6;,6;
2012-03-27;04:00;1,4;1001,9;1002,5;1001,9;-9999;22,3;21,3;22,4;22,3;21,4;21,2;94;93;94;322;1,7;,9;
2012-03-27;05:00;,4;1001,4;1001,9;1001,4;-9999;22,2;21,3;22,3;22,1;21,4;21,1;95;94;95;339;2,8;1,5;
2012-03-27;06:00;,2;1000,9;1001,4;1000,9;-9999;22,3;21,4;22,4;22,1;21,5;21,2;95;94;95;33;3,4;,5;
2012-03-27;07:00;0;1000,6;1000,9;1000,6;-9999;22,4;21,6;22,5;22,3;21,7;21,4;95;95;95;320;2,3;,3;
2012-03-27;08:00;0;1000,6;1000,6;1000,5;-9999;22,5;21,6;22,5;22,3;21,7;21,4;95;95;95;309;1,5;,6;
2012-03-27;09:00;0;1000,8;1000,8;1000,5;-9999;22,3;21,5;22,5;22,1;21,7;21,3;95;95;95;24;1,5;,9;
2012-03-27;10:00;0;1001,3;1001,3;1000,8;-9999;22,6;21,8;22,6;22,2;21,8;21,5;95;95;95;314;2;,8;
2012-03-27;11:00;0;1002,2;1002,2;1001,3;9,4;22,7;21,9;22,7;22,5;21,9;21,7;95;95;95;107;1,6;,4;
2012-03-27;12:00;0;1002,8;1002,8;1002,2;177,5;23,3;22,3;23,3;22,7;22,3;21,9;95;94;94;9;1,5;,4;
2012-03-27;13:00;0;1003,7;1003,7;1002,8;719,9;25,2;22,8;25,2;23,2;23,1;22,1;94;86;86;356;1,4;,5;
2012-03-27;14:00;0;1004,2;1004,3;1003,7;1236,7;25,8;22,8;26,2;25;23,4;22,1;87;82;83;180;1,5;,7;
2012-03-27;15:00;0;1004,2;1004,4;1004,2;1390,5;26,4;23,4;26,7;25,8;23,8;22,5;86;80;84;208;2,6;1;
2012-03-27;16:00;0;1003,5;1004,2;1003,4;1746,2;28;23,2;28,1;26,4;24;22,8;84;75;75;318;2,9;,6;
2012-03-27;17:00;0;1002,1;1003,5;1002,1;2460;29,1;23,6;29,3;27,8;24,3;22,5;79;69;72;95;3,3;,9;
2012-03-27;18:00;0;1001;1002,1;1001;1489,2;27,1;23,5;29,6;27,1;24,4;22,7;81;68;81;334;3,5;1,3;
2012-03-27;19:00;0;999,5;1001;999,5;2662,9;30,1;22,4;30,4;26,9;24,2;22,2;84;62;63;35;3;1,1;
2012-03-27;20:00;0;998,8;999,4;998,7;1432,5;27,3;23,8;30,6;27,3;24,4;21,7;82;61;81;19;4,2;1,9;
2012-03-27;21:00;0;999,1;999,1;998,8;522,9;26,1;23,9;27,4;26;24,1;23,5;88;80;88;49;6,7;1;
2012-03-27;22:00;0;999,9;999,9;998,9;200,5;25,3;23,6;26,1;25,3;24,3;23,5;90;87;90;29;4,4;1,8;
2012-03-27;23:00;0;1000,7;1000,7;999,9;24,3;24,8;23,4;25,3;24,8;23,8;23,3;93;90;92;115;4,4;,4;
2012-03-28;00:00;,2;1000,9;1001;1000,7;-9999;24,4;22,8;24,8;24,4;23,5;22,8;94;91;91;122;3,1;,6;
2012-03-28;01:00;,2;1001,5;1001,5;1000,9;-9999;23,8;22,4;24,4;23,8;22,9;22,3;94;91;92;196;2,5;,7;
2012-03-28;02:00;0;1002;1002;1001,4;-9999;23,7;22,4;23,8;23,5;22,5;22,1;94;91;93;248;1,6;,4;
2012-03-28;03:00;0;1002,6;1002,6;1002;-9999;23,2;22,2;23,7;23,2;22,5;22,2;94;92;94;33;1,3;,9;
2012-03-28;04:00;0;1003;1003;1002,6;-9999;23,1;22,2;23,2;23,1;22,3;22,2;95;94;95;97;1,1;,4;
2012-03-28;05:00;0;1002,4;1003;1002,4;-9999;23,1;22,2;23,2;23,1;22,4;22,2;95;95;95;89;1,6;,5;
2012-03-28;06:00;,6;1002,1;1002,4;1002,1;-9999;23;22;23,1;23;22,2;22;95;94;94;134;2,9;,9;
2012-03-28;07:00;0;1001,5;1002,1;1001,5;-9999;22,7;21,8;22,9;22,7;22;21,8;95;94;95;134;2,9;,4;
2012-03-28;08:00;0;1001,4;1001,5;1001,4;-9999;22,7;21,7;22,7;22,6;21,8;21,7;95;94;94;158;1,7;,6;
2012-03-28;09:00;,2;1001,1;1001,4;1001,1;-9999;22,4;21,5;22,7;22,4;21,7;21,5;95;94;95;125;1,3;,5;
2012-03-28;10:00;0;1001,3;1001,3;1001,1;-9999;22,2;21,4;22,4;22,1;21,5;21,3;95;95;95;151;1,1;,4;
2012-03-28;11:00;0;1002,1;1002,1;1001,3;26,5;22,3;21,5;22,4;22,2;21,5;21,4;95;95;95;149;1,4;,5;
2012-03-28;12:00;0;1002,9;1002,9;1002,1;387,2;23,7;22,2;23,7;22,3;22,4;21,5;95;91;91;163;1,4;,5;
2012-03-28;13:00;0;1003,6;1003,6;1002,9;857;25;22,9;25;23,6;23,1;21,8;92;87;88;95;2,7;,8;
2012-03-28;14:00;0;1003,8;1003,8;1003,6;1755,2;26,5;22,8;26,7;24,8;23,5;22,3;89;78;80;115;5,5;1,4;
2012-03-28;15:00;0;1003,4;1003,9;1003,4;2535;28,3;23,4;28,3;26,4;24,1;22,4;84;72;75;143;5,2;1,4;
2012-03-28;16:00;0;1002,4;1003,4;1002,4;3131,7;29,2;22,6;29,7;28,2;24,1;22,3;76;65;68;119;5,1;1,7;
2012-03-28;17:00;0;1001,4;1002,4;1001,4;3283,8;30,1;22,3;30,6;28,6;23,7;22;72;61;63;113;5,1;1,9;
2012-03-28;18:00;0;1000,2;1001,4;1000,2;2985,4;30,6;22,8;30,9;29,5;23,9;21,9;71;59;63;129;5,7;1,4;
2012-03-28;19:00;0;998,6;1000,2;998,6;2971,6;30,7;22,2;31,1;30,2;23,8;21,6;67;58;60;112;4,9;1,4;
2012-03-28;20:00;0;997,5;998,6;997,5;2250,8;30,6;21,7;31,2;29,8;23,2;21,7;64;58;59;134;4,3;1,4;
2012-03-28;21:00;0;997,1;997,5;997,1;1582,2;30,3;21,8;31;30,3;23;21,3;65;57;61;148;4,4;1,7;
2012-03-28;22:00;0;997,5;997,5;997;594,2;29,1;22,8;30,8;29,1;22,9;21,3;70;58;69;145;4,4;1;
2012-03-28;23:00;0;998,7;998,7;997,5;23,7;25,8;23,1;29,1;25,8;23,2;22,4;85;67;85;133;2,3;,5;
2012-03-29;00:00;0;999,9;999,9;998,7;-9999;24,8;23,1;25,9;24,8;23,5;23;92;84;90;71;,8;,3;
2012-03-29;01:00;0;1000,7;1000,7;999,9;-9999;24,3;23,1;24,8;24,2;23,2;22,9;93;90;93;339;,7;,2;
2012-03-29;02:00;0;1001,4;1001,4;1000,7;-9999;23,7;22,6;24,5;23,6;23,1;22,5;94;91;94;85;,8;,2;
2012-03-29;03:00;0;1001,9;1001,9;1001,4;-9999;23,3;22,2;23,8;23,3;22,8;22,2;94;93;93;120;,8;,2;
2012-03-29;04:00;0;1001,5;1002;1001,5;-9999;23;22,1;23,3;22,9;22,2;21,9;95;93;94;47;,9;,5;
2012-03-29;05:00;0;1000,7;1001,5;1000,6;-9999;22,7;21,8;23,1;22,7;22,2;21,8;95;94;95;83;,8;,4;
2012-03-29;06:00;0;999,7;1000,7;999,7;-9999;22,6;21,8;22,8;22,5;21,9;21,6;95;94;95;23;1;,5;
2012-03-29;07:00;0;999,6;999,7;999,6;-9999;22,7;21,8;23;22,6;22,1;21,7;95;94;94;319;1,5;,6;
2012-03-29;08:00;0;999,6;999,6;999,5;-9999;23;21,9;23,3;22,7;22,4;21,7;95;94;94;317;1,7;,4;
2012-03-29;09:00;0;1000;1000;999,5;-9999;23,3;22,3;23,6;23;22,4;21,8;94;92;94;224;2,5;,8;
2012-03-29;10:00;0;1000,6;1000,6;1000;-9999;23,2;22,3;23,5;22,9;22,4;21,7;94;93;94;240;2,1;,4;
2012-03-29;11:00;0;1001,5;1001,5;1000,6;33,2;23,9;22,7;23,9;23,2;22,8;22,2;94;93;93;225;2,6;,9;
2012-03-29;12:00;0;1002,5;1002,5;1001,6;322,9;24,4;23,1;24,4;23,9;23,1;22,7;94;92;92;218;3,6;1,8;
2012-03-29;13:00;0;1002,8;1002,8;1002,5;1039,4;25,6;22,8;26;24,4;23,3;22,5;92;82;84;218;3,8;1,6;
2012-03-29;14:00;0;1003,2;1003,2;1002,8;1628,7;27,6;23,3;27,7;25,7;23,8;22,7;86;77;77;178;3,4;1,5;
2012-03-29;15:00;0;1002,5;1003,2;1002,5;2328,1;28,5;23;29,4;27,4;24,4;22,6;80;69;72;148;3,3;1;
2012-03-29;16:00;5,4;1001,9;1002,6;1001,9;899,5;26,2;24,5;28,4;25,1;25,5;23;94;72;90;320;4,7;1,2;
2012-03-29;17:00;11,8;1000,8;1002;1000,8;296,2;24,5;23,4;26,2;23,8;24,6;22,5;94;88;94;210;-9999;1,9;
2012-03-29;18:00;0;1000,2;1000,8;1000,1;531,6;24,9;23,5;25;24,2;23,6;22,8;94;90;92;214;3,3;,8;
2012-03-29;19:00;,6;999,6;1000,3;999,6;268,3;24,4;23,2;25,1;24,3;23,9;22,9;94;91;93;312;2,8;,6;
2012-03-29;20:00;,2;998,6;999,6;998,6;645,8;25,3;23,6;25,3;24,3;23,8;22,9;93;90;91;256;2;,7;
2012-03-29;21:00;0;998,8;998,8;998,3;566,9;25,3;23,5;25,6;25,2;23,8;23;91;87;89;344;1,8;,9;
2012-03-29;22:00;0;999,7;999,8;998,8;272,9;25,2;23,6;25,5;25,2;23,7;23,1;92;87;91;259;1,5;,5;
2012-03-29;23:00;0;1000;1000;999,7;32,9;24,7;23,5;25,2;24,6;23,8;23,3;93;91;93;199;2,3;1,5;
2012-03-30;00:00;0;1001,1;1001,2;1000;-9999;24,6;23,4;24,7;24,5;23,6;23,4;94;93;93;216;2,6;1,2;
2012-03-30;01:00;0;1002,1;1002,1;1001,1;-9999;24,5;23,3;24,6;24,3;23,5;23,1;94;93;93;201;2,6;1,4;
2012-03-30;02:00;0;1002,8;1002,8;1002,1;-9999;24,3;22,9;24,5;24,2;23,3;22,9;94;92;92;205;2,6;,8;
2012-03-30;03:00;0;1003,1;1003,1;1002,8;-9999;24,2;22,9;24,4;24,2;23;22,8;93;92;92;208;2,5;1,2;
2012-03-30;04:00;0;1003,1;1003,4;1003,1;-9999;24;22,8;24,2;24;23;22,8;94;92;93;202;2,5;1,2;
2012-03-30;05:00;0;1002,3;1003,1;1002,3;-9999;23,7;22,7;24;23,7;22,9;22,7;94;93;94;228;2;,6;
2012-03-30;06:00;0;1001,7;1002,3;1001,7;-9999;23,2;22,4;23,7;23;22,7;22,1;95;94;95;315;1;,2;
2012-03-30;07:00;0;1001,5;1001,7;1001,5;-9999;23;22,2;23,3;22,8;22,4;22;95;95;95;228;,9;,2;
2012-03-30;08:00;0;1001,3;1001,5;1001,3;-9999;23,1;22,3;23,1;22,8;22,3;22;95;95;95;239;1,3;,2;
2012-03-30;09:00;0;1001,6;1001,6;1001,3;-9999;22,6;21,9;23,1;22,5;22,3;21,7;95;95;95;62;1,2;,4;
2012-03-30;10:00;0;1002,1;1002,1;1001,5;-9999;23;22,2;23;22,5;22,2;21,8;95;95;95;155;,8;,2;
2012-03-30;11:00;0;1002,7;1002,7;1002,1;20,9;22,9;22,1;23,1;22,7;22,3;21,8;95;95;95;250;,8;,2;
2012-03-30;12:00;0;1003,7;1003,7;1002,7;279,6;23,9;22,6;23,9;22,9;22,6;22,1;95;93;93;175;1,3;,8;
2012-03-30;13:00;0;1004,7;1004,7;1003,6;1126,9;25,8;22,9;25,8;23,9;23,5;22,5;93;84;84;127;2,8;,7;
2012-03-30;14:00;0;1005,2;1005,2;1004,7;1667,1;27,2;23;27,7;25,5;23,6;22,6;87;76;78;12;2,1;1,1;
2012-03-30;15:00;0;1004,8;1005,2;1004,8;2071,1;28;23;28,8;27,2;23,9;22,6;80;72;74;188;2,6;1,5;
2012-03-30;16:00;0;1004;1004,7;1004;2378,2;28,9;23;30,1;28;24,3;22,5;77;65;70;166;3,5;1,4;
2012-03-30;17:00;0;1002,5;1004;1002,5;1647,1;27,9;23,9;30;27,9;24,5;22,9;79;68;79;98;4,6;1,4;
2012-03-30;18:00;0;1001,6;1002,6;1001,5;1004,1;26,3;22,4;27,9;25,4;23,4;21,8;85;76;79;338;6,1;2;
2012-03-30;19:00;1,4;1000,1;1001,6;1000,1;836;25,6;23,8;27,1;25,1;24,2;22,5;93;78;90;124;4,3;,5;
2012-03-30;20:00;0;999,8;1000,1;999,8;832,5;26,7;23,9;26,7;25,6;24,4;23,4;91;82;84;3;2,5;,8;
2012-03-30;21:00;0;999,8;999,8;999,2;727,8;27,3;24,3;27,3;26,7;24,5;23,2;86;80;84;81;1,7;,7;
2012-03-30;22:00;0;1000,5;1000,5;999,8;433,7;26,8;24,4;27,6;26,8;24,7;23,7;88;81;86;70;1,8;,4;
2012-03-30;23:00;0;1001,4;1001,4;1000,5;35;25,7;23,7;26,8;25,7;24,6;23,2;90;85;89;99;1,4;,2;
2012-03-31;00:00;0;1002,2;1002,2;1001,4;-9999;24,8;23,7;25,7;24,8;23,9;23,1;94;88;93;109;1,9;,6;
2012-03-31;01:00;0;1003;1003;1002,2;-9999;24,5;23,4;24,9;24,5;23,7;23,2;93;91;93;43;1,4;,5;
2012-03-31;02:00;0;1004,2;1004,2;1003;-9999;24,3;23,3;24,7;24,3;23,6;23,3;94;93;94;3;1,1;,7;
2012-03-31;03:00;0;1004,6;1004,8;1004,2;-9999;24,3;23,4;24,5;24,2;23,5;23,3;95;94;95;163;1,3;,4;
2012-03-31;04:00;0;1004,3;1004,7;1004,3;-9999;24,3;23,4;24,3;24,2;23,4;23,2;95;95;95;145;1,3;,8;
2012-03-31;05:00;0;1003,4;1004,3;1003,4;-9999;24,7;23,6;24,7;24,2;23,7;23,3;95;94;94;210;2;1,1;
2012-03-31;06:00;0;1002,9;1003,4;1002,9;-9999;24,4;23,4;24,7;24,4;23,6;23,4;94;94;94;229;2,5;1;
2012-03-31;07:00;0;1002,5;1002,9;1002,5;-9999;24,3;23,4;24,4;24,3;23,4;23,3;94;94;94;220;3,1;1,3;
2012-03-31;08:00;,4;1002,2;1002,5;1002,1;-9999;24,2;23,3;24,3;24,2;23,4;23,3;95;94;94;224;3;,8;
2012-03-31;09:00;0;1002,8;1002,8;1002,2;-9999;24,1;23;24,3;24;23,3;23;95;94;94;209;2,9;1,5;
2012-03-31;10:00;0;1003,7;1003,7;1002,8;-9999;23,8;22,8;24,1;23,8;23;22,7;94;93;94;194;3,7;1,4;
2012-03-31;11:00;0;1004,3;1004,3;1003,7;8,2;23,9;22,7;23,9;23,7;22,8;22,6;94;93;93;201;2,4;1,6;
2012-03-31;12:00;0;1005,4;1005,4;1004,3;166;24,1;22,6;24,1;23,9;22,9;22,4;93;90;91;220;3,5;1,6;
2012-03-31;13:00;0;1006,1;1006,1;1005,4;253,2;24,2;22,8;24,3;24,1;22,9;22,6;92;91;92;215;3,4;1,8;
2012-03-31;14:00;4;1006,7;1006,8;1006,1;407,6;24,3;23,2;24,4;24,1;23,2;22,7;94;91;94;164;3,6;1,6;
2012-03-31;15:00;1,8;1007;1007;1006,7;752,1;23,5;21,9;24,8;23,4;23,6;21,5;94;88;91;127;10,4;1,9;
2012-03-31;16:00;,2;1006,2;1007;1006,2;455,2;23,4;21,6;23,5;23,1;22;21,4;93;89;90;113;5,6;,9;
2012-03-31;17:00;0;1005,3;1006,2;1005,3;432;23,5;21,5;23,5;23,3;21,9;21,3;91;88;89;152;3,9;,9;
2012-03-31;18:00;0;1003,8;1005,3;1003,8;960,5;24,2;21,8;24,4;23,5;22,3;21,3;90;85;87;213;4,1;1,8;
2012-03-31;19:00;0;1002,7;1003,8;1002,7;1281,9;25,6;22;25,6;24,2;22,5;21,3;88;80;81;243;3,7;1,1;
2012-03-31;20:00;0;1001,6;1002,7;1001,6;1827,5;26,2;22,4;27;25,4;22,9;21,6;81;76;79;258;3,3;1;
2012-03-31;21:00;0;1001;1001,6;1000,9;1928,2;28;22,9;28,3;26,3;22,9;21,7;81;69;74;40;3,4;,8;
2012-03-31;22:00;0;1000,8;1000,9;1000,7;569,3;26,6;23;28,1;26,6;23,4;21,8;81;72;81;52;2,2;,5;
2012-03-31;23:00;0;1000,9;1001;1000,8;36,9;24,7;22,9;26,6;24,7;23,6;22,8;90;80;90;321;2,7;1;
2012-04-01;00:00;0;1001,2;1001,2;1000,9;-9999;23,8;22,4;24,7;23,8;22,9;22,4;92;90;92;350;2,1;,9;
2012-04-01;01:00;0;1002,2;1002,2;1001,1;-9999;23,6;22,2;23,9;23,5;22,5;22,2;93;92;92;351;2,8;1;
2012-04-01;02:00;0;1003,1;1003,1;1002,2;-9999;23,3;22,2;23,6;23,2;22,3;22,1;94;92;94;339;2,4;,7;
2012-04-01;03:00;0;1003,2;1003,3;1003,1;-9999;23;22;23,3;23;22,2;22;94;93;94;130;1,5;,2;
2012-04-01;04:00;0;1003;1003,2;1003;-9999;22,5;21,7;23;22,5;22;21,6;95;94;95;132;,8;,3;
2012-04-01;05:00;0;1002,3;1003;1002,3;-9999;23;22,1;23,1;22,5;22,2;21,7;95;95;95;213;2,4;1,4;
2012-04-01;06:00;0;1001,9;1002,5;1001,9;-9999;22,7;21,8;23;22,7;22,1;21,8;95;94;95;274;2,4;,6;
2012-04-01;07:00;0;1001,9;1002;1001,8;-9999;22,6;21,7;22,7;22,6;21,8;21,6;95;94;94;285;1,7;,5;
2012-04-01;08:00;0;1001,5;1001,9;1001,5;-9999;22,8;21,8;22,8;22,6;21,8;21,6;95;94;94;245;1,8;,5;
2012-04-01;09:00;0;1002;1002;1001,5;-9999;22,6;21,6;22,9;22,6;22;21,6;95;94;94;225;2,2;,9;
2012-04-01;10:00;0;1002,3;1002,3;1001,9;-9999;22,5;21,5;22,7;22,5;21,8;21,5;95;94;94;252;2;,5;
2012-04-01;11:00;0;1002,9;1002,9;1002,3;21,5;22,7;21,8;22,7;22,5;21,8;21,5;95;94;95;307;1,3;,5;
2012-04-01;12:00;0;1003,7;1003,7;1002,9;179;23,2;21,9;23,3;22,7;22,1;21,8;95;92;92;228;1,8;,9;
2012-04-01;13:00;0;1004,4;1004,4;1003,7;318,2;24;22,4;24;23,2;22,4;21,8;93;90;91;308;2,3;,8;
2012-04-01;14:00;0;1004,5;1004,6;1004,4;913,3;25;22;25,1;23,9;22,6;21,8;91;82;83;300;3,2;1,4;
2012-04-01;15:00;0;1004,4;1004,6;1004,3;1237,5;26,1;23,1;26,1;24,8;23,1;21,5;85;80;84;295;3,2;1;
2012-04-01;16:00;0;1003,7;1004,4;1003,7;1733,9;27,3;23,1;27,5;25,8;23,2;22,1;84;75;78;226;2,8;1,5;
2012-04-01;17:00;0;1002,2;1003,7;1002,2;3034,7;28;22,6;28,7;27;23,4;21,8;79;67;73;323;3,8;1;
2012-04-01;18:00;0;1000,5;1002,2;1000,5;2953,7;30,5;22;30,5;28;23,6;21,7;75;61;61;256;3,9;1,4;
2012-04-01;19:00;0;999;1000,5;999;3097,8;30,7;21,6;31;29,9;23,1;21,1;63;56;58;269;3,6;1,4;
2012-04-01;20:00;0;997,8;999;997,8;2483,2;31,3;22,6;32;30,6;23,2;21,1;64;54;60;246;4,8;1;
2012-04-01;21:00;0;997,3;997,8;997,3;1436,8;30,7;21,9;31,6;30,2;22,6;20,4;64;53;59;321;2,7;,9;
2012-04-01;22:00;0;997,6;997,6;997,2;570,1;28,8;22,5;30,8;28,6;23,2;21,2;71;57;69;12;2,5;,9;
2012-04-01;23:00;0;998,8;998,8;997,6;42,3;26,3;23,9;28,8;26,3;24,1;22,5;87;69;86;70;1,7;,8;
2012-04-02;00:00;0;999,4;999,4;998,8;-9999;26,1;22,8;27;26,1;24,3;22,8;88;82;82;9;5,4;,8;
2012-04-02;01:00;5,4;1000,8;1000,8;999,4;-9999;24,2;23,2;26,1;24,1;23,5;22,7;94;82;94;162;5,6;1;
2012-04-02;02:00;2,8;1001,6;1001,8;1000,8;-9999;23,9;22,9;24,4;23,8;23,5;22,9;95;94;94;87;4,6;,5;
2012-04-02;03:00;0;1002,1;1002,1;1001,5;-9999;23,9;23;24;23,7;23;22,7;95;94;95;78;1,8;,3;
2012-04-02;04:00;,2;1002,1;1002,2;1002;-9999;24;23,1;24;23,8;23,1;22,9;95;94;95;221;1,3;,5;
2012-04-02;05:00;,2;1001,2;1002,1;1001,2;-9999;23,7;22,9;24;23,7;23,1;22,8;95;95;95;8;1,2;,8;
2012-04-02;06:00;0;1000,1;1001,2;1000,1;-9999;23,7;22,8;23,7;23,6;22,9;22,7;95;95;95;307;1,5;,3;
2012-04-02;07:00;0;1000,2;1000,3;1000;-9999;23,6;22,7;23,7;23,5;22,8;22,7;95;95;95;88;1,4;,4;
2012-04-02;08:00;0;1000,1;1000,3;1000,1;-9999;23,5;22,7;23,6;23,4;22,8;22,6;95;95;95;9;1;,5;
2012-04-02;09:00;0;999,9;1000,1;999,9;-9999;23,6;22,7;23,7;23,4;22,9;22,6;95;95;95;335;1;,6;
2012-04-02;10:00;0;1000,4;1000,4;999,9;-9999;23,5;22,7;23,7;23,4;22,9;22,5;95;95;95;324;1,2;,5;
2012-04-02;11:00;0;1001;1001;1000,4;16,6;23,6;22,8;23,6;23,5;22,8;22,7;95;95;95;47;1;,4;
2012-04-02;12:00;,6;1001,8;1001,8;1001;255,2;24,2;23,2;24,2;23,6;23,3;22,7;95;93;94;44;1,6;,5;
2012-04-02;13:00;0;1003,2;1003,2;1001,8;474,8;25,1;23,7;25,1;24,2;23,9;23,2;94;92;92;143;2;,5;
2012-04-02;14:00;0;1003,6;1003,6;1003,2;736,6;25,8;23,4;25,9;25,1;24,3;23,1;92;86;87;163;2;,9;
2012-04-02;15:00;0;1003,1;1003,6;1003,1;1388,3;26,8;23,6;27,2;25,4;24,4;22,8;91;79;82;248;2,5;,7;
2012-04-02;16:00;0;1002,1;1003,1;1002,1;2795,6;28,5;23,5;28,9;26,8;25,5;22,6;85;72;74;233;3,1;1;
2012-04-02;17:00;0;1000,5;1002,1;1000,5;3016,6;29,8;23,2;30,1;28,3;24;22,9;77;66;67;193;4,7;2,3;
2012-04-02;18:00;0;998,7;1000,5;998,7;3114,1;30,4;21,8;31,2;29,4;23,4;21,4;69;58;60;240;4,2;1,3;
2012-04-02;19:00;0;997,3;998,7;997,3;2502,8;30,6;23,1;31,7;30,2;23,8;21,4;66;57;64;225;3,5;1,3;
2012-04-02;20:00;0;996,9;997,3;996,9;1165,1;28,8;23,5;31,1;28,5;24,6;21,9;79;59;73;43;2,7;1,2;
2012-04-02;21:00;0;996,5;996,9;996,4;921,4;29,7;24,6;29,7;28,8;24,8;23,5;77;72;74;354;2;,9;
2012-04-02;22:00;0;996,7;996,7;996,2;637,7;28,1;23,5;29,9;28,1;24,7;23,1;77;71;76;4;4;1,1;
2012-04-02;23:00;0;997,7;997,7;996,6;35,8;26,1;23,8;28,1;26,1;24,3;23,4;88;76;87;313;2,1;,6;
2012-04-03;00:00;0;998;998,2;997,4;-9999;25,6;23,9;26,3;25,3;24;23,5;92;86;91;267;2;,4;
2012-04-03;01:00;0;999,7;999,7;998;-9999;25,1;23,8;25,6;24,9;24,1;23,5;93;89;93;78;1,3;,8;
2012-04-03;02:00;19,8;1001,4;1001,5;999,7;-9999;23,7;22,8;25,4;23,3;23,9;22,3;95;89;95;148;5,2;1,2;
2012-04-03;03:00;3,4;1001,5;1001,7;1001,4;-9999;23,8;23;23,9;23,6;23,1;22,8;95;95;95;290;2,8;,6;
2012-04-03;04:00;,8;1001,4;1001,6;1001,4;-9999;23,5;22,7;23,9;23,5;23;22,7;95;95;95;290;2,3;,8;
2012-04-03;05:00;,8;1000,4;1001,4;1000,4;-9999;23,3;22,5;23,5;23,3;22,7;22,4;95;95;95;269;2,1;,4;
2012-04-03;06:00;0;999,6;1000,4;999,5;-9999;23,2;22,4;23,4;23,2;22,6;22,4;95;95;95;263;2,3;,7;
2012-04-03;07:00;0;999,5;999,6;999,3;-9999;23,2;22,3;23,3;23,1;22,5;22,2;95;95;95;236;2,8;,9;
2012-04-03;08:00;0;1000;1000;999,5;-9999;23,1;22,2;23,2;23;22,4;22,2;95;95;95;233;2,3;,4;
2012-04-03;09:00;0;1000,1;1000,1;1000;-9999;22,9;22,1;23,2;22,9;22,3;22,1;95;95;95;59;1,1;,6;
2012-04-03;10:00;0;999,9;1000,1;999,8;-9999;23;22,2;23;22,9;22,3;22,1;95;95;95;153;1,4;,8;
2012-04-03;11:00;0;1000,8;1000,8;999,9;37,8;23,1;22,2;23,1;23;22,3;22,2;95;95;95;73;1,8;,5;
2012-04-03;12:00;0;1002;1002;1000,8;248,9;23,6;22,7;23,6;23;22,8;22,1;95;95;95;89;2;,5;
2012-04-03;13:00;0;1002,8;1002,8;1002;449,5;24,5;23;24,6;23,6;23,2;22,6;95;91;91;100;1,4;,6;
2012-04-03;14:00;0;1003,4;1003,4;1002,8;797,6;25,4;23,2;25,7;24,5;23,8;22,7;92;85;88;149;1,7;,9;
2012-04-03;15:00;0;1003,2;1003,4;1003,2;1062,9;26,1;23,1;26,3;25,4;23,7;22,7;89;83;84;172;2,8;1,4;
2012-04-03;16:00;0;1002,4;1003,2;1002,4;1353,4;27,4;23,7;27,5;26,1;24,2;23;86;79;80;256;2,8;,7;
2012-04-03;17:00;0;1001,3;1002,4;1001,3;1583,8;28,5;23,9;28,6;27,3;24,6;23,4;83;75;76;193;2,8;1,1;
2012-04-03;18:00;0;999;1001,3;999;3382,6;29,7;23,5;30;28,1;24,4;21,8;79;63;69;217;3,5;,9;
2012-04-03;19:00;0;996,9;999;996,9;2612,4;30,6;23,6;30,6;29;24;21,6;74;60;66;100;3,4;1;
2012-04-03;20:00;0;996,5;996,9;996,4;2359,6;31,4;22,7;31,8;30,3;24,3;20;69;51;60;43;2,9;,6;
2012-04-03;21:00;0;996,3;996,5;996;1477;30,9;21,9;31,7;30,7;22,8;19,8;62;50;59;26;2,5;,5;
2012-04-03;22:00;0;996,6;996,6;996,2;490,4;28,2;24;31,3;28,2;24,7;21,8;80;58;78;12;2,6;,8;
2012-04-03;23:00;0;997,7;997,8;996,7;36,3;25,6;23,6;28,2;25,6;24,3;23,2;89;77;89;70;5,8;1,8;
2012-04-04;00:00;0;999,1;999,1;997,5;-9999;25;23,6;25,7;25;23,9;23,4;92;88;92;109;3,6;,4;
2012-04-04;01:00;0;1000,3;1000,3;999,1;-9999;24,5;23,4;25;24,5;23,5;23,3;93;91;93;66;2,5;,5;
2012-04-04;02:00;0;1001,3;1001,3;1000,3;-9999;24,5;23,3;24,6;24,4;23,5;23,3;94;93;93;18;1,6;,7;
2012-04-04;03:00;0;1001,7;1001,7;1001,3;-9999;24,1;23,1;24,5;24;23,3;23;94;93;94;47;1,8;,7;
2012-04-04;04:00;0;1002;1002,1;1001,7;-9999;24,2;23,3;24,4;24,1;23,4;23,1;95;94;94;234;1,5;,6;
2012-04-04;05:00;0;1001,3;1002;1001,3;-9999;24,4;23,5;24,4;24,1;23,5;23,1;95;94;95;193;1,6;,8;
2012-04-04;06:00;0;1000,8;1001,3;1000,8;-9999;24,5;23,4;24,6;24,4;23,6;23,4;95;94;94;163;1,7;,5;
2012-04-04;07:00;0;1000,3;1000,8;1000,3;-9999;24,3;23,4;24,5;24,3;23,5;23,3;95;94;94;304;1,6;,6;
2012-04-04;08:00;0;999,7;1000,3;999,7;-9999;24,2;23,1;24,3;24,1;23,4;23,1;94;94;94;230;2;,8;
2012-04-04;09:00;0;999,6;999,7;999,5;-9999;24,1;22,8;24,2;24,1;23,1;22,8;94;92;92;294;1,5;,6;
2012-04-04;10:00;0;999,7;999,7;999,4;-9999;23,8;22,7;24,1;23,8;23;22,6;94;92;94;317;1,8;,7;
2012-04-04;11:00;0;1000,4;1000,4;999,7;27,4;23,6;22,5;23,8;23,6;22,7;22,4;94;93;93;295;2,5;,5;
2012-04-04;12:00;0;1001,2;1001,2;1000,4;322,8;24,3;22,6;24,3;23,6;22,8;22,4;94;90;90;331;1,3;,6;
2012-04-04;13:00;0;1002,2;1002,2;1001,2;1123,8;25,8;22,9;26,1;24,3;23,2;22,4;91;81;84;179;2,9;1,3;
2012-04-04;14:00;0;1002,5;1002,5;1002,2;1328,8;26,7;22,8;26,8;25,5;23,4;22,3;84;79;79;224;3,3;1,3;
2012-04-04;15:00;0;1002,2;1002,6;1002,2;1907;27,7;22,7;27,8;26,5;23,6;22,2;82;74;75;169;3,2;1,6;
2012-04-04;16:00;0;1001,5;1002,2;1001,5;2809,5;28,8;23,2;29;27,5;23,6;22,1;76;69;72;229;3,7;1,4;
2012-04-04;17:00;0;1000,3;1001,5;1000,3;2965,3;29,8;23,1;30;28,5;24,1;22,4;73;67;67;235;4;1,3;
2012-04-04;18:00;0;998,5;1000,3;998,5;3189,4;30,1;22,4;31,2;29,2;23,9;22,2;71;61;63;295;3,5;1,6;
2012-04-04;19:00;0;997,1;998,5;997,1;3141,2;31,3;23,8;31,8;30;24,2;21,7;68;58;65;318;4,1;1,3;
2012-04-04;20:00;0;996,3;997,1;996,2;1506,3;30,4;23;31,4;28,6;25,1;22,1;79;59;64;30;3,5;1,7;
2012-04-04;21:00;5;997,4;997,5;996,1;810;22,9;21,7;31;22,6;24,4;21,3;94;64;93;24;10,5;1,6;
2012-04-04;22:00;1;997,5;997,5;997,2;125,3;23,2;22,1;23,3;22,9;22,4;21,7;95;92;94;75;4,4;1,1;
2012-04-04;23:00;0;998,3;998,3;997,5;29,1;23;22;23,4;23;22,4;22;95;93;94;94;2,2;,4;
2012-04-05;00:00;0;999,3;999,4;998,3;-9999;23,2;22,3;23,3;23;22,4;22;95;94;95;102;2;,4;
2012-04-05;01:00;0;1000,2;1000,3;999,3;-9999;23,2;22,2;23,5;23,1;22,5;22,2;95;93;94;115;3,1;,5;
2012-04-05;02:00;0;1000,9;1000,9;1000,2;-9999;23,3;22,3;23,4;23,2;22,4;22,1;94;93;94;98;2,1;,4;
2012-04-05;03:00;0;1001,1;1001,3;1000,9;-9999;23,2;22,1;23,4;23,2;22,3;22;94;92;93;219;1,9;,7;
2012-04-05;04:00;0;1000,7;1001,2;1000,7;-9999;22,8;21,9;23,4;22,8;22,3;21,8;95;93;94;145;1,7;,6;
2012-04-05;05:00;0;999,9;1000,7;999,9;-9999;22,7;21,8;23,2;22,7;22,3;21,8;95;94;95;93;1,6;,5;
2012-04-05;06:00;0;999,5;999,9;999,5;-9999;22,7;21,9;23;22,6;22,1;21,8;95;95;95;86;1;,4;
2012-04-05;07:00;0;999,7;999,7;999,5;-9999;22,9;22,1;22,9;22,6;22,1;21,8;95;95;95;162;1,2;,3;
2012-04-05;08:00;0;999,6;999,7;999,6;-9999;22,7;21,8;22,9;22,6;22,1;21,7;95;95;95;332;1,4;,4;
2012-04-05;09:00;0;1000,2;1000,2;999,6;-9999;22,8;22;22,9;22,6;22;21,8;95;94;95;230;1,4;,4;
2012-04-05;10:00;0;1000,6;1000,6;1000,2;-9999;22,8;22;22,9;22,6;22;21,8;95;95;95;201;,9;,4;
2012-04-05;11:00;0;1001,5;1001,5;1000,6;52,4;23,3;22,4;23,3;22,6;22,4;21,7;95;95;95;219;1,4;,6;
2012-04-05;12:00;0;1002,2;1002,2;1001,5;780,3;24,6;22,7;24,6;23,3;22,9;22,4;95;89;89;202;4;2,3;
2012-04-05;13:00;0;1002,8;1002,8;1002,1;1471;25,9;22,8;26;24,6;23,3;22,2;90;82;83;165;3,9;,9;
2012-04-05;14:00;0;1002,9;1002,9;1002,8;1371,7;26,4;22,8;26,8;25,9;23,5;22,4;83;80;81;198;3;1,7;
2012-04-05;15:00;0;1002,6;1002,9;1002,6;2230,3;29,1;24,4;29,1;26,4;24,4;22,7;82;72;76;113;3,6;1,1;
2012-04-05;16:00;0;1001,7;1002,6;1001,7;2484;28,6;23;30;28;24,6;22,3;77;66;72;185;3,6;1,7;
2012-04-05;17:00;0;1000,4;1001,7;1000,4;2865,7;30;22,8;30,9;28,6;24,6;22,6;76;63;65;252;3,1;1,2;
2012-04-05;18:00;0;998,3;1000,4;998,3;2635,2;31,3;23,4;31,4;29,4;24;22;73;59;63;108;4;1,3;
2012-04-05;19:00;0;996,7;998,3;996,7;3088,4;31,9;22,4;32,2;31,1;24,2;21,3;65;55;57;231;4,6;1,5;
2012-04-05;20:00;0;996;996,7;996;2376,5;31,5;21,8;32,8;31,1;23,6;21,5;63;53;57;186;5,1;1,3;
2012-04-05;21:00;0;996,3;996,4;996;631,5;26;23,2;31,5;26;24,1;22,1;85;56;85;35;8,8;3,7;
2012-04-05;22:00;0;996,7;996,7;996,1;94,7;25,4;23,1;26;25,3;23,5;23,1;89;84;87;360;8,8;1,1;
2012-04-05;23:00;0;997,8;997,8;996,7;4,1;24,9;23,4;25,4;24,9;23,6;23,1;92;87;91;333;3,1;1;
2012-04-06;00:00;0;999;999;997,8;-9999;24,5;23,1;24,9;24,5;23,3;23,1;92;90;92;126;2;,8;
2012-04-06;01:00;0;1000,2;1000,2;999;-9999;24,6;23,3;24,7;24,3;23,4;23,2;93;92;92;349;1,7;,5;
2012-04-06;02:00;0;1001;1001;1000,1;-9999;24,5;23,4;24,7;24,5;23,5;23,3;94;92;93;103;1,2;,3;
2012-04-06;03:00;0;1001,4;1001,4;1000,9;-9999;25,1;23,7;25,1;24,5;23,8;23,3;94;92;92;202;2,6;1,4;
2012-04-06;04:00;0;1001,7;1001,8;1001,4;-9999;24,8;23,1;25;24,7;23,7;23,1;93;90;90;185;4,3;1,4;
2012-04-06;05:00;9;1001;1002;1000,9;-9999;23,8;23;24,8;23,8;23,4;22,9;95;90;95;16;3;,9;
2012-04-06;06:00;0;1000,8;1001;1000,8;-9999;24;23,1;24;23,8;23,2;22,9;95;95;95;118;1,8;,6;
2012-04-06;07:00;10,6;1000,2;1000,8;1000,1;-9999;23,7;22,9;24;23,7;23,1;22,9;95;95;95;65;2,3;1;
2012-04-06;08:00;24;1000,2;1000,2;999,9;-9999;23,3;22,5;23,7;23,3;22,9;22,5;95;95;95;336;3,5;,9;
2012-04-06;09:00;,2;1000,6;1000,6;1000,2;-9999;23,2;22,5;23,5;23,2;22,7;22,5;95;95;95;304;2,4;,5;
2012-04-06;10:00;0;1001,1;1001,1;1000,5;-9999;23,3;22,5;23,3;23,2;22,6;22,5;95;95;95;4;1,2;,5;
2012-04-06;11:00;0;1002,2;1002,2;1001,1;36,2;23,6;22,8;23,6;23,2;22,8;22,5;96;95;95;298;2;,7;
2012-04-06;12:00;0;1003,1;1003,2;1002,2;329;24,2;23,2;24,2;23,6;23,2;22,8;95;94;94;243;2,2;1;
2012-04-06;13:00;0;1003,8;1003,8;1003,1;558,6;24,4;23,1;24,4;24,2;23,4;22,7;94;91;92;262;3,4;1,2;
2012-04-06;14:00;0;1004,2;1004,2;1003,8;858,6;25,6;23,1;25,6;24,4;23,4;22,5;92;85;86;255;3,4;1,1;
2012-04-06;15:00;0;1004,1;1004,2;1004;837,2;25,8;22,9;25,8;25,1;23,2;22,5;89;83;84;270;4,8;1,5;
2012-04-06;16:00;,2;1003,5;1004,1;1003,5;960,6;26,4;23,4;26,4;25,3;23,8;22,4;88;82;84;279;4,8;1,4;
2012-04-06;17:00;0;1002,1;1003,5;1002,1;1447,6;26,5;23,2;27,4;26,4;24;23;84;79;82;236;4,8;1,6;
2012-04-06;18:00;0;1000,6;1002,1;1000,6;1030,1;27,4;23,3;27,4;26;24;22,9;86;78;79;254;5,4;1,5;
2012-04-06;19:00;9,2;1000,3;1000,6;1000,1;431,9;23,8;22,7;27,5;23,7;23,2;21,7;94;76;94;213;8,6;2,1;
2012-04-06;20:00;1,4;999,7;1000,3;999,7;235,1;24,1;22,9;24,1;23,8;23;22,6;94;92;93;234;4,4;,8;
2012-04-06;21:00;,8;999,3;999,7;999,1;112,8;24,1;23;24,1;23,9;23,1;22,7;94;93;93;240;2,6;,5;
2012-04-06;22:00;0;999,8;999,9;999,3;152,5;24;23;24,2;24;23,3;22,9;94;93;94;40;1,5;,5;
2012-04-06;23:00;0;1000,1;1000,1;999,8;21,9;23,6;22,8;24;23,6;23,1;22,7;95;94;95;41;1,5;,6;
2012-04-07;00:00;0;1000,6;1000,6;1000,1;-9999;23,1;22,3;23,6;23,1;22,8;22,3;95;95;95;343;1,1;,4;
2012-04-07;01:00;0;1001,9;1001,9;1000,6;-9999;23;22,2;23,3;22,9;22,5;22,1;95;95;95;84;1,5;,6;
2012-04-07;02:00;0;1003;1003;1001,9;-9999;22,9;22,2;23,1;22,8;22,3;22,1;95;95;95;49;2;1,3;
2012-04-07;03:00;0;1003,1;1003,3;1003;-9999;22,9;22,1;23;22,9;22,2;22,1;95;95;95;80;2;,3;
2012-04-07;04:00;0;1002,7;1003,1;1002,7;-9999;22,9;22,1;23;22,8;22,2;22;95;95;95;34;1,5;,4;
2012-04-07;05:00;,2;1002,2;1002,7;1002,1;-9999;22,8;22;22,9;22,8;22,1;22;95;95;95;69;1,7;,6;
2012-04-07;06:00;0;1001,8;1002,2;1001,8;-9999;22,8;22;22,9;22,7;22,1;22;95;95;95;181;2,2;,3;
2012-04-07;07:00;0;1001,3;1001,8;1001,3;-9999;22,7;21,9;22,8;22,7;22;21,9;95;95;95;338;2,5;1,3;
2012-04-07;08:00;0;1001,4;1001,4;1001,3;-9999;22,8;22;22,8;22,7;22;21,9;95;95;95;29;2,5;,7;
2012-04-07;09:00;,2;1001,3;1001,4;1001,2;-9999;22,9;22,2;22,9;22,7;22,2;22;96;95;96;348;1,6;,4;
2012-04-07;10:00;0;1001,8;1001,8;1001,3;-9999;22,7;22;23;22,7;22,2;21,9;96;95;96;319;1,5;,3;
2012-04-07;11:00;0;1002,9;1002,9;1001,8;24,1;22,7;21,9;22,7;22,5;22;21,7;96;95;96;19;1,2;,6;
2012-04-07;12:00;0;1003,7;1003,7;1002,9;265,5;23,4;22,4;23,5;22,7;22,5;21,9;96;94;94;329;1,5;,6;
2012-04-07;13:00;0;1004,4;1004,4;1003,7;514,2;24;22,5;24;23,4;22,7;22,3;94;90;91;335;2,9;1,2;
2012-04-07;14:00;0;1004,8;1004,9;1004,4;894,6;25,5;22,9;25,5;24;22,9;22,2;92;84;85;292;2,4;,8;
2012-04-07;15:00;0;1004,7;1004,9;1004,7;1654,8;26,5;22,5;26,7;25,4;23,5;22,1;85;79;79;56;2,3;,8;
2012-04-07;16:00;0;1004,3;1004,7;1004,3;1272,2;27,5;23,8;27,5;26,5;24,3;22,6;84;78;80;103;2,6;,8;
2012-04-07;17:00;0;1003,2;1004,3;1003,2;2566,6;28,3;23,2;29,3;27,5;24,6;22,4;82;71;74;59;4,3;1,9;
2012-04-07;18:00;2,6;1003,2;1003,5;1003,1;526,9;22,8;21,5;28,3;22,7;23,4;21,3;94;73;93;103;11,6;1,1;
2012-04-07;19:00;,6;1002,8;1003,2;1002,8;314,3;22,4;21,4;22,9;22,4;21,8;21,2;94;92;94;90;5,3;1,5;
2012-04-07;20:00;,4;1002,2;1002,8;1002,2;225,1;22,8;21,7;22,8;22,4;21,7;21,4;94;93;94;108;4,6;1;
2012-04-07;21:00;,2;1001,1;1002,2;1001,1;292,6;22,9;21,5;23,1;22,7;21,9;21,5;94;92;92;188;2,8;1,5;
2012-04-07;22:00;0;1000,4;1001,1;1000,4;193;22,6;21,5;22,9;22,6;21,8;21,2;94;90;93;308;2,8;,6;
2012-04-07;23:00;0;1000,1;1000,4;1000,1;27,2;22,2;21,3;22,7;22,2;21,6;21,3;95;93;95;16;2;,9;
2012-04-08;00:00;0;1000,5;1000,5;1000,1;-9999;22,2;21,3;22,2;22,1;21,3;21,2;95;95;95;71;2,5;,9;
2012-04-08;01:00;0;1000,9;1000,9;1000,5;-9999;22,1;21,2;22,2;22;21,3;21,2;95;95;95;120;1,7;,2;
2012-04-08;02:00;0;1001,9;1001,9;1000,9;-9999;22;21,2;22,1;22;21,3;21,1;95;95;95;156;1,4;,7;
2012-04-08;03:00;0;1002,1;1002,2;1001,9;-9999;22;21,2;22,1;21,8;21,3;21;95;95;95;86;1,2;,3;
2012-04-08;04:00;0;1002,1;1002,1;1002;-9999;22;21,2;22;21,8;21,2;21;95;95;95;21;1,3;,3;
2012-04-08;05:00;0;1001,9;1002,1;1001,9;-9999;22;21,3;22;21,9;21,3;21,1;96;95;95;323;1,5;,9;
2012-04-08;06:00;0;1001,1;1001,9;1001,1;-9999;22,1;21,3;22,1;22;21,3;21,2;95;95;95;300;1,3;,3;
2012-04-08;07:00;0;1000,6;1001,1;1000,6;-9999;22;21,2;22,1;21,9;21,3;21,1;95;95;95;261;1,2;,3;
2012-04-08;08:00;0;1000,6;1000,7;1000,6;-9999;21,9;21,1;22;21,9;21,2;21,1;95;95;95;117;1,1;,4;
2012-04-08;09:00;0;1000,7;1000,8;1000,5;-9999;21,8;21;22;21,8;21,2;21;95;95;95;31;1,1;,5;
2012-04-08;10:00;0;1001,2;1001,2;1000,7;-9999;21,7;21;21,8;21,7;21,1;20,9;96;95;96;75;1;,5;
2012-04-08;11:00;0;1001,7;1001,7;1001,2;18,8;21,8;21,1;21,8;21,7;21,1;20,9;96;96;96;50;1,4;,8;
2012-04-08;12:00;0;1002,6;1002,6;1001,8;260,9;22,6;21,9;22,6;21,8;21,9;21;96;96;96;72;1,6;,6;
2012-04-08;13:00;0;1003,4;1003,4;1002,6;613,8;23,7;22,4;23,7;22,6;22,4;21,6;96;90;93;110;1,3;,6;
2012-04-08;14:00;,2;1003,7;1003,7;1003,4;712;24;21,7;24,3;23,5;22,4;21,4;93;87;87;92;1,5;,6;
2012-04-08;15:00;,2;1003,4;1003,7;1003,4;1393,5;25,8;23;25,8;24;23,3;21,8;91;83;84;86;2,3;,8;
2012-04-08;16:00;0;1002,7;1003,4;1002,7;2400,2;27,3;22,5;27,3;25,8;23,7;22,1;86;75;75;88;2,6;1;
2012-04-08;17:00;0;1001,6;1002,7;1001,6;2664,8;28;22,9;29;27,3;24,4;21,5;80;69;74;317;2,6;,7;
2012-04-08;18:00;0;1000,2;1001,6;1000,2;2753,2;30,2;23,9;30,3;28;24,5;22,4;75;65;69;188;3,2;1,1;
2012-04-08;19:00;0;998,9;1000,2;998,9;2107;29,4;23,2;30,3;28,6;24,5;22,6;74;66;69;126;3,4;1,5;
2012-04-08;20:00;0;998;998,9;998;2456,5;30,3;22,6;31,1;29,5;24,5;21,9;71;61;64;169;4,4;1,8;
2012-04-08;21:00;0;997,1;998;997,1;1216,9;29,5;23,3;30,3;28,2;24;22,1;76;63;69;116;4,4;,5;
2012-04-08;22:00;0;997;997,1;996,8;470,2;28,4;22,6;30,5;28,4;23,5;22,2;73;63;71;133;2,3;,3;
2012-04-08;23:00;0;996,9;997;996,8;26,7;25,7;23,8;28,4;25,7;24,1;22,3;90;70;90;42;1;,5;
2012-04-09;00:00;0;997,9;997,9;996,9;-9999;24,6;23,4;25,7;24,6;23,9;23,4;93;90;93;61;1;,6;
2012-04-09;01:00;0;998,8;998,8;997,9;-9999;24,1;23;24,6;24,1;23,4;23;94;93;93;306;,9;,2;
2012-04-09;02:00;0;999,7;999,7;998,8;-9999;23,8;22,9;24,2;23,8;23,3;22,8;95;93;95;81;1,2;,4;
2012-04-09;03:00;0;1000,1;1000,1;999,7;-9999;23,9;23;24;23,8;23,1;22,8;95;94;95;56;,8;,5;
2012-04-09;04:00;0;1000,4;1000,5;1000,1;-9999;23,9;23;24;23,7;23,1;22,8;95;94;95;316;,9;,6;
2012-04-09;05:00;0;1000,4;1000,5;1000,4;-9999;23,9;22,9;24,1;23,6;23,1;22,6;95;94;94;232;1,2;,3;
2012-04-09;06:00;0;999,7;1000,4;999,7;-9999;23,7;22,9;23,9;23,6;23;22,7;95;94;95;169;1;,5;
2012-04-09;07:00;0;999,4;999,7;999,4;-9999;23,7;22,9;24;23,5;23,1;22,6;95;95;95;174;1;,1;
2012-04-09;08:00;0;999,1;999,4;998,9;-9999;23,4;22,5;23,7;23,4;22,8;22,5;95;95;95;66;,9;,3;
2012-04-09;09:00;0;999,1;999,2;999,1;-9999;23,1;22,3;23,5;23;22,6;22,2;95;95;95;164;,6;,2;
2012-04-09;10:00;0;999,2;999,2;999;-9999;22,6;21,8;23,2;22,6;22,3;21,7;95;95;95;238;,6;,2;
2012-04-09;11:00;0;999,9;999,9;999,2;32,5;22,8;22;22,9;22,5;22,1;21,6;95;95;95;49;1,1;,4;
2012-04-09;12:00;0;1000,8;1000,8;999,9;290,1;24;23,1;24;22,8;23,1;22;95;94;94;232;,9;,4;
2012-04-09;13:00;0;1001,5;1001,5;1000,8;855,1;26,1;23,1;26,2;24;23,4;22,6;94;82;83;279;1,5;,6;
2012-04-09;14:00;0;1001,7;1001,8;1001,5;1943,7;28,6;23,1;28,6;26,1;23,8;22,6;85;72;72;193;2,8;1,1;
2012-04-09;15:00;0;1001,4;1001,7;1001,4;2891,8;29,8;22,5;30,2;28;24,4;22,4;76;64;65;155;3,3;1,2;
2012-04-09;16:00;0;1000,7;1001,4;1000,7;3032,8;30,1;23,1;31,6;29,6;24,3;22,1;68;60;66;193;3,9;1,2;
2012-04-09;17:00;0;999,1;1000,7;999,1;2897,5;32,7;20,7;32,7;30,1;24,2;20,1;69;49;49;226;3,6;1,4;
2012-04-09;18:00;0;997,2;999,1;997,2;3350,1;32,3;21,3;32,8;31,7;22,2;19;55;45;52;166;3,8;1,3;
2012-04-09;19:00;0;995,7;997,2;995,7;3071,6;32,3;21,1;33,1;32,2;22,5;20,1;56;49;52;200;4,3;1,9;
2012-04-09;20:00;0;994,9;995,6;994,9;2451,4;32,5;21,2;33,1;32,1;22,3;20,3;55;48;52;205;3,8;1,9;
2012-04-09;21:00;0;994,7;994,9;994,7;1905,8;31,9;23;32,7;31,6;23,6;21,2;62;51;59;161;5,6;1,6;
2012-04-09;22:00;0;995,7;995,7;994,7;693,3;28,1;23,1;31,9;28,1;23,5;21,8;74;55;74;139;7,7;1,6;
2012-04-09;23:00;0;996,7;996,7;995,8;36,8;26,1;23,1;28,1;26,1;23,6;22,8;85;74;83;129;4,6;,7;
2012-04-10;00:00;0;998;998;996,7;-9999;25,4;22,7;26,2;25,4;23,2;22,6;86;82;85;92;3,2;,7;
2012-04-10;01:00;0;999,2;999,3;998;-9999;24,8;22,6;25,4;24,8;22,8;22,3;88;84;88;92;3,2;,9;
2012-04-10;02:00;0;1000,2;1000,2;999,2;-9999;24,6;22,8;24,9;24,6;22,9;22,5;90;87;90;24;3,5;,8;
2012-04-10;03:00;0;1000,3;1000,3;1000;-9999;24,4;22,7;24,8;24,4;23,1;22,6;91;88;90;354;1,6;,7;
2012-04-10;04:00;0;1000,7;1000,7;1000,3;-9999;24,2;22,9;24,4;24;22,9;22,6;93;90;93;42;1,6;,8;
2012-04-10;05:00;0;1000,3;1000,7;1000,3;-9999;24,1;23;24,2;24;23;22,8;94;92;94;161;1,4;,1;
2012-04-10;06:00;0;999,9;1000,3;999,9;-9999;23,9;22,9;24,1;23,8;23;22,7;94;93;94;37;1,1;,5;
2012-04-10;07:00;0;999,4;999,9;999,4;-9999;23,5;22,4;24;23,5;22,9;22,4;94;93;94;24;1,2;,6;
2012-04-10;08:00;0;1000;1000;999,3;-9999;23,7;22,6;23,7;23,4;22,7;22,4;94;94;94;340;2,3;1,2;
2012-04-10;09:00;0;1000,8;1000,8;1000;-9999;23,6;22,4;23,7;23,6;22,6;22,4;94;93;93;14;2,3;,8;
2012-04-10;10:00;0;1001,4;1001,4;1000,8;-9999;23,8;22,4;23,8;23,5;22,7;22,4;94;92;92;348;4,3;1,8;
2012-04-10;11:00;,2;1002,4;1002,4;1001,4;14,9;23,1;21,8;23,8;23,1;22,4;21,7;93;91;92;330;4,3;1,7;
2012-04-10;12:00;,2;1003,2;1003,2;1002,4;153,9;23,1;21,8;23,2;23;21,9;21,6;93;92;92;338;4,1;1,3;
2012-04-10;13:00;1,6;1003,3;1003,7;1003,1;284,8;23,4;22,1;23,4;22,9;22,2;21,7;95;92;93;315;4;1,4;
2012-04-10;14:00;0;1003,7;1003,7;1003,3;1636,8;25,8;22,3;25,9;23,3;23;21,7;94;81;81;342;3,4;1,1;
2012-04-10;15:00;0;1002,7;1003,7;1002,7;3324,3;27,5;21,6;28,2;25,8;23,6;21,6;83;69;70;22;4,4;1,2;
2012-04-10;16:00;0;1002;1002,6;1002;2847;29;23,1;29;27,3;24;21,9;78;68;70;128;3,5;1,2;
2012-04-10;17:00;0;1000,6;1002;1000,6;3420,9;30,7;23,1;30,8;28,3;24,5;22,6;75;63;64;123;5,1;1,5;
2012-04-10;18:00;0;998,9;1000,6;998,9;2678,6;30;23,3;31,2;29,2;24,3;22,3;72;60;68;142;4,9;2;
2012-04-10;19:00;0;997,8;998,9;997,8;2415,6;30;23,4;31,2;29,9;24,1;22,1;70;61;68;82;5,7;1,9;
2012-04-10;20:00;0;997,1;997,9;997,1;1734,6;30,3;23,2;30,9;29;23,9;22,3;72;62;66;97;5,4;1,7;
2012-04-10;21:00;0;996,8;997,1;996,8;1335,3;29,9;22,8;30,6;29,3;23,9;22,3;71;62;66;124;5,3;1,2;
2012-04-10;22:00;0;996,6;996,8;996,6;563,5;28,8;23,8;29,9;28,7;24,1;22,9;75;66;74;146;3,8;,6;
2012-04-10;23:00;0;996,8;996,8;996,6;66,4;26,9;23,2;28,9;26,8;24,2;23,1;81;73;80;145;3;,7;
2012-04-11;00:00;0;998,1;998,1;996,7;-9999;25;23,4;26,9;25;23,4;22,7;91;80;91;8;2;,4;
2012-04-11;01:00;0;999,6;999,6;998,1;-9999;24,7;23,5;25;24,5;23,6;23,3;94;91;93;360;1,3;,8;
2012-04-11;02:00;0;1001;1001;999,6;-9999;23,9;22,8;24,8;23,9;23,5;22,8;94;92;93;50;1,7;,4;
2012-04-11;03:00;0;1001,4;1001,4;1001;-9999;23,5;22,5;24,2;23,5;23;22,4;94;92;94;76;1,5;,3;
2012-04-11;04:00;0;1001,3;1001,5;1001,3;-9999;23,6;22,6;23,6;23,3;22,7;22,3;95;94;94;194;,9;,4;
2012-04-11;05:00;0;1000,9;1001,3;1000,9;-9999;23,8;22,6;23,8;23,3;22,8;22,4;95;93;93;216;1,1;,5;
2012-04-11;06:00;0;1000,7;1001;1000,7;-9999;23,4;22,4;23,8;23,3;22,7;22,2;95;93;94;356;1,9;,8;
2012-04-11;07:00;0;1000,5;1000,8;1000,5;-9999;23,4;22,4;23,6;23,4;22,5;22,3;94;93;94;355;2,4;,6;
2012-04-11;08:00;0;1000,5;1000,6;1000,5;-9999;23,3;22,3;23,6;23,3;22,5;22,3;94;93;94;42;1,5;,3;
2012-04-11;09:00;0;1000,6;1000,6;1000,5;-9999;23,1;22,2;23,3;23,1;22,4;22,2;95;94;95;22;1;,4;
2012-04-11;10:00;0;1000,5;1000,7;1000,5;-9999;23,3;22,3;23,4;23;22,5;22,1;95;94;94;344;2,2;1;
2012-04-11;11:00;0;1001,4;1001,4;1000,5;37,4;23,6;22,6;23,6;23,2;22,6;22,3;95;94;95;27;2,2;,5;
2012-04-11;12:00;0;1002,9;1002,9;1001,4;310,7;24,4;23;24,4;23,6;23,2;22,7;95;92;92;46;1,6;,7;
2012-04-11;13:00;0;1003,4;1003,5;1002,9;989,9;26,2;23,4;26,3;24,3;23,7;22,8;93;84;85;25;3,5;,9;
2012-04-11;14:00;0;1003,2;1003,6;1003,2;1490;28,2;23,5;28,3;25,9;24;23;86;75;75;48;3,4;,6;
2012-04-11;15:00;0;1003;1003,2;1003;2693,6;30,2;24,7;30,2;28,2;24,7;22,6;77;67;73;214;3,4;1,6;
2012-04-11;16:00;0;1002,8;1003,1;1002,8;2480,2;30,6;23,7;30,7;29;24,4;22,9;73;65;67;239;4,2;1,4;
2012-04-11;17:00;0;1001,5;1002,8;1001,5;1970,1;30,3;23,8;31,1;29,8;24,5;23;71;65;68;234;3,7;,9;
2012-04-11;18:00;1,4;1000,4;1001,5;1000,4;1237,4;24,4;22,1;30,8;24,2;24;21,7;90;62;87;360;7,4;2,3;
2012-04-11;19:00;0;1000,6;1000,7;1000,3;688,9;23,3;21,4;25,4;23,3;23,8;21,4;92;85;89;111;7,6;2,3;
2012-04-11;20:00;0;999,8;1000,6;999,8;254,6;23,2;21,6;23,3;22,9;21,7;21,1;92;88;91;95;6,4;1,1;
2012-04-11;21:00;,2;999,3;999,8;999,3;289,5;23,3;21,6;23,5;23,2;21,9;21,3;92;89;90;154;3,5;1,2;
2012-04-11;22:00;0;999,3;999,4;999,1;154,6;23,6;21,8;23,7;23,3;22,1;21,5;92;88;89;217;2,5;,8;
2012-04-11;23:00;0;1000;1000;999,3;12,7;23,4;21,9;23,7;23,2;22;21,6;92;88;91;224;3,9;1,6;
2012-04-12;00:00;0;1001,8;1001,8;1000;-9999;23,1;21,8;23,4;23,1;22;21,7;93;91;92;177;3,9;,8;
2012-04-12;01:00;0;1002,6;1002,6;1001,8;-9999;23,1;21,9;23,1;22,9;22;21,7;94;92;93;190;2,4;,8;
2012-04-12;02:00;0;1003,3;1003,3;1002,6;-9999;22,8;21,8;23,1;22,7;22;21,7;94;93;94;148;2,2;,4;
2012-04-12;03:00;0;1003,6;1003,6;1003,3;-9999;23;21,8;23,1;22,7;21,9;21,7;94;92;93;197;2,3;1,1;
2012-04-12;04:00;0;1003,2;1003,7;1003,2;-9999;22,4;21,5;23;22,4;21,9;21,5;94;93;94;79;2,2;,5;
2012-04-12;05:00;0;1002,6;1003,2;1002,6;-9999;22,4;21,5;22,7;22,4;21,8;21,5;95;94;95;18;,8;,4;
2012-04-12;06:00;0;1002,4;1002,6;1002,4;-9999;22,6;21,7;22,6;22,3;21,7;21,5;95;95;95;314;1,4;,5;
2012-04-12;07:00;0;1002,2;1002,5;1002,2;-9999;22,2;21,4;22,6;22,2;21,7;21,4;95;95;95;169;1;,2;
2012-04-12;08:00;0;1001,4;1002,2;1001,4;-9999;22,5;21,7;22,6;22,2;21,8;21,4;95;95;95;246;2;,6;
2012-04-12;09:00;0;1001,7;1001,7;1001,4;-9999;22,5;21,7;22,5;22,4;21,7;21,5;95;95;95;234;1,9;,7;
2012-04-12;10:00;0;1002,4;1002,4;1001,7;-9999;22,5;21,7;22,5;22,4;21,8;21,6;95;95;95;251;2,4;,6;
2012-04-12;11:00;0;1003,3;1003,3;1002,4;19,8;22,5;21,7;22,6;22,4;21,9;21,6;95;95;95;256;2,1;,8;
2012-04-12;12:00;0;1004,3;1004,3;1003,3;204,6;23,1;21,8;23,2;22,5;22,2;21,7;95;93;93;211;2,4;1,3;
2012-04-12;13:00;0;1004,8;1004,8;1004,3;365,7;23,6;21,9;23,7;23,1;22,3;21,8;93;90;90;251;2,4;,8;
2012-04-12;14:00;0;1004,9;1005;1004,8;736,3;24,5;22,1;24,7;23,6;22,5;21,9;91;86;87;286;2,1;,8;
2012-04-12;15:00;0;1004,9;1005;1004,9;995,1;25,8;22,5;25,9;24,3;23,2;21,9;88;82;82;226;2,8;1,1;
2012-04-12;16:00;0;1004,2;1005;1004,2;1847,1;27,9;23,3;27,9;25,6;23,3;22;83;73;76;13;2,4;,5;
2012-04-12;17:00;0;1002,7;1004,2;1002,7;1727,8;27,7;22,5;28,2;27;23,2;21,9;78;71;74;354;2,4;1;
2012-04-12;18:00;0;1001,5;1002,7;1001,5;1712,1;28,7;22,4;29,3;27,3;23,5;22,1;77;66;69;252;2,8;,9;
2012-04-12;19:00;0;1000,2;1001,5;1000,2;1982,7;30,1;22,9;30,1;28,2;23,2;22;73;63;66;312;3,5;1,7;
2012-04-12;20:00;0;999,6;1000,2;999,6;2363,4;30,1;22,4;30,5;29,5;22,9;21,6;66;60;63;315;4,3;1,2;
2012-04-12;21:00;0;999,5;999,6;999,1;1243,6;29,4;21,8;30,3;28,9;23,3;21,6;71;61;64;323;3,9;,9;
2012-04-12;22:00;0;1000,3;1000,3;999,5;369,9;27,1;23,9;29,4;27,1;23,9;21,6;83;63;83;101;1,6;,6;
2012-04-12;23:00;0;1002;1002;1000,3;7,8;25,8;22,6;27,1;25,8;24,2;22,6;88;82;82;128;6,3;2;
2012-04-13;00:00;,6;1003,4;1003,4;1002;-9999;23,2;22;25,8;23,1;22,5;21,7;93;80;93;120;9,5;,8;
2012-04-13;01:00;3,2;1003,5;1003,5;1003,2;-9999;23,1;22;23,2;23,1;22,2;22;95;93;94;115;3,9;1,3;
2012-04-13;02:00;1;1003,7;1003,7;1003,4;-9999;22,7;21,5;23,1;22,6;22;21,4;94;93;93;73;3,8;,6;
2012-04-13;03:00;,2;1004,3;1004,3;1003,7;-9999;22,6;21,7;22,8;22,5;21,8;21,5;95;93;94;14;1,5;,7;
2012-04-13;04:00;,4;1003,3;1004,3;1003,3;-9999;22,4;21,6;22,7;22,4;21,7;21,5;95;94;95;63;2,3;1,3;
2012-04-13;05:00;0;1002,1;1003,3;1002,1;-9999;22,4;21,6;22,5;22,4;21,6;21,5;95;95;95;77;2,4;,4;
2012-04-13;06:00;0;1002,1;1002,2;1002,1;-9999;22,2;21,4;22,5;22,2;21,7;21,4;95;95;95;40;1,6;,9;
2012-04-13;07:00;0;1002,4;1002,4;1002,1;-9999;22,1;21,3;22,3;22,1;21,5;21,2;95;95;95;340;1,6;,3;
2012-04-13;08:00;0;1002,6;1002,6;1002,4;-9999;22,1;21,3;22,1;22;21,4;21,2;96;95;96;325;1,8;,6;
2012-04-13;09:00;0;1002,7;1002,7;1002,5;-9999;22,2;21,5;22,3;22;21,6;21,3;96;96;96;331;1,4;,4;
2012-04-13;10:00;0;1002,9;1002,9;1002,7;-9999;22,4;21,7;22,4;22,2;21,7;21,4;96;96;96;210;1;,4;
2012-04-13;11:00;0;1003,8;1003,8;1002,9;16,5;22,7;21,9;22,7;22,2;21,9;21,5;96;96;96;241;1,1;,4;
2012-04-13;12:00;0;1004,6;1004,6;1003,8;258,6;23,2;22,2;23,2;22,7;22,4;22;96;94;94;214;1,9;,7;
2012-04-13;13:00;0;1005,2;1005,2;1004,6;758,6;24,9;22,2;24,9;23,2;22,8;22;94;85;85;335;1,5;,5;
2012-04-13;14:00;0;1005,4;1005,5;1005,2;1037,5;25,1;22,5;25,3;24,5;22,9;21,5;88;82;86;355;2,4;1,1;
2012-04-13;15:00;0;1005,2;1005,4;1005,2;1440,8;26,1;22,8;26,1;25;23;21,8;85;79;82;339;3;1,3;
2012-04-13;16:00;,2;1004,6;1005,2;1004,6;1722,5;27;23;27,1;24,2;24,1;22,1;92;77;79;347;5,3;1,2;
2012-04-13;17:00;,2;1003,4;1004,6;1003,4;2007,7;28,6;23;28,7;26,3;24,8;21,6;85;67;72;315;4,2;2;
2012-04-13;18:00;0;1002,2;1003,4;1002,2;2006,9;28,6;23,3;29,2;27,7;23,5;21,5;75;65;73;268;5;1;
2012-04-13;19:00;0;1001;1002,2;1001;2231,9;28,3;23;29,5;27,7;23,8;21,6;76;62;73;210;4,2;1,7;
2012-04-13;20:00;0;1000,7;1001;1000,6;807,8;25,4;23;28,4;25,4;23,4;22,3;87;71;87;252;5;1,5;
2012-04-13;21:00;37,4;1000,9;1000,9;1000,7;40,5;23,4;22,6;25,4;23,3;23,1;22,1;95;85;95;7;5,6;1,2;
2012-04-13;22:00;9,2;1001,1;1001,1;1000,6;37,8;23,4;22,6;23,5;23,3;22,7;22,6;95;95;95;32;3,2;1,4;
2012-04-13;23:00;,2;1002,1;1002,1;1001;12,7;23,3;22,5;23,4;23,2;22,6;22,5;95;95;95;271;3;,5;
2012-04-14;00:00;0;1002,6;1002,6;1002;-9999;23,1;22,3;23,4;23,1;22,6;22,3;95;95;95;157;1,5;,3;
2012-04-14;01:00;,2;1002,8;1002,8;1002,6;-9999;23;22,2;23,3;23;22,5;22,2;96;95;96;63;1,5;,7;
2012-04-14;02:00;0;1003,1;1003,1;1002,7;-9999;22,8;22;23;22,7;22,2;22;96;96;96;48;1,5;1;
2012-04-14;03:00;0;1003,3;1003,4;1003,1;-9999;22,6;21,9;22,9;22,6;22,2;21,9;96;96;96;57;2,6;,7;
2012-04-14;04:00;0;1003,1;1003,4;1003,1;-9999;22,5;21,8;22,7;22,5;22;21,8;96;96;96;39;2,1;,3;
2012-04-14;05:00;0;1002,4;1003,1;1002,4;-9999;22,4;21,7;22,6;22,4;21,9;21,7;96;96;96;162;1;,1;
2012-04-14;06:00;0;1001,6;1002,4;1001,6;-9999;22,2;21,6;22,4;22;21,7;21,3;96;96;96;285;1,4;,3;
2012-04-14;07:00;0;1001,1;1001,6;1001;-9999;21,9;21,2;22,3;21,7;21,6;21;96;96;96;319;1,6;,6;
2012-04-14;08:00;0;1000,9;1001,1;1000,8;-9999;21,5;20,8;21,9;21,5;21,2;20,8;96;96;96;358;1,3;,5;
2012-04-14;09:00;0;1001,3;1001,3;1000,9;-9999;21,4;20,7;21,7;21,4;21;20,7;96;96;96;11;1,5;,6;
2012-04-14;10:00;0;1001,7;1001,7;1001,3;-9999;21,2;20,5;21,6;21,1;21;20,5;96;96;96;98;1,3;,5;
2012-04-14;11:00;0;1002,3;1002,3;1001,7;57,8;21,6;20,9;21,6;21,2;20,9;20,5;96;96;96;63;1,3;,3;
2012-04-14;12:00;0;1003,3;1003,3;1002,3;338,8;22,8;22;22,8;21,6;22;20,9;96;95;95;56;1,1;,6;
2012-04-14;13:00;0;1004,1;1004,1;1003,3;1007,3;25;22,1;25,1;22,7;22,5;21,8;95;84;84;137;1,4;,5;
2012-04-14;14:00;0;1004,5;1004,5;1004,1;2474,1;27,8;21,8;28,1;24,9;23,6;21,4;84;70;70;127;2,1;,9;
2012-04-14;15:00;0;1004,1;1004,5;1004,1;3007,2;29,2;22,4;29,6;27,6;23,6;21,4;76;64;67;92;2,9;,9;
2012-04-14;16:00;0;1003,3;1004,2;1003,3;3281,4;30,5;22,9;30,5;28,7;23,6;21,5;71;61;64;19;3,7;1,6;
2012-04-14;17:00;0;1002,1;1003,3;1002,1;1867,9;29,5;22,4;30,6;29,3;23,3;21,3;70;58;66;182;3,7;1,2;
2012-04-14;18:00;0;1000,8;1002,1;1000,8;2265;30,1;22,3;30,5;28,8;23,7;21,7;72;60;63;117;3,9;1,1;
2012-04-14;19:00;0;999,4;1000,8;999,4;1882,2;30,8;22,5;31,6;29,4;24,2;21,4;72;57;61;230;3,3;1,3;
2012-04-14;20:00;0;998,6;999,4;998,6;1083,7;30,1;23,1;31;28,4;23,9;21,8;76;60;66;166;2,9;,9;
2012-04-14;21:00;0;997,9;998,6;997,8;1579,4;31,1;20,9;31,6;30,1;23,3;20,8;67;53;55;347;2,4;,6;
2012-04-14;22:00;0;998;998;997,8;555;28,7;23;31,5;28,7;23,9;20,5;73;53;71;112;2,6;,4;
2012-04-14;23:00;0;998,3;998,3;997,9;43,9;26,2;24,2;28,7;26,2;24,4;23;89;71;89;63;1,1;,6;
2012-04-15;00:00;0;998,9;998,9;998,3;-9999;24,9;23,5;26,2;24,9;24,2;23,5;92;89;92;73;,9;,5;
2012-04-15;01:00;0;999,9;999,9;998,9;-9999;24,1;22,9;24,9;24,1;23,5;22,9;93;91;93;47;1;,7;
2012-04-15;02:00;0;1000,9;1000,9;999,9;-9999;23,8;22,8;24,1;23,8;23,1;22,8;94;93;94;98;1,3;,2;
2012-04-15;03:00;0;1001,4;1001,4;1000,9;-9999;23,6;22,5;24;23,6;23;22,5;94;93;93;96;1,1;,2;
2012-04-15;04:00;0;1001,1;1001,5;1001,1;-9999;23,7;22,7;23,7;23,1;22,7;22,1;95;93;94;72;1,7;,8;
2012-04-15;05:00;,2;1000,7;1001,1;1000,7;-9999;23,5;22,5;23,7;23,3;22,7;22,3;95;94;95;74;1,8;,9;
2012-04-15;06:00;0;1000,3;1000,7;1000,3;-9999;23,4;22,4;23,6;23,2;22,6;22,3;95;94;94;355;1,7;,7;
2012-04-15;07:00;0;1000,2;1000,3;1000,1;-9999;23,5;22,5;23,5;23,2;22,6;22,2;95;94;95;322;2;1,4;
2012-04-15;08:00;0;999,8;1000,2;999,8;-9999;23,3;22,3;23,5;23,2;22,5;22,2;95;94;94;314;2,3;,6;
2012-04-15;09:00;0;1000,2;1000,2;999,8;-9999;22,9;22,1;23,3;22,8;22,4;21,9;95;94;95;41;1,6;,4;
2012-04-15;10:00;0;1000,8;1000,8;1000,2;-9999;22,8;22;22,9;22,7;22,1;21,9;95;95;95;215;1,1;,5;
2012-04-15;11:00;0;1001,4;1001,4;1000,8;44,5;22,9;22,1;22,9;22,6;22,1;21,8;95;95;95;88;1,1;,5;
2012-04-15;12:00;0;1002,3;1002,3;1001,4;365;24,7;23,4;24,7;22,9;23,4;22,2;95;93;93;160;1,3;,4;
2012-04-15;13:00;0;1003;1003,1;1002,3;966,2;26,6;23,6;26,6;24,7;24,5;23,4;93;84;84;231;1,9;1;
2012-04-15;14:00;0;1003,3;1003,3;1003;1494,7;27,9;23,3;27,9;26,6;24,2;22,5;85;73;76;178;2,1;1,2;
2012-04-15;15:00;0;1003,1;1003,4;1003,1;2277,8;29,2;23,1;29,5;27,7;24,4;22,7;79;68;70;231;2,8;,9;
2012-04-15;16:00;0;1002;1003,1;1002;2956,2;31;23,2;31;28,6;24,1;21,7;74;60;63;221;3,1;1,2;
2012-04-15;17:00;0;1000,3;1002;1000,3;3648,1;31,6;22,8;31,8;30,3;24,2;22;66;58;60;231;4,6;1,5;
2012-04-15;18:00;0;998,5;1000,3;998,5;1451,3;30,5;23,9;31,7;30,3;24,6;22,3;69;58;68;163;4,5;1,2;
2012-04-15;19:00;0;997,2;998,5;997,2;2523,1;31,7;22,1;32,4;30,5;24,5;22;71;56;57;171;3,7;1,6;
2012-04-15;20:00;0;996,8;997,4;996,6;1136,4;30,9;23,5;32;30,9;24,5;21,8;67;55;65;149;3,7;,6;
2012-04-15;21:00;0;997,2;997,2;996,8;307,8;27,8;24,5;30,8;27,8;25,2;23,3;85;65;82;72;3,1;1,3;
2012-04-15;22:00;0;997,8;997,8;997,1;125,3;27;24,4;28;27;25,1;24,2;86;82;85;61;3,1;1,4;
2012-04-15;23:00;0;999,1;999,1;997,8;8;26,3;24,3;27,2;26,3;24,7;24,2;90;85;88;47;2,9;1,5;
2012-04-16;00:00;0;999,7;999,8;999,1;-9999;25,3;23,5;26,3;25,3;24,1;23,5;90;85;89;100;3,5;,5;
2012-04-16;01:00;0;1000,2;1000,2;999,5;-9999;24,6;23,1;25,3;24,5;23,6;23,1;92;89;92;116;3;,6;
2012-04-16;02:00;0;1001,6;1001,6;1000,2;-9999;24,4;23;24,6;24,4;23,2;23;93;92;92;43;2,7;1,4;
2012-04-16;03:00;0;1002,3;1002,3;1001,6;-9999;24,2;23;24,5;24,2;23;22,9;93;91;93;109;3,5;,4;
2012-04-16;04:00;0;1002,1;1002,4;1002,1;-9999;24,1;23;24,2;24;23,1;22,9;94;93;94;135;1,5;,4;
2012-04-16;05:00;0;1001,3;1002,1;1001,3;-9999;23,7;22,7;24,1;23,7;23;22,7;94;93;94;90;2,7;,7;
2012-04-16;06:00;0;1000,8;1001,4;1000,7;-9999;23,6;22,6;23,8;23,5;22,8;22,5;94;94;94;9;2,6;,4;
2012-04-16;07:00;0;1000,3;1000,8;1000,3;-9999;23,5;22,6;23,6;23,2;22,6;22,3;95;94;95;297;1,1;,3;
2012-04-16;08:00;0;1000,2;1000,4;1000,2;-9999;23,6;22,6;23,7;23,5;22,8;22,6;95;94;94;166;1,1;,5;
2012-04-16;09:00;0;1000,2;1000,2;999,9;-9999;23,2;22,3;23,7;23,2;22,7;22,3;95;94;95;61;2,1;1,1;
2012-04-16;10:00;0;1001,2;1001,2;1000,2;-9999;23,2;22,3;23,3;23,1;22,4;22,2;95;95;95;27;2,1;,7;
2012-04-16;11:00;0;1002,6;1002,6;1001,2;25;23,3;22,4;23,3;23,1;22,4;22,2;95;94;94;84;2,8;,9;
2012-04-16;12:00;0;1003,9;1003,9;1002,6;166,1;23,9;22,5;23,9;23,3;22,6;22,3;94;92;92;20;2,4;,8;
2012-04-16;13:00;0;1004,5;1004,5;1003,9;441,5;24,6;22,7;24,7;23,9;22,9;22,5;93;89;89;33;2,6;,9;
2012-04-16;14:00;0;1004,5;1004,5;1004,4;1172,5;26,2;23;26,4;24,6;23,6;22,5;90;82;83;61;3,5;1,4;
2012-04-16;15:00;0;1004,1;1004,4;1004;2084;26,9;23;28,2;26,2;24,4;22,6;84;75;79;348;4,2;1,3;
2012-04-16;16:00;0;1003,4;1004,1;1003,4;1984,4;28,8;23,3;29,1;26,7;24,4;22,7;82;71;72;21;5,4;2;
2012-04-16;17:00;0;1001,9;1003,4;1001,9;3281,3;29,8;23,4;29,8;27,6;24,2;22,5;79;67;69;323;5,4;2,1;
2012-04-16;18:00;0;1000,8;1001,9;1000,6;2219,6;28,4;23,8;30,5;28,4;24,1;22,6;77;65;77;341;4,9;1,3;
2012-04-16;19:00;11,2;1000,1;1000,8;1000;417,5;25;23,5;28,3;24,9;24,3;23,3;93;77;92;342;4,7;1,7;
2012-04-16;20:00;1,4;999,2;1000,2;999,2;171,9;23,5;21,9;25,1;23,5;24;21,9;94;88;91;238;7,3;1,2;
2012-04-16;21:00;,2;999,7;999,7;999;287,8;23,6;22;23,8;23,4;22,4;21,9;93;90;90;221;3,5;1,4;
2012-04-16;22:00;1;1000,3;1000,3;999,7;37,3;23,3;22,2;23,6;23,2;22,3;21,9;94;90;94;217;3,6;1,6;
2012-04-16;23:00;1,2;1001,4;1001,4;1000,3;1,1;22,8;21,7;23,3;22,8;22,2;21,7;94;92;93;149;4,3;,6;
2012-04-17;00:00;1,6;1001,7;1001,7;1001,3;-9999;22,7;21,9;22,8;22,7;21,9;21,7;95;93;95;129;2,3;,5;
2012-04-17;01:00;,4;1001,8;1002;1001,7;-9999;22,5;21,6;22,7;22,5;21,9;21,6;95;95;95;76;3,9;1,4;
2012-04-17;02:00;1;1000,6;1001,8;1000,6;-9999;22,4;21,5;22,5;22,4;21,6;21,5;95;94;95;46;4,9;2,4;
2012-04-17;03:00;0;999,4;1000,6;999,4;-9999;22,4;21,6;22,5;22,3;21,6;21,4;95;94;95;333;4,9;,5;
2012-04-17;04:00;,2;999,4;999,4;999,1;-9999;22,4;21,6;22,4;22,3;21,6;21,4;95;95;95;162;3,6;1,4;
2012-04-17;05:00;0;999,7;999,7;999,4;-9999;22,5;21,8;22,5;22,3;21,8;21,5;95;95;95;163;3,6;,4;
2012-04-17;06:00;0;1000,5;1000,5;999,8;-9999;22,8;22;22,9;22,4;22,1;21,6;96;95;95;250;3,8;1,2;
2012-04-17;07:00;0;1000,7;1000,7;1000,5;-9999;22,6;21,7;22,8;22,6;22;21,7;95;94;95;245;3,8;1,2;
2012-04-17;08:00;0;1000,7;1000,7;1000,5;-9999;22,6;21,7;22,7;22,6;21,9;21,7;95;95;95;246;3,2;,8;
2012-04-17;09:00;0;1001,1;1001,1;1000,7;-9999;22,4;21,6;22,6;22,4;21,7;21,5;95;94;95;264;2,6;,8;
2012-04-17;10:00;0;1001,6;1001,6;1001,1;-9999;22,3;21,5;22,4;22,3;21,6;21,5;95;95;95;305;2,5;,9;
2012-04-17;11:00;0;1002,4;1002,4;1001,6;32,8;22,5;21,6;22,5;22,3;21,7;21,5;95;95;95;355;2,3;,7;
2012-04-17;12:00;0;1003,5;1003,5;1002,4;281,7;22,9;21,5;23;22,5;21,9;21,5;95;92;92;352;1,6;,6;
2012-04-17;13:00;0;1004,1;1004,1;1003,5;606,5;24,1;22;24,3;22,9;22,4;21,7;94;88;88;34;1,5;,4;
2012-04-17;14:00;0;1004,5;1004,5;1004,1;1235,8;25;22,7;25,3;24,1;22,9;21,9;89;84;87;187;3;1,3;
2012-04-17;15:00;0;1004,1;1004,5;1004,1;2036,1;26,7;23,1;27,3;25;23,4;22,2;87;78;81;184;2,9;1,1;
2012-04-17;16:00;0;1003,3;1004,1;1003,3;2200,1;27,9;23,1;28;26,7;23,7;22,7;81;74;75;259;3,1;1;
2012-04-17;17:00;0;1001,7;1003,3;1001,7;2363,8;29,1;21,7;29,2;27,8;23,9;21,3;77;63;65;23;2,5;1,1;
2012-04-17;18:00;0;1000;1001,7;1000;3301,7;30,8;23,5;31;29,1;24,6;21,4;69;61;65;77;2,5;,9;
2012-04-17;19:00;0;998,6;999,9;998,6;3036,9;32,2;23,2;32,2;30,3;23,4;20,9;66;54;59;110;3,9;,7;
2012-04-17;20:00;0;997,8;998,6;997,8;1989,3;28,6;24,1;32,3;28,2;24,1;22,1;77;56;77;176;5,5;1,4;
2012-04-17;21:00;0;997,7;997,8;997,6;1738,7;30,5;23,1;30,9;28,6;24,2;21,6;77;60;65;180;2,6;1,2;
2012-04-17;22:00;0;998,5;998,5;997,7;519,8;28,4;24,4;30,6;28,4;24,6;22,6;80;64;79;65;2,4;1,1;
2012-04-17;23:00;0;999,4;999,4;998,5;39,5;26,5;24,2;28,4;26,4;24,8;24;87;78;87;51;2,3;1;
2012-04-18;00:00;0;1000,8;1000,8;999,4;-9999;26,3;24,1;26,8;26,3;24,6;24;90;85;88;261;2,8;,4;
2012-04-18;01:00;0;1001,7;1001,7;1000,8;-9999;25,4;23,8;26,5;25,3;24,1;23,6;92;87;91;12;1,6;,8;
2012-04-18;02:00;,2;1002,8;1002,8;1001,7;-9999;25,4;24,2;25,5;25,2;24,2;23,7;93;91;93;179;1,8;,3;
2012-04-18;03:00;2;1002,9;1003;1002,7;-9999;25;24,1;25,6;24,8;24,3;23,7;95;92;94;171;2,3;1;
2012-04-18;04:00;0;1002,9;1003;1002,9;-9999;24,3;23,4;25,1;24,3;24,2;23,4;95;94;95;49;2;1,2;
2012-04-18;05:00;0;1002,2;1002,9;1002,2;-9999;24,3;23,4;24,5;24,2;23,7;23,4;95;95;95;71;1,8;,5;
2012-04-18;06:00;0;1001,8;1002,2;1001,8;-9999;24,4;23,5;24,5;24,3;23,6;23,4;95;95;95;358;2,2;1,1;
2012-04-18;07:00;0;1001,4;1001,8;1001,4;-9999;24,1;23,1;24,4;24,1;23,5;23,1;95;93;94;35;3,9;1,3;
2012-04-18;08:00;0;1001,7;1001,7;1001,2;-9999;23,7;22,4;24,1;23,7;23,1;22,4;94;92;92;4;6,2;1,9;
2012-04-18;09:00;,4;1001,5;1001,8;1001,5;-9999;23;21,9;23,7;23;22,4;21,9;94;92;94;46;6,2;1,4;
2012-04-18;10:00;0;1001,7;1001,7;1001,4;-9999;23,1;22,1;23,1;22,9;22,1;21,9;95;93;94;155;3,4;,3;
2012-04-18;11:00;0;1002,5;1002,5;1001,6;19,5;23,4;22,6;23,4;22,9;22,6;22;95;94;95;94;2,5;,7;
2012-04-18;12:00;0;1003;1003;1002,5;119,3;24;23,1;24;23,4;23,1;22,6;95;95;95;72;2,6;,6;
2012-04-18;13:00;,4;1004;1004;1003;671,4;24,8;23;24,8;24;23,3;22,5;95;88;90;147;2,5;1,1;
2012-04-18;14:00;0;1004,3;1004,3;1004;1138,6;25,7;23;25,7;24,8;23,4;22,3;90;83;85;195;2,7;1,5;
2012-04-18;15:00;0;1004,3;1004,4;1004,3;1595;27,2;23,1;27,2;25,6;23,3;21,7;86;74;79;168;3,6;1,7;
2012-04-18;16:00;0;1003,1;1004,4;1003,1;2478,2;28,7;23,1;28,7;27;23,5;22,2;79;71;72;169;4,3;1,7;
2012-04-18;17:00;0;1001,5;1003,1;1001,5;3319,5;29,7;23,9;30,7;28,6;25,5;23,3;79;68;71;102;4,5;1,2;
2012-04-18;18:00;0;1000;1001,5;999,9;3149,5;30,3;23,4;30,7;28,9;24,8;22,5;75;62;67;156;4,5;1,9;
2012-04-18;19:00;0;998,7;1000;998,7;3144,1;30,5;23,7;31,4;30,2;24,5;22,3;69;60;67;181;4,7;2,4;
2012-04-18;20:00;0;998,2;998,8;998,2;1400,4;29,8;22,3;30,5;29;23,7;21,7;72;60;64;178;4,6;1,3;
2012-04-18;21:00;0;998,4;998,4;998,2;738,8;28;23,6;29,8;28;24,2;21,8;79;63;77;241;3,4;1,2;
2012-04-18;22:00;8;999,7;999,7;998,4;209,1;24;22,9;28;23,8;24;22,4;94;77;93;187;8,1;,8;
2012-04-18;23:00;1,6;1000,5;1000,5;999,7;-9999;23,6;22,6;24,1;23,5;23;22,5;95;92;94;56;2,4;1;
2012-04-19;00:00;2,2;1001,5;1001,5;1000,5;-9999;23,6;22,7;23,6;23,5;22,7;22,5;95;94;95;178;2,4;,4;
2012-04-19;01:00;,4;1002,7;1002,7;1001,5;-9999;23,4;22,5;23,6;23,4;22,7;22,5;95;94;95;77;3,2;1,4;
2012-04-19;02:00;2,4;1003,7;1003,7;1002,7;-9999;23,2;22;23,7;23,2;22,8;22;95;93;93;72;7,8;3,2;
2012-04-19;03:00;4,4;1003,4;1003,8;1003,4;-9999;22,7;21,8;23,2;22,7;22;21,8;95;93;95;74;7,8;2,4;
2012-04-19;04:00;1;1002,3;1003,4;1002,3;-9999;22,5;21,5;22,7;22,5;21,8;21,5;95;94;94;64;5,5;1,9;
2012-04-19;05:00;0;1001,2;1002,3;1001,2;-9999;22,3;21,5;22,5;22,3;21,5;21,4;95;94;95;286;3,7;,7;
2012-04-19;06:00;0;1001,2;1001,2;1001,1;-9999;22,4;21,6;22,4;22,3;21,6;21,4;95;95;95;264;1,5;,6;
2012-04-19;07:00;,2;1000,3;1001,2;1000,3;-9999;22,4;21,6;22,5;22,4;21,6;21,5;95;95;95;287;1,5;,3;
2012-04-19;08:00;0;999,9;1000,3;999,9;-9999;22,6;21,7;22,6;22,3;21,7;21,5;95;95;95;225;1,4;,7;
2012-04-19;09:00;0;1000,3;1000,3;999,8;-9999;22,5;21,7;22,7;22,4;21,8;21,6;95;95;95;155;1,7;,5;
2012-04-19;10:00;0;1000,8;1000,8;1000,3;-9999;22,1;21,3;22,5;22,1;21,7;21,3;96;95;96;53;1,8;1,1;
2012-04-19;11:00;0;1001,4;1001,4;1000,8;50,9;22,2;21,5;22,3;22;21,6;21,3;96;96;96;14;1,8;,5;
2012-04-19;12:00;0;1002,3;1002,3;1001,4;800,4;24,1;22,5;24,1;22,2;22,5;21,5;96;90;91;231;1,6;,5;
2012-04-19;13:00;0;1003,6;1003,6;1002,3;1088,3;25,5;22,8;25,5;24,1;23,1;22,1;91;85;85;328;2,5;,7;
2012-04-19;14:00;0;1004;1004;1003,6;1353,5;26,6;22,3;26,7;25,2;23,5;22,2;87;77;77;30;2,2;1;
2012-04-19;15:00;0;1004,1;1004,1;1003,9;1781,1;27,9;22,7;28,6;26,4;23,8;22,1;81;71;73;80;2,9;,9;
2012-04-19;16:00;0;1003,6;1004,1;1003,6;2487,5;28,5;23,1;29,3;27,8;24,5;22,5;79;68;73;252;3,6;1,3;
2012-04-19;17:00;0;1002,4;1003,6;1002,4;2436,1;28,9;23,3;30,1;28,5;24,4;22,4;77;66;72;297;3,6;1,2;
2012-04-19;18:00;0;1000,4;1002,4;1000,4;2860,7;30,3;22,6;30,9;28,9;24;22,3;73;61;63;310;4,2;1,9;
2012-04-19;19:00;0;998,6;1000,4;998,6;1875;29,6;23,9;30,7;29,6;23,9;21,8;71;59;71;357;4,8;1,3;
2012-04-19;20:00;0;998;998,6;997,9;2180,6;28,1;23;30,5;28;24,7;22,4;76;64;74;33;5,1;1,5;
2012-04-19;21:00;0;997,9;998,2;997,7;553,3;27,3;23,3;28,4;27,3;24,5;22,7;83;73;79;62;4,3;1,9;
2012-04-19;22:00;1,4;998,7;998,7;997,6;152;25,2;23,2;27,3;25,1;23,9;23;92;79;89;27;5;1,6;
2012-04-19;23:00;0;999,2;999,2;998,6;17,1;24,3;23;25,2;24,3;23,4;22,6;93;87;92;9;3,8;,4;
2012-04-20;00:00;0;999,4;999,5;999,2;-9999;23,6;22,6;24,4;23,6;23;22,5;94;91;94;353;1,4;,8;
2012-04-20;01:00;0;1000,5;1000,5;999,4;-9999;23,8;22,8;23,9;23,4;22,9;22,4;95;94;94;175;1,8;,5;
2012-04-20;02:00;0;1001,5;1001,6;1000,5;-9999;23,3;22,4;23,8;23,3;22,8;22,4;95;94;95;54;1,5;1;
2012-04-20;03:00;0;1001,6;1001,7;1001,4;-9999;23,3;22,5;23,4;23,2;22,6;22,3;95;95;95;24;1,6;,8;
2012-04-20;04:00;0;1001,9;1001,9;1001,6;-9999;23,6;22,6;23,6;23,3;22,7;22,4;95;95;95;327;2;,4;
2012-04-20;05:00;0;1001,5;1002;1001,5;-9999;23,2;22,3;23,6;23,2;22,6;22,3;95;94;95;41;1,3;,6;
2012-04-20;06:00;0;1000,9;1001,5;1000,9;-9999;23,1;22,2;23,4;23,1;22,6;22,2;95;95;95;115;1;,2;
2012-04-20;07:00;0;1000,1;1000,9;1000,1;-9999;22,7;21,9;23,1;22,7;22,3;21,9;95;95;95;45;1,2;,9;
2012-04-20;08:00;0;1000;1000,1;999,9;-9999;22,6;21,8;22,8;22,5;22;21,8;96;95;96;154;1,2;,6;
2012-04-20;09:00;0;1000,3;1000,3;1000;-9999;22,7;22;22,8;22,4;22,1;21,7;96;96;96;50;,9;,3;
2012-04-20;10:00;0;1000,5;1000,5;1000,3;-9999;23,1;22,4;23,1;22,6;22,4;21,9;96;96;96;260;,9;,1;
2012-04-20;11:00;0;1001,5;1001,5;1000,5;32,5;23,2;22,5;23,2;22,9;22,5;22,2;96;96;96;45;,7;,4;
2012-04-20;12:00;0;1002,7;1002,7;1001,5;416,1;23,9;23,2;23,9;23,2;23,2;22,5;96;96;96;190;1,2;,6;
2012-04-20;13:00;0;1003,5;1003,5;1002,7;1534,3;25,9;22,7;26,5;23,9;23,9;22,7;96;81;83;20;2,6;1;
2012-04-20;14:00;0;1003,6;1003,7;1003,5;2257;29,2;23,7;29,2;25,9;24,3;22,8;85;72;72;341;2,8;,8;
2012-04-20;15:00;0;1003,3;1003,6;1003,3;2576,5;29;23,1;30;27,9;24,5;22,6;78;67;71;307;3,2;1,2;
2012-04-20;16:00;0;1002,2;1003,3;1002,2;1782,2;29,5;23;29,7;28,7;23,9;22,3;74;65;68;356;3;,7;
2012-04-20;17:00;0;1000,8;1002,2;1000,8;2482,7;30;22,3;30,8;29,4;24,7;22,3;72;63;63;10;3,8;2,1;
2012-04-20;18:00;0;999,2;1000,8;999,1;3223,4;30,2;21,9;31,8;29,9;23,7;20,9;69;58;61;14;5;1,2;
2012-04-20;19:00;0;997,6;999,2;997,6;2912,6;32;21,7;32,5;30,3;23,2;20,5;64;51;55;324;3,7;,9;
2012-04-20;20:00;0;996,5;997,6;996,4;2446,4;32;20,8;32,4;31,5;23;20,5;58;50;52;224;4,1;1,9;
2012-04-20;21:00;2,4;997,1;997,2;996,5;478;25;23,3;32;25;23,7;19,6;92;49;90;61;8,8;2;
2012-04-20;22:00;,6;997;997,1;996,7;153,1;25;23,5;25,2;24,7;24,1;23;94;89;91;27;4,1;1,3;
2012-04-20;23:00;0;997,8;997,8;997;27,3;24,5;23,5;25;24,5;23,9;23,4;94;91;94;125;2,1;,6;
2012-04-21;00:00;0;998,8;998,8;997,8;-9999;24,9;23,8;24,9;24,4;23,8;23,4;95;94;94;234;1,9;,9;
2012-04-21;01:00;0;999,7;999,7;998,8;-9999;24,7;23,6;24,9;24,6;23,9;23,5;94;93;93;257;2,6;,4;
2012-04-21;02:00;0;1001,1;1001,1;999,7;-9999;24,3;23,4;24,7;24,1;23,7;23,2;95;93;95;357;1;,4;
2012-04-21;03:00;0;1001,9;1002;1001,1;-9999;23,9;23,1;24,3;23,8;23,4;22,9;95;95;95;80;1,1;,7;
2012-04-21;04:00;0;1002,1;1002,1;1001,8;-9999;24,2;23,4;24,2;23,9;23,4;23,1;95;95;95;75;5,5;2;
2012-04-21;05:00;4,6;1000,8;1002,1;1000,7;-9999;23,7;22,8;24,3;23,4;23,4;22,5;95;94;95;177;6,5;,9;
2012-04-21;06:00;,2;1000,4;1000,9;1000,4;-9999;24,2;23,3;24,2;23,7;23,4;22,9;95;95;95;195;2,1;1;
2012-04-21;07:00;0;999,9;1000,4;999,8;-9999;23,9;23,1;24,3;23,7;23,4;22,9;95;95;95;350;1,9;,9;
2012-04-21;08:00;0;1000,2;1000,3;999,8;-9999;23,7;22,9;23,9;23,7;23,1;22,9;95;95;95;69;1,5;,8;
2012-04-21;09:00;8,4;1000,4;1000,4;1000;-9999;23,6;22,8;23,8;23,5;23;22,7;96;95;95;327;2,1;1;
2012-04-21;10:00;1,8;1001,3;1001,3;1000,4;-9999;23,4;22,6;23,7;23,4;22,9;22,6;95;95;95;14;3;1,3;
2012-04-21;11:00;,8;1001,9;1001,9;1001,3;12,8;23,1;22,1;23,5;23,1;22,7;22;95;94;94;333;3,6;1,4;
2012-04-21;12:00;,6;1002,3;1002,3;1001,9;337,1;23,6;22,6;23,9;23;23;22;95;93;94;155;3,1;1;
2012-04-21;13:00;,6;1003;1003;1002,3;496,3;24,3;23,2;24,3;23,6;23,2;22,5;95;93;93;201;3,2;1,3;
2012-04-21;14:00;0;1003,7;1003,8;1003;1441,6;27;24;27,3;24,3;25,3;23,1;94;83;84;163;3,1;1,2;
2012-04-21;15:00;0;1003,3;1003,7;1003,3;1780;28,3;24,6;28,4;26,9;25,1;23,5;85;77;80;55;3,1;,7;
2012-04-21;16:00;0;1002,2;1003,3;1002,2;1657,4;28,8;24,1;29;27,4;25,1;23,7;83;76;76;263;4;,7;
2012-04-21;17:00;0;1001,3;1002,2;1001,3;2449;28,5;24,7;30,4;28,5;25,5;23,8;82;70;80;67;5,3;2,1;
2012-04-21;18:00;0;1000,3;1001,3;1000,3;2178,8;30;24,1;30,2;28;25,2;23,6;83;70;71;38;4,7;1,5;
2012-04-21;19:00;1,6;999,1;1000,3;999,1;1926,3;28,3;25,2;30,9;27,5;26,3;23,7;89;68;83;77;4,8;1,4;
2012-04-21;20:00;0;998,1;999,1;998,1;1174,5;28,4;25,1;28,7;28,1;25,5;24,3;84;79;83;67;2,8;1,4;
2012-04-21;21:00;0;997,6;998,1;997,6;588,4;27,7;24,6;28,5;27,6;25,2;24;86;80;84;60;3;1;
2012-04-21;22:00;0;997,6;997,6;997,4;357,6;26,8;24,5;28;26,8;25,2;24,4;88;83;87;69;2,6;1,3;
2012-04-21;23:00;0;998,8;998,8;997,6;16;25,6;24,4;26,8;25,6;24,7;24,4;93;87;93;138;2,3;,4;
2012-04-22;00:00;0;999,7;999,7;998,8;-9999;25;24,1;25,6;25;24,5;24,1;94;93;94;24;1,4;,8;
2012-04-22;01:00;0;1000,8;1000,8;999,7;-9999;24,5;23,5;25,2;24,5;24,1;23,5;94;93;94;43;1,7;,6;
2012-04-22;02:00;0;1001,8;1001,9;1000,8;-9999;24,3;23,3;24,6;24,3;23,7;23,3;95;94;94;353;1,4;,5;
2012-04-22;03:00;0;1002,3;1002,3;1001,8;-9999;23,8;22,9;24,4;23,7;23,5;22,8;95;94;95;42;1,4;,7;
2012-04-22;04:00;0;1002,5;1002,6;1002,2;-9999;23,5;22,7;23,9;23,5;23;22,7;95;95;95;27;1,2;,3;
2012-04-22;05:00;0;1001,7;1002,5;1001,7;-9999;23,3;22,5;23,5;23,1;22,7;22,3;95;95;95;49;1,2;1;
2012-04-22;06:00;0;1001,1;1001,7;1001;-9999;23;22,2;23,5;23;22,7;22,2;96;95;95;17;1,2;,4;
2012-04-22;07:00;0;1001,2;1001,2;1001;-9999;23,2;22,4;23,3;22,9;22,5;22,1;96;95;96;3;1,9;,7;
2012-04-22;08:00;0;1000,9;1001,2;1000,8;-9999;23,4;22,6;23,4;23;22,6;22,2;96;95;95;342;2,6;,5;
2012-04-22;09:00;0;1000,9;1001;1000,7;-9999;23,5;22,7;23,6;23,4;22,8;22,5;95;95;95;353;2,7;1,1;
2012-04-22;10:00;0;1001,2;1001,3;1000,9;-9999;23,6;22,9;23,7;23,5;23;22,8;96;95;96;6;2,7;,7;
2012-04-22;11:00;0;1001,8;1001,9;1001,2;43,7;23,7;23;23,8;23,6;23;22,9;96;96;96;43;2;,5;
2012-04-22;12:00;0;1002,5;1002,5;1001,8;319,4;24,3;23,5;24,3;23,6;23,5;22,9;96;95;96;23;2,8;1,1;
2012-04-22;13:00;0;1003,4;1003,4;1002,5;774;25,8;23,6;25,8;24,3;24;23,2;96;87;88;1;2,4;1,1;
2012-04-22;14:00;0;1003,8;1003,9;1003,4;1241,8;27,2;23,7;27,2;25,7;24,2;23,2;89;81;82;316;3;,7;
2012-04-22;15:00;,2;1003,4;1003,8;1003,4;2220,9;28,5;23,9;29;26,9;24,7;22,9;83;74;76;214;3,4;1,4;
2012-04-22;16:00;0;1002,3;1003,4;1002,3;2614,5;29,8;24,5;29,8;28,5;24,8;23,6;78;71;74;251;3,8;1,3;
2012-04-22;17:00;1;1000,8;1002,3;1000,8;1952,2;27,5;24,5;30,5;27,2;24,9;23,1;87;67;84;266;3,7;,8;
2012-04-22;18:00;7;1000,1;1000,8;999,7;1115,9;25;23,9;29;24,9;26;23,5;94;74;94;80;6,7;2,1;
2012-04-22;19:00;10,4;999,1;1000,3;999,1;317,6;24,7;23,4;25,1;23,4;24,1;21,9;95;91;93;83;5,3;,6;
2012-04-22;20:00;0;998,3;999,2;998,3;700,5;25,9;23,7;26;24,7;23,9;22,9;94;85;87;176;2,1;1,1;
2012-04-22;21:00;0;998,6;998,6;997,9;625,6;26,3;23,9;26,6;25,9;24,8;23,7;91;86;87;187;6,1;2,9;
2012-04-22;22:00;0;998,8;998,8;998,5;197;25,4;24;26,3;25,3;24;23,4;92;86;92;58;5,5;,4;
2012-04-22;23:00;0;1000,1;1000,1;998,8;18;24,2;21,9;25,4;24,1;23,9;21,9;93;86;87;172;4,5;1,7;
2012-04-23;00:00;0;1001,2;1001,2;1000,1;-9999;23,8;22,2;24,2;23,8;22,3;22;91;87;91;222;3,8;1,5;
2012-04-23;01:00;0;1002,1;1002,1;1001,2;-9999;23;22,1;23,8;22,9;22,2;21,9;95;90;94;339;2,7;,9;
2012-04-23;02:00;0;1002,3;1002,4;1002,1;-9999;23;22;23,1;22,8;22,1;21,9;95;94;94;261;2,3;,6;
2012-04-23;03:00;0;1003;1003;1002,2;-9999;22,7;21,8;23;22,7;22,1;21,8;95;94;95;138;1,7;,8;
2012-04-23;04:00;0;1002,9;1003,3;1002,9;-9999;23,1;21,9;23,1;22,7;22,2;21,8;95;93;93;200;2,5;1,4;
2012-04-23;05:00;0;1002,1;1003;1002,1;-9999;22,9;21,8;23,1;22,7;22;21,6;95;92;94;238;2,5;,9;
2012-04-23;06:00;0;1001,3;1002,1;1001,3;-9999;22,4;21,6;23;22,3;21,8;21,5;95;92;95;330;2,4;,6;
2012-04-23;07:00;0;1001,3;1001,5;1001,3;-9999;22,4;21,6;22,4;22,3;21,7;21,5;95;95;95;75;1,2;,4;
2012-04-23;08:00;0;1001,3;1001,4;1001,3;-9999;22,3;21,5;22,6;22,2;21,8;21,4;96;95;96;14;1,1;,2;
2012-04-23;09:00;0;1001,6;1001,6;1001,3;-9999;22,4;21,6;22,4;22,1;21,6;21,4;96;95;96;274;1,4;,3;
2012-04-23;10:00;0;1002,3;1002,3;1001,5;-9999;22,1;21,4;22,4;22,1;21,7;21,4;96;96;96;83;1,2;,4;
2012-04-23;11:00;0;1003;1003;1002,3;58,1;22,6;21,9;22,6;22,1;21,9;21,4;96;96;96;43;,7;,2;
2012-04-23;12:00;0;1003,6;1003,6;1003;621,6;24,5;22,7;24,5;22,6;22,8;21,9;96;89;90;203;1,9;,6;
2012-04-23;13:00;0;1004,2;1004,2;1003,6;935,8;26;22,7;26;24,4;22,9;21,9;90;81;82;261;2,4;,6;
2012-04-23;14:00;0;1004,3;1004,4;1004,2;1497,3;26,4;22,5;27,4;25,6;23,5;21,7;83;73;79;206;3,1;1,5;
2012-04-23;15:00;0;1004,3;1004,4;1004,3;2575,7;28,3;22,5;28,3;26,4;23,2;22;80;70;71;124;3,2;,9;
2012-04-23;16:00;0;1003,8;1004,3;1003,8;2620,4;30;23,1;30,1;28;23,7;22;75;65;67;65;3,3;,9;
2012-04-23;17:00;0;1002,2;1003,8;1002,2;2773,1;30,6;23,8;30,8;29;23,8;22;71;61;67;170;3;,8;
2012-04-23;18:00;0;1000,5;1002,2;1000,5;2888,6;29,9;22,9;31,4;29,6;24;21,8;70;59;66;323;3,6;1,1;
2012-04-23;19:00;0;998,7;1000,5;998,7;2418,5;31,3;22,8;32,2;29,9;23,6;21,8;69;56;61;349;3,1;1,1;
2012-04-23;20:00;0;998,2;998,7;998;2097,8;31,2;22,6;32;30,7;23,8;21,6;64;56;60;299;3,1;1,3;
2012-04-23;21:00;2,2;998,7;998,9;998,2;709,7;26;24;31,5;26;24,4;22,1;89;59;89;135;5,5;1,3;
2012-04-23;22:00;,2;999;999;998,4;348,6;25,1;23,8;26;25,1;24,2;23,3;92;88;92;161;6,5;1;
2012-04-23;23:00;0;1000,4;1000,4;999;10,7;24,8;23,6;25,3;24,7;24;23,4;94;92;93;208;2,1;,8;
2012-04-24;00:00;0;1000,6;1000,7;1000,4;-9999;24,3;23,3;24,9;24,3;23,6;23,2;94;92;94;144;2,6;,9;
2012-04-24;01:00;0;1001,7;1001,7;1000,5;-9999;24;23;24,4;24;23,3;23;95;94;94;120;1,8;,4;
2012-04-24;02:00;0;1002,6;1002,6;1001,7;-9999;23,9;23;24,1;23,8;23,2;22,8;95;94;95;81;2,6;1,2;
2012-04-24;03:00;0;1002,2;1002,7;1002,1;-9999;23,9;23;24,1;23,9;23,1;22,9;95;94;95;298;2,6;,6;
2012-04-24;04:00;0;1002,2;1002,3;1002;-9999;23,7;22,8;24,1;23,7;23,3;22,8;95;94;95;76;1,3;,8;
2012-04-24;05:00;0;1002,2;1002,4;1002,1;-9999;23,8;23;24;23,7;23,2;22,8;95;95;95;138;1,3;,7;
2012-04-24;06:00;0;1001,3;1002,2;1001,3;-9999;23,9;22,9;24;23,8;23,2;22,8;95;94;94;167;2,3;1,1;
2012-04-24;07:00;0;1000,4;1001,3;1000,4;-9999;23,9;22,9;24;23,9;23;22,8;94;94;94;218;2,5;1,1;
2012-04-24;08:00;,2;1000,5;1000,6;1000,4;-9999;23,8;22,9;23,9;23,6;23;22,7;95;94;95;182;2,5;,5;
2012-04-24;09:00;0;1000,5;1000,7;1000,5;-9999;23,8;23;23,9;23,8;23,1;22,9;95;95;95;228;1,2;,6;
2012-04-24;10:00;0;1001,2;1001,2;1000,5;-9999;23,8;23;23,8;23,6;23;22,8;95;95;95;279;1,9;,3;
2012-04-24;11:00;0;1002,4;1002,4;1001,2;18,2;23,9;23;23,9;23,8;23,1;22,9;95;95;95;66;1;,4;
2012-04-24;12:00;0;1003,1;1003,1;1002,4;332,8;24,5;23,1;24,6;23,9;23,3;22,8;95;91;92;212;3,4;1,6;
2012-04-24;13:00;0;1004;1004;1003,1;931,6;25,6;23;25,6;24,4;23,3;22,6;92;85;86;201;3,1;1,4;
2012-04-24;14:00;0;1004,1;1004,1;1003,9;1410,4;26,6;22,8;26,7;25,6;23,4;22,6;88;79;80;197;2,5;1,3;
2012-04-24;15:00;0;1004,2;1004,2;1004;1899,6;26,9;23,1;27,6;26,5;23,6;22,1;82;74;80;207;4,1;2;
2012-04-24;16:00;0;1003,5;1004,2;1003,5;2702,4;28,8;23,6;29,3;26,8;24,2;22,5;81;69;74;170;4;1,9;
2012-04-24;17:00;0;1002,2;1003,5;1002,2;2784,4;29,8;22,4;30,2;27,9;24,5;22,3;77;64;65;187;5,3;1,5;
2012-04-24;18:00;0;1000,7;1002,2;1000,7;2951,2;30,1;21,5;30,7;28,6;24,4;21,5;75;59;60;175;5,9;1,6;
2012-04-24;19:00;0;998,9;1000,7;998,9;2912,3;30,9;21,6;31;29,9;23,1;20,7;64;55;58;163;4,1;1;
2012-04-24;20:00;0;997,8;998,9;997,8;2287,1;31;23;31,2;30,2;23,9;21;66;56;63;172;3,7;1,3;
2012-04-24;21:00;0;997,7;997,8;997,6;1247,7;30,7;22,3;31,3;30,4;23,3;21,5;64;57;61;182;2,8;1,2;
2012-04-24;22:00;0;998;998;997,6;507,2;28,9;23,2;30,9;28,9;23,3;21,7;72;59;71;161;2,5;1,1;
2012-04-24;23:00;0;998,9;998,9;998;17,1;26;24;28,9;26;24,1;22,8;89;71;89;52;1,9;,9;
2012-04-25;00:00;0;1000,1;1000,1;998,9;-9999;25,5;23,9;26;25,5;24,4;23,8;92;88;91;259;1,5;,4;
2012-04-25;01:00;0;1001;1001;1000,1;-9999;25,2;23,9;25,7;25,2;24,3;23,8;93;91;93;170;1,4;,6;
2012-04-25;02:00;0;1001,8;1001,8;1001;-9999;24,8;23,7;25,2;24,7;23,9;23,6;94;92;94;344;1,4;,5;
2012-04-25;03:00;0;1002,4;1002,4;1001,8;-9999;24,5;23,4;25,2;24,5;24;23,4;94;92;94;93;1,5;,5;
2012-04-25;04:00;1,2;1002,2;1002,5;1002,2;-9999;24,7;23,6;25,4;24,5;23,8;23,4;94;89;94;14;4,2;,6;
2012-04-25;05:00;,2;1001,5;1002,2;1001,4;-9999;24,2;23,3;24,7;24,2;23,6;23,3;95;93;95;199;1,5;,3;
2012-04-25;06:00;0;1001,4;1001,5;1001,2;-9999;24;23,2;24,5;24;23,7;23,2;95;95;95;42;2;1,4;
2012-04-25;07:00;0;1001,2;1001,4;1001,1;-9999;24,1;23,3;24,2;24;23,4;23,2;95;95;95;84;2;,4;
2012-04-25;08:00;,2;1001,5;1001,5;1001,1;-9999;24;23,2;24,2;24;23,4;23,2;95;95;95;73;1,5;,7;
2012-04-25;09:00;,4;1001,9;1002;1001,5;-9999;24;23,1;24;23,9;23,2;23,1;95;95;95;68;2,1;,9;
2012-04-25;10:00;0;1002,1;1002,1;1001,9;-9999;23,9;23;24;23,8;23,1;23;95;95;95;68;2,8;,6;
2012-04-25;11:00;0;1002,5;1002,5;1002,1;13,7;23,7;22,9;23,9;23,6;23;22,7;95;94;95;96;1,4;,3;
2012-04-25;12:00;0;1003,2;1003,2;1002,5;217,7;24,4;23,4;24,4;23,7;23,5;22,9;95;94;94;90;1,4;,4;
2012-04-25;13:00;0;1003,6;1003,6;1003,2;772,6;25,3;23,3;25,3;24,4;23,8;23;94;88;89;97;2,9;1;
2012-04-25;14:00;0;1003,9;1003,9;1003,6;1185,4;27,1;24,1;27,1;25,2;24,4;22,8;91;82;84;101;3,1;1,1;
2012-04-25;15:00;0;1003,7;1004;1003,7;2311,3;27,9;23,2;28,7;26,9;24,1;22,6;84;72;75;123;6,3;1,2;
2012-04-25;16:00;0;1003;1003,7;1003;1998,2;28,9;23,6;29,4;27,9;24,6;22,7;78;70;73;102;3,9;1,3;
2012-04-25;17:00;0;1001,8;1003;1001,8;2295,7;29,3;23;30,2;28,7;24,9;22,5;79;66;69;126;3,6;1;
2012-04-25;18:00;0;1000,1;1001,8;1000,1;2882,8;29,7;22,9;30,1;29,1;24,3;22,2;75;65;67;130;4,2;1,7;
2012-04-25;19:00;0;998,6;1000,1;998,6;2773,2;29,7;22,7;30,8;29,4;23,5;21,7;69;60;66;167;4,2;1,2;
2012-04-25;20:00;0;997,9;998,6;997,9;1855,6;29,6;22,9;31,1;29,6;24,1;21,6;70;59;67;184;2,9;1,3;
2012-04-25;21:00;0;997,5;997,9;997,5;817,6;30,7;22,7;30,9;29,6;23,9;21,5;70;59;63;198;2,5;1;
2012-04-25;22:00;0;997,5;997,6;997,4;545;27,6;23,6;31,5;27,6;23,9;22,3;80;60;79;62;2,4;1,1;
2012-04-25;23:00;0;998,5;998,5;997,5;28,3;25,7;23,1;27,6;25,7;23,9;23,1;88;77;86;31;2,9;,9;
2012-04-26;00:00;0;999,3;999,3;998,5;-9999;24,8;22,9;25,7;24,8;23,4;22,8;90;86;89;44;2,5;,9;
2012-04-26;01:00;0;999,8;999,8;999,3;-9999;24,2;22,9;24,9;24,2;23,2;22,8;93;88;93;51;1,6;,9;
2012-04-26;02:00;0;1000,6;1000,6;999,8;-9999;24;22,8;24,4;24;23,1;22,8;93;92;93;309;1,9;,2;
2012-04-26;03:00;0;1000,6;1000,8;1000,6;-9999;23,4;22,4;24;23,4;22,9;22,4;95;93;94;59;,7;,6;
2012-04-26;04:00;0;1000,6;1000,7;1000,4;-9999;23,2;22,3;23,6;23,2;22,7;22,3;95;94;95;355;1,3;,8;
2012-04-26;05:00;0;1000,5;1000,7;1000,5;-9999;22,9;22,1;23,2;22,9;22,4;22,1;95;95;95;150;1,3;,2;
2012-04-26;06:00;0;1000,2;1000,6;1000,2;-9999;22,8;22;23;22,7;22,2;21,9;95;95;95;42;1,3;,4;
2012-04-26;07:00;0;1000,2;1000,3;1000,2;-9999;22,5;21,7;23;22,4;22,2;21,6;96;95;95;142;,9;,3;
2012-04-26;08:00;0;1000,3;1000,3;1000,2;-9999;22,4;21,6;22,8;22,3;22;21,5;96;95;96;344;,8;,3;
2012-04-26;09:00;0;1001;1001;1000,3;-9999;22,4;21,7;22,7;22,2;22;21,4;96;95;96;45;1,8;,7;
2012-04-26;10:00;0;1001,4;1001,4;1001;-9999;22,5;21,8;22,9;22,4;22,2;21,7;96;95;96;58;1;,4;
2012-04-26;11:00;0;1002;1002;1001,4;56,6;23,1;22,3;23,1;22,5;22,3;21,8;96;95;95;289;,7;,4;
2012-04-26;12:00;0;1002,6;1002,6;1002;543,2;25,7;23,7;25,8;23,1;24,1;22,3;95;89;89;52;1,3;,3;
2012-04-26;13:00;0;1003,1;1003,2;1002,6;1214,5;27,5;23,6;27,5;25,4;24,1;22,7;90;77;79;13;1,6;,6;
2012-04-26;14:00;0;1003,3;1003,4;1003,1;1826,2;28,6;23,6;29;27,4;24,1;23;79;71;74;238;2,3;1;
2012-04-26;15:00;0;1002,8;1003,3;1002,8;1987,1;31,2;24;31,2;28,5;25;23;76;63;65;75;2,3;1;
2012-04-26;16:00;0;1002,2;1002,8;1002,2;2468,1;30,5;23,4;31,3;29,8;24,7;22,2;71;59;66;232;3,6;1;
2012-04-26;17:00;1,8;1001,2;1002,2;1001,2;1339,3;27;25,1;30,8;27;25,1;22,3;89;63;89;101;3,7;,9;
2012-04-26;18:00;,4;998,9;1001,1;998,9;2500,9;30,7;23,9;30,8;26,4;25,8;23,5;91;64;67;85;3,1;1,2;
2012-04-26;19:00;0;997,7;998,9;997,7;2889,1;31,2;22,3;31,9;30,7;25;21,4;71;56;59;55;3,4;1,6;
2012-04-26;20:00;0;997,2;997,7;997,2;2282,3;31,6;21,9;32,6;31,2;23,5;21,5;62;53;56;73;3,8;1,5;
2012-04-26;21:00;0;996,7;997,2;996,6;988,6;30,8;23,4;32,5;30,8;23,5;21,2;65;53;65;126;3;,8;
2012-04-26;22:00;,2;997,5;997,5;996,7;308,6;25,7;23,8;30,9;25,7;24,9;22,6;90;62;89;26;8,3;1,5;
2012-04-26;23:00;0;998,6;998,7;997,5;24;25,1;23,9;25,9;25,1;24,3;23,7;93;88;93;51;3,1;,8;
2012-04-27;00:00;0;999,3;999,3;998,5;-9999;24,9;23,8;25,2;24,8;24,2;23,7;94;93;94;24;1,1;,4;
2012-04-27;01:00;,6;999,8;1000,6;999,3;-9999;25;23,7;25,1;24,8;24,2;23,6;95;92;93;350;3,3;1,4;
2012-04-27;02:00;0;999,9;1000,3;999,7;-9999;24,2;23,2;25;24,2;23,5;23,1;94;91;94;55;3,3;,7;
2012-04-27;03:00;0;999,9;1000;999,8;-9999;24;23,2;24,4;24;23,5;23,1;95;94;95;109;2,5;,4;
2012-04-27;04:00;0;1000;1000;999,8;-9999;24,4;23,4;24,4;24;23,5;23,2;95;94;94;189;2,5;,7;
2012-04-27;05:00;0;1000,1;1000,1;999,9;-9999;24,3;23,4;24,4;24,1;23,4;23,2;95;94;95;232;1,7;,6;
2012-04-27;06:00;0;999,8;1000,1;999,7;-9999;23,8;22,9;24,3;23,8;23,4;22,9;95;94;94;56;1,3;,6;
2012-04-27;07:00;0;999,6;999,8;999,6;-9999;23,7;22,9;23,8;23,6;23;22,8;95;94;95;12;1,4;,7;
2012-04-27;08:00;0;999,7;999,7;999,5;-9999;23,5;22,7;23,9;23,4;23,1;22,7;96;95;95;347;1,2;,5;
2012-04-27;09:00;0;1000,1;1000,1;999,7;-9999;23,2;22,5;23,6;23,2;22,9;22,4;96;95;96;37;1,8;,8;
2012-04-27;10:00;,2;1000,2;1000,3;1000;-9999;23,1;22,4;23,3;23,1;22,6;22,4;96;96;96;198;1,1;,6;
2012-04-27;11:00;0;1000,9;1000,9;1000,2;55,4;23,7;22,9;23,7;22,9;22,9;22,2;96;95;96;267;1,1;,4;
2012-04-27;12:00;0;1002,1;1002,1;1000,9;452,4;24,9;23,8;25;23,6;23,9;22,8;96;93;94;199;1,3;,8;
2012-04-27;13:00;0;1002,6;1002,6;1002,1;1145,5;26,6;23,8;26,8;24,9;24,3;23,6;94;84;85;206;2,6;,9;
2012-04-27;14:00;0;1002,9;1003;1002,6;1172,1;27,3;23,6;27,6;26,6;24,3;23,4;86;78;80;202;2,6;1,5;
2012-04-27;15:00;0;1002,8;1003;1002,7;1783,6;28,7;23,6;29;27,3;24,5;23,2;82;74;74;274;3,2;1,1;
2012-04-27;16:00;0;1002,6;1003;1002,5;1121,1;26,3;22,9;29,1;25,7;24,5;22,5;84;73;81;323;6,2;2,5;
2012-04-27;17:00;0;1001,3;1002,6;1001,3;2016,4;27,5;23,3;27,6;25,6;24,7;22,5;89;77;78;314;6,3;2,1;
2012-04-27;18:00;0;999,9;1001,3;999,9;2579,6;27,6;23,1;28,9;27;24,3;22,8;80;72;76;314;5,4;1,4;
2012-04-27;19:00;0;998,8;999,9;998,8;1135,4;27,2;23,5;27,8;27,2;23,8;23;81;76;80;330;4,1;1,9;
2012-04-27;20:00;0;997,9;998,8;997,9;904,5;27,4;23,7;27,5;27,1;23,9;23,1;82;78;80;320;4,4;1,4;
2012-04-27;21:00;0;997,5;997,9;997,4;1081,3;28,6;23,1;28,7;27,3;24,3;22,9;81;72;72;320;4,8;1,5;
2012-04-27;22:00;0;997,8;997,8;997,5;418,3;27,2;24;28,7;27,1;24;23;83;71;83;307;4,6;,8;
2012-04-27;23:00;0;998,2;998,2;997,7;29,1;25,3;23,8;27,2;25,3;23,9;23,5;91;81;91;331;2,1;,8;
2012-04-28;00:00;0;999,3;999,3;998,2;-9999;25;23,8;25,3;24,7;23,9;23,5;93;91;93;255;1,5;,3;
2012-04-28;01:00;0;1000,5;1000,5;999,3;-9999;24,3;23,3;25,1;24,3;23,9;23,3;94;92;94;9;1,1;,7;
2012-04-28;02:00;0;1001,1;1001,2;1000,5;-9999;24,4;23,5;24,4;24,1;23,6;23,2;95;94;95;248;1;,4;
2012-04-28;03:00;0;1001,4;1001,4;1001;-9999;24,3;23,4;24,5;24,2;23,7;23,3;95;94;95;28;1,2;,1;
2012-04-28;04:00;0;1001,1;1001,5;1001;-9999;24,2;23,3;24,5;24,1;23,6;23,2;95;95;95;126;1;,6;
2012-04-28;05:00;,4;1000,8;1001,1;1000,8;-9999;24,3;23,5;24,4;24,1;23,6;23,3;95;95;95;81;1,3;,3;
2012-04-28;06:00;,2;999,8;1000,8;999,8;-9999;24,5;23,7;24,5;24,3;23,7;23,4;95;95;95;270;2,1;,5;
2012-04-28;07:00;0;999,1;999,8;999;-9999;24,1;23,3;24,7;24,1;23,8;23,3;95;95;95;277;1,6;,4;
2012-04-28;08:00;0;998,9;999,2;998,7;-9999;23,8;23;24,1;23,8;23,3;23;95;95;95;224;1,6;,3;
2012-04-28;09:00;0;999,6;999,6;998,9;-9999;24;23,2;24,2;23,8;23,4;23;96;95;95;175;2,5;,7;
2012-04-28;10:00;0;1000,5;1000,5;999,6;-9999;23,8;23;24,1;23,8;23,3;23;95;95;95;42;1,4;,6;
2012-04-28;11:00;0;1000,9;1000,9;1000,4;31,7;23,7;22,9;23,8;23,7;23;22,9;96;95;95;97;1;,5;
2012-04-28;12:00;0;1002,1;1002,1;1000,9;225,5;24,8;23,9;24,8;23,7;23,9;23;96;95;95;91;,8;,3;
2012-04-28;13:00;0;1003,2;1003,2;1002,1;358,3;25,2;24;25,3;24,8;24,2;23,8;95;93;93;112;3,8;,6;
2012-04-28;14:00;,6;1003,4;1003,5;1003,2;926;25,8;24,1;26;25,2;24,8;23,8;94;89;90;173;3,9;1,8;
2012-04-28;15:00;0;1003,3;1003,5;1003,3;1038,3;26;24;26,3;25,8;24,7;23,8;92;88;89;151;3,9;1,3;
2012-04-28;16:00;0;1002,8;1003,4;1002,8;707,1;25,8;24,2;26,2;25,6;24,6;23,4;92;86;91;144;3,3;,8;
2012-04-28;17:00;,4;1002,1;1002,8;1002,1;548,5;25,4;23,7;25,8;25,4;24,3;23,6;92;89;90;131;3,2;,9;
2012-04-28;18:00;,2;1001,7;1002,1;1001,7;663,2;26,1;24,1;26,2;25,4;24,7;23,5;93;88;89;75;3,1;1,1;
2012-04-28;19:00;0;1001,2;1001,7;1001,2;1164,6;27,1;24,4;27,2;26;24,8;23,6;90;81;85;70;3,1;,6;
2012-04-28;20:00;9;1000,9;1001,3;1000,8;619,2;25;23,8;27,4;24,5;24,5;22,6;94;79;93;134;3,9;,8;
2012-04-28;21:00;9,2;1000,9;1001,1;1000,7;215,3;23,5;22,6;25,3;23,4;24,1;22,4;95;91;95;331;5,2;2;
2012-04-28;22:00;,4;1000,2;1001;1000,2;107,5;22,6;21,6;23,5;22,5;22,7;21,5;95;94;94;321;5,8;2,1;
2012-04-28;23:00;0;999,3;1000,2;999,3;15,6;22,3;21,3;22,6;22,3;21,7;21,3;95;94;94;341;4,9;1,4;
2012-04-29;00:00;0;999,6;999,6;999,2;-9999;22,2;21,3;22,3;22,1;21,4;21,3;95;94;95;89;2,9;,4;
2012-04-29;01:00;0;1000,4;1000,4;999,6;-9999;22,1;21,3;22,2;22,1;21,5;21,3;96;95;96;128;1,7;,3;
2012-04-29;02:00;0;1001,1;1001,1;1000,4;-9999;22,3;21,6;22,3;22;21,6;21,3;96;96;96;82;2,9;,5;
2012-04-29;03:00;0;1001,1;1001,3;1001,1;-9999;22,4;21,7;22,5;22,2;21,8;21,5;96;96;96;49;2,6;1;
2012-04-29;04:00;0;1001,3;1001,3;1001;-9999;22,6;21,9;22,6;22,4;22;21,7;96;96;96;53;2;,4;
2012-04-29;05:00;0;1000,5;1001,3;1000,5;-9999;22,6;21,9;22,7;22,5;22;21,8;96;96;96;360;1,1;,2;
2012-04-29;06:00;0;1000,1;1000,5;1000,1;-9999;22,5;21,8;22,6;22,5;21,9;21,8;96;96;96;318;1,6;,9;
2012-04-29;07:00;,2;999,8;1000,1;999,8;-9999;22,6;21,9;22,6;22,4;22;21,8;96;96;96;260;1,8;,3;
2012-04-29;08:00;0;999,8;999,8;999,5;-9999;22,5;21,8;22,7;22,5;22;21,8;96;96;96;307;1,7;,4;
2012-04-29;09:00;0;1000,4;1000,4;999,8;-9999;22,4;21,7;22,6;22,4;21,9;21,7;96;96;96;324;1,7;,5;
2012-04-29;10:00;0;1001,4;1001,4;1000,4;-9999;22,4;21,7;22,5;22,3;21,8;21,6;96;96;96;211;1,8;,9;
2012-04-29;11:00;0;1001,8;1001,8;1001,4;60,8;22,6;21,9;22,6;22,3;21,9;21,6;96;96;96;183;2,8;,4;
2012-04-29;12:00;0;1002,4;1002,4;1001,8;433,8;23,1;22,2;23,1;22,6;22,2;21,8;96;94;95;44;1,4;,8;
2012-04-29;13:00;0;1003,4;1003,4;1002,4;1093,9;24,6;22,2;24,6;23,1;22,8;21,8;95;87;87;236;2,2;,8;
2012-04-29;14:00;0;1003,4;1003,6;1003,4;1841;26,6;22,8;26,7;24,5;23,2;21,9;89;76;80;122;1,9;,7;
2012-04-29;15:00;0;1003,4;1003,5;1003,4;2166,3;27,6;22,5;28,1;26,1;23,6;22;81;71;74;302;2,4;,7;
2012-04-29;16:00;0;1002,8;1003,4;1002,8;2075,9;28,9;22,5;29,1;27,5;23,9;22,3;76;68;68;10;2,4;1,1;
2012-04-29;17:00;0;1001,6;1002,8;1001,6;2184,1;29,2;21,7;29,6;28,5;23,6;21,1;73;61;64;31;3;1,1;
2012-04-29;18:00;0;1000,5;1001,6;1000,5;2581,9;30,3;23,1;30,5;29;23,5;21,7;71;62;66;323;3;,9;
2012-04-29;19:00;0;999,6;1000,5;999,6;1814,4;29,9;22,8;30,9;29,1;24,2;22,2;72;60;66;356;4,2;,6;
2012-04-29;20:00;0;998,5;999,6;998,5;2250,7;31,1;23,2;31,3;29,9;24,3;22,4;69;61;63;13;2,6;1;
2012-04-29;21:00;0;997,9;998,5;997,9;1543,8;31,3;23,4;31,4;30,4;23,7;21,8;64;58;63;336;2,6;,7;
2012-04-29;22:00;0;997,8;997,9;997,7;169,9;29,1;23,9;31,9;29,1;23,9;21,5;74;57;74;229;1,8;,4;
2012-04-29;23:00;0;997,9;997,9;997,7;14,3;25,7;23,4;29,1;25,7;23,7;21,9;87;71;87;27;1,1;,5;
2012-04-30;00:00;0;998,8;998,8;997,9;-9999;24,9;23,5;25,7;24,9;24,1;23,5;93;87;92;57;1,2;,9;
2012-04-30;01:00;0;999,7;999,7;998,8;-9999;24,3;23,2;25;24,3;23,7;23,2;94;92;94;42;1,2;,5;
2012-04-30;02:00;0;1000,7;1000,7;999,7;-9999;23,9;23;24,4;23,8;23,4;22,8;95;93;95;70;1,2;,7;
2012-04-30;03:00;0;1001,4;1001,4;1000,7;-9999;23,8;22,9;24,1;23,7;23,1;22,6;95;93;95;312;1;,4;
2012-04-30;04:00;0;1001,5;1001,6;1001,4;-9999;23,7;22,8;23,9;23,4;23;22,5;95;94;95;192;1;,2;
2012-04-30;05:00;0;1001,2;1001,5;1001,2;-9999;23,3;22,5;23,7;23,3;22,8;22,4;95;94;95;115;1;,6;
2012-04-30;06:00;0;1000,6;1001,2;1000,6;-9999;23,1;22,3;23,4;23;22,5;22,2;95;95;95;59;1,1;,6;
2012-04-30;07:00;0;999,8;1000,6;999,8;-9999;22,7;21,8;23,3;22,7;22,5;21,8;95;95;95;58;,9;,7;
2012-04-30;08:00;0;1000,1;1000,1;999,7;-9999;22,7;21,9;22,8;22,5;22;21,7;96;95;95;153;1,7;,7;
2012-04-30;09:00;0;1000,5;1000,5;1000;-9999;22,8;22,1;23;22,7;22,2;21,9;96;95;96;93;1,4;,5;
2012-04-30;10:00;0;1001,2;1001,2;1000,5;-9999;22,4;21,6;22,9;22,4;22,1;21,6;96;95;95;111;1;,6;
2012-04-30;11:00;0;1002;1002;1001,2;54,9;23,3;22,5;23,3;22,4;22,6;21,6;96;95;96;89;1,6;,5;
2012-04-30;12:00;,2;1002,9;1002,9;1002;419,6;25,3;23,6;25,3;23,3;23,8;22,5;96;90;90;124;1,1;,5;
2012-04-30;13:00;0;1003,3;1003,4;1002,9;956,2;26,7;23,8;26,8;25,3;24,2;23,3;91;82;84;142;4;1,3;
2012-04-30;14:00;0;1003,1;1003,3;1003;2251,4;27,4;23,2;28,3;26,7;24,5;23,1;85;75;78;172;5,4;1,9;
2012-04-30;15:00;0;1002,9;1003,1;1002,9;2466,3;29,6;23,6;29,9;27,4;24,8;22,9;80;70;70;123;4,9;1,2;
2012-04-30;16:00;0;1002;1002,9;1002;2913,3;30,3;23,7;31;29,5;25,1;23,1;74;66;68;180;4,3;2,1;
2012-04-30;17:00;0;1001,2;1002;1001,2;1964,9;26,6;22,5;31;26,6;24,5;21,9;79;63;79;174;8,1;3,8;
2012-04-30;18:00;0;998,9;1001,2;998,9;2836,1;29,3;23,5;29,7;26,6;24,2;22,2;81;66;71;169;8,1;1,7;
2012-04-30;19:00;0;998,4;998,9;998,4;2555,1;29,9;24,9;31,1;29,3;24,9;23,1;75;65;75;136;5,6;2,5;
2012-04-30;20:00;2,4;998,6;998,6;998,4;603,3;25,7;24;30;24,6;24,2;22,4;94;69;90;70;6,7;1;
2012-04-30;21:00;0;997,9;998,6;997,9;512,4;26,4;24,8;26,5;25,7;25,1;23,8;92;87;91;95;2,6;,8;
2012-04-30;22:00;0;998,1;998,1;997,8;148,5;25,2;23,9;26,4;25,2;24,7;23,8;93;90;92;84;3,1;1;
2012-04-30;23:00;0;999,3;999,3;998,1;8,8;24,5;23,3;25,2;24,5;23,9;23,3;93;92;93;60;4,3;1,4;
2012-05-01;00:00;0;1000,3;1000,3;999,3;-9999;24,2;23,2;24,5;24,2;23,4;23,1;94;92;94;86;3,5;,7;
2012-05-01;01:00;0;1001,2;1001,2;1000,3;-9999;24,2;23,3;24,4;24;23,5;23;95;93;95;141;1,7;,2;
2012-05-01;02:00;0;1002,4;1002,4;1001,2;-9999;24,2;23,3;24,5;24,1;23,5;23,1;95;94;95;87;,9;,4;
2012-05-01;03:00;,2;1002,7;1002,8;1002,4;-9999;23,8;23;24,2;23,7;23,3;22,9;95;95;95;98;1,4;,4;
2012-05-01;04:00;0;1002,5;1002,7;1002,5;-9999;24;23,2;24;23,8;23,2;23;95;95;95;188;1,1;,3;
2012-05-01;05:00;0;1001,4;1002,5;1001,4;-9999;23,7;23;24,1;23,6;23,2;22,7;95;95;95;151;1,1;,5;
2012-05-01;06:00;0;1000,2;1001,4;1000,2;-9999;23,5;22,7;23,7;23,4;23;22,6;95;95;95;64;1;,3;
2012-05-01;07:00;0;999,7;1000,2;999,7;-9999;23,3;22,5;23,6;23,3;22,8;22,5;95;95;95;137;,9;,6;
2012-05-01;08:00;0;999,4;999,7;999,4;-9999;23,1;22,2;23,4;23,1;22,6;22,2;96;95;95;94;1,2;,4;
2012-05-01;09:00;0;1000,2;1000,2;999,4;-9999;22,6;21,7;23,1;22,6;22,2;21,7;95;94;95;47;1,8;1;
2012-05-01;10:00;0;1000,9;1000,9;1000,2;-9999;22,5;21,7;22,6;22,5;21,8;21,7;95;95;95;72;2,1;,8;
2012-05-01;11:00;0;1001,5;1001,5;1000,9;40,9;22,9;22;22,9;22,5;22;21,7;95;95;95;98;2,2;,4;
2012-05-01;12:00;0;1002,4;1002,4;1001,5;336,8;23,8;22,4;23,8;22,9;22,6;22,1;95;91;92;140;2;,9;
2012-05-01;13:00;0;1002,8;1002,8;1002,4;714,4;25,1;22,4;25,2;23,8;23,1;22,3;92;84;85;138;2,8;1,1;
2012-05-01;14:00;0;1002,7;1002,9;1002,7;1487,8;27,5;23,8;27,5;25,1;23,8;22,3;87;79;80;113;4,1;1,1;
2012-05-01;15:00;0;1002,6;1002,9;1002,6;2727;28,9;22,7;29,7;27,1;24,7;22,4;80;68;69;110;5;1,8;
2012-05-01;16:00;0;1002,1;1002,7;1002,1;3169,1;30,6;23,4;30,6;28,9;24,8;22,3;72;64;65;100;5,8;1,8;
2012-05-01;17:00;0;1000,6;1002,1;1000,6;3451,9;31,4;23;31,7;30,4;24,3;22;67;59;61;94;5,5;2;
2012-05-01;18:00;0;998,8;1000,6;998,8;2951,3;31,8;23;32;30,7;23,7;21,8;64;58;60;142;5,7;1,4;
2012-05-01;19:00;0;997,7;998,7;997,7;2885,6;31,8;22;32,2;31,3;23,4;21;61;53;56;107;5,4;1,5;
2012-05-01;20:00;0;997;997,7;997;1768,8;31,9;22,5;32,1;30,4;23,8;20,8;64;51;58;95;4,1;1;
2012-05-01;21:00;0;997;997,1;996,9;1119,1;30,3;22,2;32;30,1;23,1;21,2;64;55;62;85;4,2;1,5;
2012-05-01;22:00;0;997,9;997,9;997;413,5;28;22,8;31;28;23,6;21,5;75;58;73;72;4,1;,9;
2012-05-01;23:00;0;999;999;997,9;21,1;26,7;22,8;28;26,4;23,4;22,6;83;73;79;78;2,6;,9;
2012-05-02;00:00;0;1000,1;1000,1;999;-9999;26,2;23,5;26,7;25,7;24,1;22,4;90;78;85;195;2,4;1,1;
2012-05-02;01:00;0;1001;1001;1000,1;-9999;26,3;23,4;26,6;25,5;24;23,1;90;82;84;151;3;1,3;
2012-05-02;02:00;0;1001,3;1001,3;1001;-9999;25,1;23,4;26,5;25,1;23,5;23;90;82;90;131;3;,5;
2012-05-02;03:00;0;1001,5;1001,6;1001,3;-9999;25;23,6;25,5;24,8;23,7;23,2;92;89;92;283;1,7;,3;
2012-05-02;04:00;0;1001,2;1001,5;1001,1;-9999;24,4;23,2;25,2;24,3;23,6;23;94;89;93;126;2,9;,8;
2012-05-02;05:00;5;1000,7;1001,2;1000,5;-9999;23,7;22,8;24,4;23,7;23,3;22,7;95;93;95;6;2,9;,9;
2012-05-02;06:00;0;1000,2;1000,9;1000,1;-9999;24,3;23,3;24,3;23,7;23,4;22,8;95;94;94;206;1,7;,6;
2012-05-02;07:00;20,2;1000,1;1000,2;1000;-9999;23,6;22,9;24,3;23,6;23,3;22,7;95;94;95;158;3,3;,9;
2012-05-02;08:00;5,2;999,9;1000,1;999,8;,2;23,5;22,6;23,7;23,5;22,9;22,5;96;95;95;159;4,1;1,5;
2012-05-02;09:00;,2;1000,4;1000,4;999,9;-9999;23,5;22,7;23,5;23,4;22,8;22,5;96;95;95;136;4,1;,6;
2012-05-02;10:00;,4;1001;1001;1000,4;-9999;23,8;22,9;23,8;23,4;23;22,6;95;95;95;203;1,8;1,1;
2012-05-02;11:00;,8;1001,7;1001,7;1001;12;23,7;22,6;23,9;23,7;23;22,6;95;94;94;191;4,5;2,6;
2012-05-02;12:00;14,2;1002,8;1002,8;1001,7;42,4;23,5;22,7;23,7;23,3;22,8;22,5;95;94;95;188;4,5;2,2;
2012-05-02;13:00;4,4;1003,6;1003,6;1002,8;127,4;23,8;22,9;23,8;23,5;23;22,7;96;95;95;208;3,5;1,8;
2012-05-02;14:00;,4;1003,8;1003,8;1003,6;316,5;24,2;23;24,2;23,7;23,2;22,8;95;92;93;200;5,4;3;
2012-05-02;15:00;4,4;1004;1004,1;1003,7;428,4;23,4;22,4;24,5;23,4;23,2;22,4;95;91;94;203;7,3;3,1;
2012-05-02;16:00;12;1003,9;1004,4;1003,9;186,3;23,5;22,8;23,5;23,2;22,8;22,4;95;94;95;186;5,3;,5;
2012-05-02;17:00;3,2;1003;1003,9;1003;326,9;24;23,1;24;23,5;23,1;22,7;96;95;95;217;3,1;1,6;
2012-05-02;18:00;0;1001,9;1003;1001,9;846,1;24,8;23,1;25;24;23,7;23;95;90;90;211;4,2;1,9;
2012-05-02;19:00;,4;1001,2;1001,9;1001,2;941,3;25,3;23,3;25,3;24,3;23,6;22,7;93;88;88;214;5,5;2,4;
2012-05-02;20:00;,6;1001;1001,3;1000,9;874,7;25,2;23,6;25,8;24,9;23,7;22,8;92;84;91;229;4,9;,9;
2012-05-02;21:00;0;1001,1;1001,2;1001;460,4;24,9;22,9;25,4;24,9;24,1;22,9;93;88;89;231;3,9;1,7;
2012-05-02;22:00;0;1001;1001,1;1000,9;208;24,6;23;24,9;24,6;23,3;22,9;91;89;91;224;4,2;1,5;
2012-05-02;23:00;0;1002;1002;1001;17,9;24,1;23,1;24,6;24,1;23,3;22,9;94;90;94;172;2,9;,8;
2012-05-03;00:00;,2;1002,9;1002,9;1002;-9999;23,9;23;24,4;23,9;23,3;22,9;95;93;95;193;1,7;,1;
2012-05-03;01:00;0;1003,8;1003,8;1002,9;-9999;23,7;22,9;24;23,7;23,2;22,9;95;95;95;80;1,3;,3;
2012-05-03;02:00;0;1004,4;1004,4;1003,8;-9999;24,1;23,4;24,2;23,6;23,4;22,9;96;95;95;211;1,4;,7;
2012-05-03;03:00;,2;1004,4;1004,5;1004,4;-9999;23,9;23,1;24,2;23,8;23,4;22,9;96;95;96;59;1,2;,3;
2012-05-03;04:00;0;1004,1;1004,5;1004,1;-9999;23,9;23,1;23,9;23,7;23,1;22,9;96;95;96;121;1,6;,5;
2012-05-03;05:00;0;1003,6;1004,1;1003,6;-9999;23,5;22,8;23,9;23,5;23,1;22,8;96;95;96;7;1,3;,5;
2012-05-03;06:00;0;1002,9;1003,6;1002,9;-9999;23,5;22,8;23,6;23,4;22,9;22,7;96;96;96;230;1,5;,6;
2012-05-03;07:00;0;1002,6;1002,9;1002,5;-9999;23,3;22,5;23,6;23,3;22,8;22,5;96;95;95;277;2,3;,5;
2012-05-03;08:00;0;1002,5;1002,6;1002,4;-9999;23,2;22,3;23,3;23,2;22,5;22,3;95;95;95;265;2,2;,6;
2012-05-03;09:00;0;1002,9;1002,9;1002,4;-9999;23,2;22,3;23,2;23,1;22,4;22,3;95;95;95;213;1,6;,7;
2012-05-03;10:00;,2;1003,5;1003,5;1002,9;-9999;23,2;22,4;23,3;23,2;22,5;22,3;95;95;95;233;2;,7;
2012-05-03;11:00;,2;1004,3;1004,3;1003,5;24,2;23,3;22,5;23,3;23,2;22,5;22,4;95;95;95;224;2,6;1;
2012-05-03;12:00;0;1005,1;1005,1;1004,3;217,5;23,7;22,7;23,7;23,3;22,8;22,5;95;94;94;223;3,6;1,4;
2012-05-03;13:00;0;1005,7;1005,7;1005,1;588,2;24,5;23,1;24,5;23,7;23,1;22,6;94;91;92;224;3,7;1,4;
2012-05-03;14:00;0;1005,9;1005,9;1005,7;826,2;24,6;22,6;25,5;24,5;23,5;22,5;92;85;89;220;4,3;1,8;
2012-05-03;15:00;,2;1005,5;1005,9;1005,5;1254,9;26,3;22,5;26,3;24,2;23,6;22,3;91;80;80;222;4,3;2,2;
2012-05-03;16:00;0;1004,7;1005,5;1004,7;2436,8;28,1;23,1;28,2;26,3;24,1;22,4;82;73;74;218;4,1;1,6;
2012-05-03;17:00;0;1003,4;1004,7;1003,4;2329,3;27,7;22,7;29,1;27,2;24;21,7;77;66;74;202;4,1;2;
2012-05-03;18:00;0;1002,5;1003,4;1002,5;1200,9;25,6;22,8;27,6;25,5;23,8;22,4;88;74;85;190;5,5;2,7;
2012-05-03;19:00;,4;1001,7;1002,5;1001,6;1318,9;26,2;23,8;26,2;25,1;23,9;22,7;91;84;87;220;5,5;1,2;
2012-05-03;20:00;1;1001,1;1001,7;1001,1;435,1;24,3;23;26,3;24,1;23,9;22,7;93;83;93;316;5,6;,6;
2012-05-03;21:00;0;1000,9;1001,1;1000,8;637,5;25,2;23,3;25,3;24,3;23,6;22,7;93;87;89;317;1,6;,7;
2012-05-03;22:00;0;1001,9;1001,9;1000,9;203,7;24,4;22,9;25,3;24,4;23,4;22,7;92;86;92;355;1,3;,7;
2012-05-03;23:00;0;1002,5;1002,5;1001,9;13,5;23,8;22,9;24,4;23,8;23,2;22,8;95;91;95;9;2,1;1,1;
2012-05-04;00:00;0;1003,4;1003,4;1002,5;-9999;23,6;22,8;23,9;23,5;23,1;22,6;95;94;95;350;2,3;1,1;
2012-05-04;01:00;0;1004;1004;1003,4;-9999;23,5;22,7;23,7;23,4;22,8;22,6;95;95;95;6;3,3;,8;
2012-05-04;02:00;0;1004,4;1004,4;1003,9;-9999;23,4;22,6;23,5;23,4;22,7;22,6;96;95;95;300;2,4;,8;
2012-05-04;03:00;0;1004,5;1004,6;1004,4;-9999;23,3;22,5;23,4;23,2;22,6;22,4;95;95;95;5;2,3;,6;
2012-05-04;04:00;0;1004,3;1004,5;1004,3;-9999;23,1;22,4;23,3;23,1;22,6;22,4;96;95;96;18;3;,5;
2012-05-04;05:00;0;1003,8;1004,3;1003,8;-9999;23;22,3;23,2;23;22,5;22,3;96;96;96;52;1,2;,5;
2012-05-04;06:00;0;1003;1003,8;1003;-9999;23;22,3;23,1;22,9;22,4;22,2;96;96;96;346;1,2;,6;
2012-05-04;07:00;0;1002,3;1003;1002,3;-9999;23,1;22,4;23,1;23;22,4;22,3;96;96;96;78;1,2;,2;
2012-05-04;08:00;,2;1002,3;1002,3;1002,2;-9999;23,2;22,5;23,3;23;22,6;22,3;96;96;96;345;1,3;,5;
2012-05-04;09:00;0;1002,7;1002,8;1002,3;-9999;23,1;22,3;23,2;23,1;22,5;22,3;96;95;96;358;5,4;,8;
2012-05-04;10:00;0;1003;1003;1002,7;-9999;22,9;22,2;23,1;22,9;22,4;22,2;96;96;96;85;1,7;,6;
2012-05-04;11:00;0;1003,5;1003,5;1003;46,4;22,9;22,3;23;22,7;22,3;22;96;96;96;97;1,6;,3;
2012-05-04;12:00;0;1004;1004;1003,5;271,2;23,6;22,7;23,7;22,9;22,8;22,2;96;94;94;6;,8;,2;
2012-05-04;13:00;0;1004,9;1004,9;1004;1015,7;25,3;22,4;25,6;23,6;23,3;22,2;94;83;84;330;2;,7;
2012-05-04;14:00;0;1004,8;1005;1004,8;1687,9;26,7;22,9;27,1;25,3;23,7;22,4;87;78;80;354;2,6;1,2;
2012-05-04;15:00;0;1004,9;1005;1004,8;904,3;26,9;22,4;27;26,2;23,6;22,1;84;76;77;232;2,6;,6;
2012-05-04;16:00;0;1004;1004,9;1004;2626,7;28;22,5;29,4;26,4;24;21,9;84;67;72;208;3,4;1,5;
2012-05-04;17:00;0;1002,8;1004;1002,8;2794,4;28,4;23,1;29,9;28;24,1;21,7;74;65;73;203;5;3,2;
2012-05-04;18:00;0;1001,2;1002,8;1001,2;3326,9;29,9;23,7;29,9;28,4;24;22,3;73;66;69;235;5;1,6;
2012-05-04;19:00;0;999,8;1001,2;999,8;3005,4;28,9;23,4;30,9;28,9;23,9;22,2;72;62;72;316;3,9;1,6;
2012-05-04;20:00;0;998,4;999,8;998,4;1308,2;28,9;23,1;29,4;27,3;24;22,7;79;69;71;340;4,5;1,9;
2012-05-04;21:00;0;998,9;998,9;998,4;1488,4;29,3;24;29,8;28,7;24;22,6;74;67;73;26;3,4;1,3;
2012-05-04;22:00;0;999;999;998,8;297,1;27,8;23,5;29,3;27,8;23,9;22,8;78;70;77;9;2,8;,7;
2012-05-04;23:00;0;1000,2;1000,2;999,1;14;25,7;23,3;27,8;25,7;23,9;22,9;87;77;87;28;1,9;,9;
2012-05-05;00:00;0;1000,9;1000,9;1000,2;-9999;25,2;23,6;25,7;24,8;23,8;23,2;92;86;91;328;1,4;,7;
2012-05-05;01:00;0;1002,1;1002,1;1000,9;-9999;24,4;23,3;25,2;24,3;23,8;23,2;94;91;94;38;1,4;,9;
2012-05-05;02:00;0;1002,5;1002,6;1002,1;-9999;24,1;23,2;24,6;24;23,6;23;95;93;94;52;1,4;,5;
2012-05-05;03:00;0;1002,9;1002,9;1002,5;-9999;24;23;24,2;23,9;23,2;22,9;95;94;94;167;1,6;,3;
2012-05-05;04:00;0;1002,6;1002,9;1002,6;-9999;23,6;22,7;24;23,6;23,1;22,7;95;94;95;241;1;,3;
2012-05-05;05:00;0;1002,3;1002,6;1002,3;-9999;23,5;22,8;23,7;23,2;22,8;22,3;95;95;95;312;1,4;,7;
2012-05-05;06:00;0;1002,1;1002,4;1002,1;-9999;24,2;23,1;24,2;23,2;23,3;22,3;96;94;94;241;2,2;,6;
2012-05-05;07:00;5,6;1001,6;1002,1;1001,4;-9999;23,2;22,1;24,3;23,2;23,2;22;94;92;93;234;7,1;2,3;
2012-05-05;08:00;37,2;1002,1;1002,1;1001,4;-9999;23,1;22,4;23,2;22,9;22,4;22;96;93;96;169;7,5;1,7;
2012-05-05;09:00;15,4;1001,9;1002,1;1001,7;,1;22,6;21,9;23;22,5;22,3;21,8;96;96;96;119;4,4;,5;
2012-05-05;10:00;2,2;1002,5;1002,6;1001,9;-9999;22,5;21,8;22,6;22,4;22;21,8;96;96;96;47;2,4;,9;
2012-05-05;11:00;1;1003,7;1003,7;1002,5;3,3;22,7;22;22,7;22,4;22;21,8;96;96;96;163;2,1;1,2;
2012-05-05;12:00;7,8;1004,8;1004,8;1003,7;14;22,2;21,5;23;22,2;22,3;21,5;96;96;96;171;4,5;,9;
2012-05-05;13:00;2,4;1005,5;1005,5;1004,8;98,6;22,5;21,8;22,5;22,2;21,9;21,5;96;96;96;49;2;1,1;
2012-05-05;14:00;,4;1005;1005,6;1005;259,6;22,8;22,2;22,9;22,5;22,2;21,8;96;96;96;141;2,4;,7;
2012-05-05;15:00;,2;1004,4;1005;1004,4;359,8;23,3;22,6;23,3;22,8;22,6;22,1;96;96;96;126;2;,4;
2012-05-05;16:00;0;1004;1004,6;1004;712,8;24,3;22,8;24,3;23,3;23,1;22,4;96;91;91;53;1,6;,6;
2012-05-05;17:00;0;1002,9;1004;1002,9;724,8;24,8;22,6;24,9;24,3;23,2;22,3;92;86;87;16;2;1,1;
2012-05-05;18:00;0;1002,1;1002,9;1002,1;864,5;25,4;22,6;25,4;24,7;22,9;22,3;88;83;84;342;2,5;,6;
2012-05-05;19:00;0;1001,4;1002,1;1001,4;688,6;25,3;22,6;25,5;25,1;23,1;22,1;88;83;85;322;1,4;,7;
2012-05-05;20:00;0;1000,3;1001,4;1000,3;800;25,5;22,6;25,8;25,3;23,3;22,5;88;83;84;299;2,3;1,1;
2012-05-05;21:00;0;1000,1;1000,3;1000;660,4;25,5;22,9;25,9;25,4;23;22,4;86;81;86;313;2,4;,9;
2012-05-05;22:00;0;1000,1;1000,1;1000;316,9;24,6;23;25,6;24,6;23,1;22,6;91;84;91;337;2,8;,8;
2012-05-05;23:00;0;1000,6;1000,6;1000,1;30,1;23,7;22,6;24,6;23,7;22,9;22,6;94;90;94;355;2,2;1,2;
2012-05-06;00:00;0;1001,1;1001,1;1000,6;-9999;23,1;22,1;23,7;23,1;22,5;22,1;94;93;94;4;3,3;1;
2012-05-06;01:00;0;1002,3;1002,3;1001,1;-9999;22,5;21,6;23,1;22,5;22,2;21,6;95;94;95;61;2,2;,8;
2012-05-06;02:00;0;1003;1003;1002,3;-9999;22,2;21,4;22,5;22,2;21,8;21,4;96;95;95;103;1,7;,2;
2012-05-06;03:00;0;1003,6;1003,7;1003;-9999;22,1;21,3;22,2;21,9;21,4;21,2;96;95;96;321;1,6;,3;
2012-05-06;04:00;0;1003,2;1003,6;1003,2;-9999;21,6;20,9;22,1;21,6;21,3;20,8;96;95;96;12;,9;,3;
2012-05-06;05:00;0;1002,8;1003,2;1002,7;-9999;21,7;21;21,8;21,5;21,1;20,8;96;96;96;331;1,7;1,2;
2012-05-06;06:00;0;1002,3;1002,8;1002,2;-9999;21,8;21,1;21,8;21,4;21,1;20,7;96;96;96;325;1,7;,6;
2012-05-06;07:00;0;1002,2;1002,4;1002,2;-9999;21,5;20,8;21,8;21,5;21,2;20,7;96;96;96;10;1,7;,5;
2012-05-06;08:00;0;1002,1;1002,2;1002;-9999;21,6;21;21,6;21,4;21;20,7;96;96;96;16;1,8;,8;
2012-05-06;09:00;0;1002;1002,1;1002;-9999;21,6;20,9;21,7;21,5;21;20,8;96;96;96;354;1,8;,5;
2012-05-06;10:00;0;1002,4;1002,4;1002;-9999;21,5;20,9;21,7;21,4;21;20,7;96;96;96;40;1,1;,4;
2012-05-06;11:00;0;1003;1003;1002,3;56,5;21,8;21,1;21,9;21,4;21,2;20,7;96;96;96;69;,7;,4;
2012-05-06;12:00;0;1003,7;1003,7;1003;494,2;23,2;21,9;23,2;21,8;21,9;21,2;96;92;92;1;1,9;,9;
2012-05-06;13:00;0;1004,4;1004,4;1003,7;898,7;24,8;22,6;24,8;23,1;22,8;21,8;94;87;88;356;3;1;
2012-05-06;14:00;0;1004,7;1004,8;1004,4;1717,3;26,2;22,4;26,5;24,7;23,4;22,4;88;80;80;308;2,7;1;
2012-05-06;15:00;0;1004,5;1004,7;1004,5;2355,9;27,5;22,5;28,2;26,1;23,9;21,9;83;70;74;340;3,4;1,4;
2012-05-06;16:00;0;1003,7;1004,5;1003,7;3041,5;28,9;22,6;29,3;27,4;24;22;77;67;69;354;3,3;1;
2012-05-06;17:00;0;1002,2;1003,7;1002,2;3628,9;29,7;22,5;30,4;28,9;23,6;21,9;69;62;65;204;4;2;
2012-05-06;18:00;0;1000,7;1002,2;1000,7;2809,5;29,7;23;30,8;29,3;23,2;21,1;68;57;67;148;4,5;1,6;
2012-05-06;19:00;0;1000,3;1000,7;1000,3;2169,8;27,5;23,6;31;27,2;24,1;22,1;79;63;79;149;6,8;1,7;
2012-05-06;20:00;0;1000,6;1001;1000,3;394,2;24,7;22,6;27,9;24,7;24,3;22,4;89;77;88;124;6,5;1,3;
2012-05-06;21:00;,4;1000,1;1000,6;1000;185,6;23,6;21,8;24,7;23,6;22,7;21,6;92;87;90;164;4,6;1,3;
2012-05-06;22:00;0;1000,3;1000,3;999,9;155,9;23,7;22,1;23,9;23,6;22,3;21,6;92;88;91;199;2,7;,7;
2012-05-06;23:00;0;1001,4;1001,4;1000,3;11,4;22,9;21,9;23,7;22,8;22,2;21,8;94;90;94;7;1,4;,5;
2012-05-07;00:00;0;1002,1;1002,1;1001,4;-9999;22,5;21,6;23,1;22,5;22,2;21,6;95;94;95;140;,9;,4;
2012-05-07;01:00;0;1003,1;1003,1;1002,1;-9999;22,5;21,7;22,5;22,2;21,7;21,4;96;95;95;347;1,3;,1;
2012-05-07;02:00;0;1003,7;1003,7;1003,1;-9999;22,3;21,4;22,7;22,3;21,9;21,4;95;95;95;139;,9;,4;
2012-05-07;03:00;0;1003,6;1003,9;1003,6;-9999;22,1;21,4;22,3;22;21,4;21,2;96;95;96;58;1;,5;
2012-05-07;04:00;0;1003,3;1003,6;1003,3;-9999;21,9;21,2;22,1;21,9;21,4;21,1;96;95;96;29;1,5;,6;
2012-05-07;05:00;0;1002,8;1003,3;1002,8;-9999;22,2;21,6;22,2;21,9;21,6;21,2;96;96;96;120;1,6;,5;
2012-05-07;06:00;0;1002,2;1002,8;1002,2;-9999;22,3;21,6;22,4;22,2;21,8;21,5;96;96;96;129;1,4;,6;
2012-05-07;07:00;0;1001,6;1002,2;1001,6;-9999;22,5;21,8;22,6;22,2;21,9;21,5;96;96;96;151;1,3;,3;
2012-05-07;08:00;0;1001,5;1001,6;1001,5;-9999;22,3;21,5;22,5;22,2;21,8;21,5;96;96;96;264;1,3;,4;
2012-05-07;09:00;0;1001,7;1001,7;1001,3;-9999;22,9;22,1;22,9;22,3;22,1;21,6;96;95;95;225;1,5;,5;
2012-05-07;10:00;0;1002;1002;1001,6;-9999;22,6;21,8;22,9;22,6;22,1;21,8;95;95;95;117;1,6;,3;
2012-05-07;11:00;0;1002,8;1002,8;1002;25,9;22,6;21,9;22,6;22,4;21,9;21,7;96;95;96;127;1,5;,5;
2012-05-07;12:00;0;1003,6;1003,6;1002,8;259;22,8;22;22,9;22,5;22,2;21,8;96;95;95;222;1,7;1;
2012-05-07;13:00;0;1004,4;1004,4;1003,6;636,2;23,4;22,1;23,5;22,7;22,3;21,8;95;91;93;212;1,8;,9;
2012-05-07;14:00;0;1004,5;1004,5;1004,4;1131,7;25,1;22,2;25,2;23,4;22,9;21,8;94;84;84;124;2,1;,7;
2012-05-07;15:00;0;1004,1;1004,5;1004,1;1789,7;26,5;22,5;26,6;24,6;23,3;22;87;78;79;252;2,4;1;
2012-05-07;16:00;0;1003,9;1004,1;1003,9;2252,1;27,9;22,6;28,2;26,3;23,6;22,2;83;72;73;155;2,9;1;
2012-05-07;17:00;0;1003,1;1003,9;1003,1;2051,4;29,1;22,7;29,1;27,7;23,7;22,4;76;68;69;280;3,6;,7;
2012-05-07;18:00;0;1001,5;1003,1;1001,5;2518,5;29,8;22,6;30;28,5;23,8;22,1;74;64;65;245;3,6;1,1;
2012-05-07;19:00;0;999,8;1001,5;999,8;2745,2;30,5;21,7;31,1;29,7;23,1;21,4;67;57;59;171;4,6;1,3;
2012-05-07;20:00;0;998,3;999,8;998,3;2213,7;30,8;22,7;31,3;30,4;23,2;21,1;63;57;62;59;3,6;1;
2012-05-07;21:00;0;998,1;998,4;998,1;1355,2;30,1;22,4;31,1;30,1;23,4;21,5;67;58;63;111;4;,8;
2012-05-07;22:00;0;999,1;999,1;998;419;29,3;23,6;31,2;29,3;23,8;21,8;72;59;72;136;2,6;,4;
2012-05-07;23:00;0;1000;1000;999,1;43,8;26,5;23,3;29,3;26,5;23,8;22,8;83;72;83;245;1,1;,2;
2012-05-08;00:00;0;1000,9;1000,9;999,9;-9999;25,4;23,8;26,5;25,3;24,1;23;91;82;91;174;,8;,4;
2012-05-08;01:00;0;1002,3;1002,3;1000,9;-9999;25,4;23,9;25,4;25,1;24;23,7;93;91;92;73;1,6;,5;
2012-05-08;02:00;0;1003;1003;1002,3;-9999;25,3;24;25,4;25,1;24,1;23,7;93;91;92;163;1,9;,8;
2012-05-08;03:00;0;1003,1;1003,1;1003;-9999;24,8;23,7;25,4;24,8;24,1;23,6;94;92;94;72;1,9;,4;
2012-05-08;04:00;0;1002,9;1003,1;1002,9;-9999;24,2;23,3;24,8;24,2;23,8;23,3;95;94;94;118;,9;,3;
2012-05-08;05:00;0;1002,5;1002,9;1002,5;-9999;23,9;23;24,4;23,9;23,6;23;95;94;94;61;1,1;,4;
2012-05-08;06:00;0;1001,8;1002,5;1001,7;-9999;23,7;22,8;24,1;23,7;23,3;22,8;95;95;95;177;1,3;,2;
2012-05-08;07:00;0;1001,3;1001,8;1001,3;-9999;23,4;22,6;23,7;23,4;22,9;22,6;96;95;95;135;1,3;,9;
2012-05-08;08:00;0;1001,3;1001,4;1001,2;-9999;23,2;22,5;23,5;23,1;22,8;22,3;96;95;96;77;1,3;,7;
2012-05-08;09:00;0;1001,7;1001,7;1001,2;-9999;23;22,3;23,6;22,9;22,9;22,2;96;96;96;60;1;,8;
2012-05-08;10:00;0;1002,5;1002,5;1001,7;-9999;22,9;22,2;23,2;22,9;22,5;22,2;96;96;96;68;1;,2;
2012-05-08;11:00;0;1002,8;1002,8;1002,5;50;23;22,3;23;22,6;22,3;21,8;96;96;96;4;1;,5;
2012-05-08;12:00;0;1003,3;1003,3;1002,8;717,4;25,2;23,5;25,3;23;24;22,2;96;90;90;187;1,4;,8;
2012-05-08;13:00;0;1004,2;1004,2;1003,3;1452,1;27;23,3;27,5;25,1;24,3;23,2;91;79;80;54;2,4;1,1;
2012-05-08;14:00;0;1004,3;1004,3;1004,2;1258,7;27,9;23,3;27,9;26,8;24;22,9;83;75;76;182;2,7;,8;
2012-05-08;15:00;0;1003,8;1004,3;1003,8;1619,4;28,6;23,5;29,6;27,8;24,5;23,1;78;69;74;186;3,4;1,6;
2012-05-08;16:00;0;1003;1003,8;1003;2590,1;29,8;23,6;30,7;28,5;24,6;22,8;76;65;70;155;4;1,9;
2012-05-08;17:00;,8;1001,6;1003;1001,6;1993,5;28,7;25,4;30,9;26,3;25,7;22,3;91;62;82;70;6,5;1,6;
2012-05-08;18:00;0;1000,6;1001,6;1000,6;1807,6;27,6;22,9;29,2;27,1;25,7;22,9;83;75;76;359;4,4;2;
2012-05-08;19:00;0;1000,2;1000,6;1000;1329,4;27,5;23,6;28,8;27,1;24,3;22,5;81;73;80;81;4,3;1,4;
2012-05-08;20:00;0;999,1;1000,1;999,1;1117,6;27,5;23,6;28,3;27,4;24,3;23;82;74;79;331;5;2,3;
2012-05-08;21:00;0;999,2;999,6;999,1;771,4;26,4;23,4;28,4;26,3;24;22,9;84;75;84;312;5;1,7;
2012-05-08;22:00;0;1000,2;1000,2;999;188,2;26;22,4;26,4;26;23,4;22,2;84;79;80;321;4,3;1,4;
2012-05-08;23:00;11;1002,3;1002,3;1000,3;27,6;23,9;23;26;23,9;23;22,3;94;80;94;68;8,3;2,7;
2012-05-09;00:00;28,4;1002,7;1002,7;1002;-9999;23,1;22,4;23,9;23;23;22,3;96;94;96;242;8,3;,8;
2012-05-09;01:00;,4;1003,2;1003,3;1002,7;-9999;23,2;22,5;23,3;23;22,6;22,3;96;96;96;349;1,9;,5;
2012-05-09;02:00;0;1003,8;1003,8;1003,2;-9999;23,6;22,9;23,6;23,2;22,9;22,5;96;96;96;170;1,6;,6;
2012-05-09;03:00;0;1004,1;1004,2;1003,8;-9999;23,6;22,9;23,8;23,6;23,1;22,9;96;96;96;292;2,9;,5;
2012-05-09;04:00;0;1004,1;1004,1;1004;-9999;23,4;22,7;23,6;23,4;22,8;22,7;96;96;96;349;2;1;
2012-05-09;05:00;1,2;1003,7;1004,1;1003,7;-9999;23,4;22,7;23,5;23,4;22,9;22,7;96;96;96;360;2,4;,9;
2012-05-09;06:00;3,4;1003,3;1003,7;1003,3;-9999;23,1;22,5;23,4;23,1;22,7;22,4;96;96;96;84;2,4;,3;
2012-05-09;07:00;2,6;1002,7;1003,3;1002,7;-9999;23;22,3;23,2;22,9;22,5;22,2;96;96;96;303;1,4;,6;
2012-05-09;08:00;,2;1001,8;1002,7;1001,8;-9999;23,2;22,5;23,2;22,9;22,5;22,2;96;96;96;224;2,5;,8;
2012-05-09;09:00;0;1002,4;1002,4;1001,8;-9999;23,1;22,3;23,2;23;22,5;22,3;96;96;96;197;2,8;,8;
2012-05-09;10:00;,2;1002,6;1002,6;1002,3;-9999;22,7;22;23,1;22,7;22,3;22;96;95;96;115;2,7;,3;
2012-05-09;11:00;0;1003;1003;1002,6;19,7;22,8;22,2;22,9;22,7;22,2;21,9;96;96;96;100;1,5;,4;
2012-05-09;12:00;0;1003,7;1003,7;1003;588,1;24,6;23,3;24,8;22,8;23,8;22,2;96;91;92;93;1,8;,5;
2012-05-09;13:00;0;1004,3;1004,3;1003,7;1470,6;25,3;22,6;26,2;24,6;23,7;22,2;93;80;85;137;2,9;1,4;
2012-05-09;14:00;0;1004,5;1004,6;1004,3;1923,8;26,8;22,3;26,9;25,3;23,7;21,9;86;77;77;179;3;1,1;
2012-05-09;15:00;0;1004,5;1004,7;1004,5;1328,6;26,7;23,5;27,2;26,3;23,5;22,1;83;74;82;123;2,6;1;
2012-05-09;16:00;0;1003,6;1004,5;1003,6;2090,9;28;23;28,2;26,7;24,1;22,3;82;72;74;52;3,2;1,2;
2012-05-09;17:00;0;1002,2;1003,6;1002,2;2642,5;29;23,2;29,3;27,5;24,2;22,1;76;68;71;348;3,3;1,1;
2012-05-09;18:00;0;1000,8;1002,2;1000,8;2088,8;29,6;23,2;29,9;28,8;24,3;22,4;74;67;69;286;3,1;1;
2012-05-09;19:00;0;999,8;1000,8;999,8;1225;27,7;23,7;30,5;27,7;24,2;22,4;80;64;79;17;3,5;1,4;
2012-05-09;20:00;0;999,4;999,9;999,4;1457,4;28,1;23,4;29,2;26,3;24,2;22,4;84;71;76;95;6,6;1,7;
2012-05-09;21:00;0;998,8;999,4;998,3;1001,3;26,1;22,8;28,1;26,1;24,4;22,3;84;75;82;80;5,8;1,5;
2012-05-09;22:00;,6;999;999,4;998,8;100,3;24;22,9;26,1;24;22,9;22,5;93;82;93;28;5,8;,7;
2012-05-09;23:00;0;999,7;999,7;998,8;3,7;23,8;22,9;24,1;23,7;23,1;22,7;95;93;95;153;2,4;,9;
2012-05-10;00:00;0;1000,5;1000,5;999,7;-9999;23,4;22,6;23,8;23,4;22,9;22,6;95;95;95;46;1,7;1,1;
2012-05-10;01:00;0;1001,1;1001,1;1000,4;-9999;23,3;22,5;23,4;23,3;22,6;22,5;96;95;95;165;2,3;,5;
2012-05-10;02:00;0;1001,5;1001,5;1001,1;-9999;22,9;22,2;23,3;22,9;22,6;22,2;96;95;96;30;1,6;,6;
2012-05-10;03:00;,2;1001,4;1001,6;1001,4;-9999;22,6;21,9;22,9;22,6;22,2;21,9;96;96;96;86;1,3;,1;
2012-05-10;04:00;0;1001,5;1001,8;1001,4;-9999;22,4;21,7;22,6;22,3;21,9;21,7;96;96;96;69;1,3;,3;
2012-05-10;05:00;0;1001,5;1001,5;1001,4;-9999;22,2;21,5;22,4;22,1;21,7;21,4;96;96;96;260;1,2;,4;
2012-05-10;06:00;0;1001;1001,5;1001;-9999;21,9;21,3;22,2;21,8;21,5;21,1;96;96;96;342;1,5;,4;
2012-05-10;07:00;0;1000,3;1001;1000,3;-9999;22;21,3;22,1;21,9;21,4;21,3;96;96;96;16;2,4;,7;
2012-05-10;08:00;0;1000,2;1000,4;1000,2;-9999;21,9;21,2;22,1;21,9;21,4;21,2;96;96;96;6;1,4;,5;
2012-05-10;09:00;0;1000,4;1000,4;999,9;-9999;21,9;21,1;22;21,9;21,3;21,1;96;96;96;34;1,6;,6;
2012-05-10;10:00;0;1001;1001;1000,4;-9999;21,9;21,2;21,9;21,8;21,2;21,1;96;96;96;10;1,3;,6;
2012-05-10;11:00;0;1001,3;1001,3;1001;82,3;22,4;21,7;22,4;21,9;21,7;21,3;96;96;96;18;1,6;,5;
2012-05-10;12:00;0;1001,9;1001,9;1001,3;492,1;23,7;22,6;23,7;22,4;22,7;21,7;96;93;94;352;3,5;1,3;
2012-05-10;13:00;0;1002,4;1002,4;1001,9;966,8;25,9;23,3;25,9;23,7;23,7;22,6;94;86;86;311;4,1;1,2;
2012-05-10;14:00;0;1002,7;1002,7;1002,4;1664,9;26,6;23,2;26,9;25,3;23,6;22,6;88;79;82;323;4,3;1,7;
2012-05-10;15:00;0;1002,5;1002,7;1002,5;2235,6;28,5;22,9;28,5;26,6;24,3;22,3;82;72;72;10;4;1,5;
2012-05-10;16:00;0;1001,9;1002,5;1001,9;3437,6;29,5;23,6;29,7;28,1;24,4;22,6;75;69;71;357;4,3;1,3;
2012-05-10;17:00;0;1000,4;1001,9;1000,4;2612,5;29,3;23,1;30,4;29;24;22,2;71;64;69;308;3,7;,9;
2012-05-10;18:00;0;998,8;1000,4;998,8;2863;30,5;23;31,2;29,3;23,9;21,8;71;60;64;332;5,4;1;
2012-05-10;19:00;0;997,6;998,8;997,6;2812,2;30,2;22,6;31,6;30,2;24,4;22,6;68;61;64;248;4,1;1,3;
2012-05-10;20:00;0;997,2;997,6;997,2;2237,4;31,4;22,9;31,9;30,1;24,1;22,2;69;59;61;312;3,4;1,2;
2012-05-10;21:00;0;996,7;997,2;996,7;1326,4;31,5;22,9;31,7;30,6;23,8;22,4;67;58;61;316;3,6;,9;
2012-05-10;22:00;0;997,1;997,1;996,7;351,5;29,2;23,8;31,5;29,2;24,7;22,1;75;59;73;190;3,1;,3;
2012-05-10;23:00;0;998;998;997,1;50,7;26,4;23,8;29,2;26,4;24,9;23,5;86;72;86;44;5;1;
2012-05-11;00:00;0;998,7;998,7;998;-9999;26;23,8;26,4;25,9;24,1;23,6;88;85;87;174;3,1;,8;
2012-05-11;01:00;0;999,5;999,5;998,7;-9999;25,3;23,9;26;25,3;24;23,7;92;87;92;230;1,5;,5;
2012-05-11;02:00;0;1001,1;1001,1;999,5;-9999;25,2;23,9;25,4;25;24,1;23,7;93;92;92;234;2;,5;
2012-05-11;03:00;0;1001;1001,1;1000,8;-9999;24,8;23,7;25,3;24,7;24;23,6;94;91;94;214;1,6;1,1;
2012-05-11;04:00;0;1001;1001,2;1001;-9999;24,2;23,3;24,8;24,2;23,8;23,3;95;94;95;121;1,6;,5;
2012-05-11;05:00;0;1000,8;1001,1;1000,8;-9999;24,3;23,5;24,5;24;23,7;23,1;95;94;95;196;1,2;,2;
2012-05-11;06:00;0;1000,5;1000,9;1000,5;-9999;24,1;23,2;24,3;24,1;23,5;23,2;95;95;95;171;1,5;,7;
2012-05-11;07:00;0;999,9;1000,6;999,9;-9999;24,3;23,4;24,4;24;23,5;23,1;95;94;94;201;1,8;,8;
2012-05-11;08:00;0;999,9;1000;999,6;-9999;24,1;23,3;24,4;24,1;23,5;23,1;95;94;95;115;2;,5;
2012-05-11;09:00;20,2;1000,4;1000,6;999,9;-9999;23,4;22,7;24,2;23,4;23,3;22,7;96;95;96;353;4,3;,8;
2012-05-11;10:00;1,6;1001;1001;1000,2;-9999;23,1;22,4;23,4;23,1;22,6;22,3;96;95;96;27;1,7;1;
2012-05-11;11:00;2;1001,6;1001,6;1001;8,9;23,2;22,5;23,3;23;22,6;22,3;96;96;96;55;2,1;,5;
2012-05-11;12:00;1,2;1002,3;1002,3;1001,5;148,5;23,7;23;23,8;23,2;23;22,5;96;96;96;301;1,7;,8;
2012-05-11;13:00;0;1003;1003;1002,3;583,9;24,9;23,7;24,9;23,7;23,9;22,9;96;92;93;277;1,7;,4;
2012-05-11;14:00;0;1003,3;1003,3;1003;992,2;25,9;23,1;26,1;24,9;23,8;23;93;84;84;157;2,3;,6;
2012-05-11;15:00;0;1003,1;1003,3;1003,1;1357,4;27,1;23,6;27,4;25,9;24,4;23,1;87;80;81;305;1,6;,8;
2012-05-11;16:00;0;1002,2;1003,1;1002,2;1829,2;28,3;23,8;28,5;27;25;23,1;82;74;76;49;2;,7;
2012-05-11;17:00;0;1001;1002,2;1001;1933,5;28,9;24,3;29,2;28,2;24,8;23;79;71;76;359;2,5;1;
2012-05-11;18:00;0;999,4;1001;999,4;2457,7;29,6;23,4;30,2;28,8;24,9;23,3;79;68;69;51;3,5;1,6;
2012-05-11;19:00;0;998,2;999,4;998,2;2138,4;30,3;23,4;30,4;29,2;24,5;22,8;73;65;67;28;3,7;,9;
2012-05-11;20:00;0;997,6;998,2;997,6;1606;29,7;23,6;30,6;29,4;25,1;23;75;65;70;11;3,3;1,3;
2012-05-11;21:00;0;997,5;997,7;997,4;1212,6;29,3;24,4;30,7;29,3;24,6;23,3;76;68;75;306;2,8;,9;
2012-05-11;22:00;0;998,4;998,4;997,5;279,9;27,5;24,5;29,3;27,5;24,7;23,6;84;75;84;315;3,6;,9;
2012-05-11;23:00;19,8;1000,4;1000,4;998,4;53,5;23,3;22,4;27,5;22,9;24,7;21,5;95;84;95;90;9,5;2;
2012-05-12;00:00;3,8;999,6;1000,4;999,3;-9999;23,4;22,6;23,5;23,1;22,7;22,2;96;95;95;349;6,9;1,6;
2012-05-12;01:00;0;1000,9;1000,9;999,6;-9999;23,5;22,8;23,5;23,3;22,8;22,6;96;95;96;335;3,4;,8;
2012-05-12;02:00;0;1001,6;1001,6;1000,9;-9999;23,2;22,5;23,5;23,2;22,8;22,5;96;96;96;88;2,1;,5;
2012-05-12;03:00;0;1002,1;1002,1;1001,6;-9999;23,2;22,5;23,3;23,1;22,5;22,4;96;96;96;354;1,3;,6;
2012-05-12;04:00;0;1002,3;1002,5;1002,1;-9999;23;22,3;23,2;23;22,5;22,3;96;96;96;65;1,4;,7;
2012-05-12;05:00;0;1001,9;1002,3;1001,9;-9999;23;22,4;23,1;22,9;22,4;22,2;96;96;96;14;2;,9;
2012-05-12;06:00;0;1001,7;1002;1001,7;-9999;23,1;22,4;23,1;23;22,4;22,3;96;96;96;295;1,9;,4;
2012-05-12;07:00;0;1001,3;1001,7;1001,3;-9999;23;22,3;23,1;23;22,4;22,2;96;96;96;313;1,2;,3;
2012-05-12;08:00;0;1001,2;1001,4;1001,2;-9999;23,1;22,4;23,2;23;22,5;22,2;96;96;96;338;1;,6;
2012-05-12;09:00;0;1001,6;1001,6;1001,2;-9999;23,1;22,4;23,1;22,9;22,4;22,2;96;96;96;292;1,1;,2;
2012-05-12;10:00;0;1002;1002;1001,6;-9999;22,8;22,1;23,2;22,7;22,5;22;96;96;96;238;,9;,3;
2012-05-12;11:00;0;1002,5;1002,5;1002;49,8;23,4;22,7;23,5;22,8;22,7;22,1;96;96;96;265;,9;,4;
2012-05-12;12:00;0;1003,4;1003,4;1002,5;396,9;24,3;23,3;24,3;23,4;23,3;22,7;96;94;94;315;1,5;,3;
2012-05-12;13:00;0;1003,8;1003,8;1003,4;792,5;24,9;23,2;25,2;24,2;23,5;22,9;94;89;90;325;5;1,9;
2012-05-12;14:00;0;1004,3;1004,3;1003,8;1334;26,2;23,3;26,2;24,9;23,7;23;91;84;84;330;5,2;1,8;
2012-05-12;15:00;0;1004,1;1004,4;1004,1;1121,8;26,7;23,6;26,8;26;24;23,1;86;82;83;321;4;1,2;
2012-05-12;16:00;0;1003,2;1004,1;1003,2;1965,9;28,2;22,9;28,9;26,7;24,5;22,9;85;72;73;343;3,5;1,2;
2012-05-12;17:00;,4;1001,5;1003,2;1001,5;1929,3;28,4;23,8;28,4;27,2;24,7;22,2;84;71;76;215;3,1;1,7;
2012-05-12;18:00;0;1000,1;1001,5;1000,1;3014,4;30,1;21,9;30,3;28,3;24,7;21,9;77;62;62;220;3,1;1,6;
2012-05-12;19:00;0;999,1;1000,1;999,1;2776,7;31,2;23,2;31,3;29,9;24,3;21,4;69;59;63;244;3,8;1,1;
2012-05-12;20:00;6,6;999,9;1000,5;998,8;1472,1;22,1;21,1;31,5;21,8;23,8;19,7;94;59;94;78;15,8;3;
2012-05-12;21:00;2,4;999,6;1000;999,2;232,3;22,6;21,6;22,6;22,1;21,8;20,9;95;93;94;78;8,2;1,4;
2012-05-12;22:00;0;999,3;999,7;999,3;80,8;22,6;21,6;22,7;22,5;21,7;21,5;95;94;94;15;4;,9;
2012-05-12;23:00;0;1000,3;1000,3;999,3;2,4;22,7;21,7;22,7;22,5;21,8;21,5;95;94;94;285;1,9;,5;
2012-05-13;00:00;0;1000,7;1000,7;1000,3;-9999;22,6;21,7;22,8;22,6;21,9;21,6;95;94;95;247;1,3;,7;
2012-05-13;01:00;0;1001,1;1001,1;1000,7;-9999;22,8;21,9;22,8;22,5;21,9;21,6;95;94;95;213;1,9;,9;
2012-05-13;02:00;0;1001,8;1001,8;1001,1;-9999;22,8;21,9;22,8;22,5;22;21,5;95;94;95;205;1,9;,9;
2012-05-13;03:00;0;1002,3;1002,3;1001,8;-9999;22,6;21,7;22,8;22,6;22;21,6;95;94;95;311;1,5;,5;
2012-05-13;04:00;0;1002,4;1002,6;1002,3;-9999;22,5;21,7;22,7;22,5;21,8;21,6;95;94;95;214;1,2;,4;
2012-05-13;05:00;0;1001,9;1002,4;1001,9;-9999;22;21,3;22,6;22;21,7;21,2;96;95;96;96;1,5;,5;
2012-05-13;06:00;0;1001,5;1001,9;1001,5;-9999;22;21,3;22,1;21,8;21,4;21,1;96;96;96;14;1;,5;
2012-05-13;07:00;0;1001,2;1001,6;1001,2;-9999;21,9;21,2;22,1;21,9;21,5;21,2;96;96;96;349;1,8;,9;
2012-05-13;08:00;0;1000,6;1001,2;1000,6;-9999;21,7;21,1;21,9;21,7;21,2;21,1;96;96;96;50;2;,5;
2012-05-13;09:00;0;1000,5;1000,6;1000,4;-9999;21,6;21;21,8;21,6;21,1;20,9;96;96;96;294;1,1;,4;
2012-05-13;10:00;0;1001;1001;1000,5;-9999;21,6;20,9;21,7;21,5;21;20,9;96;96;96;36;1,6;,7;
2012-05-13;11:00;0;1001,7;1001,7;1001;34,2;21,6;21;21,6;21,4;21;20,8;96;96;96;341;1,6;,3;
2012-05-13;12:00;0;1002,4;1002,4;1001,7;349,4;22,2;21,5;22,3;21,6;21,6;21;96;96;96;62;1,4;,7;
2012-05-13;13:00;0;1003,3;1003,3;1002,4;865,6;23,6;22;23,8;22;22,5;21,4;96;90;90;139;2;,7;
2012-05-13;14:00;0;1003,6;1003,6;1003,3;1048,6;24,9;22,7;25,1;23,6;22,8;22;91;85;88;312;2,2;,7;
2012-05-13;15:00;0;1003,2;1003,7;1003,2;1446,9;26,1;22,3;26,6;24,8;22,9;22,1;88;77;80;273;2,2;,9;
2012-05-13;16:00;,2;1002,4;1003,2;1002,4;1785,9;27,1;23,1;27,6;26;23,5;22,1;82;75;78;205;3,1;1,1;
2012-05-13;17:00;0;1001,4;1002,4;1001,4;1366,7;27,6;23,6;27,8;26,6;23,7;22,7;82;76;79;232;4;2;
2012-05-13;18:00;0;1000,1;1001,4;1000,1;1504,3;28,4;23,7;28,8;27,5;24,5;22,7;79;72;76;248;4;1;
2012-05-13;19:00;0;998,4;1000,1;998,4;2156,6;28,6;22,2;30,2;27,8;24;21,7;80;64;68;337;3,4;1,6;
2012-05-13;20:00;,4;997,5;998,4;997,5;1475,9;28;23,9;29,2;26,7;25,5;22,1;90;67;79;166;4,4;1,3;
2012-05-13;21:00;0;997,2;997,5;997,2;1320,7;28,8;23,4;29,8;28;24,6;22,4;81;67;73;160;3,9;1;
2012-05-13;22:00;0;998;998;997,1;279,6;27,1;24,3;29,3;27,1;24,3;22,8;85;69;85;79;3,9;,5;
2012-05-13;23:00;0;999;999;997,9;10,5;26,2;23,6;27,1;26;24,7;23,6;91;85;85;75;5;2;
2012-05-14;00:00;1;999,4;999,4;998,5;-9999;24,4;23,3;26,3;24,4;23,8;23,2;94;85;94;14;5;,6;
2012-05-14;01:00;0;1000,1;1000,1;999,4;-9999;24,5;23,6;24,6;24,3;23,8;23,3;95;94;94;348;1,9;,7;
2012-05-14;02:00;0;1000;1000,1;1000;-9999;24,1;23,2;24,6;24,1;23,6;23,2;95;94;95;324;2,4;1,1;
2012-05-14;03:00;0;1000,4;1000,4;1000;-9999;23,8;22,8;24,1;23,8;23,2;22,8;95;93;94;32;2,4;,3;
2012-05-14;04:00;0;1000,5;1000,6;1000,4;-9999;23,8;22,9;23,9;23,7;23;22,8;95;94;95;235;1,2;,4;
2012-05-14;05:00;,2;1000,3;1000,6;1000,3;-9999;23,6;22,8;23,8;23,4;22,9;22,6;95;94;95;292;1,1;,4;
2012-05-14;06:00;0;1000;1000,3;1000;-9999;23,5;22,7;23,6;23,3;22,9;22,5;96;95;95;239;1,4;,4;
2012-05-14;07:00;0;999,6;1000;999,5;-9999;23,4;22,6;23,6;23,4;22,8;22,5;95;95;95;250;1,4;,3;
2012-05-14;08:00;0;999,6;999,7;999,5;-9999;22,9;22,2;23,4;22,9;22,6;22,2;96;95;96;66;,8;,3;
2012-05-14;09:00;0;999,7;999,8;999,6;-9999;23,2;22,5;23,2;22,9;22,5;22,2;96;96;96;263;1,3;,3;
2012-05-14;10:00;0;1000,2;1000,2;999,7;-9999;23,4;22,7;23,4;23,1;22,7;22,4;96;96;96;194;2,1;1;
2012-05-14;11:00;0;1001;1001;1000,2;28,6;23,5;22,8;23,6;23,4;22,9;22,6;96;96;96;103;2,1;,3;
2012-05-14;12:00;0;1002;1002;1001;243;24,3;23,4;24,3;23,5;23,4;22,8;96;95;95;31;1,1;,7;
2012-05-14;13:00;0;1002,7;1002,8;1002;428,9;25,2;23,3;25,3;24,3;23,8;23,3;95;89;89;216;1,5;,9;
2012-05-14;14:00;0;1003,1;1003,2;1002,7;964,4;26,6;23,3;26,8;25,2;23,9;22,9;90;81;82;88;1,8;,6;
2012-05-14;15:00;0;1002,7;1003,1;1002,6;1836,8;28,3;23,1;28,4;26,3;23,9;22,5;84;72;73;225;2,1;1;
2012-05-14;16:00;0;1002,1;1002,7;1002,1;2606,5;29,1;23,2;29,3;28,2;23,8;22,2;76;67;71;122;3,3;,7;
2012-05-14;17:00;0;1000,3;1002,1;1000,3;2418,1;30;22,9;30,2;28,9;23,9;22,5;73;66;66;258;2,2;1;
2012-05-14;18:00;,2;999,3;1000,3;999,3;1221,6;28,4;23,9;30;28,4;24,3;22,4;77;65;77;160;2,1;,8;
2012-05-14;19:00;,2;999,3;999,3;999;730,2;25,9;23,8;28,4;25,9;25;23,3;91;74;88;123;5,6;1,4;
2012-05-14;20:00;6,4;999,4;999,7;999,3;133,6;23,8;22,6;25,9;23,8;24;22,6;95;88;93;149;5;1,5;
2012-05-14;21:00;1,2;998,8;999,4;998,8;49;23,6;22,6;23,9;23,6;22,9;22,5;94;93;94;158;4,4;1;
2012-05-14;22:00;,2;999,1;999,1;998,7;56,3;23,7;22,8;23,8;23,6;22,9;22,6;95;94;95;213;1,7;,3;
2012-05-14;23:00;0;999,2;999,5;999,1;5,3;23,5;22,7;23,7;23,5;22,8;22,6;95;94;95;285;1,1;,4;
2012-05-15;00:00;0;1000,4;1000,4;999,2;-9999;23,4;22,6;23,6;23,3;22,8;22,5;96;95;95;32;1,2;,4;
2012-05-15;01:00;0;1001,7;1001,7;1000,4;-9999;23,4;22,6;23,4;23,2;22,7;22,4;95;95;95;259;1,5;,7;
2012-05-15;02:00;0;1001,7;1001,8;1001,5;-9999;23,1;22,4;23,4;23,1;22,6;22,3;95;95;95;317;1,2;,4;
2012-05-15;03:00;0;1002,2;1002,2;1001,7;-9999;23;22,3;23,1;23;22,3;22,2;96;95;96;126;1;,5;
2012-05-15;04:00;0;1002,1;1002,2;1002;-9999;23,1;22,4;23,2;23;22,5;22,3;96;96;96;281;,9;,3;
2012-05-15;05:00;0;1001,8;1002,2;1001,8;-9999;23,2;22,4;23,2;23,1;22,5;22,4;96;95;95;202;1,6;,8;
2012-05-15;06:00;0;1001,2;1001,8;1001,2;-9999;22,7;21,9;23,2;22,7;22,4;21,9;96;95;95;191;1,4;,2;
2012-05-15;07:00;0;1000,7;1001,2;1000,6;-9999;22,3;21,6;22,7;22,3;21,9;21,6;96;95;96;86;,8;,4;
2012-05-15;08:00;0;1000,3;1000,7;1000,3;-9999;22,4;21,7;22,5;22,3;21,8;21,6;96;96;96;204;1;,4;
2012-05-15;09:00;0;1000,7;1000,7;1000,2;-9999;22,2;21,5;22,5;22,2;21,8;21,5;96;96;96;140;1,3;,4;
2012-05-15;10:00;0;1001,3;1001,3;1000,7;-9999;22,4;21,7;22,4;22,1;21,8;21,4;96;96;96;75;,9;,4;
2012-05-15;11:00;0;1002,2;1002,2;1001,3;38,3;22,7;22;22,7;22,3;22;21,6;96;96;96;18;1,2;,5;
2012-05-15;12:00;0;1003,4;1003,4;1002,2;462,6;23,8;22,8;23,8;22,6;22,9;21,9;96;94;94;171;1,8;,5;
2012-05-15;13:00;0;1003,9;1003,9;1003,4;1107,8;25,3;22,6;25,6;23,8;23,2;22,4;94;84;85;272;2,3;,8;
2012-05-15;14:00;0;1004,1;1004,1;1003,9;1227,3;26,3;22,8;26,4;25,3;23,4;22,5;88;81;81;216;2,5;1,2;
2012-05-15;15:00;0;1003,8;1004,1;1003,8;1703,4;27,8;23,3;27,8;26,2;23,5;22,2;82;75;77;99;2,5;,9;
2012-05-15;16:00;0;1003,1;1003,8;1003,1;2439,7;27,9;23,4;29;27,1;24,2;22,6;79;71;77;324;2,6;,9;
2012-05-15;17:00;0;1001,5;1003,1;1001,5;2484,4;29,6;22,3;30,1;27,9;23,5;21,9;77;62;65;169;2,9;1,1;
2012-05-15;18:00;,2;1000;1001,5;1000;2024,3;29,2;22,1;29,7;27,6;24,5;22,1;82;64;66;53;3,6;1,4;
2012-05-15;19:00;0;998,9;1000;998,9;2813,3;29,9;23,5;31,1;28,7;24,5;22;76;63;69;196;5,9;2,2;
2012-05-15;20:00;0;998,7;998,9;998,5;2321;29,6;23,7;30,2;29,1;24;22,5;72;64;71;207;4,4;2,3;
2012-05-15;21:00;10,4;999,6;1000,1;998,7;412,8;23,9;22,9;30,1;23,5;24,2;21,6;95;68;94;184;11,5;,3;
2012-05-15;22:00;,2;999,2;999,6;998,8;19,7;23,7;22,9;24,1;23,7;23,2;22,8;95;94;95;40;2,3;,7;
2012-05-15;23:00;0;1000;1000;999,2;-9999;23,5;22,7;23,8;23,5;23,1;22,7;96;95;95;26;2,6;,6;
2012-05-16;00:00;0;1001,1;1001,1;1000;-9999;23,5;22,8;23,7;23,5;22,9;22,6;96;95;95;83;1,2;,3;
2012-05-16;01:00;0;1002,4;1002,4;1001,1;-9999;23,5;22,7;23,8;23,5;23;22,7;96;95;95;19;1;,4;
2012-05-16;02:00;0;1002,8;1002,9;1002,4;-9999;23,5;22,8;23,7;23,4;23;22,6;96;95;95;139;1;,5;
2012-05-16;03:00;0;1002,9;1003;1002,8;-9999;23,3;22,5;23,5;23,2;22,8;22,4;96;95;96;339;1,6;,6;
2012-05-16;04:00;0;1002,7;1002,9;1002,7;-9999;23,1;22,4;23,3;22,9;22,6;22,1;96;95;96;300;1,5;,3;
2012-05-16;05:00;0;1002,5;1002,7;1002,4;-9999;23,2;22,5;23,3;23;22,5;22,2;96;95;96;301;1,1;,4;
2012-05-16;06:00;0;1001,7;1002,5;1001,7;-9999;23,1;22,3;23,3;23;22,6;22,3;96;95;95;227;2,5;1;
2012-05-16;07:00;0;1001,4;1001,7;1001,3;-9999;22,8;22,1;23,2;22,8;22,4;22;96;95;96;92;2,5;,2;
2012-05-16;08:00;,2;1001,6;1001,6;1001,3;-9999;22,8;22,1;22,9;22,7;22,2;21,9;96;96;96;33;1,5;,8;
2012-05-16;09:00;0;1001,9;1001,9;1001,6;-9999;22,7;22;22,8;22,6;22,1;22;96;96;96;168;2,4;,6;
2012-05-16;10:00;0;1002,4;1002,4;1001,8;-9999;22,4;21,7;22,7;22,3;22;21,7;96;96;96;301;1,1;,6;
2012-05-16;11:00;0;1002,8;1002,8;1002,4;59;22,3;21,7;22,4;22,2;21,7;21,5;96;96;96;69;1;,4;
2012-05-16;12:00;0;1003,3;1003,3;1002,8;338,6;23,2;22,5;23,2;22,3;22,5;21,7;96;96;96;334;1,3;,7;
2012-05-16;13:00;0;1003,9;1003,9;1003,3;906,9;24,7;22,9;24,8;23,2;23,4;22,6;96;90;90;320;1,9;,8;
2012-05-16;14:00;0;1004;1004;1003,8;1319,8;26,2;22,9;26,4;24,7;23,7;22,8;92;81;82;290;2;,6;
2012-05-16;15:00;0;1003,8;1004,2;1003,8;1510,2;27,2;23;27,3;26,2;23,8;22,7;85;77;78;111;2,7;,7;
2012-05-16;16:00;0;1003;1003,8;1003;2909,3;28,6;23,6;29,7;27,2;24,7;22,4;78;67;74;170;4,2;2;
2012-05-16;17:00;0;1001,6;1003;1001,6;2739,9;29,5;23,5;30,7;28,6;24,5;23;75;66;70;172;4,2;1,8;
2012-05-16;18:00;0;1000,3;1001,6;1000,3;2205,5;28,5;23,5;30,7;28,5;24,7;22,6;78;62;74;57;5,2;2,2;
2012-05-16;19:00;0;999,3;1000,3;999,3;2357,1;29,1;23,7;30,9;28,6;25;22,8;75;65;73;169;5,1;2,1;
2012-05-16;20:00;0;998,1;999,3;998,1;1666,8;30,5;23;30,5;28,4;24,3;22,9;77;64;64;120;3,8;1;
2012-05-16;21:00;0;998,1;998,2;998;1435,4;30;23,5;30,9;29,9;24,1;22,5;70;62;69;169;3,7;1,3;
2012-05-16;22:00;0;998,3;998,3;998;361,5;28,3;24,2;30;28,3;24,6;23;78;66;78;149;2,6;,6;
2012-05-16;23:00;0;998,4;998,5;998,3;26,2;26,4;24,5;28,5;26,4;24,5;23,4;90;74;90;247;1,4;,3;
2012-05-17;00:00;0;999,3;999,3;998,4;-9999;25,4;24,3;26,4;25,3;24,7;24;94;90;94;223;1,6;,2;
2012-05-17;01:00;0;1000,8;1000,8;999,3;-9999;25,1;24,2;25,4;25;24,3;23,9;95;93;95;238;1,2;,4;
2012-05-17;02:00;0;1001,8;1001,8;1000,8;-9999;24,5;23,6;25,3;24,5;24,3;23,5;95;93;94;279;1,4;,3;
2012-05-17;03:00;0;1002,1;1002,2;1001,8;-9999;24,3;23,4;24,6;24,2;23,6;23,3;95;94;95;342;1;,4;
2012-05-17;04:00;0;1001,7;1002,1;1001,7;-9999;23,9;23,1;24,4;23,8;23,6;23;95;95;95;221;1,6;,3;
2012-05-17;05:00;0;1001,2;1001,8;1001,1;-9999;23,8;23,1;23,9;23,6;23,1;22,9;96;95;96;202;1;,3;
2012-05-17;06:00;0;1000,4;1001,2;1000,3;-9999;23,5;22,8;23,9;23,4;23,1;22,6;96;95;96;347;1,3;,4;
2012-05-17;07:00;0;1000,4;1000,4;1000,3;-9999;23,3;22,6;23,8;23,2;23,1;22,4;96;95;96;243;1,5;,5;
2012-05-17;08:00;0;1000,3;1000,4;1000,2;-9999;23,4;22,6;23,6;23,4;22,8;22,6;96;95;95;324;1,5;,6;
2012-05-17;09:00;0;1000,4;1000,5;1000,3;-9999;23,6;22,7;23,8;23,4;23,1;22,6;96;95;95;180;1,3;,3;
2012-05-17;10:00;0;1001,5;1001,5;1000,4;-9999;23,3;22,5;23,8;23,2;23;22,3;96;95;95;342;2,1;,6;
2012-05-17;11:00;0;1002;1002;1001,5;22,2;23,5;22,8;23,6;23,3;22,8;22,5;96;95;96;2;1,4;,6;
2012-05-17;12:00;0;1002,8;1002,8;1002;256,7;24,2;23,2;24,2;23,5;23,3;22,8;96;94;94;345;2,1;,9;
2012-05-17;13:00;7,4;1003,5;1003,7;1002,8;187,1;22,6;21,5;24,4;22,6;23,4;21,4;95;91;94;307;5,9;,8;
2012-05-17;14:00;0;1003,6;1003,6;1003,3;1097,6;25,9;23,2;25,9;22,6;23,3;21,5;94;84;85;110;1,8;,8;
2012-05-17;15:00;0;1003,9;1003,9;1003,6;2246,1;27,6;22,1;28;25,8;24;21,4;87;70;72;84;3,6;,8;
2012-05-17;16:00;0;1002,7;1003,9;1002,7;2509,5;28,1;22,7;29;27,1;23,5;21,5;76;68;72;48;2,7;1,2;
2012-05-17;17:00;0;1001,3;1002,7;1001,3;1627,9;29,3;23,3;29,3;27,6;23,4;22,2;77;68;70;5;2,7;,5;
2012-05-17;18:00;0;999,9;1001,3;999,9;1915,5;29,2;22,5;29,3;28,7;23,8;22,4;74;67;67;352;2,7;,7;
2012-05-17;19:00;0;998,3;999,9;998,3;2145,4;30,3;22,8;30,4;28,8;24,3;22;73;64;64;295;2,5;,9;
2012-05-17;20:00;0;997,6;998,3;997,6;1830,5;29,3;23,8;30,8;29,3;23,8;22,2;72;63;72;200;2,7;1,1;
2012-05-17;21:00;0;997,6;998,2;997,6;347,1;28,1;24;29,3;27,8;24,9;23,3;84;72;78;118;2,1;,5;
2012-05-17;22:00;0;997,9;997,9;997,5;359,3;28;24,7;28,7;28;24,7;23,7;82;76;82;276;1,7;,4;
2012-05-17;23:00;0;998,2;998,2;997,6;21,6;26,2;24,1;28;26,2;24,5;23,9;89;81;88;224;1,9;,7;
2012-05-18;00:00;0;999;999,2;998,2;-9999;25,5;24,2;26,2;25;24,3;23,8;93;88;93;266;1,4;,6;
2012-05-18;01:00;0;999,8;999,8;999;-9999;25,2;24,1;25,5;24,8;24,2;23,9;95;93;94;256;1,7;,4;
2012-05-18;02:00;0;1001,3;1001,3;999,8;-9999;24,6;23,7;25,1;24,5;24;23,6;95;94;95;92;1;,6;
2012-05-18;03:00;4,4;1001,3;1001,4;1001,2;-9999;24,8;23,9;25;24,6;24,1;23,7;95;94;95;207;1,6;,8;
2012-05-18;04:00;4,2;1001,3;1001,5;1001,3;-9999;24,6;23,8;24,8;24,5;24;23,7;96;95;95;211;2,3;1;
2012-05-18;05:00;0;1000,5;1001,3;1000,5;-9999;24,4;23,7;24,7;24,4;23,9;23,6;96;95;95;298;2,3;,5;
2012-05-18;06:00;,2;999,8;1000,6;999,8;-9999;24,3;23,6;24,6;24,1;23,8;23,3;96;95;96;334;1,6;,5;
2012-05-18;07:00;0;999,3;999,8;999,3;-9999;24,3;23,5;24,4;24,1;23,6;23,4;96;96;96;332;1,2;,5;
2012-05-18;08:00;0;999,3;999,3;999,1;-9999;24;23,3;24,3;24;23,5;23,3;96;96;96;79;1,3;,4;
2012-05-18;09:00;0;999,9;999,9;999,2;-9999;24,1;23,4;24,1;23,9;23,4;23,2;96;96;96;141;2;,7;
2012-05-18;10:00;4,8;1000,2;1000,3;999,9;-9999;24,1;23,3;24,2;24;23,4;23,3;96;96;96;203;2,3;1;
2012-05-18;11:00;,4;1000,8;1000,8;1000,2;10,1;23,8;23;24,2;23,7;23,4;22,7;96;93;95;114;2,9;,3;
2012-05-18;12:00;2,8;1002,5;1002,5;1000,8;104,8;22,4;21,4;23,9;22,4;23,1;21,2;95;91;94;123;9,1;1,1;
2012-05-18;13:00;1;1002,6;1002,7;1002,4;250,8;22,6;21,6;22,6;22,3;21,6;21,3;95;93;94;156;3;,5;
2012-05-18;14:00;,2;1003,2;1003,2;1002,6;742,4;23,5;22;23,5;22,6;22,2;21,4;95;90;91;71;3;1,5;
2012-05-18;15:00;0;1003,1;1003,3;1003,1;1378,8;25,5;23,1;25,5;23,5;23,3;21,8;93;86;86;122;3,6;1;
2012-05-18;16:00;0;1002,3;1003,1;1002,3;2388,2;26,6;23,1;26,9;25,5;23,7;22,2;87;77;81;104;5,3;1,5;
2012-05-18;17:00;0;1001,3;1002,3;1001,3;1794,3;27;22,9;27,1;26,4;23,8;22,6;85;77;78;95;5,1;1,3;
2012-05-18;18:00;0;1000,1;1001,3;1000,1;1532,6;27,6;24,1;27,8;26,8;24,2;22,7;82;77;81;112;4,3;1,1;
2012-05-18;19:00;0;998,9;1000,1;998,9;1180,9;27,7;23,7;27,7;27,2;24,2;23;83;76;79;79;3,5;,9;
2012-05-18;20:00;0;998,1;998,8;998,1;797;27,3;23,3;27,7;27,2;24,5;23,3;83;78;79;156;3,3;1,1;
2012-05-18;21:00;0;997,9;998,1;997,8;505;26,7;24,4;27,5;26,7;24,5;23,4;88;79;87;129;2,6;,6;
2012-05-18;22:00;0;998;998,3;997,9;135,7;25,6;23,7;26,7;25,6;24,3;23,6;90;85;89;112;2,9;,5;
2012-05-18;23:00;0;998,1;998,1;997,8;4,8;25,2;23,8;25,6;25,2;24;23,4;92;89;92;210;2,2;,3;
2012-05-19;00:00;0;998,8;998,8;998,1;-9999;24,2;23,3;25,2;24,2;23,8;23,2;95;92;95;29;1,3;,8;
2012-05-19;01:00;0;1000,2;1000,2;998,8;-9999;24,3;23,4;24,4;24,1;23,5;23,1;95;94;95;58;2,2;1,2;
2012-05-19;02:00;0;1000,2;1000,3;1000,1;-9999;24,1;23,1;24,4;24,1;23,5;23,1;95;94;94;184;2,6;,6;
2012-05-19;03:00;0;1000,2;1000,3;1000,2;-9999;23,7;22,9;24,1;23,7;23,1;22,9;95;94;95;220;1,2;,7;
2012-05-19;04:00;0;1000;1000,4;999,9;-9999;23,7;22,9;23,8;23,6;22,9;22,7;96;95;96;210;1,1;,5;
2012-05-19;05:00;0;1000,3;1000,3;999,9;-9999;23,7;23;23,7;23,5;23;22,7;96;95;96;149;,9;,3;
2012-05-19;06:00;0;1000;1000,4;1000;-9999;23,8;23;23,9;23,7;23,2;22,9;96;95;95;146;1,8;,7;
2012-05-19;07:00;0;999,8;1000;999,6;-9999;23,6;22,9;23,9;23,6;23;22,8;96;95;96;241;2,5;,4;
2012-05-19;08:00;0;999,9;1000;999,8;-9999;23,6;22,8;23,7;23,5;23;22,8;96;96;96;308;1,3;,5;
2012-05-19;09:00;0;1000,5;1000,5;999,9;-9999;23,3;22,6;23,6;23,3;22,8;22,6;96;96;96;21;1,6;,6;
2012-05-19;10:00;0;1000,6;1000,7;1000,5;-9999;23,3;22,6;23,5;23,3;22,8;22,6;96;96;96;279;1,4;,5;
2012-05-19;11:00;0;1000,8;1000,8;1000,5;55,4;23,4;22,7;23,4;23,2;22,7;22,5;96;96;96;282;1,7;,4;
2012-05-19;12:00;0;1002;1002;1000,8;409,1;24,1;23,2;24,1;23,3;23,2;22,7;96;94;95;4;2,3;1,2;
2012-05-19;13:00;0;1002,5;1002,5;1002;714,9;25,1;23;25,2;24,1;23,7;22,9;95;88;88;344;2,3;1;
2012-05-19;14:00;0;1002,4;1002,7;1002,4;1458,2;26,9;22,9;27,5;25,1;23,4;22,4;89;74;79;213;2,2;,8;
2012-05-19;15:00;0;1002,1;1002,5;1002,1;1927,9;28;23,5;28,4;26,7;23,7;22,4;80;72;77;147;3,1;,9;
2012-05-19;16:00;0;1001,7;1002,2;1001,7;2586,7;28,9;23,1;29,9;27,9;24,3;22,4;78;68;71;194;4,3;2;
2012-05-19;17:00;0;1000,3;1001,7;1000,3;3034,4;29;22,9;30,8;28,9;24;21,8;73;60;69;185;4,2;1,6;
2012-05-19;18:00;4,8;999,9;1000,9;999,9;471,8;24,4;22,8;29,3;24,2;24,1;22,6;93;69;90;110;6,1;1,3;
2012-05-19;19:00;,8;998,7;1000;998,7;426;24,5;22,9;24,6;24,2;23,4;22,8;94;90;91;181;3,9;,6;
2012-05-19;20:00;0;998,3;998,7;998,2;492,7;24,6;23;24,8;24,4;23,5;22,7;93;90;91;173;2,1;1,1;
2012-05-19;21:00;0;998,1;998,3;998,1;565,8;24,7;22,8;24,9;24,6;23,3;22,7;92;87;89;192;2,6;1,3;
2012-05-19;22:00;0;998;998,1;997,9;291,7;24,2;22,6;24,8;24,2;22,9;22,6;91;88;91;164;2,6;1,1;
2012-05-19;23:00;0;998,3;998,3;997,9;20,3;23,7;22,8;24,2;23,6;22,9;22,6;95;91;94;235;1,8;,4;
2012-05-20;00:00;0;999,3;999,3;998,3;-9999;23,5;22,6;23,8;23,4;22,9;22,5;95;94;95;39;1,5;,6;
2012-05-20;01:00;0;1000,5;1000,5;999,3;-9999;23,9;22,9;23,9;23,4;23;22,6;95;94;94;186;2;,8;
2012-05-20;02:00;0;1001,3;1001,3;1000,5;-9999;23,5;22,4;23,9;23,4;22,9;22,3;95;93;94;226;1,8;,9;
2012-05-20;03:00;0;1001,5;1001,5;1001,3;-9999;23,1;22,2;23,5;23,1;22,4;22,2;95;93;95;22;2,1;,2;
2012-05-20;04:00;0;1001,7;1001,9;1001,5;-9999;23,1;22,1;23,2;23,1;22,4;22,1;95;94;94;183;2,9;1,9;
2012-05-20;05:00;0;1001,5;1001,7;1001,4;-9999;22,8;22;23,1;22,8;22,1;22;95;94;95;3;3;1;
2012-05-20;06:00;0;1001;1001,5;1001;-9999;22,9;22,1;22,9;22,8;22,1;22;95;95;95;324;2,2;,4;
2012-05-20;07:00;0;1000,3;1001;1000,3;-9999;22,5;21,8;22,9;22,5;22,1;21,8;96;95;96;195;1,4;,6;
2012-05-20;08:00;0;1000,3;1000,4;1000,2;-9999;22,3;21,6;22,6;22,2;21,8;21,5;96;96;96;357;1,4;,7;
2012-05-20;09:00;0;1000,3;1000,4;1000,2;-9999;22;21,3;22,3;21,9;21,7;21,2;96;96;96;37;1,3;,8;
2012-05-20;10:00;0;1000,8;1000,8;1000,3;-9999;21,8;21,2;22,1;21,8;21,5;21,1;96;96;96;22;1,6;,7;
2012-05-20;11:00;0;1001;1001,1;1000,7;55;22,1;21,5;22,1;21,8;21,5;21,2;96;96;96;341;1,7;,6;
2012-05-20;12:00;0;1002;1002;1001;524,8;24,1;22,8;24,1;22,1;23;21,5;96;93;93;339;2,5;1;
2012-05-20;13:00;0;1002,6;1002,6;1002;1484,4;26,4;22,9;26,8;24,1;23,9;22,8;93;81;81;354;2,6;1,3;
2012-05-20;14:00;0;1003;1003,1;1002,6;2348,2;28,5;23,3;29,1;26,3;24,4;22,9;83;73;74;19;2,8;1,3;
2012-05-20;15:00;0;1003,1;1003,1;1002,9;2676,2;29,7;23,7;30,1;28,2;24,5;22,5;76;67;70;219;3,5;1,3;
2012-05-20;16:00;0;1002,3;1003,1;1002,3;2464,8;29,8;23,6;30,2;28,6;24,5;23,4;76;69;69;231;4;1,7;
2012-05-20;17:00;0;1000,9;1002,3;1000,9;2635,2;30,9;23,3;31;29,4;24,7;23,1;75;63;64;303;4,3;1,6;
2012-05-20;18:00;,6;999,3;1000,9;999,3;2784,7;29,8;24;31,5;28,7;25,9;22,5;84;60;71;197;3,4;1,1;
2012-05-20;19:00;0;998,2;999,3;998,2;2368,9;31;22,6;31;29,2;25,3;22,6;75;61;61;314;3,3;1,7;
2012-05-20;20:00;0;997,9;998,2;997,9;1377,5;29,5;23,4;31,5;28,6;23,8;21,7;73;57;70;50;4,1;1,6;
2012-05-20;21:00;0;998,9;998,9;997,8;1124,7;26;22,5;32;26;24,3;21,8;82;59;81;35;8,1;2,1;
2012-05-20;22:00;0;999,4;999,4;998,4;51,4;24,6;23;26;24,4;23;22,3;91;81;91;119;6;,7;
2012-05-20;23:00;0;1000,2;1000,2;999,2;-9999;24,5;23,1;24,7;24,3;23,2;22,9;93;90;92;67;2;,3;
2012-05-21;00:00;,6;1001,2;1001,2;1000,2;-9999;24,1;23,2;24,7;24,1;23,5;23;94;92;94;41;1,4;,5;
2012-05-21;01:00;0;1002,7;1002,7;1001,2;-9999;24,2;23,3;24,4;24,1;23,6;23,1;95;94;95;333;1,8;1;
2012-05-21;02:00;,2;1003;1003,1;1002,7;-9999;23,9;23,1;24,3;23,9;23,4;23;95;94;95;82;1,8;,5;
2012-05-21;03:00;0;1003,4;1003,4;1002,9;-9999;23,8;23;24;23,8;23,1;23;95;95;95;349;1;,3;
2012-05-21;04:00;0;1003,4;1003,7;1003,4;-9999;23,7;23;23,8;23,7;23,1;22,8;95;95;95;237;,9;,3;
2012-05-21;05:00;0;1003,1;1003,4;1003,1;-9999;24,1;23,4;24,2;23,7;23,4;22,9;96;95;96;246;2;,4;
2012-05-21;06:00;0;1002,3;1003,1;1002,3;-9999;23,8;23,1;24,2;23,8;23,4;23;96;95;95;274;1,3;,4;
2012-05-21;07:00;0;1001,7;1002,3;1001,6;-9999;23,7;22,9;23,9;23,7;23,1;22,9;96;95;95;298;1,3;,2;
2012-05-21;08:00;0;1001,5;1001,7;1001,5;-9999;23,5;22,7;23,9;23,5;23,1;22,7;96;95;95;347;1,7;,4;
2012-05-21;09:00;0;1001,6;1001,6;1001,3;-9999;23,3;22,6;23,6;23,3;22,8;22,6;96;95;96;334;1,1;,5;
2012-05-21;10:00;0;1002,1;1002,1;1001,6;-9999;23;22,3;23,4;23;22,7;22,3;96;95;96;38;1,2;,8;
2012-05-21;11:00;0;1002,6;1002,6;1002,1;44,9;23;22,3;23;22,9;22,3;22,2;96;96;96;30;1,8;,8;
2012-05-21;12:00;0;1003,8;1003,8;1002,6;372,7;24,1;23,2;24,1;23;23,2;22,3;96;94;95;33;2,1;,9;
2012-05-21;13:00;0;1004,3;1004,3;1003,8;837;25,6;23,6;25,6;24;23,6;22,8;95;88;89;336;2,1;,7;
2012-05-21;14:00;0;1004,5;1004,6;1004,3;1983,6;27,5;23,8;27,7;25,6;24,2;22,9;90;77;81;198;2,5;,8;
2012-05-21;15:00;0;1004,2;1004,5;1004,1;980,6;27,1;23,5;27,7;26,5;24,2;23,3;86;77;81;252;2,7;,7;
2012-05-21;16:00;0;1003,7;1004,2;1003,7;1712;28,5;23,4;28,5;27;24,3;23,2;82;74;74;228;2,2;,8;
2012-05-21;17:00;0;1002,6;1003,7;1002,6;2703,4;30,4;23;30,8;28,5;25;22,6;76;63;65;358;2,6;1,2;
2012-05-21;18:00;0;1001,3;1002,6;1001,3;2003,7;29,7;23,9;30,5;29,5;24,8;22,8;73;64;71;174;3;,9;
2012-05-21;19:00;0;999,8;1001,3;999,8;2029,7;30,8;23,8;31,5;29,6;24,6;23;72;62;66;213;3,3;1,6;
2012-05-21;20:00;3,8;999,5;1000;999,4;876,1;24,9;22,8;31;24,7;24,2;21;91;64;88;66;8,2;2,3;
2012-05-21;21:00;0;999,2;999,5;999,1;399,5;25,7;24;25,7;24,4;24;22,3;93;86;90;66;5,6;,4;
2012-05-21;22:00;0;999,6;999,7;999,2;280,7;25,9;23,6;26,1;25,7;24,6;23,6;92;88;88;33;2,2;1;
2012-05-21;23:00;0;1000,2;1000,3;999,6;39,9;24,5;23,3;25,9;24,5;23,7;23,1;93;86;93;294;2,2;,3;
2012-05-22;00:00;0;1001,1;1001,1;1000,2;-9999;23,5;21,8;24,5;23,5;23,4;21,8;93;89;90;335;2,6;1;
2012-05-22;01:00;0;1001,6;1001,6;1001,1;-9999;22,7;21,7;23,5;22,7;22,2;21,7;95;90;94;11;2,2;1,1;
2012-05-22;02:00;0;1002,2;1002,2;1001,6;-9999;22,6;21,7;23;22,6;21,9;21,6;95;93;95;360;1,8;,7;
2012-05-22;03:00;0;1002,5;1002,6;1002,2;-9999;22,3;21,5;22,9;22,3;22;21,5;95;94;95;65;1,7;,6;
2012-05-22;04:00;0;1002,7;1002,8;1002,5;-9999;22,4;21,7;22,5;22,2;21,8;21,5;96;95;96;239;,8;,2;
2012-05-22;05:00;0;1002,7;1002,9;1002,6;-9999;22,2;21,5;22,4;22,1;21,7;21,3;96;95;96;170;1;,5;
2012-05-22;06:00;0;1002,4;1002,7;1002,4;-9999;22,4;21,7;22,7;22,2;22;21,4;96;95;96;314;1,6;,3;
2012-05-22;07:00;0;1002,1;1002,4;1002,1;-9999;22;21,3;22,5;22;21,8;21,2;96;95;96;38;,7;,2;
2012-05-22;08:00;0;1001,9;1002,1;1001,9;-9999;21,6;20,9;22;21,5;21,2;20,8;96;96;96;357;1,1;,6;
2012-05-22;09:00;0;1002,1;1002,1;1001,8;-9999;21,6;21;21,6;21,4;21;20,7;96;96;96;313;1,4;,5;
2012-05-22;10:00;0;1002,7;1002,7;1002,1;-9999;22,2;21,6;22,2;21,6;21,6;21;96;96;96;329;1,9;,9;
2012-05-22;11:00;,2;1003,6;1003,6;1002,7;77;22,4;21,8;22,5;21,9;21,9;21,3;96;96;96;338;1,7;,4;
2012-05-22;12:00;0;1004,7;1004,7;1003,6;341,2;23,5;22,9;23,5;22,4;22,9;21,8;96;96;96;28;1,5;,8;
2012-05-22;13:00;0;1005,2;1005,2;1004,7;458,8;24,5;23,5;24,5;23,3;23,5;22,7;96;94;94;341;1,5;,5;
2012-05-22;14:00;0;1004,9;1005,2;1004,9;604,3;25,2;23,4;25,3;24,4;23,7;23,1;94;88;90;336;2,1;1,1;
2012-05-22;15:00;0;1004,6;1005;1004,6;1884,6;27,6;23,7;27,8;25,2;24,2;23;90;77;79;299;3,1;1,1;
2012-05-22;16:00;0;1003,7;1004,6;1003,7;1817,4;28,6;23,7;28,7;26,9;24,2;23,2;84;74;75;255;3;1,2;
2012-05-22;17:00;0;1002,8;1003,7;1002,8;1803,3;28,2;24,2;29,4;27,7;24,3;23;80;70;79;194;3,7;2,1;
2012-05-22;18:00;0;1001,7;1002,8;1001,6;2183,3;28,3;23,6;29,3;28,2;24,7;23,5;79;72;76;209;3,9;2,1;
2012-05-22;19:00;0;1000,3;1001,7;1000,3;1827,4;29,2;22,9;29,7;28,2;24,5;22,9;79;68;69;210;3,7;,9;
2012-05-22;20:00;0;999,5;1000,3;999,5;1889,2;30;22,8;31;29;24,5;22,5;74;63;65;164;2,9;1,3;
2012-05-22;21:00;0;999,7;999,8;999,5;767,8;29,7;23,8;30;29,5;24,8;22,3;75;64;71;96;2,8;,6;
2012-05-22;22:00;0;999,8;1000;999,5;358,7;27,5;24,9;29,7;27,5;25;24;86;70;86;61;2,6;1,4;
2012-05-22;23:00;0;999,9;999,9;999,6;30,5;26,2;24,7;27,6;26,1;24,8;24,2;91;83;91;220;2,6;,2;
2012-05-23;00:00;0;1001,2;1001,2;999,9;-9999;25,4;24,2;26,3;25,4;24,7;24,1;93;90;93;57;1,4;,5;
2012-05-23;01:00;0;1002;1002;1001,2;-9999;25,5;24,4;25,5;25,2;24,5;24,2;95;93;94;193;1,4;,7;
2012-05-23;02:00;0;1002,9;1002,9;1002;-9999;25;24;25,5;25;24,4;24;94;93;94;138;1,4;,2;
2012-05-23;03:00;0;1003,4;1003,5;1002,9;-9999;24,5;23,6;25;24,5;24;23,6;95;94;95;96;,9;,4;
2012-05-23;04:00;0;1003;1003,4;1003;-9999;23,9;23;24,5;23,9;23,6;23;95;95;95;15;1,1;,4;
2012-05-23;05:00;0;1002,5;1003;1002,5;-9999;23,5;22,7;24;23,5;23,2;22,7;95;95;95;63;1;,3;
2012-05-23;06:00;0;1002,2;1002,5;1002,2;-9999;23,3;22,6;23,5;23,2;22,8;22,5;96;95;96;139;,8;,6;
2012-05-23;07:00;0;1001,7;1002,2;1001,7;-9999;23,7;23;23,7;23,3;23;22,6;96;96;96;204;1,5;,5;
2012-05-23;08:00;0;1001,6;1001,8;1001,5;-9999;23,6;22,8;23,8;23,4;23;22,6;96;95;95;8;1,6;,7;
2012-05-23;09:00;0;1001,6;1001,7;1001,4;-9999;23,4;22,6;23,7;23,4;22,9;22,6;95;95;95;216;1,6;,5;
2012-05-23;10:00;0;1001,8;1001,8;1001,6;-9999;22,8;22,1;23,4;22,8;22,6;22;95;95;95;14;1,3;,2;
2012-05-23;11:00;0;1002,5;1002,5;1001,8;30,8;23,2;22,3;23,3;22,7;22,5;22;96;95;95;185;1,9;1;
2012-05-23;12:00;0;1003,8;1003,8;1002,5;291,2;24,1;23,1;24,1;23;23,1;22,2;95;94;95;89;4;,5;
2012-05-23;13:00;0;1004,9;1004,9;1003,8;292,6;24;22,7;24,2;23,8;23,2;22,5;95;92;92;53;5,2;1,6;
2012-05-23;14:00;,4;1005,1;1005,3;1004,9;569,3;24,5;22,8;24,7;24;23,2;22,3;93;88;90;38;3,6;,6;
2012-05-23;15:00;0;1004,9;1005,3;1004,9;877,5;25,5;23;25,6;24,5;23,5;22,4;92;84;86;69;1,6;,5;
2012-05-23;16:00;0;1004,3;1005;1004,2;1598,2;26,8;22,9;27,2;25,5;24;22,6;88;78;79;11;2,6;,6;
2012-05-23;17:00;0;1003,4;1004,3;1003,4;1921,8;28,3;23,9;28,5;26,7;24,3;22,5;82;72;77;331;2,5;,6;
2012-05-23;18:00;0;1002,3;1003,4;1002,3;2225,9;28,7;23,2;29,3;28,3;24,1;22,7;77;70;72;39;2,3;1,1;
2012-05-23;19:00;0;1001;1002,3;1001;2170,4;29,7;23,5;29,7;28,5;24,1;21,9;75;66;69;50;2,8;,8;
2012-05-23;20:00;0;1000;1001;999,9;1432,8;28,8;23,8;30,1;28,5;24,2;22,3;75;65;74;20;3,3;1,1;
2012-05-23;21:00;0;1000;1000;999,7;963,2;28,7;22,5;29,3;28,3;24;22,5;77;69;69;21;2,4;,6;
2012-05-23;22:00;0;1000;1000;999,8;346,7;27,1;24;29,4;27,1;24,7;22,9;83;69;83;357;1,3;,6;
2012-05-23;23:00;0;1000,6;1000,6;1000;28,2;25,9;23,6;27,1;25,7;24,2;23,6;90;82;87;15;2,5;1;
2012-05-24;00:00;0;1001,3;1001,3;1000,5;-9999;24,9;23,6;25,9;24,9;24;23,5;93;87;92;337;1,8;,5;
2012-05-24;01:00;0;1002,4;1002,4;1001,3;-9999;24,8;23,4;25,2;24,8;23,7;23,4;92;91;92;282;2,6;,1;
2012-05-24;02:00;0;1003,6;1003,6;1002,4;-9999;24,3;23,4;24,8;24,1;23,4;23,1;95;92;95;316;1;,5;
2012-05-24;03:00;0;1003,7;1003,8;1003,6;-9999;24;23,1;24,3;23,8;23,5;22,9;95;94;95;333;1,8;,4;
2012-05-24;04:00;0;1003,9;1004;1003,7;-9999;23,6;22,8;24;23,4;23;22,6;95;94;95;14;1,2;,4;
2012-05-24;05:00;0;1003,4;1003,9;1003,4;-9999;23,4;22,6;23,7;23,2;22,9;22,4;96;95;95;21;1,6;,6;
2012-05-24;06:00;0;1002,8;1003,4;1002,8;-9999;22,9;22,1;23,4;22,9;22,6;22;96;95;95;282;1,2;,3;
2012-05-24;07:00;0;1002,5;1002,8;1002,5;-9999;22,5;21,8;22,9;22,4;22,2;21,7;96;95;96;214;1,4;,8;
2012-05-24;08:00;0;1002,4;1002,6;1002,4;-9999;22,9;22,2;23;22,5;22,3;21,8;96;96;96;183;1,4;,3;
2012-05-24;09:00;0;1002,5;1002,5;1002,2;-9999;22,7;22,1;23;22,7;22,3;22,1;96;96;96;79;,8;,3;
2012-05-24;10:00;0;1002,6;1002,6;1002,4;-9999;22,8;22,1;23;22,7;22,4;22,1;96;96;96;33;1,2;,6;
2012-05-24;11:00;,2;1003;1003;1002,6;47;22,9;22,2;22,9;22,7;22,2;22,1;96;96;96;324;1,2;,3;
2012-05-24;12:00;0;1004,2;1004,2;1003;461,7;23,7;22,9;24,2;22,9;23,4;22,2;96;95;95;338;2,4;,9;
2012-05-24;13:00;0;1004,4;1004,5;1004,2;1212,4;25,4;23,2;25,5;23,7;23,8;22,9;95;87;88;328;2,2;1,3;
2012-05-24;14:00;0;1004,8;1004,8;1004,4;2343,8;27,9;23,4;28;25,4;24,2;23;89;75;76;17;3;1,4;
2012-05-24;15:00;0;1004,5;1004,8;1004,5;2992,2;29,5;23,5;30,4;27,9;24,3;22,7;79;65;70;51;3,1;1,2;
2012-05-24;16:00;0;1003,8;1004,5;1003,8;2555;29,4;23,3;31,7;29;24;22,3;71;60;70;210;2,9;1,3;
2012-05-24;17:00;0;1003;1003,8;1003;2262;30,9;23,2;30,9;29,3;24;22,8;73;63;64;280;2,9;,9;
2012-05-24;18:00;0;1001,2;1003;1001,2;2866,8;31,7;21,9;32,1;30,7;23,6;21,9;65;55;56;3;2,7;,5;
2012-05-24;19:00;0;1000;1001,2;1000;1554,8;31,9;23,5;32,1;30,5;24,8;22,1;71;56;61;253;2,4;1,3;
2012-05-24;20:00;0;999,1;1000;999,1;1402,1;29,7;24,1;32,9;29,7;24,4;21,9;72;54;72;157;3,5;,8;
2012-05-24;21:00;0;999,5;999,6;998,9;1340,7;31,8;22,5;32,8;29,7;24,5;21,8;72;54;58;214;3,2;1,8;
2012-05-24;22:00;2;1001;1001;999,5;334,8;24,9;23;31,8;24,9;23,7;21,4;91;58;89;170;9,6;3,8;
2012-05-24;23:00;5;1001,4;1001,4;1000,8;-9999;23,6;22,7;24,9;23,6;23;22,5;95;89;95;31;9,6;1,1;
2012-05-25;00:00;0;1001,9;1001,9;1001,4;-9999;23,6;22,7;23,9;23,6;23;22,6;95;94;95;10;2,9;,6;
2012-05-25;01:00;0;1002,8;1002,8;1001,8;-9999;23,3;22,5;23,8;23,3;23;22,5;95;94;95;58;1,6;,9;
2012-05-25;02:00;0;1002,9;1003;1002,8;-9999;23,6;22,7;23,6;23,3;22,8;22,5;95;95;95;203;1,6;,6;
2012-05-25;03:00;0;1003,8;1003,8;1002,9;-9999;23,2;22,5;23,6;23;22,8;22,2;96;95;96;40;2,3;,7;
2012-05-25;04:00;0;1004,1;1004,2;1003,8;-9999;23,3;22,4;23,4;23,1;22,6;22,3;96;95;95;289;1,9;,5;
2012-05-25;05:00;0;1003,7;1004,2;1003,7;-9999;23,1;22,3;23,3;23,1;22,5;22,3;95;95;95;108;1,6;,3;
2012-05-25;06:00;,2;1002,4;1003,7;1002,4;-9999;22,8;22,1;23,2;22,8;22,5;22,1;96;95;96;339;1,1;,5;
2012-05-25;07:00;0;1002,3;1002,4;1002;-9999;22,6;21,9;22,9;22,5;22,2;21,7;96;96;96;45;2,2;,9;
2012-05-25;08:00;0;1002;1002,3;1002;-9999;22,7;22;22,7;22,5;22,1;21,8;96;96;96;151;2;,4;
2012-05-25;09:00;0;1002,7;1002,7;1002;-9999;22,8;22,1;22,8;22,7;22,1;22;96;96;96;110;1,3;,4;
2012-05-25;10:00;0;1003;1003,1;1002,7;-9999;22,7;22;23;22,7;22,3;22;96;96;96;26;2,3;,6;
2012-05-25;11:00;0;1003,4;1003,5;1003;39,1;22,9;22,2;22,9;22,6;22,2;21,9;96;96;96;237;1,3;,4;
2012-05-25;12:00;0;1004,5;1004,5;1003,4;365,8;23,1;22,4;23,1;22,7;22,4;22;96;96;96;17;1,7;,4;
2012-05-25;13:00;0;1004,9;1004,9;1004,5;1257,7;25,8;22,7;26,2;23,1;23,4;22,2;96;82;83;33;2,3;,9;
2012-05-25;14:00;0;1005,1;1005,1;1004,9;2335;27,2;22,4;27,7;25,8;23,9;22,4;84;74;75;49;2,5;1;
2012-05-25;15:00;0;1005,2;1005,5;1005,1;2116,8;27,9;23,4;28,3;26,9;24,2;22,3;80;74;76;212;3,5;1,9;
2012-05-25;16:00;0;1004,7;1005,2;1004,7;3109,6;29,7;23;29,9;27,8;24;21,6;78;63;67;210;3,5;1,3;
2012-05-25;17:00;0;1003,5;1004,7;1003,5;3231;30,7;21;31,1;29,2;23,5;20,9;69;56;56;247;3,4;1,5;
2012-05-25;18:00;0;1001,8;1003,5;1001,8;3028;31,2;22,2;31,4;30,2;22,7;20,9;62;56;59;214;4,2;1,4;
2012-05-25;19:00;0;1000,2;1001,8;1000,2;2818,8;31,4;21;32,3;31;22,9;21;60;53;54;237;3,3;1,6;
2012-05-25;20:00;0;999,2;1000,2;999,2;1893,9;30,2;23,2;32,3;30,2;23,2;20,1;66;50;66;315;3,3;,6;
2012-05-25;21:00;0;999;999,3;999;1239,7;30,9;22,6;31,3;28,7;23,7;22;73;60;61;27;2,9;1;
2012-05-25;22:00;0;999,2;999,2;998,8;184,6;27,8;23,7;30,9;27,8;24,6;22,4;82;61;79;64;1,9;,9;
2012-05-25;23:00;0;999,9;999,9;999,2;13,7;26,1;24,1;27,8;26;24,7;23,7;91;79;89;74;1,9;,6;
2012-05-26;00:00;0;1000,1;1000,1;999,8;-9999;25,6;23,9;26,1;25,4;24,2;23,8;92;88;90;307;1,7;,4;
2012-05-26;01:00;0;1000,7;1000,8;1000,1;-9999;24,7;23,6;25,6;24,5;24,1;23,4;94;90;94;3;2;1,1;
2012-05-26;02:00;0;1001,5;1001,5;1000,7;-9999;24,4;23,5;25;24,3;23,7;23,3;94;92;94;158;2;,7;
2012-05-26;03:00;0;1002,6;1002,6;1001,5;-9999;24,3;23,3;24,5;23,9;23,6;22,9;95;94;94;307;1,3;,4;
2012-05-26;04:00;0;1002,8;1002,8;1002,6;-9999;24,2;23,5;24,3;23,7;23,5;22,7;95;94;95;154;2,5;,3;
2012-05-26;05:00;0;1002,6;1002,8;1002,6;-9999;23,5;22,6;24,2;23,5;23,4;22,6;95;94;94;-9999;1,2;,3;
2012-05-26;06:00;0;1002;1002,6;1002;-9999;23,6;22,8;23,7;23,3;22,9;22,5;96;94;95;305;1,4;,4;
2012-05-26;07:00;0;1001,4;1002;1001,4;-9999;23,6;22,9;23,7;23,2;23;22,4;96;95;95;315;2,1;,7;
2012-05-26;08:00;0;1001,4;1001,4;1001,3;-9999;23;22,3;23,6;23;22,8;22,3;96;95;95;15;1,9;,7;
2012-05-26;09:00;0;1001,6;1001,6;1001,3;-9999;23,1;22,3;23,3;23;22,5;22,3;96;95;96;59;2,1;,4;
2012-05-26;10:00;0;1002,4;1002,4;1001,6;-9999;23;22,3;23,2;22,9;22,5;22,2;96;96;96;69;1,3;,7;
2012-05-26;11:00;0;1002,8;1002,9;1002,4;86,7;23,3;22,6;23,4;22,9;22,7;22,2;96;96;96;51;1,2;,8;
2012-05-26;12:00;0;1003,7;1003,7;1002,8;305,1;24,4;23,4;24,5;23,3;23,6;22,6;96;94;94;70;1,5;,7;
2012-05-26;13:00;0;1004,6;1004,6;1003,7;960,2;25,8;23,1;26,7;24,4;24,4;23,1;95;83;85;269;2;,8;
2012-05-26;14:00;0;1004,9;1004,9;1004,6;1601,2;28,8;23,9;29;25,8;24,8;23,2;87;73;75;70;2,7;1,2;
2012-05-26;15:00;0;1004,3;1004,9;1004,3;2621,4;29;22,2;30,1;28,2;25;22,2;78;65;67;81;3,4;1;
2012-05-26;16:00;0;1003,4;1004,3;1003,4;1902,7;30,1;23,7;30,3;28,2;24,5;22;78;67;68;223;3,4;1,1;
2012-05-26;17:00;0;1002,3;1003,4;1002,3;2798,5;30,5;22,3;31,1;29,7;24,5;22,2;71;61;62;251;3,2;,9;
2012-05-26;18:00;0;1000,7;1002,3;1000,7;2265,1;29,9;23,9;31;29,8;24,4;21,9;71;60;70;263;4,4;1,4;
2012-05-26;19:00;,4;1000;1000,7;999,9;1277,9;28;24,7;29,9;27,9;25;23,4;84;68;82;296;4,2;1,1;
2012-05-26;20:00;,2;999,9;1000,1;999,6;868,7;28,6;25,3;28,7;27,8;25,3;23,7;85;77;83;103;3,4;,5;
2012-05-26;21:00;0;1000,1;1000,1;999,5;698,8;27,9;24,8;28,6;27,9;25,8;24,1;85;78;83;124;2;,7;
2012-05-26;22:00;0;1001;1001,1;1000,1;186,7;25,4;23,5;27,9;25,4;25,3;23,5;90;83;89;81;5,3;1,2;
2012-05-26;23:00;1;1000,6;1001;1000,4;8;24;23;25,4;24;23,6;22,6;94;88;94;122;5,3;,6;
2012-05-27;00:00;1;1000,8;1000,8;1000,5;-9999;23,6;22,5;24;23,5;23;22,5;95;93;94;193;3,3;,9;
2012-05-27;01:00;0;1001,8;1001,8;1000,8;-9999;23,4;22,4;23,6;23,2;22,5;22,3;95;93;95;354;2;,6;
2012-05-27;02:00;0;1003,3;1003,3;1001,8;-9999;23,6;22,7;23,6;23,3;22,7;22,4;95;95;95;259;1,4;,4;
2012-05-27;03:00;,2;1002,9;1003,7;1002,9;-9999;23,3;22,4;23,6;23,3;22,7;22,4;95;94;94;281;1,9;,8;
2012-05-27;04:00;0;1002,8;1002,9;1002,7;-9999;22,8;22;23,4;22,8;22,4;21,9;95;93;95;132;2,5;,4;
2012-05-27;05:00;0;1002,3;1002,8;1002,3;-9999;22,3;21,5;22,9;22,3;22,1;21,5;96;95;95;62;2,1;,5;
2012-05-27;06:00;0;1001,5;1002,3;1001,5;-9999;22,1;21,3;22,3;22,1;21,5;21,3;95;95;95;43;2,6;,7;
2012-05-27;07:00;0;1001,3;1001,6;1001,3;-9999;21,7;21;22,1;21,7;21,3;20,9;96;95;95;52;2,5;1,1;
2012-05-27;08:00;0;1001,6;1001,6;1001,2;-9999;21,5;20,8;21,8;21,5;21;20,8;96;95;96;31;1,7;,4;
2012-05-27;09:00;0;1001,5;1001,7;1001,5;-9999;21,3;20,6;21,5;21,2;20,8;20,5;96;96;96;78;2;,8;
2012-05-27;10:00;0;1001,8;1001,8;1001,4;-9999;21,3;20,6;21,5;21,3;20,8;20,6;96;96;96;93;2;,4;
2012-05-27;11:00;0;1001,9;1001,9;1001,7;36,6;21,4;20,7;21,4;21,1;20,7;20,5;96;96;96;349;1,9;1;
2012-05-27;12:00;0;1002,8;1002,9;1001,9;593;23,3;22;23,4;21,4;22,1;20,7;96;91;93;161;2;,9;
2012-05-27;13:00;0;1003,4;1003,4;1002,8;1472,5;25,9;23,4;25,9;23,3;23,4;21,7;93;83;86;137;2,1;,9;
2012-05-27;14:00;0;1004,1;1004,1;1003,4;2071,9;27,3;23;27,6;25,9;23,8;22;86;73;77;71;3,2;1,5;
2012-05-27;15:00;0;1004,2;1004,5;1004,1;2474,3;29,6;24;29,6;27,3;24,3;22,5;80;69;72;71;3,7;1,1;
2012-05-27;16:00;0;1003,3;1004,2;1003,3;2803,7;30,2;23,4;30,3;29,1;24,9;22,6;74;66;67;61;3,9;1,4;
2012-05-27;17:00;0;1002;1003,3;1002;3153,7;31,4;22,5;31,9;30;24,7;21,6;70;57;59;46;3,8;1,3;
2012-05-27;18:00;0;1000,6;1002;1000,6;2634,1;31,1;22,9;32,4;31,1;23,8;21,6;64;55;62;174;5;2,5;
2012-05-27;19:00;0;999,3;1000,6;999,3;2093,9;32,3;22,8;32,3;29,8;24,4;21,7;70;55;57;130;5;1,5;
2012-05-27;20:00;0;998,3;999,3;998,3;2188,3;32,4;22,8;32,7;31,5;23,2;21,3;60;53;57;109;4,1;1;
2012-05-27;21:00;0;998,3;998,3;998;1316,7;31,9;22,8;32,6;31,1;23,5;21,4;62;53;58;125;3,9;1,1;
2012-05-27;22:00;0;998,5;998,5;998,3;218,1;29,5;23,7;31,9;29,5;23,8;22;72;57;71;132;3,9;,6;
2012-05-27;23:00;0;999,9;999,9;998,5;14;26,8;23,6;29,5;26,8;23,9;22,9;83;69;83;131;1,8;,6;
2012-05-28;00:00;0;1000,5;1000,5;999,9;-9999;25,5;23,8;26,9;25,5;24;23;90;80;90;78;1,1;,5;
2012-05-28;01:00;0;1001,4;1001,4;1000,5;-9999;25;23,6;25,5;25;24,1;23,6;93;90;92;29;1;,3;
2012-05-28;02:00;0;1001,8;1001,8;1001,4;-9999;25,2;23,7;25,2;24,8;24;23,5;94;91;91;203;2,2;,6;
2012-05-28;03:00;0;1002,4;1002,5;1001,8;-9999;24,6;23,3;25,4;24,6;23,7;23,3;93;90;93;56;1,3;,4;
2012-05-28;04:00;0;1002,4;1002,5;1002,2;-9999;24,2;23,1;24,7;24,2;23,5;23,1;94;92;94;17;1,6;,9;
2012-05-28;05:00;0;1001,6;1002,4;1001,6;-9999;23,9;23;24,4;23,8;23,3;22,7;95;93;95;332;1,8;,7;
2012-05-28;06:00;0;1001,1;1001,6;1001,1;-9999;23,5;22,6;24;23,4;23,1;22,5;95;94;95;156;1,6;,6;
2012-05-28;07:00;0;1000,3;1001,1;1000,3;-9999;23,2;22,3;23,6;23,2;22,8;22,3;96;95;95;56;1,8;,4;
2012-05-28;08:00;0;1000,7;1000,7;1000,3;-9999;22,9;22,1;23,3;22,9;22,5;22,1;96;95;95;107;1,4;,4;
2012-05-28;09:00;0;1001,6;1001,6;1000,6;-9999;22,8;21,9;23;22,7;22,3;21,9;96;95;95;211;1,4;,2;
2012-05-28;10:00;0;1002;1002;1001,6;-9999;22,5;21,8;22,9;22,5;22,2;21,6;96;95;95;313;1;,3;
2012-05-28;11:00;0;1002,6;1002,6;1002;39,4;22,9;22,2;23;22,5;22,2;21,7;96;95;96;320;1,2;,3;
2012-05-28;12:00;0;1003,3;1003,3;1002,6;613,6;25,6;22,9;26;22,9;23,7;22,2;96;85;85;229;1,2;,6;
2012-05-28;13:00;0;1003,7;1003,7;1003,3;1459,4;26,9;23,4;26,9;25,4;23,4;22,4;87;80;81;189;2,9;1,3;
2012-05-28;14:00;0;1003,7;1003,7;1003,5;2159,1;28,2;23,1;28,5;26,8;23,8;22,6;81;73;74;181;5;2,8;
2012-05-28;15:00;0;1003,1;1003,7;1003,1;2567,4;29,4;23,3;29,5;28,1;23,8;22,8;75;69;69;172;5,8;2,1;
2012-05-28;16:00;0;1002,2;1003,1;1002,2;2556,3;31,5;24,1;31,7;28,9;24,7;22,8;73;61;65;90;5,6;1,7;
2012-05-28;17:00;0;1001,3;1002,2;1001,3;2939,3;32,7;23,6;32,7;30,2;24,4;22,6;68;56;59;92;5,8;1,9;
2012-05-28;18:00;0;1000,3;1001,4;1000,3;2968,2;32,6;23,5;33,4;31,8;24,1;21,7;61;53;59;100;6,3;1,6;
2012-05-28;19:00;0;999,1;1000,3;999,1;2293,2;32;23,2;32,9;30,8;24;21,8;63;55;60;151;5,7;1,7;
2012-05-28;20:00;1,4;998,7;999,1;998,7;1282,8;27;24,6;32,4;26,2;24,9;21,2;90;57;87;60;8,4;1,4;
2012-05-28;21:00;0;998,9;999;998,6;1188,2;28,6;24,9;29,9;27;25,6;24,1;90;73;80;88;3;,9;
2012-05-28;22:00;0;999;999;998,9;179,7;27;24,7;28,7;27;25,6;24,2;88;79;87;85;3,4;,6;
2012-05-28;23:00;0;999,6;999,6;999;13,9;25,8;24;27;25,8;24,6;24;91;86;90;71;2,2;1,3;
2012-05-29;00:00;0;1000,5;1000,5;999,6;-9999;25,5;23,9;25,9;25,4;24,2;23,7;91;89;91;129;2,5;,5;
2012-05-29;01:00;0;1001,2;1001,2;1000,5;-9999;25;23,8;25,7;25;24,2;23,7;93;90;93;22;1,8;,3;
2012-05-29;02:00;0;1002,3;1002,4;1001,2;-9999;24,7;23,6;25,1;24,7;24;23,6;94;93;93;278;1,4;,5;
2012-05-29;03:00;0;1002,3;1002,4;1002,2;-9999;24,1;23,1;24,7;24;23,7;23;95;93;95;157;1;,2;
2012-05-29;04:00;0;1002,7;1002,7;1002,3;-9999;23,5;22,7;24,1;23,5;23,1;22,7;95;94;95;46;1,1;,8;
2012-05-29;05:00;0;1001,8;1002,7;1001,8;-9999;23,5;22,8;23,6;23,3;22,8;22,5;96;95;96;270;1,4;,3;
2012-05-29;06:00;0;1001,4;1001,8;1001,4;-9999;23,1;22,3;23,5;23,1;22,8;22,3;96;95;95;160;1,2;,6;
2012-05-29;07:00;0;1001;1001,4;1000,9;-9999;22,9;22,1;23,5;22,8;22,7;21,9;96;95;95;106;1,6;,4;
2012-05-29;08:00;0;1001,5;1001,5;1001;-9999;22,9;22,2;23,2;22,8;22,4;22;96;95;96;183;2,6;1,4;
2012-05-29;09:00;0;1001,7;1001,7;1001,4;-9999;23;22,2;23,2;22,8;22,4;22;96;95;95;269;2,6;,5;
2012-05-29;10:00;0;1002,4;1002,4;1001,7;-9999;22,6;21,8;23;22,5;22,2;21,7;96;95;95;262;1,2;,3;
2012-05-29;11:00;0;1002,7;1002,7;1002,3;46,4;22,6;21,9;22,7;22,3;22;21,6;96;95;96;138;1,1;,5;
2012-05-29;12:00;0;1003,6;1003,6;1002,7;678,7;25,3;23,4;25,3;22,6;23,5;21,9;96;89;89;351;2,5;1,2;
2012-05-29;13:00;0;1004,1;1004,1;1003,6;917;26,2;23,6;26,3;25,3;23,7;22,7;89;83;85;349;2,3;,9;
2012-05-29;14:00;0;1004,5;1004,6;1004,1;1822,3;29;24;29,1;26,3;24,6;23;87;74;74;67;2,5;,9;
2012-05-29;15:00;0;1004,2;1004,6;1004,2;1912;29,8;23,9;29,8;28,8;25;23,2;77;70;71;80;3,2;,7;
2012-05-29;16:00;0;1003,7;1004,2;1003,7;2128,9;30,9;24,7;30,9;29,7;25,3;23,5;75;67;70;88;3,7;,9;
2012-05-29;17:00;0;1002,6;1003,7;1002,6;1957,1;30,7;24,6;31;30,1;24,9;23;72;64;70;80;3,7;1,1;
2012-05-29;18:00;0;1001;1002,6;1001;2429,1;31;23,2;31,5;30,3;25;22,8;70;62;63;75;4,1;1,6;
2012-05-29;19:00;0;999,6;1001;999,6;2114;32,1;22,7;32,5;30,6;25;22;70;58;58;103;3,7;,7;
2012-05-29;20:00;0;999,3;999,6;999,3;2337,6;31,2;22,8;32,8;31,2;23,8;21,5;66;54;61;179;4,1;2;
2012-05-29;21:00;0;999,2;999,4;999,2;931;29,3;23,5;31,2;29,2;24,2;22,7;72;61;71;216;5,8;1,5;
2012-05-29;22:00;0;999,7;999,7;999,2;368,6;29,1;24,5;29,8;29,1;24,6;23,2;77;69;76;179;2,6;,2;
2012-05-29;23:00;0;1000,3;1000,3;999,7;30,8;26,9;24,5;29,1;26,9;24,7;23,9;87;75;87;321;1,1;,3;
2012-05-30;00:00;0;1000,8;1000,8;1000,2;-9999;26,2;24,5;27,1;26,2;24,7;24;91;84;91;238;,9;,5;
2012-05-30;01:00;0;1001,5;1001,5;1000,8;-9999;25,9;24,5;26,2;25,7;24,8;24,3;93;91;92;246;1,4;,6;
2012-05-30;02:00;0;1001,8;1001,8;1001,5;-9999;25,1;23,8;25,9;25,1;24,5;23,8;93;91;93;326;2,9;,6;
2012-05-30;03:00;0;1002,4;1002,4;1001,8;-9999;24,9;23,8;25,1;24,8;24;23,7;94;93;94;182;1,6;,4;
2012-05-30;04:00;0;1002,8;1002,9;1002,4;-9999;24,7;23,8;24,9;24,4;23,9;23,5;95;94;94;20;1,6;,8;
2012-05-30;05:00;0;1002,3;1002,8;1002,3;-9999;24,8;23,9;24,9;24,7;23,9;23,7;95;94;94;299;1,6;,6;
2012-05-30;06:00;0;1001,8;1002,3;1001,8;-9999;24,8;23,7;25;24,8;24;23,7;94;93;94;50;1,9;,6;
2012-05-30;07:00;0;1001,2;1001,8;1001,2;-9999;24,5;23,6;24,8;24,4;23,7;23,5;95;94;95;246;1,8;,4;
2012-05-30;08:00;0;1001,5;1001,5;1001,2;-9999;24,2;23,3;24,5;24,2;23,6;23,3;95;95;95;33;1,7;,8;
2012-05-30;09:00;0;1001,6;1001,7;1001,4;-9999;24;23,2;24,2;24;23,4;23,1;95;95;95;320;1,7;,7;
2012-05-30;10:00;,8;1002,6;1002,6;1001,6;-9999;24,2;23,4;24,2;23,8;23,5;22,9;95;95;95;143;1,4;,5;
2012-05-30;11:00;,4;1003;1003,1;1002,6;33,4;24,6;23,8;24,6;24,2;23,8;23,4;95;95;95;183;1,3;,5;
2012-05-30;12:00;0;1003,8;1003,8;1002,9;580,2;26,1;24,2;26,2;24,6;24,5;23,7;95;87;89;326;1,8;,7;
2012-05-30;13:00;0;1004,8;1004,8;1003,8;741,4;26,5;23,6;26,7;26;24,3;23,3;89;83;84;355;2,8;,8;
2012-05-30;14:00;0;1004,9;1004,9;1004,4;950,6;27,2;24,2;27,6;26,5;24,9;23,5;87;81;84;46;2,5;1,1;
2012-05-30;15:00;10;1005,1;1006,1;1004,9;340,9;22,2;21,4;27,4;21,5;24,5;20,2;95;81;95;88;11,3;1,1;
2012-05-30;16:00;,6;1004,5;1005,1;1004,5;337,4;22,5;21,5;22,6;22,2;21,6;21,3;95;93;94;79;3,3;1,1;
2012-05-30;17:00;0;1003,9;1004,5;1003,9;373,9;23,1;21,8;23,1;22,4;22;21,3;95;91;92;88;3,2;,5;
2012-05-30;18:00;0;1002,9;1003,9;1002,9;840,5;24,2;22,1;24,2;23,1;22,4;21,5;93;88;88;166;3;1,4;
2012-05-30;19:00;0;1001,4;1002,9;1001,4;990,2;24,8;22,2;24,8;24;22,8;21,6;90;84;86;147;3,6;1;
2012-05-30;20:00;0;1001;1001,4;1000,9;659,8;25;22,8;25,2;24,8;22,9;21,7;88;82;87;74;2,3;,6;
2012-05-30;21:00;0;1000,8;1001,1;1000,8;420,8;25;22,5;25,3;24,9;23;22;88;82;86;177;1,5;,7;
2012-05-30;22:00;0;1000,5;1000,8;1000,5;212,2;24,6;22,6;25;24,6;22,8;22,1;89;84;88;235;1,7;,5;
2012-05-30;23:00;0;1001,8;1001,8;1000,5;10,5;23,8;22,5;24,6;23,7;22,8;22,4;93;88;92;185;2,2;1,1;
2012-05-31;00:00;0;1002;1002,1;1001,8;-9999;23,4;22,1;23,8;23,4;22,4;22;93;91;93;219;2,6;1,4;
2012-05-31;01:00;0;1002,9;1002,9;1002;-9999;22,8;21,9;23,4;22,8;22,2;21,9;95;93;95;23;2,7;,3;
2012-05-31;02:00;0;1003,9;1003,9;1002,9;-9999;22,8;22;22,9;22,6;22,1;21,8;95;95;95;229;1,1;,5;
2012-05-31;03:00;0;1004,2;1004,2;1003,9;-9999;22,5;21,7;22,8;22,4;22;21,6;96;95;95;332;1;,3;
2012-05-31;04:00;0;1003,9;1004,3;1003,9;-9999;22,5;21,8;22,7;22,4;22;21,6;96;95;95;321;1,6;,8;
2012-05-31;05:00;0;1003,3;1003,9;1003,3;-9999;22,4;21,7;22,6;22,4;21,8;21,6;96;95;96;304;1,6;,5;
2012-05-31;06:00;0;1003,3;1003,3;1003,1;-9999;22,7;21,9;22,7;22,4;21,9;21,6;96;95;96;218;1,4;,2;
2012-05-31;07:00;0;1003;1003,4;1003;-9999;22,7;21,8;22,9;22,6;22,1;21,8;96;94;95;270;2,4;,5;
2012-05-31;08:00;0;1003,1;1003,1;1002,8;-9999;22,3;21,5;22,7;22,3;21,8;21,4;95;95;95;92;1,3;,3;
2012-05-31;09:00;0;1003,6;1003,6;1003,1;-9999;22,4;21,7;22,5;22,2;21,7;21,4;96;95;96;73;,9;,4;
2012-05-31;10:00;0;1004,7;1004,7;1003,6;-9999;22,6;21,9;22,6;22,4;21,9;21,6;96;95;96;146;1,7;,7;
2012-05-31;11:00;0;1005;1005;1004,7;39;22,8;22;22,8;22,5;22;21,8;96;95;95;232;1,4;,4;
2012-05-31;12:00;0;1005,5;1005,6;1005;182;23,3;22,1;23,3;22,8;22,2;21,9;95;93;93;296;1,4;,7;
2012-05-31;13:00;0;1006,1;1006,2;1005,5;514,3;24,1;22,4;24,1;23,2;22,4;21,9;94;89;90;312;2,3;,5;
2012-05-31;14:00;0;1006,4;1006,5;1006;903,1;25,2;22,6;25,2;24,1;22,7;21,9;90;84;86;335;1,6;,7;
2012-05-31;15:00;0;1006,1;1006,5;1006,1;1914,1;26,6;23;27;25,2;23,5;22,2;86;78;81;317;2,7;1;
2012-05-31;16:00;0;1005,3;1006,1;1005,3;2489,3;28,2;22,5;28,7;26,6;24,1;22,5;83;71;71;306;3,5;1,3;
2012-05-31;17:00;0;1003,9;1005,3;1003,9;1352;28,3;23,1;29,2;28,2;24,3;22,4;77;68;74;238;2,9;1,2;
2012-05-31;18:00;0;1002,5;1003,9;1002,5;2100,7;29,5;22,7;29,7;28,1;24,4;22,4;78;66;67;323;3,3;1;
2012-05-31;19:00;0;1001,8;1002,5;1001,8;602,1;27,2;24,2;29,8;26,7;24,5;22,7;86;67;84;130;4,8;,8;
2012-05-31;20:00;0;1001,4;1001,9;1001,4;377;25,6;23,4;27,4;25,6;24,3;23;88;80;88;341;2,9;1,2;
2012-05-31;21:00;0;1001,2;1001,4;1000,7;242,2;25,3;23,6;25,7;25,3;23,8;23,3;91;87;90;358;2,6;,6;
2012-05-31;22:00;0;1001,6;1001,7;1001,1;112,8;24,8;23,5;25,4;24,8;23,8;23,5;92;90;92;74;2,1;,7;
2012-05-31;23:00;0;1002,4;1002,4;1001,5;8,5;24,3;23,3;24,8;24,3;23,7;23,3;94;92;94;291;1,4;,4;
2012-06-01;00:00;0;1002,9;1003;1002,4;-9999;24,2;23,3;24,3;24;23,4;23,2;95;94;95;266;1,9;,3;
2012-06-01;01:00;0;1003,9;1003,9;1002,9;-9999;23,9;23,1;24,2;23,8;23,3;22,9;95;94;95;7;,9;,3;
2012-06-01;02:00;0;1004,8;1004,8;1003,9;-9999;23,9;23;23,9;23,8;23,1;22,9;95;94;95;348;2,8;1,2;
2012-06-01;03:00;0;1005,2;1005,2;1004,8;-9999;23,7;22,8;23,9;23,7;23;22,8;95;95;95;360;2,7;,6;
2012-06-01;04:00;0;1004,9;1005,2;1004,9;-9999;23,4;22,6;23,8;23,3;22,9;22,5;95;95;95;5;1,3;,6;
2012-06-01;05:00;0;1004,7;1005;1004,7;-9999;23;22,3;23,5;23;22,7;22,2;96;95;96;79;1,9;,4;
2012-06-01;06:00;0;1004,2;1004,8;1004,2;-9999;23,3;22,5;23,4;23;22,6;22,3;96;95;95;325;1,4;,5;
2012-06-01;07:00;0;1003,4;1004,3;1003,4;-9999;23;22,2;23,3;23;22,5;22,2;95;95;95;308;1,4;,5;
2012-06-01;08:00;0;1003,4;1003,5;1003,3;-9999;22,7;21,9;23;22,5;22,2;21,7;96;95;96;357;1,6;,5;
2012-06-01;09:00;0;1004,1;1004,1;1003,4;-9999;22,6;21,9;22,7;22,3;21,9;21,6;96;96;96;360;1,1;,3;
2012-06-01;10:00;0;1004,6;1004,6;1004;-9999;22,7;21,9;22,8;22,6;22;21,9;96;96;96;338;1;,4;
2012-06-01;11:00;0;1005,2;1005,2;1004,6;36,6;22,6;21,9;22,7;22,3;21,9;21,6;96;96;96;101;1,2;,2;
2012-06-01;12:00;0;1006,1;1006,1;1005,2;419,7;24,1;22,8;24,1;22,6;23;21,9;96;92;93;55;1,9;,7;
2012-06-01;13:00;0;1006,6;1006,6;1006,1;1169,3;25,9;23;26,2;24,1;23,8;22,6;93;84;84;358;2,8;1,5;
2012-06-01;14:00;0;1006,8;1006,8;1006,5;2098,9;27,8;23;28;25,9;23,8;22,7;85;74;75;327;3;1,1;
2012-06-01;15:00;0;1006,3;1006,9;1006,3;2807,7;29,8;22,9;29,8;27,8;23,7;22,3;78;66;67;280;3;1;
2012-06-01;16:00;0;1005,6;1006,3;1005,6;2555;30,5;22,8;30,5;28,8;23,6;21,4;72;61;63;212;3,6;1,7;
2012-06-01;17:00;0;1004,3;1005,6;1004,3;1816;30,7;24,2;30,7;27,8;24,2;21,9;80;62;68;329;3,6;1,3;
2012-06-01;18:00;0;1002,9;1004,3;1002,9;2731,6;29,6;23;31,6;29,6;24;22,3;68;59;68;209;3,6;1,2;
2012-06-01;19:00;0;1002,1;1002,9;1002,1;1171,1;28;23,9;31,7;28;24,4;22,4;80;60;79;48;3,7;,8;
2012-06-01;20:00;0;1001,3;1002,1;1001,2;386,1;27,4;24,3;28;27,1;24,5;23,5;86;77;84;93;2;,4;
2012-06-01;21:00;0;1001,3;1001,5;1001,2;378,3;26,5;24,2;27,6;26,5;24,6;23,8;88;80;87;47;2,8;1,6;
2012-06-01;22:00;,2;1001,1;1001,3;1000,9;164,6;25,2;23,6;26,6;25,2;24,2;23,1;91;84;91;321;3,3;,5;
2012-06-01;23:00;0;1001,6;1001,6;1001,1;12;24,3;23,2;25,4;24,3;23,8;23,2;94;90;93;3;1;,4;
2012-06-02;00:00;0;1003;1003;1001,6;-9999;24,1;23,2;24,3;24;23,3;23;95;93;95;172;1,3;,4;
2012-06-02;01:00;0;1003,9;1003,9;1003;-9999;23,5;22,6;24,1;23,5;23,3;22,6;95;94;95;23;1,4;,8;
2012-06-02;02:00;0;1005;1005;1003,9;-9999;23,4;22,5;23,6;23,4;22,7;22,5;95;95;95;353;1,4;,5;
2012-06-02;03:00;,2;1005,2;1005,4;1005;-9999;23,4;22,7;23,5;23,1;22,7;22,3;96;95;96;274;1;,2;
2012-06-02;04:00;10;1005,7;1006,2;1005;-9999;22,6;21,7;23,6;22,5;22,8;21,6;96;95;95;261;5,7;,9;
2012-06-02;05:00;,2;1004,8;1005,7;1004,8;-9999;22;21,3;22,6;21,9;21,8;21,1;96;95;96;44;2,2;,8;
2012-06-02;06:00;0;1004,1;1004,8;1004,1;-9999;22,2;21,5;22,2;21,9;21,5;21,2;96;96;96;201;2,3;1;
2012-06-02;07:00;0;1002,8;1004,1;1002,8;-9999;22,3;21,7;22,5;22,2;21,8;21,5;96;96;96;336;1,8;,7;
2012-06-02;08:00;0;1003,3;1003,3;1002,6;-9999;22,4;21,7;22,4;22,3;21,7;21,6;96;96;96;246;1,9;,3;
2012-06-02;09:00;0;1003,8;1003,8;1003,3;-9999;22,6;21,9;22,6;22,2;21,9;21,5;96;96;96;278;1,2;,5;
2012-06-02;10:00;0;1004,1;1004,1;1003,8;-9999;22,5;21,8;22,7;22,4;22;21,7;96;96;96;326;1,2;,6;
2012-06-02;11:00;0;1004,7;1004,7;1004,1;58,5;22,5;21,9;22,6;22,2;21,9;21,5;96;96;96;334;1,6;,7;
2012-06-02;12:00;0;1005,6;1005,6;1004,7;433,9;23,3;22,2;23,3;22,5;22,4;21,9;96;94;94;292;2,2;,7;
2012-06-02;13:00;0;1006,4;1006,4;1005,6;1051,5;25,2;22,5;25,2;23,3;22,8;22,1;95;85;85;208;1,8;,9;
2012-06-02;14:00;0;1006,6;1006,6;1006,4;1320,5;26,3;22,6;26,5;24,9;23,1;22,2;87;79;80;186;2,3;,6;
2012-06-02;15:00;0;1006,3;1006,6;1006,3;1753;27,8;23,2;27,9;26,2;23,2;22,3;81;73;76;191;2,3;1,1;
2012-06-02;16:00;0;1005,3;1006,3;1005,3;2650,4;28,8;23,8;29;27,7;24,3;21,4;78;67;74;227;3,5;1,5;
2012-06-02;17:00;0;1004;1005,3;1004;3087,1;29,7;23;30,6;28,4;23,9;21,9;75;62;68;154;3,1;1,3;
2012-06-02;18:00;0;1002,3;1004;1002,3;2968,5;30,4;23,3;31,5;29,3;23,7;22,5;69;61;66;211;3,6;2;
2012-06-02;19:00;0;1001,6;1002,3;1001,6;2571,7;30,4;22,5;31,7;30,3;23,7;22,1;66;58;63;190;3,7;2,1;
2012-06-02;20:00;0;1001,1;1001,6;1000,9;996,4;29,2;23,6;31,2;29,2;24,1;22;74;60;72;101;4,7;1,4;
2012-06-02;21:00;0;1001,1;1001,7;1001,1;705,7;26;22,5;29,2;25,6;24;21,9;84;72;81;205;8,8;1,3;
2012-06-02;22:00;0;1001,7;1001,7;1001;247,2;25,2;23,3;26;25;23,3;22,6;90;81;89;271;3,4;,4;
2012-06-02;23:00;0;1002,4;1002,4;1001,6;22;24,6;23,3;25,2;24,5;23,4;23;93;88;93;51;1,3;,3;
2012-06-03;00:00;0;1003,2;1003,2;1002,4;-9999;24,9;23,4;24,9;24,4;23,4;23,2;93;91;91;355;2,3;,7;
2012-06-03;01:00;0;1003,9;1003,9;1003,2;-9999;24,7;23,3;25,1;24,7;23,5;23,2;93;90;92;74;2,4;,4;
2012-06-03;02:00;0;1004,9;1004,9;1003,9;-9999;24,4;23,2;24,7;24,4;23,5;23,2;94;92;93;347;1,2;,6;
2012-06-03;03:00;0;1005;1005,2;1004,9;-9999;24,1;23,2;24,4;24;23,3;23;95;93;95;245;1,7;,6;
2012-06-03;04:00;0;1004,5;1005;1004,5;-9999;24,1;23,2;24,2;23,9;23,3;22,9;95;94;94;294;1,1;,2;
2012-06-03;05:00;0;1003,9;1004,7;1003,9;-9999;23,9;23;24,1;23,8;23,3;22,9;95;94;95;318;1,2;,7;
2012-06-03;06:00;0;1003,2;1003,9;1003,2;-9999;23,9;23;24,2;23,9;23,2;23;95;94;95;1;1,9;,8;
2012-06-03;07:00;0;1002,9;1003,2;1002,9;-9999;23,8;23;23,9;23,8;23;22,9;95;95;95;5;2,1;,8;
2012-06-03;08:00;0;1002,9;1002,9;1002,8;-9999;23,7;23;23,9;23,6;23;22,8;95;95;95;344;1,9;,7;
2012-06-03;09:00;0;1003;1003;1002,7;-9999;23,7;22,8;23,8;23,6;23;22,8;95;95;95;6;2,1;,6;
2012-06-03;10:00;0;1003,3;1003,3;1003;-9999;23,6;22,8;23,7;23,5;22,8;22,6;95;95;95;293;1,3;,3;
2012-06-03;11:00;0;1003,9;1003,9;1003,3;23,9;23,6;22,8;23,7;23,5;22,9;22,7;95;95;95;38;1;,4;
2012-06-03;12:00;,2;1004,4;1004,4;1003,9;356,4;24,8;23,4;25;23,6;23,4;22,8;95;90;92;242;1;,6;
2012-06-03;13:00;0;1005,4;1005,4;1004,4;1018,6;26,5;23,4;26,9;24,7;23,8;22,6;92;81;83;3;2,3;,9;
2012-06-03;14:00;0;1005,7;1005,7;1005,4;1367,2;26,7;23,1;27,1;26;23,8;22,6;86;77;81;16;2,3;1,1;
2012-06-03;15:00;0;1005,1;1005,7;1005,1;1838,1;28,4;22,9;28,4;26,7;23,4;22,5;81;72;72;3;2,8;1;
2012-06-03;16:00;0;1004,1;1005,2;1004,1;2176,1;29,2;23,6;29,3;28;23,6;22,3;75;68;72;289;2,7;1;
2012-06-03;17:00;0;1002,7;1004,1;1002,7;2039,6;28,1;22,7;29,6;28,1;23,9;22,4;76;67;73;331;4,4;2;
2012-06-03;18:00;0;1001,4;1002,7;1001,4;2799,5;30,6;23,4;30,6;27,8;24;22,4;77;64;65;6;3,9;1,5;
2012-06-03;19:00;0;1000,2;1001,3;1000,2;2138,7;29,5;23,5;31,5;29,5;23,8;22,2;70;60;70;319;4,1;1,7;
2012-06-03;20:00;3,4;999,7;1000,2;999,6;658;26,8;24,7;29,5;26,8;25,3;23,4;90;70;88;120;5,5;1,2;
2012-06-03;21:00;15,2;1000,5;1000,6;999,6;228,8;24,5;23,4;26,8;24;24;22,5;95;87;94;137;6,6;,8;
2012-06-03;22:00;0;1001,2;1001,2;1000,5;146,5;24,5;23,4;24,7;24,4;23,8;23,3;95;93;93;209;2,2;1,2;
2012-06-03;23:00;,2;1001,9;1001,9;1001,2;20,8;24,3;23,2;24,6;24,3;23,6;23,1;94;93;93;202;3,5;1,5;
2012-06-04;00:00;0;1002,5;1002,7;1001,9;-9999;24;22,9;24,3;23,9;23,2;22,8;95;93;93;267;3,5;,7;
2012-06-04;01:00;0;1003;1003;1002,4;-9999;23,8;22,9;24;23,7;23;22,7;95;93;95;355;2,4;1,3;
2012-06-04;02:00;0;1003;1003,3;1003;-9999;23,5;22,6;23,9;23,5;23;22,6;95;94;95;76;2,7;,5;
2012-06-04;03:00;0;1002,8;1003,2;1002,8;-9999;23,3;22,6;23,6;23,3;22,8;22,5;96;95;96;154;1,6;,4;
2012-06-04;04:00;0;1002,8;1002,8;1002,6;-9999;23;22,2;23,5;23;22,7;22,2;96;95;96;127;1,2;,9;
2012-06-04;05:00;0;1002,2;1002,8;1002,2;-9999;23,1;22,4;23,3;22,9;22,6;22,2;96;96;96;348;1,2;,5;
2012-06-04;06:00;0;1001,6;1002,2;1001,5;-9999;23,1;22,4;23,3;23,1;22,6;22,4;96;96;96;222;1;,3;
2012-06-04;07:00;0;1001,4;1001,6;1001,4;-9999;22,7;22;23,1;22,7;22,4;22;96;96;96;144;1,1;,5;
2012-06-04;08:00;0;1001,8;1001,8;1001,4;-9999;23,2;22,5;23,2;22,7;22,5;22;96;96;96;221;2;,9;
2012-06-04;09:00;0;1001,8;1002;1001,8;-9999;23;22,2;23,2;23;22,5;22,2;96;95;95;225;2,5;1,3;
2012-06-04;10:00;0;1002,2;1002,2;1001,8;-9999;22,5;21,7;23;22,4;22,2;21,7;96;95;96;348;2,4;,6;
2012-06-04;11:00;0;1002,9;1002,9;1002,2;61,5;22,7;22;22,7;22,3;22;21,6;96;95;96;167;1,5;,3;
2012-06-04;12:00;0;1003,8;1003,8;1002,9;464,8;24,1;22,7;24,1;22,7;22,9;22;96;91;92;162;1,4;,4;
2012-06-04;13:00;0;1004,3;1004,3;1003,8;1364,2;25,9;23;25,9;24,1;23,2;22,5;92;83;84;275;2,5;,6;
2012-06-04;14:00;0;1004,7;1004,7;1004,3;1826,1;27,7;23,8;28,5;25,8;24,2;22,6;84;74;79;237;2,4;1;
2012-06-04;15:00;0;1004,2;1004,7;1004,2;2019,5;28,7;22,8;29,2;27,3;23,9;22,6;80;69;71;177;2,4;,7;
2012-06-04;16:00;0;1003,5;1004,3;1003,5;2573,7;29,6;23,2;30,5;28,5;23,6;21,7;72;61;69;299;2,8;1,2;
2012-06-04;17:00;0;1002,2;1003,5;1002,2;1923,5;30,1;22,5;30,2;29,1;23,7;21,8;72;63;64;252;2,8;,8;
2012-06-04;18:00;0;1001,2;1002,2;1001,2;2020,8;30,1;23,5;30,8;28,9;24,6;21,9;76;61;68;167;3,4;1,3;
2012-06-04;19:00;0;1000,2;1001,2;1000,2;2513,7;29,3;23,2;31,4;29,3;24,5;22,4;71;61;70;148;4,8;,8;
2012-06-04;20:00;0;999,2;1000,2;999,2;988;29,3;23,7;29,5;28;24,3;22,1;79;66;72;326;2,9;1,2;
2012-06-04;21:00;0;998,6;999,2;998,6;1376,8;31,2;23,4;31,2;29,1;23,7;22;72;61;63;235;2,5;,6;
2012-06-04;22:00;0;999,2;999,2;998,6;410,1;28,6;23,2;31,2;28,6;24,1;21,8;76;60;72;256;1,6;,3;
2012-06-04;23:00;0;999,9;999,9;999,2;23,6;25,9;23,9;28,6;25,9;24,1;22,9;89;72;89;360;1,6;,7;
2012-06-05;00:00;0;1000,8;1000,8;999,9;-9999;25,2;23,9;25,9;25;23,9;23,6;93;89;93;218;1,6;,5;
2012-06-05;01:00;0;1001,6;1001,6;1000,8;-9999;24,6;23,5;25,3;24,4;24;23,3;94;92;94;324;1,3;,5;
2012-06-05;02:00;0;1002;1002,1;1001,6;-9999;24,1;23,1;24,6;24,1;23,5;23;95;94;94;358;1,6;,3;
2012-06-05;03:00;0;1002,4;1002,4;1002;-9999;23,8;23;24,1;23,7;23,1;22,8;95;94;95;74;,8;,2;
2012-06-05;04:00;0;1002,3;1002,4;1002,3;-9999;23,8;22,9;24;23,5;23,3;22,6;96;95;95;138;2,3;,8;
2012-06-05;05:00;0;1001,9;1002,4;1001,9;-9999;23,7;22,8;23,9;23,5;23,2;22,7;95;95;95;137;1,4;,2;
2012-06-05;06:00;0;1001,2;1001,9;1001,2;-9999;23,1;22,3;23,7;23,1;22,8;22,3;95;95;95;8;,5;,2;
2012-06-05;07:00;0;1000,7;1001,2;1000,6;-9999;22,9;22,2;23,3;22,7;22,5;21,9;96;95;96;342;,9;,2;
2012-06-05;08:00;0;1000,8;1000,8;1000,6;-9999;22,6;21,8;23;22,6;22,2;21,7;96;95;95;123;,9;,3;
2012-06-05;09:00;0;1001,5;1001,5;1000,8;-9999;22,5;21,7;23,1;22,4;22,4;21,6;96;95;95;138;1,9;,8;
2012-06-05;10:00;,2;1002;1002;1001,4;-9999;22,6;21,8;23,1;22,4;22,4;21,6;96;95;95;56;1,8;1;
2012-06-05;11:00;0;1002,4;1002,4;1002;37,1;23;22,2;23,1;22,6;22,3;21,9;96;95;95;286;1,8;,7;
2012-06-05;12:00;0;1003,6;1003,6;1002,4;551,1;26,1;24,2;26,1;23;24,4;22,2;96;90;90;134;2,2;,7;
2012-06-05;13:00;0;1004,2;1004,2;1003,6;949,2;26,4;23,7;26,5;25,6;24,4;23,3;90;85;85;80;2,5;,5;
2012-06-05;14:00;0;1004,4;1004,5;1004,2;1192,5;27,4;24;27,7;26,2;24,5;23,4;88;80;81;102;3,9;1,1;
2012-06-05;15:00;0;1003,6;1004,4;1003,6;2309,1;29,4;24,1;30,2;27,5;24,8;23,3;82;69;73;80;4,3;1,5;
2012-06-05;16:00;0;1003;1003,7;1003;2209,4;30,7;24,1;30,7;28,6;24,6;23,1;76;66;68;141;3,9;1,7;
2012-06-05;17:00;0;1001,8;1003;1001,8;2900;31;23,8;31,5;30,2;24,5;22,7;70;61;66;109;5,1;1,5;
2012-06-05;18:00;0;1000,5;1001,8;1000,5;3097,5;32,2;22,8;32,5;30,4;24,5;22,4;69;57;58;105;6,2;1,6;
2012-06-05;19:00;0;999,7;1000,5;999,7;2646,5;30,8;23,1;32,4;30,4;24;22,1;66;56;64;139;5,7;1,5;
2012-06-05;20:00;0;998,7;999,7;998,6;1480,4;29,9;23,5;31,2;29,7;23,8;22,7;69;62;68;187;4;1,4;
2012-06-05;21:00;0;998,8;998,9;998,4;662,1;29,4;24,2;30,1;29,4;24,4;22,9;74;66;74;213;6,5;,8;
2012-06-05;22:00;0;999,4;999,4;998,8;242,5;28;24,7;29,4;28;24,8;24,1;82;73;82;216;3,3;1,2;
2012-06-05;23:00;0;999,8;999,8;999,4;12,5;26,5;24,5;28;26,4;24,7;24,3;89;81;89;360;2;,8;
2012-06-06;00:00;0;1000,4;1000,5;999,7;-9999;26,3;24,4;26,5;25,9;24,8;24,3;92;89;89;305;1,9;,5;
2012-06-06;01:00;0;1000,8;1000,8;1000,4;-9999;25,8;24,2;26,4;25,5;24,5;24,1;93;89;91;16;2,6;1;
2012-06-06;02:00;0;1001,3;1001,3;1000,7;-9999;25,2;24;25,8;25,2;24,4;24;93;91;93;347;2,6;,4;
2012-06-06;03:00;0;1001,7;1001,7;1001,3;-9999;25,2;24,2;25,2;24,9;24,2;23,9;95;93;95;268;1;,4;
2012-06-06;04:00;0;1002;1002,1;1001,7;-9999;24,9;24;25,2;24,8;24,2;23,8;95;94;95;306;1,4;,4;
2012-06-06;05:00;9,8;1002,1;1002,4;1001,6;-9999;23,7;22,7;25,2;23,7;24,3;22,7;95;93;94;53;9,7;3,4;
2012-06-06;06:00;4,6;1001,7;1002,1;1001,5;-9999;23,9;23,2;23,9;23,5;23,2;22,6;96;94;96;176;9,7;,6;
2012-06-06;07:00;0;1001,3;1001,7;1001,3;-9999;24;23,2;24;23,9;23,3;23,2;96;96;96;152;1,3;,8;
2012-06-06;08:00;0;1001,5;1001,8;1001,3;-9999;24,1;23,3;24,1;23,9;23,4;23,2;96;96;96;315;2,5;,4;
2012-06-06;09:00;,8;1001,7;1001,7;1001,2;-9999;24,1;23,4;24,2;23,9;23,4;23,2;96;96;96;264;1,2;,5;
2012-06-06;10:00;,6;1002,5;1002,5;1001,7;-9999;24,4;23,7;24,4;24,1;23,7;23,4;96;96;96;289;1,7;,3;
2012-06-06;11:00;,2;1003,5;1003,5;1002,5;5,2;24,3;23,6;24,4;24,2;23,7;23,5;96;96;96;297;1,7;,7;
2012-06-06;12:00;,2;1003,5;1003,6;1003,4;82,5;24,2;23,5;24,4;24,2;23,7;23,5;96;96;96;338;2,6;,8;
2012-06-06;13:00;0;1003,7;1003,7;1003,4;361,6;24,7;23,8;24,7;24,2;23,8;23,4;96;95;95;191;1,7;,7;
2012-06-06;14:00;0;1004,4;1004,4;1003,7;707,5;25,8;24,2;25,8;24,7;24,4;23,8;95;90;91;186;2,6;1,3;
2012-06-06;15:00;0;1003,9;1004,4;1003,9;907,1;26,3;23,7;26,4;25,8;24,3;23,6;91;86;86;202;2,4;1,1;
2012-06-06;16:00;0;1003,5;1003,9;1003,5;1165,7;27,1;24;27,3;26,3;24,4;23,4;88;81;83;228;2,4;1,2;
2012-06-06;17:00;0;1002,5;1003,5;1002,5;1292,1;27,9;24,4;28;27,1;24,4;23,6;84;77;81;236;2,5;1,1;
2012-06-06;18:00;0;1001,5;1002,5;1001,5;1335;28,1;24,4;28,2;27,7;24,8;23,7;82;78;81;315;2,9;1,5;
2012-06-06;19:00;0;1000,3;1001,4;1000,3;1534,8;27,8;24,8;28,8;27,6;24,9;23,8;85;76;84;323;4,2;1,5;
2012-06-06;20:00;,2;999,8;1000,3;999,6;936;26,9;24,5;27,8;26,9;24,7;23,8;87;81;87;314;4,4;1,2;
2012-06-06;21:00;,6;999,7;1000,1;999,6;966,5;27,1;24,5;27,4;25,9;24,9;24,1;92;83;86;333;4,2;1,6;
2012-06-06;22:00;1;1000,6;1000,6;999,4;495,8;26,3;24,7;27,4;26,1;25,1;24,2;93;84;91;280;5;,9;
2012-06-06;23:00;6,6;1001,6;1001,6;1000,6;21,6;24,3;23,3;26,3;24,2;24,6;22,5;94;90;94;132;5,2;,5;
2012-06-07;00:00;0;1002;1002;1001,6;-9999;24,4;23,5;24,7;24,3;23,8;23,4;95;94;95;134;1,6;,6;
2012-06-07;01:00;,6;1003,5;1003,5;1002,1;-9999;24,4;23,6;24,5;24,2;23,7;23,4;95;95;95;353;2;,8;
2012-06-07;02:00;0;1003,6;1003,6;1003,4;-9999;23,8;23;24,6;23,8;23,7;23;95;94;95;97;2,1;,3;
2012-06-07;03:00;0;1003,1;1003,6;1003,1;-9999;23,4;22,6;23,8;23,4;23;22,6;95;95;95;149;2,6;,4;
2012-06-07;04:00;0;1003,1;1003,1;1003;-9999;22,9;22,1;23,4;22,9;22,6;22;95;95;95;130;1,5;,2;
2012-06-07;05:00;,2;1003,1;1003,4;1003,1;-9999;22,5;21,7;22,9;22,5;22,1;21,7;96;95;95;5;1;,5;
2012-06-07;06:00;0;1002,8;1003,1;1002,8;-9999;23;22,3;23;22,5;22,3;21,7;96;95;96;262;1,1;,3;
2012-06-07;07:00;0;1002,4;1002,8;1002,4;-9999;23,1;22,3;23,2;22,9;22,4;22,2;96;95;96;330;,9;,5;
2012-06-07;08:00;,2;1002,1;1002,4;1002,1;-9999;23,1;22,4;23,3;23;22,5;22,3;96;96;96;140;1,5;1;
2012-06-07;09:00;0;1002,3;1002,3;1001,9;-9999;23,5;22,8;23,5;23,1;22,8;22,4;96;96;96;243;1,7;,6;
2012-06-07;10:00;0;1002,9;1002,9;1002,3;-9999;23,1;22,3;23,6;23,1;22,9;22,3;96;95;96;74;1,6;,6;
2012-06-07;11:00;0;1003,3;1003,3;1002,9;30,8;23,4;22,6;23,4;23,1;22,7;22,3;96;96;96;16;1,1;,4;
2012-06-07;12:00;0;1003,5;1003,5;1003,2;445,4;25,1;23,3;25,4;23,3;23,8;22,6;96;89;90;189;1;,4;
2012-06-07;13:00;0;1003,9;1003,9;1003,5;1190,1;26,9;23,5;27,8;24,8;24,8;23;92;80;82;239;1,5;,5;
2012-06-07;14:00;0;1004,1;1004,2;1003,9;1232,6;27,8;23,2;28;26,8;24,3;23;84;76;76;63;1,9;,9;
2012-06-07;15:00;0;1003,5;1004,1;1003,5;2327,8;28,8;23,4;29,4;27,8;24,2;23;80;70;73;184;3,6;1,7;
2012-06-07;16:00;0;1002,9;1003,5;1002,8;2792;29,8;22,6;30,9;28,7;24,3;22,6;74;64;65;168;4,2;1,1;
2012-06-07;17:00;0;1002;1002,9;1002;2874,2;31,2;23,5;31,6;29,3;24,6;22,5;72;61;64;212;4,1;2,1;
2012-06-07;18:00;0;1000,5;1002;1000,5;3165,2;32,1;22,6;32,2;30,6;24,1;21,3;66;56;57;153;7;1,3;
2012-06-07;19:00;1,8;1000,1;1000,5;999,7;2394,1;26,4;22,2;32,9;26,4;23,8;21,5;79;54;78;193;6,9;1,8;
2012-06-07;20:00;,4;999,5;1000,1;999,4;1240,5;29,5;24,9;29,5;25,4;25,2;22,7;91;70;76;78;5,1;,5;
2012-06-07;21:00;0;999,4;999,5;999,2;976,1;29,2;23,8;30,5;28,8;25,9;23,8;82;70;73;154;4,6;1,7;
2012-06-07;22:00;,8;1000,1;1000,1;999,3;387,6;26,8;24;29,1;26,8;24,5;23,2;86;72;85;138;7,4;1,3;
2012-06-07;23:00;12,4;1001,4;1001,6;1000,1;1,9;23;22,1;26,8;22,9;23,8;22;95;84;95;32;13,8;1,9;
2012-06-08;00:00;2,2;1002,5;1002,6;1001,4;-9999;23,1;22,2;23,2;23;22,3;22;95;94;95;258;3,5;,5;
2012-06-08;01:00;,4;1002,7;1002,7;1002,2;-9999;23,1;22,3;23,2;22,9;22,3;22,1;95;94;95;22;2,1;,9;
2012-06-08;02:00;,4;1003,8;1003,8;1002,7;-9999;23,1;22,4;23,2;22,9;22,5;22,1;96;95;95;295;3,5;,8;
2012-06-08;03:00;,2;1003,9;1003,9;1003,4;-9999;23,5;22,7;23,5;23,1;22,7;22,3;95;95;95;213;2;,7;
2012-06-08;04:00;1,4;1003,6;1003,9;1003,5;-9999;23,3;22,5;23,5;23,2;22,7;22,3;95;95;95;324;1,4;,3;
2012-06-08;05:00;0;1003;1003,6;1003;-9999;23,3;22,5;23,4;23,2;22,6;22,4;96;95;95;240;1,5;,6;
2012-06-08;06:00;,8;1002,5;1003;1002,3;-9999;23,2;22,4;23,3;23,1;22,5;22,3;95;95;95;240;2,4;1;
2012-06-08;07:00;,4;1001,6;1002,5;1001,6;-9999;23,1;22,2;23,3;23;22,5;22,2;96;95;95;275;2,2;,3;
2012-06-08;08:00;0;1001,7;1001,8;1001,6;-9999;23,2;22,5;23,2;22,9;22,5;22,1;96;95;96;195;1,8;,7;
2012-06-08;09:00;0;1002;1002;1001,7;-9999;23,3;22,5;23,3;23;22,5;22,3;96;95;96;293;1,3;,5;
2012-06-08;10:00;0;1002,5;1002,5;1001,9;-9999;23,3;22,5;23,4;23,2;22,6;22,5;96;95;95;242;1,8;,7;
2012-06-08;11:00;0;1002,6;1002,8;1002,5;18;23,4;22,6;23,4;23,3;22,6;22,5;95;95;95;235;2,7;,6;
2012-06-08;12:00;0;1003,2;1003,2;1002,5;273,6;24,1;22,9;24,1;23,4;23;22,6;95;93;93;240;3,7;1;
2012-06-08;13:00;0;1004;1004;1003,2;247;24;22,5;24,2;23,8;22,9;22,3;93;91;92;226;4,1;1,1;
2012-06-08;14:00;1,4;1004,1;1004,1;1003,8;642,8;24,2;22,8;24,2;23,9;23,1;22,5;94;91;92;219;5,4;2,8;
2012-06-08;15:00;,6;1004,4;1004,4;1004;969,9;24,3;22,9;24,9;24,2;23,3;22,7;93;89;92;187;5;2,6;
2012-06-08;16:00;15;1004;1004,5;1004;418,2;22,7;21,6;24,3;22,7;23;21,6;95;92;93;130;5;1,2;
2012-06-08;17:00;2,2;1003,4;1004;1003,4;305,8;23;22;23;22,7;22;21,5;94;93;94;3;3,4;,6;
2012-06-08;18:00;,2;1002,1;1003,4;1002,1;251,1;23,3;22,3;23,3;23;22,3;22;95;94;94;147;2,2;,7;
2012-06-08;19:00;0;1000,9;1002,1;1000,9;915,7;24,5;22,1;24,5;23,3;23;22,1;94;87;87;179;2,9;1,1;
2012-06-08;20:00;0;1000,4;1000,9;1000,4;468,6;24,3;22,2;24,6;24,2;22,8;22,2;91;87;88;180;3,2;1,4;
2012-06-08;21:00;0;999,8;1000,4;999,8;477,8;24,6;22,4;24,6;23,9;22,5;21,9;90;86;87;196;3,7;1,3;
2012-06-08;22:00;0;1000,2;1000,2;999,7;429,5;24,6;22,5;24,8;24,5;22,7;22,1;89;86;88;193;2,5;,5;
2012-06-08;23:00;0;1000,9;1000,9;1000,2;52,9;23,4;22,2;24,6;23,4;22,7;22,2;93;87;93;314;1,8;,5;
2012-06-09;00:00;0;1002;1002;1000,9;-9999;22,9;22,1;23,4;22,9;22,3;22;95;93;95;54;1,2;,8;
2012-06-09;01:00;0;1002,3;1002,3;1002;-9999;22,7;21,9;23;22,7;22,2;21,9;95;95;95;354;1,2;,4;
2012-06-09;02:00;0;1002,3;1002,5;1002,3;-9999;22,7;22;22,8;22,5;22,1;21,8;96;95;96;254;1;,4;
2012-06-09;03:00;0;1002,7;1002,7;1002,3;-9999;22,9;22,2;23,2;22,7;22,4;21,9;96;95;95;112;1,3;,7;
2012-06-09;04:00;0;1002,6;1002,9;1002,6;-9999;23,2;22,5;23,2;22,9;22,5;22,2;96;95;96;229;1,3;,7;
2012-06-09;05:00;0;1002,4;1002,7;1002,4;-9999;23,5;22,5;23,5;23,2;22,7;22,5;96;94;95;217;2,4;1,2;
2012-06-09;06:00;,2;1002,1;1002,4;1002;-9999;23,3;22,2;23,5;23,3;22,6;22,2;95;93;94;207;4,1;2,3;
2012-06-09;07:00;,4;1002;1002,1;1001,9;-9999;22,9;21,7;23,3;22,9;22,2;21,7;94;93;93;207;5,5;2,8;
2012-06-09;08:00;,8;1002,3;1002,3;1002;-9999;22,3;21,2;22,9;22,3;21,7;21,2;94;93;94;210;7;3,5;
2012-06-09;09:00;0;1002,7;1002,7;1002,3;-9999;22,2;21,1;22,3;22,2;21,2;21,1;94;93;93;199;6,4;3;
2012-06-09;10:00;0;1003,1;1003,1;1002,8;-9999;22,1;20,9;22,3;22,1;21,1;20,9;93;92;93;202;5,6;3,3;
2012-06-09;11:00;,4;1003,4;1003,5;1003,1;7,5;21,9;20,9;22,1;21,8;20,9;20,7;94;92;94;213;6,1;2,2;
2012-06-09;12:00;,6;1004,3;1004,3;1003,4;85,1;22;21;22,1;21,9;21,2;20,9;95;94;94;187;4,9;2,4;
2012-06-09;13:00;1,8;1004,7;1004,8;1004,3;215,7;22,1;20,7;22,1;21,9;21,2;20,7;95;92;92;192;7,1;3;
2012-06-09;14:00;0;1005,3;1005,3;1004,7;573,7;22,9;21;22,9;22,1;21,3;20,6;93;88;89;188;5,7;2,3;
2012-06-09;15:00;,2;1005,1;1005,4;1005;692,9;23;21,4;23,2;22,8;21,5;20,8;92;88;91;180;4,8;1,7;
2012-06-09;16:00;0;1004,7;1005,1;1004,7;783,8;23,6;21,6;23,6;23;21,9;21,1;91;86;88;175;3,3;,7;
2012-06-09;17:00;,4;1004,2;1004,8;1004,2;675,3;23,7;21,7;23,9;23,4;22,1;20,9;91;85;88;181;2,2;,9;
2012-06-09;18:00;0;1003,3;1004,2;1003,3;730,9;24,4;22;24,9;23,6;22,1;21,2;89;82;87;166;1,6;,6;
2012-06-09;19:00;0;1001,9;1003,3;1001,9;817,2;25,2;22,1;25,3;24,1;22,5;21,4;88;81;83;184;2,1;,8;
2012-06-09;20:00;0;1001,6;1001,9;1001,6;522;24,6;21,9;25,2;24,3;22,5;21,5;87;82;85;178;3;1,6;
2012-06-09;21:00;0;1001,7;1001,7;1001,5;342,6;24,5;22,4;24,9;24,4;22,4;21,5;88;82;88;191;2,7;,7;
2012-06-09;22:00;0;1001,8;1001,8;1001,7;105,6;23,4;21,9;24,6;23,4;22,6;21,5;91;85;91;222;5,1;1,1;
2012-06-09;23:00;0;1001,9;1002;1001,8;3,2;23,1;22;23,4;23,1;22;21,8;94;91;94;278;2;,3;
2012-06-10;00:00;0;1002,4;1002,4;1001,9;-9999;23,1;21,9;23,1;23;22,1;21,8;94;93;93;271;1;,3;
2012-06-10;01:00;0;1003,3;1003,3;1002,4;-9999;23;21,9;23,1;23;22;21,7;93;92;93;305;1,4;,3;
2012-06-10;02:00;0;1003,6;1003,7;1003,3;-9999;22,9;22;23,1;22,9;22;21,8;95;93;94;287;1,4;,3;
2012-06-10;03:00;0;1003,7;1003,7;1003,5;-9999;23;21,6;23,1;22,9;22;21,6;94;92;92;219;2,4;1,3;
2012-06-10;04:00;0;1003,4;1003,7;1003,4;-9999;22,8;21,6;23,1;22,8;21,7;21,5;93;91;93;223;3,7;1,4;
2012-06-10;05:00;0;1003,1;1003,4;1003,1;-9999;22,6;21,5;22,8;22,6;21,7;21,4;94;93;93;244;3,4;,8;
2012-06-10;06:00;0;1002,9;1003,2;1002,9;-9999;22,6;21,4;22,6;22,6;21,6;21,3;94;92;93;239;3,7;,9;
2012-06-10;07:00;0;1002,6;1002,9;1002,5;-9999;22,4;21,3;22,6;22,4;21,5;21,2;94;92;94;272;3;,8;
2012-06-10;08:00;0;1002,5;1002,6;1002,3;-9999;22,3;21,2;22,4;22,3;21,3;21,1;94;93;93;234;3,8;1;
2012-06-10;09:00;0;1002,7;1002,7;1002,4;-9999;22,2;21;22,3;22,2;21,3;21;94;93;93;260;3,2;,7;
2012-06-10;10:00;2,2;1003,4;1003,4;1002,7;-9999;21,8;21,1;22,2;21,8;21,1;20,9;95;93;95;281;3,4;,9;
2012-06-10;11:00;0;1003,9;1003,9;1003,4;15,6;22;21,1;22;21,8;21,3;21;96;95;95;219;3,1;1,4;
2012-06-10;12:00;0;1004,6;1004,7;1003,8;150,6;22,2;21,1;22,3;22;21,4;21;95;93;94;215;4;1,9;
2012-06-10;13:00;0;1005,1;1005,1;1004,6;487,6;23,4;21,8;23,4;22,2;21,8;21,1;94;90;91;219;4;1,7;
2012-06-10;14:00;0;1005,3;1005,4;1005;641,4;23,6;21,5;23,8;22,8;22,1;21;92;86;88;232;4;1,3;
2012-06-10;15:00;0;1005,2;1005,5;1005,2;895,5;24,3;21,6;24,7;23,6;22;21;88;82;85;245;3,8;1,4;
2012-06-10;16:00;0;1005;1005,2;1004,9;963,4;24,7;21,7;25,2;24,3;22,3;21,2;86;80;83;226;3,2;1,1;
2012-06-10;17:00;0;1004,3;1005;1004,3;976;25,6;21,9;25,6;24,5;22,3;21,3;85;79;80;214;3,2;1,1;
2012-06-10;18:00;0;1003,4;1004,3;1003,4;1343,9;26,2;21,8;26,4;25,5;22,4;21,2;81;74;77;229;2,5;1;
2012-06-10;19:00;0;1002,7;1003,4;1002,6;1091,1;25,7;22,3;27,1;25,7;22,5;21,2;82;74;82;171;2,9;1,4;
2012-06-10;20:00;0;1002;1002,7;1002;1150,5;26,3;22,4;26,5;25,7;23;21,9;84;77;79;196;3,5;1,4;
2012-06-10;21:00;0;1001,5;1002;1001,5;1013;27,3;22,4;27,3;26,3;22,9;22,1;80;74;75;246;3,3;,6;
2012-06-10;22:00;0;1001,9;1001,9;1001,5;522,2;26,4;22,6;27,7;26,4;23;21,9;81;72;79;126;1,7;,4;
2012-06-10;23:00;0;1002,2;1002,2;1001,9;30,4;24,6;22,5;26,4;24,6;23,3;22,5;88;80;88;179;1,6;,2;
2012-06-11;00:00;0;1003,1;1003,1;1002,2;-9999;23,9;22,9;24,6;23,8;23,1;22,5;94;88;94;54;1;,7;
2012-06-11;01:00;0;1003,6;1003,6;1003,1;-9999;23,4;22,5;24;23,4;23;22,5;95;94;95;105;1,1;,2;
2012-06-11;02:00;0;1003,8;1003,8;1003,5;-9999;23;22,2;23,4;22,8;22,6;22;96;95;95;42;1,5;1;
2012-06-11;03:00;0;1004,2;1004,2;1003,8;-9999;22,8;22,1;23;22,6;22,2;21,8;96;95;96;77;1,5;,3;
2012-06-11;04:00;0;1004;1004,3;1004;-9999;22,5;21,7;22,8;22,4;22,1;21,7;96;95;96;40;,9;,3;
2012-06-11;05:00;0;1003,3;1004;1003,3;-9999;22,4;21,6;22,6;22,3;21,8;21,5;96;95;96;292;1,2;,3;
2012-06-11;06:00;0;1003;1003,3;1003;-9999;22,2;21,5;22,4;22;21,7;21,2;96;95;96;323;1;,4;
2012-06-11;07:00;0;1002,9;1003;1002,8;-9999;22,2;21,5;22,2;22;21,5;21,3;96;96;96;46;1,4;,9;
2012-06-11;08:00;0;1002,8;1002,9;1002,7;-9999;22,4;21,7;22,5;22,2;21,8;21,5;96;96;96;159;1,4;,1;
2012-06-11;09:00;0;1002,9;1002,9;1002,8;-9999;22,5;21,8;22,5;22,3;21,8;21,6;96;96;96;25;,9;,3;
2012-06-11;10:00;,2;1003;1003,1;1002,9;-9999;22,6;21,9;22,6;22,4;21,9;21,8;96;96;96;279;,6;,3;
2012-06-11;11:00;0;1003;1003,2;1002,9;31,9;23,1;22,5;23,2;22,6;22,5;21,9;96;96;96;252;1,8;,6;
2012-06-11;12:00;0;1004,1;1004,1;1003;207,3;23,4;22,5;23,4;23,1;22,6;22,4;96;94;94;207;2,2;,8;
2012-06-11;13:00;0;1004,4;1004,4;1004,1;187;23,8;22,7;23,8;23,4;22,7;22,3;95;93;94;205;2,7;1,5;
2012-06-11;14:00;0;1004,4;1004,6;1004,3;573,9;24,6;22,9;24,7;23,8;23,1;22,6;94;90;90;197;4,5;2,5;
2012-06-11;15:00;0;1003,9;1004,5;1003,9;1495,6;26,6;23,2;26,6;24,6;23,3;22,4;91;79;81;222;4,5;1,5;
2012-06-11;16:00;0;1003,2;1003,9;1003,2;2310;27,4;22,2;27,6;26,5;23,5;22,2;82;73;73;210;4,1;1,2;
2012-06-11;17:00;0;1002;1003,2;1002;2899,4;29,1;22,8;29,1;27,4;23,6;22;75;68;69;258;3,9;1,3;
2012-06-11;18:00;0;1001,1;1002;1001,1;2690,6;28,7;23,2;29,4;27,8;23,9;21,7;77;65;72;216;5;2,3;
2012-06-11;19:00;0;999,9;1001,1;999,9;2636,4;29,1;23,1;29,8;28,1;23,6;22,3;75;66;70;198;6;2,9;
2012-06-11;20:00;2,4;999,9;1000,2;999,8;674,8;24,6;23,2;29,3;24,6;23,7;22,3;92;68;91;36;5,5;1,7;
2012-06-11;21:00;1,2;1000;1000;999,7;207,1;24,9;23,7;25;24,4;23,9;23,1;94;91;93;213;3,8;,5;
2012-06-11;22:00;0;1000,2;1000,2;999,9;210,4;25,2;24,1;25,3;24,8;24,1;23,6;94;92;94;284;2;,5;
2012-06-11;23:00;0;1000,8;1000,8;1000,2;18,4;24,9;23,9;25,2;24,9;24,1;23,9;94;93;94;244;1,7;,5;
2012-06-12;00:00;0;1001,4;1001,4;1000,8;-9999;24,5;23,4;24,9;24,5;23,9;23,4;94;92;93;270;3;,4;
2012-06-12;01:00;0;1002,5;1002,5;1001,4;-9999;24,4;23,2;24,6;24,3;23,5;23,1;94;93;93;220;1,4;,5;
2012-06-12;02:00;0;1002,6;1002,7;1002,5;-9999;24,2;23,3;24,4;24,1;23,4;23,1;95;93;95;257;1,5;,3;
2012-06-12;03:00;0;1002,8;1002,8;1002,6;-9999;24;23;24,3;24;23,4;23;95;93;94;358;2,1;,4;
2012-06-12;04:00;1,2;1003;1003,1;1002,8;-9999;23,6;22,6;24;23,6;23,3;22,6;95;94;94;154;5,9;1,9;
2012-06-12;05:00;,2;1002,5;1003;1002,5;-9999;23,3;22,3;23,6;23,3;22,6;22,3;94;93;94;174;4,7;1,2;
2012-06-12;06:00;0;1001,8;1002,5;1001,8;-9999;23,2;22,3;23,3;23,2;22,4;22,2;95;94;95;257;2,2;,5;
2012-06-12;07:00;0;1001,6;1001,9;1001,6;-9999;23,1;22,2;23,3;23,1;22,4;22,2;95;94;95;272;2;,6;
2012-06-12;08:00;0;1001,7;1001,8;1001,6;-9999;23;22,1;23,1;23;22,3;22,1;95;95;95;282;3;,3;
2012-06-12;09:00;0;1002;1002;1001,7;-9999;23;22,1;23,1;22,9;22,2;22,1;95;95;95;245;1,9;,5;
2012-06-12;10:00;0;1002,5;1002,5;1002;-9999;23;22,1;23;22,9;22,2;22;95;94;95;208;3,2;,9;
2012-06-12;11:00;1,4;1002,6;1002,7;1002,4;42,1;23,2;22,4;23,2;23;22,4;22,1;95;95;95;224;2,7;,9;
2012-06-12;12:00;,2;1003,4;1003,4;1002,6;390,1;24;22,8;24;23,1;22,8;22,3;95;93;93;304;2,2;,5;
2012-06-12;13:00;0;1004,1;1004,1;1003,4;554,7;24,6;22,7;24,6;23,9;23;22,3;93;87;89;205;1,6;,4;
2012-06-12;14:00;0;1004;1004,2;1004;1384,9;25,8;22,9;26,9;24,4;23,6;22,1;90;78;84;216;2,4;1,4;
2012-06-12;15:00;0;1003,3;1004;1003,3;1463,8;26,9;22,8;27,4;25,7;23,5;22;85;75;78;273;2,4;,8;
2012-06-12;16:00;0;1002,5;1003,3;1002,5;1864,2;26,8;23,1;28;26,6;23,6;22,3;83;73;80;212;3,8;1,2;
2012-06-12;17:00;,6;1002,2;1002,5;1002;1013,4;25,1;23,1;27,5;25,1;23,9;22,7;90;76;89;112;4,6;,9;
2012-06-12;18:00;14,8;1001,8;1002,5;1001,8;191,6;23,3;22,6;25,1;23;23,2;21,8;96;88;95;267;5,6;,8;
2012-06-12;19:00;0;1000,4;1001,8;1000,4;666,5;24,4;23,3;24,4;23,3;23,3;22,5;96;92;94;335;2,3;,6;
2012-06-12;20:00;0;999,5;1000,4;999,5;1189,1;26,1;23,4;26,1;24,4;23,6;22,6;94;83;86;49;1,9;,6;
2012-06-12;21:00;0;999,5;999,5;999,4;945,3;26;23,3;26,5;25,8;23,8;22,7;88;82;85;310;2,6;1,1;
2012-06-12;22:00;0;999,9;999,9;999,5;311,4;25,2;23,3;26;25,2;23,7;23;90;84;89;334;2,3;,7;
2012-06-12;23:00;0;1000,4;1000,5;999,8;21,5;24,4;23,1;25,2;24,4;23,5;23,1;93;89;92;320;1,3;,6;
2012-06-13;00:00;0;1001;1001;1000,5;-9999;23,6;22,7;24,4;23,6;23,3;22,7;94;92;94;41;1,3;,7;
2012-06-13;01:00;0;1002,1;1002,1;1001;-9999;23,7;22,9;23,8;23,5;23;22,7;96;94;95;91;1,3;,4;
2012-06-13;02:00;0;1002,6;1002,7;1002,1;-9999;23,7;22,9;23,7;23,6;22,9;22,8;95;95;95;59;1,4;,3;
2012-06-13;03:00;0;1002,6;1002,7;1002,5;-9999;23,7;22,8;23,8;23,6;23,1;22,8;95;95;95;315;1;,3;
2012-06-13;04:00;0;1002,5;1002,7;1002,4;-9999;23,6;22,8;23,7;23,4;22,9;22,7;96;95;95;334;1,9;,7;
2012-06-13;05:00;0;1002,4;1002,5;1002,3;-9999;23,5;22,8;23,6;23,5;22,8;22,7;96;95;96;342;2,7;1,2;
2012-06-13;06:00;0;1002,2;1002,4;1002,2;-9999;23,6;22,8;23,6;23,5;22,9;22,8;96;96;96;4;3,4;,9;
2012-06-13;07:00;,4;1002;1002,3;1001,9;-9999;23,5;22,7;23,6;23,5;22,8;22,7;96;95;95;341;2;,3;
2012-06-13;08:00;0;1001,7;1002;1001,7;-9999;23,5;22,6;23,6;23,5;22,8;22,6;95;95;95;340;1,7;,7;
2012-06-13;09:00;0;1002,1;1002,1;1001,7;-9999;23,3;22,6;23,5;23,3;22,7;22,5;96;95;95;15;1,7;,6;
2012-06-13;10:00;0;1002,8;1002,8;1002,1;-9999;23,1;22,3;23,3;23,1;22,6;22,3;95;95;95;12;1,7;,7;
2012-06-13;11:00;0;1003,2;1003,2;1002,8;29,4;23,1;22,3;23,2;23;22,4;22,2;96;95;95;350;1,7;,8;
2012-06-13;12:00;0;1004;1004;1003,2;311,4;23,3;22,4;23,5;23,1;22,6;22,2;95;93;94;355;2,6;1,3;
2012-06-13;13:00;0;1004,6;1004,6;1004;677,2;25,2;22,7;25,3;23,4;23,2;22,3;94;86;86;356;2,9;1,2;
2012-06-13;14:00;0;1004,8;1004,9;1004,5;889,2;25,1;22,6;25,3;24,4;23,3;22,3;89;85;86;2;2,7;1,3;
2012-06-13;15:00;0;1004,6;1004,8;1004,6;1168,3;26,9;23,2;26,9;25,1;23,3;22,2;87;79;80;210;2,3;,5;
2012-06-13;16:00;0;1003,8;1004,6;1003,8;1974,7;28,2;23,2;28,7;26,9;24;22,1;81;69;74;311;1,8;,7;
2012-06-13;17:00;0;1002,8;1003,8;1002,8;2535,6;29,5;22,9;29,7;27,9;23,8;21,7;75;67;68;196;2,7;,8;
2012-06-13;18:00;0;1001,4;1002,8;1001,4;2635,2;30;22,1;30,4;28,6;23,9;21,7;71;62;63;84;3,4;1;
2012-06-13;19:00;0;1000,6;1001,4;1000,6;2216,3;30,4;22,8;30,9;29,6;23,5;21,6;68;59;64;150;3,8;,8;
2012-06-13;20:00;0;999,6;1000,6;999,6;1881,2;29,9;24,1;31,1;29,6;24,1;21,4;71;58;71;8;3,4;1;
2012-06-13;21:00;0;999,4;999,7;999,4;1063,7;28,6;23,5;30,2;28,3;24,4;22,9;76;69;74;5;4,6;1,7;
2012-06-13;22:00;0;999,7;999,8;999,4;397,5;26,5;23,5;28,7;26,5;24;23,4;84;74;84;341;4;1,5;
2012-06-13;23:00;0;1000,6;1000,6;999,7;12;25,1;23,3;26,5;25,1;23,7;23,1;90;84;89;12;3,9;,8;
2012-06-14;00:00;0;1001,3;1001,3;1000,6;-9999;24,6;23,3;25,3;24,5;23,5;23,1;93;89;92;340;1,7;,6;
2012-06-14;01:00;0;1002,1;1002,1;1001,3;-9999;24,1;23,1;24,8;24;23,4;23;94;92;94;353;1,9;,9;
2012-06-14;02:00;0;1002,8;1002,8;1002,1;-9999;24;22,9;24,3;23,9;23,2;22,9;94;94;94;337;2;,9;
2012-06-14;03:00;0;1003,4;1003,4;1002,8;-9999;23,6;22,7;24;23,6;22,9;22,7;95;94;95;355;2;,8;
2012-06-14;04:00;0;1003;1003,4;1003;-9999;23,4;22,6;23,7;23,2;22,8;22,3;95;95;95;229;1,9;,4;
2012-06-14;05:00;0;1002,8;1003,1;1002,8;-9999;23,4;22,6;23,5;23,1;22,7;22,2;96;95;95;335;2,1;,8;
2012-06-14;06:00;0;1002,6;1002,9;1002,6;-9999;23,2;22,2;23,4;23,1;22,6;22,2;96;94;94;359;2,6;1;
2012-06-14;07:00;0;1002;1002,6;1002;-9999;22,9;22,1;23,2;22,9;22,3;22;95;94;95;334;1,9;,8;
2012-06-14;08:00;0;1002;1002,2;1002;-9999;22,6;21,8;22,9;22,6;22,1;21,8;95;95;95;334;1,9;,4;
2012-06-14;09:00;0;1002,1;1002,2;1002;-9999;22,2;21,5;22,6;22,2;21,8;21,4;96;95;96;317;1,3;,5;
2012-06-14;10:00;0;1002,7;1002,7;1002,1;-9999;22,2;21,5;22,2;22,1;21,5;21,4;96;96;96;315;1,2;,6;
2012-06-14;11:00;0;1003,4;1003,4;1002,7;29,7;22,2;21,5;22,2;21,7;21,5;21;96;95;96;51;1,4;,6;
2012-06-14;12:00;0;1004,4;1004,4;1003,4;343,8;23,4;22,5;23,4;22,2;22,6;21,6;96;94;95;26;2,4;1;
2012-06-14;13:00;0;1005;1005;1004,4;1022,1;25,7;23;25,7;23,4;23,3;22,5;95;85;85;354;3,9;1,3;
2012-06-14;14:00;0;1004,9;1005;1004,8;1497;27,1;23,1;27,3;25,3;23,5;22,6;87;78;79;352;5,5;2,5;
2012-06-14;15:00;0;1005,3;1005,3;1004,9;1237,8;27;23,1;27,6;26,4;23,4;22,5;82;75;79;338;5,5;1;
2012-06-14;16:00;0;1004,6;1005,3;1004,6;2017,3;29,1;23,9;29,6;26,9;24,2;21,9;80;66;74;331;4,1;1;
2012-06-14;17:00;,8;1003,7;1004,6;1003,7;963,1;25,6;23,7;29,2;25,6;24;22,5;89;70;89;209;4,1;2;
2012-06-14;18:00;,2;1002,3;1003,7;1002,3;1770,1;28,7;23,6;29;25,6;24,9;23,5;92;73;74;244;4,1;1,3;
2012-06-14;19:00;0;1001,2;1002,3;1001,2;2004,8;28,9;23,1;29,9;28,3;24,7;22,4;77;64;71;237;3,5;,8;
2012-06-14;20:00;0;1000,4;1001,2;1000,4;2040;29,8;22,2;31,5;28,8;23,9;21,4;74;56;64;297;3,6;1,5;
2012-06-14;21:00;0;999,7;1000,4;999,7;1077,5;28;23,3;30,1;27,9;23,7;21,5;78;63;76;25;4,6;1,2;
2012-06-14;22:00;0;1000,7;1000,7;999,7;550;28,2;24,1;28,7;27,8;24,1;23;78;72;78;125;3,1;,9;
2012-06-14;23:00;,2;1001,5;1001,5;1000,7;53,1;26,5;23;28,1;26,4;24,6;23;90;76;81;133;4,8;1,1;
2012-06-15;00:00;0;1002,4;1002,4;1001,5;-9999;24,9;22;26,5;24,2;22,4;21,6;87;79;84;219;8,9;,8;
2012-06-15;01:00;,2;1003,6;1003,6;1002,4;-9999;24,2;22,6;24,9;23,9;22,7;21,8;91;84;91;317;5,1;,9;
2012-06-15;02:00;0;1004;1004;1003,6;-9999;23,4;22,4;24,2;23,4;22,8;22,3;94;91;94;90;2,3;,7;
2012-06-15;03:00;0;1004,1;1004,3;1003,9;-9999;23,4;22,4;23,5;23,2;22,7;22,3;95;94;94;299;1,6;,5;
2012-06-15;04:00;0;1003,6;1004,2;1003,5;-9999;23,1;22,3;23,3;23;22,4;22,1;95;94;95;7;1,6;,6;
2012-06-15;05:00;0;1003;1003,6;1003;-9999;22,9;22,1;23,1;22,8;22,3;21,9;96;95;95;339;1,5;,2;
2012-06-15;06:00;0;1002,6;1003,1;1002,5;-9999;22,4;21,6;22,9;22,4;22,1;21,6;96;95;95;60;1,8;,4;
2012-06-15;07:00;0;1002,4;1002,6;1002,3;-9999;22,5;21,8;22,8;22,4;22,1;21,6;96;95;96;42;1,2;,4;
2012-06-15;08:00;,2;1002,6;1002,6;1002,4;-9999;22,6;21,9;22,7;22,4;22;21,7;96;96;96;109;1,3;,3;
2012-06-15;09:00;0;1002,8;1002,8;1002,5;-9999;22,8;22,2;23;22,6;22,3;21,9;96;96;96;22;,7;,3;
2012-06-15;10:00;,6;1003,1;1003,1;1002,7;-9999;22,8;22,1;23,1;22,8;22,4;22,1;96;96;96;329;1,2;,5;
2012-06-15;11:00;0;1003,8;1003,8;1003,1;33,9;23;22,4;23;22,7;22,4;22;96;96;96;332;1,3;,4;
2012-06-15;12:00;0;1004,5;1004,5;1003,8;363,7;24,1;23,3;24,2;23;23,5;22,3;96;95;95;211;1,7;,7;
2012-06-15;13:00;0;1004,5;1004,7;1004,4;729,7;24,8;23,3;24,9;24,1;23,6;23;95;91;92;234;2,1;,8;
2012-06-15;14:00;0;1004,6;1005;1004,5;1705,9;26,3;23,3;26,6;24,8;23,9;23,2;93;83;83;225;3,5;1,7;
2012-06-15;15:00;0;1004,9;1005;1004,6;975,4;26,5;24,1;27,1;25,9;24,2;22,9;87;79;87;55;3,4;,4;
2012-06-15;16:00;0;1004,8;1005;1004,6;168,1;25,5;24,3;26,5;25,4;24,3;23,1;93;82;93;73;1,9;,6;
2012-06-15;17:00;6,6;1003,5;1004,8;1003,5;329,7;23,7;22,8;25,5;22,9;24,2;21,9;95;90;95;10;7,9;1;
2012-06-15;18:00;0;1002,3;1003,5;1002,3;1844,3;26,6;23,6;26,6;23,7;23,8;22,7;95;82;84;131;2,4;,6;
2012-06-15;19:00;0;1001,1;1002,3;1001,1;2714,8;28,2;23,1;28,9;26,7;24;22,1;84;70;74;128;1,9;,6;
2012-06-15;20:00;0;1000,4;1001,1;1000,4;1386,6;29;23,7;29;27,2;23,9;22,5;80;71;73;247;2,9;,9;
2012-06-15;21:00;0;1000,5;1000,6;1000,2;1390,1;28,6;22,9;29,2;28;24,4;22,3;76;69;72;298;3,2;,8;
2012-06-15;22:00;0;1001,2;1001,2;1000,5;440,4;27;23,8;29;27;23,8;22,7;83;70;83;318;3;,8;
2012-06-15;23:00;0;1001,7;1001,7;1001,2;17,5;25,2;23,5;27;25,2;24;23,4;90;83;90;261;2,2;,2;
2012-06-16;00:00;0;1002,9;1002,9;1001,7;-9999;24,2;23,3;25,2;24,2;23,6;23,2;94;90;94;135;1,3;,8;
2012-06-16;01:00;0;1003,5;1003,7;1002,9;-9999;23,9;23,1;24,3;23,8;23,4;22,9;95;94;95;346;1,3;,8;
2012-06-16;02:00;0;1003,8;1003,9;1003,5;-9999;23,4;22,5;24;23,4;23,2;22,5;95;94;95;66;1,6;,3;
2012-06-16;03:00;0;1004,2;1004,2;1003,8;-9999;23,3;22,4;23,5;23,2;22,7;22,4;96;95;95;244;,7;,3;
2012-06-16;04:00;0;1004,1;1004,2;1004;-9999;23;22,3;23,3;23;22,5;22,3;96;95;96;359;1,1;,5;
2012-06-16;05:00;0;1003,2;1004,2;1003,2;-9999;22,8;22,1;23,4;22,6;22,7;21,9;96;95;96;17;1,1;,6;
2012-06-16;06:00;0;1003,2;1003,2;1003;-9999;22,3;21,6;22,8;22,3;22,1;21,6;96;95;96;67;1;,6;
2012-06-16;07:00;0;1002,6;1003,2;1002,6;-9999;22,3;21,6;22,5;22,2;21,8;21,6;96;96;96;293;1,5;,6;
2012-06-16;08:00;,2;1002,4;1002,6;1002,1;-9999;21,8;21,1;22,3;21,7;21,6;21;96;96;96;49;1,8;1,2;
2012-06-16;09:00;0;1002,5;1002,6;1002,4;-9999;22;21,4;22,1;21,8;21,5;21,1;96;96;96;253;2;,4;
2012-06-16;10:00;0;1002,8;1002,8;1002,5;-9999;21,5;20,9;22;21,5;21,4;20,9;96;96;96;354;1,2;,6;
2012-06-16;11:00;0;1003,1;1003,1;1002,8;41,3;21,8;21,1;21,8;21,4;21,1;20,7;96;96;96;89;1,2;,2;
2012-06-16;12:00;0;1003,7;1003,7;1003,1;532,5;23,6;22,3;23,6;21,8;22,4;21,2;96;93;93;343;1,8;1,1;
2012-06-16;13:00;0;1004,4;1004,4;1003,7;1151,8;25,5;22,8;26;23,6;23,1;22,2;93;83;85;236;2;,8;
2012-06-16;14:00;0;1004,6;1004,6;1004,4;1878,1;26,8;22,9;26,9;25,2;23,7;22,3;86;79;80;208;2,9;1,5;
2012-06-16;15:00;0;1004,6;1004,8;1004,5;2649,4;29;22,6;29,1;26,8;23,6;21,9;79;68;68;21;2,8;,9;
2012-06-16;16:00;0;1003,9;1004,6;1003,9;3085,3;30,7;23,4;31,1;28,8;24,2;22,2;71;62;65;127;2,8;,8;
2012-06-16;17:00;0;1002,8;1003,9;1002,8;2268;30,4;22,6;30,7;29,3;23,8;21,8;71;61;63;189;4,9;1,9;
2012-06-16;18:00;0;1001,3;1002,8;1001,3;2981,1;31,5;22;32,1;30,4;23,6;21;65;53;57;138;5,8;1,5;
2012-06-16;19:00;0;1000,3;1001,3;1000,3;2158,1;31,4;24,1;32,2;30,4;24,1;21,7;67;56;65;129;4,9;,9;
2012-06-16;20:00;0;999,3;1000,3;999,3;1779,8;26,3;17,5;32;26,2;24,1;16,6;65;55;59;118;3,5;,9;
2012-06-16;21:00;0;999,1;999,4;999,1;1269,6;27,2;19,5;27,2;25;19,6;16,1;65;56;63;87;3,1;,8;
2012-06-16;22:00;0;999,5;999,5;999,1;463,8;26,5;21,4;27,4;26,5;21,6;18,7;74;61;74;49;2,1;1,1;
2012-06-16;23:00;0;1000,7;1000,8;999,5;19,2;24,4;21,2;26,5;24,2;23,3;20,6;83;71;82;165;8,6;1;
2012-06-17;00:00;0;1001,4;1001,5;1000,7;-9999;23,8;21,9;24,5;23,8;22,5;21,2;91;82;89;20;2;,3;
2012-06-17;01:00;0;1002,2;1002,2;1001,3;-9999;23,5;22,4;24;23,5;22,5;22;94;89;94;62;1,5;1,2;
2012-06-17;02:00;0;1002,3;1002,5;1002,2;-9999;23,5;22,4;23,7;23,4;22,7;22,3;94;93;94;314;1,7;,7;
2012-06-17;03:00;0;1002,9;1003;1002,3;-9999;23,2;22,3;23,5;23;22,6;22,1;95;93;95;9;1,7;,4;
2012-06-17;04:00;0;1002,7;1003,2;1002,7;-9999;23,1;22,3;23,4;22,8;22,6;21,9;96;94;96;335;1,5;,8;
2012-06-17;05:00;0;1002,5;1002,7;1002,4;-9999;22,6;21,7;23,1;22,6;22,3;21,7;96;95;95;28;1,5;,7;
2012-06-17;06:00;0;1002;1002,5;1002;-9999;22,5;21,7;22,7;22,4;22;21,7;96;95;95;111;1,6;,5;
2012-06-17;07:00;0;1001,6;1002;1001,5;-9999;22,4;21,7;22,7;22,3;22;21,5;96;95;96;85;1,1;,4;
2012-06-17;08:00;0;1001,6;1001,7;1001,5;-9999;22,5;21,8;22,7;22,2;22;21,5;96;95;96;76;1,8;,6;
2012-06-17;09:00;0;1001,8;1001,8;1001,6;-9999;22,8;22,1;22,9;22,5;22,2;21,8;96;96;96;318;1;,6;
2012-06-17;10:00;0;1001,9;1002;1001,7;-9999;22,4;21,6;22,8;22,4;22,1;21,6;96;95;96;32;1,9;,6;
2012-06-17;11:00;0;1002,4;1002,4;1001,8;43,4;22,6;22;22,6;22,2;22;21,4;96;95;96;73;1,6;,3;
2012-06-17;12:00;0;1003,8;1003,8;1002,4;552,8;24,6;22,6;24,6;22,7;22,8;21,8;96;89;89;210;1,4;,5;
2012-06-17;13:00;0;1004,8;1004,8;1003,8;943,8;25,9;23;25,9;24,5;23,2;22,1;89;82;84;163;1,3;,5;
2012-06-17;14:00;0;1005,2;1005,3;1004,8;1245,1;26,8;22,4;26,8;25,7;23,4;22,1;85;77;77;250;2;,6;
2012-06-17;15:00;0;1005;1005,2;1005;1707,5;28,6;23,5;28,6;26,7;23,7;22,3;79;74;74;282;2,2;,8;
2012-06-17;16:00;6,2;1004;1005;1004;917,7;25,1;23,6;29,1;25;24,9;23,3;93;73;92;102;5,4;1,2;
2012-06-17;17:00;0;1003;1004;1002,9;2219,1;28;24;28;25;24,5;23;92;79;79;183;3,7;,9;
2012-06-17;18:00;0;1001,9;1002,9;1001,9;2467,4;28,4;22,6;29,9;28;25,2;22,6;82;69;71;188;3,8;1,8;
2012-06-17;19:00;,2;1000,1;1001,9;1000,1;2160;25,8;21,4;28,4;24,9;22,8;20,4;80;67;77;215;10,3;2,6;
2012-06-17;20:00;0;1000,5;1000,5;999,6;1830,4;25,9;21,3;26,9;25,8;21,9;20,1;78;68;76;305;5;1;
2012-06-17;21:00;0;1000,3;1000,8;1000,3;59,6;24,4;22,7;25,9;24,4;22,8;21,4;90;76;90;336;5;1,9;
2012-06-17;22:00;0;1000,6;1000,6;999,9;46,7;24,3;23;24,5;24,3;23,1;22,6;93;90;92;332;3,9;,6;
2012-06-17;23:00;0;1000,8;1001,1;1000,6;7;24,1;22,9;24,4;24,1;23,3;22,9;94;92;93;133;1,5;,4;
2012-06-18;00:00;0;1001,7;1001,7;1000,8;-9999;23,7;22,7;24,1;23,7;23,1;22,7;95;93;94;36;1,4;,7;
2012-06-18;01:00;0;1002,5;1002,6;1001,7;-9999;23,6;22,8;23,9;23,6;23,1;22,7;95;94;95;7;2,7;,9;
2012-06-18;02:00;0;1003,3;1003,3;1002,5;-9999;23,4;22,5;23,6;23,3;22,8;22,4;96;95;95;329;1,9;,5;
2012-06-18;03:00;0;1003,6;1003,6;1003,3;-9999;23,5;22,7;23,5;23,4;22,7;22,5;95;95;95;168;1,1;,6;
2012-06-18;04:00;0;1003,7;1003,7;1003,6;-9999;23,1;22,3;23,5;23,1;22,7;22,3;96;95;95;352;1,5;,6;
2012-06-18;05:00;0;1002,7;1003,7;1002,7;-9999;22,9;22,2;23,1;22,9;22,4;22,2;96;95;95;8;1,7;,5;
2012-06-18;06:00;0;1002,2;1002,7;1002,1;-9999;22,9;22,2;23;22,8;22,3;22,1;96;95;96;122;2;,4;
2012-06-18;07:00;0;1001,6;1002,2;1001,6;-9999;22,8;22,2;22,9;22,8;22,3;22,1;96;96;96;29;1,9;,9;
2012-06-18;08:00;0;1001,5;1001,8;1001,5;-9999;22,6;22;22,8;22,6;22,2;22;96;96;96;328;2,5;1,3;
2012-06-18;09:00;0;1001,7;1001,8;1001,5;-9999;22,7;22;22,7;22,6;22,1;21,9;96;96;96;313;2,6;1;
2012-06-18;10:00;0;1002,5;1002,5;1001,7;-9999;22,6;22;22,7;22,5;22;21,9;96;96;96;43;2,5;1;
2012-06-18;11:00;0;1002,8;1002,8;1002,4;27,8;22,5;21,9;22,7;22,4;22;21,8;96;96;96;76;2,3;1;
2012-06-18;12:00;0;1003,6;1003,6;1002,8;331,8;23,1;22;23,1;22,5;22,1;21,8;96;94;94;152;1,9;,6;
2012-06-18;13:00;0;1004,1;1004,1;1003,6;996,6;24,2;22,1;24,3;22,9;22,7;21,4;94;86;88;45;2,7;1,3;
2012-06-18;14:00;0;1004,3;1004,4;1004;1434;25,6;22;25,7;24,1;22,4;21,3;88;81;81;14;3,4;1,5;
2012-06-18;15:00;0;1004,4;1004,4;1004,2;2197;27,7;22,3;28;25,5;23,3;22;83;72;73;12;4,9;1,8;
2012-06-18;16:00;0;1003,8;1004,4;1003,8;2742,6;29,3;24,1;29,3;27,7;24,1;22,6;76;68;74;359;5,1;1,9;
2012-06-18;17:00;0;1002,9;1003,8;1002,9;2236,5;29,3;23,5;30;28,8;24,2;22,6;74;67;71;9;5,2;1,9;
2012-06-18;18:00;0;1001,7;1002,9;1001,7;2832,9;30;21,8;30,1;29;23,5;21,6;71;61;62;24;4,9;2,4;
2012-06-18;19:00;0;1000,7;1001,7;1000,7;2354,4;29,8;22,5;31,1;29,7;23,1;21,5;66;58;65;345;4,9;1,8;
2012-06-18;20:00;0;1000,4;1000,7;1000,4;1797;30;21,7;31,2;29,5;23,2;21,4;68;57;61;25;4,2;1,3;
2012-06-18;21:00;0;1000,1;1000,4;999,7;1121,8;29,6;21,8;30,8;29,4;22,8;21,3;67;58;63;3;3,8;1,7;
2012-06-18;22:00;0;1000,3;1000,3;999,8;134,1;27,2;23,9;29,6;27,2;23,9;21,7;82;63;82;59;3,7;,9;
2012-06-18;23:00;1;1001,3;1001,3;1000,3;1,9;26;24,7;27,2;26;25;24;93;82;93;76;2,9;,9;
2012-06-19;00:00;1;1001,8;1001,8;1001,1;-9999;24,9;23,8;26,2;24,9;25,1;23,7;94;92;93;100;3,5;,6;
2012-06-19;01:00;0;1002,8;1002,8;1001,8;-9999;24,6;23,7;25;24,6;24,1;23,7;95;93;95;153;1,8;,7;
2012-06-19;02:00;0;1002,6;1003,1;1002,6;-9999;24,3;23,5;24,7;24,3;23,9;23,5;95;95;95;101;2,7;,5;
2012-06-19;03:00;0;1002,7;1002,8;1002,6;-9999;24;23,1;24,3;23,9;23,5;23;95;94;95;299;1,4;,5;
2012-06-19;04:00;,2;1003,2;1003,2;1002,7;-9999;23,5;22,7;24;23,5;23,2;22,7;95;95;95;104;1,3;,7;
2012-06-19;05:00;0;1002,7;1003,2;1002,7;-9999;23,6;22,9;23,7;23,4;22,9;22,6;96;95;96;242;1,4;,8;
2012-06-19;06:00;0;1002;1002,7;1002;-9999;23,1;22,3;23,6;23,1;22,9;22,3;96;95;95;61;1,4;,2;
2012-06-19;07:00;0;1001,4;1002;1001,4;-9999;22,7;22;23,1;22,7;22,3;22;96;95;96;354;1,2;,7;
2012-06-19;08:00;0;1001,1;1001,4;1001,1;-9999;22,5;21,8;22,7;22,3;22;21,7;96;96;96;102;1,3;,3;
2012-06-19;09:00;0;1001,4;1001,4;1001;-9999;22,4;21,7;22,5;22,2;21,9;21,5;96;96;96;20;1,9;,9;
2012-06-19;10:00;0;1001,9;1001,9;1001,3;-9999;22,1;21,4;22,4;22;21,7;21,4;96;96;96;4;1,8;,6;
2012-06-19;11:00;0;1002,5;1002,5;1001,9;27,7;22,3;21,7;22,3;21,9;21,7;21,3;96;96;96;97;2,1;,4;
2012-06-19;12:00;0;1003,4;1003,4;1002,5;561;23,8;22,4;23,9;22,3;23;21,7;96;92;92;41;1,3;,6;
2012-06-19;13:00;0;1004,1;1004,1;1003,4;764,6;24,8;22,4;24,8;23,8;23,2;22,2;94;87;87;204;1,7;,5;
2012-06-19;14:00;0;1004,3;1004,5;1004,1;1559,4;26,5;23,3;26,6;24,6;23,3;21;89;77;83;145;2,4;,9;
2012-06-19;15:00;0;1004;1004,3;1004;2208,3;27,5;22,8;27,9;26,4;23,8;22,4;83;74;76;226;3,3;1,2;
2012-06-19;16:00;0;1003,6;1004;1003,6;2904,1;29,4;23,4;29,6;27,5;23,9;22,3;77;68;70;232;3,2;1,2;
2012-06-19;17:00;0;1002,8;1003,6;1002,8;2840,4;29,7;23;30,5;29,3;24,2;22,3;73;64;67;209;3,8;1,2;
2012-06-19;18:00;0;1002;1002,8;1002;1605,8;29,6;21,6;29,8;29,1;23,2;21,4;70;62;62;260;3;,7;
2012-06-19;19:00;0;1000,8;1002;1000,8;1645,2;29,6;22,8;31,2;29,2;23,3;21,9;70;59;67;236;3,2;,8;
2012-06-19;20:00;0;999,9;1000,8;999,9;1424,9;30,8;23,2;30,8;29,6;23,8;21,7;70;59;64;257;2,6;,9;
2012-06-19;21:00;0;999,3;999,9;999,3;1317,2;30,8;22;31,3;30,5;23,4;21,3;66;56;60;198;2,8;1,7;
2012-06-19;22:00;0;999,4;999,4;999,2;507,5;30,1;23,6;30,9;30,1;23,9;21,8;69;59;68;171;2,8;,5;
2012-06-19;23:00;0;999,8;999,8;999,3;20,3;27,6;25,1;30,1;27,6;25,1;23,2;87;68;87;229;1;,2;
2012-06-20;00:00;0;1001;1001;999,8;-9999;26,1;24,7;27,6;26,1;25,2;24,6;92;87;92;78;,9;,5;
2012-06-20;01:00;0;1001,9;1001,9;1001;-9999;25,4;24,2;26,1;25,4;24,7;24,1;93;92;93;34;1,2;,2;
2012-06-20;02:00;0;1002,4;1002,4;1001,9;-9999;25;24;25,4;25;24,1;23,9;94;93;94;200;1;,5;
2012-06-20;03:00;0;1002,8;1002,8;1002,3;-9999;24,7;23,9;25;24,5;24;23,5;95;94;95;346;,9;,4;
2012-06-20;04:00;0;1003;1003,1;1002,8;-9999;24,1;23,1;24,8;24,1;23,8;23,1;95;94;94;135;1;,3;
2012-06-20;05:00;0;1002,7;1003,1;1002,7;-9999;23,9;23;24,4;23,9;23,7;23;95;94;95;101;,9;,6;
2012-06-20;06:00;0;1002,2;1002,7;1002,2;-9999;24;23,2;24;23,7;23,3;22,9;96;95;96;360;1,1;,1;
2012-06-20;07:00;0;1001,8;1002,2;1001,6;-9999;23,6;22,9;24;23,5;23,2;22,7;96;95;95;148;1,1;,6;
2012-06-20;08:00;0;1001,7;1001,8;1001,5;-9999;23,6;22,8;24,1;23,6;23,4;22,7;96;95;95;315;1,3;,6;
2012-06-20;09:00;0;1001,5;1001,7;1001,4;-9999;23,3;22,6;23,8;23,2;23,1;22,4;96;95;95;84;1;,4;
2012-06-20;10:00;0;1001,8;1001,8;1001,5;-9999;23,2;22,4;23,4;23,2;22,7;22,4;96;95;95;188;1,2;,5;
2012-06-20;11:00;0;1002,5;1002,5;1001,8;35,9;23,6;22,8;23,6;23,2;22,8;22,4;96;95;95;245;1,4;,6;
2012-06-20;12:00;0;1003,2;1003,2;1002,5;455,6;24,9;23;24,9;23,6;23,3;22,8;95;89;90;213;3;1,7;
2012-06-20;13:00;0;1004,1;1004,1;1003,2;1080,6;26,2;23,3;26,2;24,8;23,4;22,7;90;84;84;208;3,4;1;
2012-06-20;14:00;0;1004,2;1004,2;1004;1130,7;27,6;23,5;27,7;26,1;23,7;22,6;85;77;78;184;3,5;1,7;
2012-06-20;15:00;0;1003,9;1004,4;1003,9;1726,8;29,3;23,4;29,4;27,4;23,8;22,7;80;69;71;215;3,5;1,1;
2012-06-20;16:00;0;1002,8;1003,9;1002,8;2460,8;30,2;22,9;30,3;29,2;24;22;73;62;65;158;4,4;2;
2012-06-20;17:00;0;1001,5;1002,8;1001,5;2870,1;31,3;22,8;31,8;30,1;24;22,1;67;59;61;149;4,8;1,5;
2012-06-20;18:00;0;1000,1;1001,5;1000,1;2997,1;32,6;21,7;32,7;31,3;23,6;21,2;62;52;53;98;5,5;1,5;
2012-06-20;19:00;0;999,1;1000,1;999,1;2673,1;33,2;21,5;33,7;32,3;23,9;20,8;59;49;50;125;5,3;1,3;
2012-06-20;20:00;0;998,8;999,1;998,5;2163,2;32,9;21,9;33,4;32,5;23,1;20,9;57;49;53;96;4,7;1,2;
2012-06-20;21:00;0;998,4;999;998,4;1136,4;31,9;21,5;32,9;31,1;23,2;20,7;63;51;54;114;4,1;1,1;
2012-06-20;22:00;0;998,7;998,8;998,4;228,1;27,5;23,2;31,9;27,5;23,2;20,5;78;51;78;8;5,3;1,2;
2012-06-20;23:00;0;999,9;999,9;998,7;25;26,4;23,5;27,5;26,3;23,7;23;85;77;84;232;3,7;,9;
2012-06-21;00:00;0;1000,7;1000,7;999,9;-9999;25,4;23,7;26,4;25,4;23,9;23,4;90;84;90;310;3,2;,5;
2012-06-21;01:00;0;1001,5;1001,5;1000,7;-9999;24,8;23,6;25,5;24,8;23,8;23,4;93;90;93;121;2,3;,4;
2012-06-21;02:00;0;1001,5;1001,5;1001,2;-9999;24,3;23,2;24,9;24,3;23,8;23,2;94;93;94;105;1,7;,3;
2012-06-21;03:00;0;1001,6;1001,7;1001,5;-9999;23,8;22,9;24,3;23,8;23,3;22,9;95;94;94;182;1,1;,4;
2012-06-21;04:00;0;1002;1002,1;1001,6;-9999;23,7;22,7;24;23,6;23,1;22,7;95;94;94;351;2,6;1;
2012-06-21;05:00;0;1001,9;1002;1001,8;-9999;23,4;22,5;23,9;23,4;23;22,4;95;94;95;355;2,3;,5;
2012-06-21;06:00;0;1001,6;1001,9;1001,6;-9999;23;22,2;23,4;23;22,6;22,2;96;95;95;40;1;,3;
2012-06-21;07:00;0;1001,4;1001,6;1001,3;-9999;22,8;22,1;23;22,7;22,2;21,9;96;95;96;312;1;,2;
2012-06-21;08:00;0;1001,3;1001,5;1001,3;-9999;22,5;21,7;22,9;22,5;22,1;21,6;96;95;96;327;,9;,3;
2012-06-21;09:00;0;1001,7;1001,7;1001,3;-9999;22,4;21,8;22,6;22,2;22;21,5;96;95;96;341;1,3;,5;
2012-06-21;10:00;,2;1002,3;1002,3;1001,7;-9999;22,2;21,6;22,4;21,9;21,8;21,2;96;95;96;360;1,4;,6;
2012-06-21;11:00;0;1002,8;1002,8;1002,2;32,7;22,3;21,8;22,9;22,1;22,4;21,5;97;96;97;51;1,4;,8;
2012-06-21;12:00;0;1003,7;1003,7;1002,8;554;24,2;22,5;24,2;22,3;23,5;21,9;97;90;90;354;2,2;1,1;
2012-06-21;13:00;0;1004;1004;1003,7;1279,9;26,5;23,2;26,6;24,2;23,8;22,4;90;82;82;325;2,5;,9;
2012-06-21;14:00;0;1004,2;1004,3;1004;2112,2;28,1;23,8;28,1;26,4;23,8;22,4;83;75;77;309;2,9;1;
2012-06-21;15:00;0;1003,9;1004,3;1003,9;2725,4;30,3;23,4;30,3;28,1;24,2;22,8;77;66;67;46;3,2;1;
2012-06-21;16:00;0;1003,2;1003,9;1003,2;2753,6;31,1;23,4;31,2;30;24,5;22,5;70;63;64;246;2,9;1,1;
2012-06-21;17:00;0;1002,3;1003,2;1002,3;3383;31,2;23,6;32,5;31;25;22,2;67;55;64;202;3,6;2,2;
2012-06-21;18:00;0;1001,3;1002,3;1001,3;2409,3;32,3;23,2;32,3;30,4;24,6;22,7;69;58;59;180;3,9;1,3;
2012-06-21;19:00;0;1000,3;1001,3;1000,3;2588,1;32,8;22,9;33,2;31,6;24,2;22,2;61;55;56;280;3,1;1,3;
2012-06-21;20:00;0;999,5;1000,3;999,5;2184,9;33;22,4;33,3;32,5;23,8;21,6;59;51;54;250;3,6;,9;
2012-06-21;21:00;0;999,3;999,5;999,1;1401;32,8;21,7;33,6;32,7;22,7;20,9;55;49;52;263;2,7;,8;
2012-06-21;22:00;0;999,3;999,3;999,2;594,7;31,1;22,5;32,9;31,1;23,3;21,4;62;51;60;286;1,8;,2;
2012-06-21;23:00;0;999,7;999,7;999,3;34,5;28,2;25,1;31,1;28,1;25,1;21,9;84;59;84;41;1;,7;
2012-06-22;00:00;0;1000;1000,1;999,7;-9999;26,5;24,6;28,2;26,5;25,3;24,1;90;83;90;360;1,3;,4;
2012-06-22;01:00;0;1000,8;1000,8;1000;-9999;25,7;24,2;26,5;25,7;24,6;23,8;91;89;91;56;1,1;,4;
2012-06-22;02:00;0;1001,4;1001,4;1000,8;-9999;25,3;23,9;25,7;25,2;24,2;23,9;93;91;92;308;1,6;,3;
2012-06-22;03:00;0;1001,6;1001,7;1001,4;-9999;24,8;23,7;25,3;24,8;24;23,7;94;92;94;274;,6;,1;
2012-06-22;04:00;0;1001,6;1001,8;1001,6;-9999;24,3;23,3;24,8;24,3;23,8;23,3;94;94;94;326;,9;,4;
2012-06-22;05:00;0;1001,5;1001,7;1001,5;-9999;24;23,2;24,4;23,9;23,4;22,9;95;94;95;24;,9;,4;
2012-06-22;06:00;0;1001,1;1001,5;1001,1;-9999;23,7;22,8;24;23,6;23,2;22,7;95;95;95;343;1,2;,5;
2012-06-22;07:00;0;1000,8;1001,1;1000,8;-9999;23,4;22,6;23,8;23,1;23;22,2;95;94;95;349;1,9;,8;
2012-06-22;08:00;0;1001;1001;1000,7;-9999;23,3;22,5;23,4;22,9;22,6;22;96;94;95;67;2,2;1,1;
2012-06-22;09:00;0;1001,5;1001,5;1000,9;-9999;23,6;21,8;23,8;23,3;22,8;21,8;95;89;90;182;3,3;1,5;
2012-06-22;10:00;0;1002,2;1002,2;1001,4;-9999;23,2;22,1;23,6;23,2;22,3;21,6;94;89;93;251;2,9;,6;
2012-06-22;11:00;0;1002,7;1002,7;1002,2;45;23,3;22,4;23,3;22,9;22,4;21,9;95;93;95;91;1,6;,4;
2012-06-22;12:00;0;1003,3;1003,3;1002,7;602,4;24,9;22,5;24,9;23;22,8;22;95;86;87;249;2;,6;
2012-06-22;13:00;0;1003,6;1003,6;1003,3;1306,8;25;20;25,7;24,9;23,2;19,9;89;73;74;170;2,7;,7;
2012-06-22;14:00;0;1003,9;1003,9;1003,6;2036;26,5;19,4;26,5;24,9;20,7;18,4;75;63;65;91;2,3;,6;
2012-06-22;15:00;0;1003,7;1004;1003,7;2590,6;27,4;18;28,1;26,5;20,2;18;66;56;57;247;2,8;1,2;
2012-06-22;16:00;0;1003,1;1003,7;1003,1;2246,9;27,5;18,2;28;27,1;19,3;17,3;62;54;57;274;2,8;1;
2012-06-22;17:00;0;1002,3;1003,1;1002,3;2468,4;28,3;18,8;28,6;27,5;20,1;17,7;63;53;56;186;3,9;1,4;
2012-06-22;18:00;0;1001,4;1002,3;1001,4;2827,8;31,2;19,5;31,4;28,2;20,5;17,7;56;49;50;140;4,3;1,7;
2012-06-22;19:00;0;1000,2;1001,4;1000,2;1917,1;31,9;21,1;32,2;30,4;23,6;19,5;62;50;53;52;4,5;1,4;
2012-06-22;20:00;0;999,8;1000,3;999,8;2096,3;32,8;21,5;33,1;31,9;23,2;20,3;59;48;52;61;3,5;1;
2012-06-22;21:00;0;999,6;999,8;999,5;1361,3;32,7;21,4;33,1;32,5;22,3;19,4;55;45;51;93;2,9;,8;
2012-06-22;22:00;0;1000;1000;999,5;495,3;30,7;22;32,8;30,7;22,9;21,1;62;50;60;80;2,4;,5;
2012-06-22;23:00;0;1000;1000,1;999,9;20,1;27,9;24;30,7;27,9;24,2;22,3;79;60;79;345;2,4;1,2;
2012-06-23;00:00;0;1001,3;1001,3;1000;-9999;26,1;24,1;27,9;26,1;24,6;24;89;79;89;36;2,2;1,1;
2012-06-23;01:00;0;1002;1002;1001,2;-9999;25,6;23,5;26,2;25,5;24,3;23,5;91;87;88;322;2,3;,7;
2012-06-23;02:00;0;1003;1003;1002;-9999;24,9;23,4;25,6;24,9;23,7;23,4;93;88;92;349;3,1;,7;
2012-06-23;03:00;0;1003,4;1003,4;1003;-9999;24,7;23,7;25;24,5;23,7;23,3;95;91;94;156;1,5;,6;
2012-06-23;04:00;0;1003,9;1003,9;1003,3;-9999;24,2;23,2;24,9;24,2;23,8;23,2;95;93;94;343;1,4;,3;
2012-06-23;05:00;0;1004;1004,1;1003,8;-9999;24;23,1;24,6;23,8;23,6;22,8;95;94;95;56;1,3;1;
2012-06-23;06:00;0;1003,4;1004;1003,4;-9999;23,6;22,7;24,1;23,6;23,3;22,7;95;95;95;334;1,3;,8;
2012-06-23;07:00;0;1002,3;1003,4;1002,3;-9999;23,3;22,5;23,7;23,1;22,8;22,3;96;94;95;349;1,4;,5;
2012-06-23;08:00;0;1003;1003;1002,3;-9999;23;22,2;23,4;23;22,6;22,1;96;95;95;286;1,3;,6;
2012-06-23;09:00;0;1003,3;1003,3;1002,9;-9999;22,8;22,1;23,1;22,8;22,3;21,9;96;95;95;17;1,2;,6;
2012-06-23;10:00;0;1004;1004;1003,3;-9999;23,2;22,5;23,2;22,7;22,5;21,9;96;95;96;234;1,9;,6;
2012-06-23;11:00;0;1004,9;1004,9;1004;30,2;23,7;22,8;23,7;23,2;22,9;22,5;96;95;95;340;1,6;,5;
2012-06-23;12:00;1,2;1005,3;1005,4;1004,8;252,4;24,3;23,2;24,3;23,6;23,4;22,6;96;93;94;278;2,5;,8;
2012-06-23;13:00;0;1005,8;1005,8;1005,3;859,6;25,1;23,1;25,3;24,2;23,6;22,6;94;86;89;329;3,6;1,4;
2012-06-23;14:00;9,8;1006,7;1007,3;1005,8;385,9;22,2;21,3;25,3;22;23,4;20,6;96;86;95;48;12,1;1,9;
2012-06-23;15:00;2,4;1006,4;1007,2;1006,4;64,6;22;21,3;22,1;21,8;21,4;20,9;96;94;96;310;5,4;,3;
2012-06-23;16:00;,4;1006,1;1006,5;1006,1;489,7;22,8;21,8;22,8;22;21,8;21,2;96;93;94;260;2,6;,4;
2012-06-23;17:00;0;1004,8;1006,1;1004,8;1694,6;24,6;21,4;24,6;22,6;21,9;20,5;94;81;82;103;1,8;,7;
2012-06-23;18:00;0;1003,7;1004,8;1003,6;2470,5;26,5;21,8;26,6;24,6;22,6;20,9;84;74;75;340;2,7;,7;
2012-06-23;19:00;0;1002,7;1003,7;1002,7;2206,2;27,7;23;28,2;26,5;23,7;21,8;79;73;76;215;3,3;1,7;
2012-06-23;20:00;0;1002;1002,7;1001,8;1285,9;28;22,1;28,2;27,2;23,7;22;80;70;70;153;3,6;1,2;
2012-06-23;21:00;0;1001,7;1002,2;1001,7;1272,8;28,4;21,8;28,5;27,9;23,2;21,8;74;67;68;176;4,6;1,6;
2012-06-23;22:00;0;1001,9;1001,9;1001,7;728,1;27,7;23,3;28,6;27,7;23,3;21,1;77;65;77;60;3;,4;
2012-06-23;23:00;0;1002,6;1002,6;1001,8;38,9;26,1;24,4;27,8;26,1;24,4;22,7;90;75;90;152;1,3;,6;
2012-06-24;00:00;0;1002,9;1002,9;1002,6;-9999;25,5;23,6;26,1;25,5;24,5;23,6;92;89;89;209;2,1;1,3;
2012-06-24;01:00;0;1004,2;1004,2;1002,9;-9999;24,8;23,4;25,5;24,8;23,6;23,1;92;88;92;321;2,8;,6;
2012-06-24;02:00;0;1004,5;1004,5;1004,2;-9999;24,4;23,3;24,8;24,3;23,5;23,2;94;92;94;300;1,2;,4;
2012-06-24;03:00;0;1004,9;1004,9;1004,5;-9999;24;23,1;24,3;23,9;23,2;23;95;94;95;214;1,4;,3;
2012-06-24;04:00;0;1005,3;1005,3;1004,9;-9999;23,8;23;24;23,7;23,1;22,8;95;94;95;178;1,4;,7;
2012-06-24;05:00;0;1005,3;1005,5;1005,1;-9999;23,4;22,4;23,8;23,4;23;22,3;95;93;94;199;3,7;1,7;
2012-06-24;06:00;0;1004,9;1005,4;1004,9;-9999;23,2;22,2;23,5;23,1;22,5;22;94;94;94;237;4;1;
2012-06-24;07:00;0;1004,7;1004,9;1004,6;-9999;22,9;22;23,2;22,8;22,2;21,9;95;94;95;252;2,2;,4;
2012-06-24;08:00;0;1004,7;1004,8;1004,7;-9999;22,6;21,8;22,9;22,6;22,1;21,8;95;95;95;53;1,4;,4;
2012-06-24;09:00;0;1004,8;1004,8;1004,5;-9999;22,6;21,3;22,7;22,5;21,8;21,3;95;93;93;199;3,5;1,5;
2012-06-24;10:00;0;1005,2;1005,2;1004,8;-9999;22,1;21,3;22,6;22,1;21,5;21,2;95;93;95;150;3,5;,5;
2012-06-24;11:00;0;1005,7;1005,7;1005,2;46,1;22,5;21,8;22,5;22;21,8;21,2;96;95;96;124;1,4;,2;
2012-06-24;12:00;0;1006;1006,2;1005,6;444,9;23,6;22,1;23,6;22,5;22,2;21,7;96;91;91;226;2,1;1,1;
2012-06-24;13:00;0;1006,5;1006,5;1006;1283,2;24,8;21,9;24,8;23,6;22,2;21,4;91;83;84;195;2,8;1,4;
2012-06-24;14:00;0;1006,5;1006,5;1006,4;1697,9;25,7;22,2;26,3;24,6;23,1;21,8;87;78;81;136;3,3;,8;
2012-06-24;15:00;0;1006,2;1006,6;1006,2;1471,6;26,9;22,8;27,3;25,6;22,9;22,2;84;75;78;214;3,4;1,4;
2012-06-24;16:00;0;1005,5;1006,2;1005,5;2455,6;28,2;23;28,5;26,8;24;22,1;81;70;74;211;4,3;2;
2012-06-24;17:00;0;1004,2;1005,5;1004,2;1919,2;27,8;22,9;29,2;27,7;24,3;22,1;82;67;75;160;4,8;1,1;
2012-06-24;18:00;0;1002,9;1004,2;1002,9;1085,9;27,5;24,2;29,2;27,5;24,9;22,2;84;66;82;53;4,7;1;
2012-06-24;19:00;0;1002,2;1002,9;1002,1;2015,5;29,4;23,4;29,4;27,2;24,6;22,7;85;69;70;288;2,9;1;
2012-06-24;20:00;0;1001,2;1002,2;1001,2;1607,5;28,9;23,3;29,6;28,7;24,5;23,1;77;70;72;207;3,2;1,8;
2012-06-24;21:00;,6;1001,3;1001,5;1001,2;627;26,1;23,9;29;26,1;24,1;22,4;88;70;88;18;6,8;,8;
2012-06-24;22:00;,8;1002,7;1002,8;1001,3;141;24,9;23,2;26,1;24,9;24,5;23,2;93;87;91;65;7,9;2,6;
2012-06-24;23:00;1,4;1002,6;1003,1;1002,2;11,7;23,5;22,6;24,9;23,4;23,3;22;95;90;95;350;7,9;,4;
2012-06-25;00:00;0;1003,5;1003,5;1002,5;-9999;23,7;22,7;23,7;23,4;22,7;22,4;95;94;94;202;2;,5;
2012-06-25;01:00;0;1003,8;1003,9;1003,5;-9999;23,4;22,5;23,8;23,4;22,9;22,5;95;94;95;332;1,7;,8;
2012-06-25;02:00;0;1004,6;1004,7;1003,8;-9999;23,3;22,5;23,6;23,3;22,7;22,4;95;95;95;51;1,9;,8;
2012-06-25;03:00;0;1004,6;1004,6;1004,5;-9999;23,1;22,3;23,3;23,1;22,5;22,3;96;95;95;80;1,2;,4;
2012-06-25;04:00;0;1004,9;1005,1;1004,6;-9999;22,8;22;23,1;22,8;22,4;22;96;95;95;343;1,2;,8;
2012-06-25;05:00;0;1004,3;1004,9;1004,3;-9999;22,6;21,9;22,9;22,6;22,3;21,8;96;95;96;309;2,1;,5;
2012-06-25;06:00;0;1003,9;1004,3;1003,9;-9999;22,5;21,9;22,8;22,4;22,2;21,8;97;96;97;285;1,7;,3;
2012-06-25;07:00;0;1003,4;1004;1003,4;-9999;21,9;21,3;22,5;21,9;21,9;21,3;97;96;96;-9999;1;,1;
2012-06-25;08:00;0;1003,7;1003,7;1003,3;-9999;21,9;21,4;21,9;21,5;21,4;20,9;97;96;97;114;1,3;,4;
2012-06-25;09:00;0;1004;1004;1003,7;-9999;22,1;21,6;22,1;21,6;21,6;21;97;97;97;49;1,4;,8;
2012-06-25;10:00;0;1004,3;1004,3;1004;,4;22,4;21,9;22,5;22,1;22;21,6;97;97;97;141;1,2;,3;
2012-06-25;11:00;0;1004,9;1004,9;1004,3;34,9;22,7;22,3;22,8;22,4;22,3;21,9;97;97;97;17;1,4;,7;
2012-06-25;12:00;0;1005,7;1005,7;1004,9;257,3;23,3;22,9;23,3;22,7;22,9;22,3;97;97;97;221;1,4;,6;
2012-06-25;13:00;0;1006,1;1006,1;1005,7;843,4;24,7;23,1;24,7;23,3;23,5;22,7;97;91;91;291;1,4;,4;
2012-06-25;14:00;0;1006,5;1006,5;1006,1;1229,7;25;21,7;25,7;24,3;22,9;21,7;91;79;82;183;1,8;,8;
2012-06-25;15:00;0;1006,3;1006,5;1006,3;967,1;25,9;23;26,3;24,8;23,4;21,6;87;79;84;168;2,9;1,4;
2012-06-25;16:00;0;1005,4;1006,3;1005,4;2136,7;27,3;22,5;27,7;25,7;23,4;22,2;85;75;76;189;4,9;1,8;
2012-06-25;17:00;0;1004,7;1005,4;1004,7;2337,1;28,5;21,4;28,6;26,8;23,7;21,4;81;65;66;216;3,4;1,1;
2012-06-25;18:00;0;1003,3;1004,7;1003,3;2276,2;29,1;22,7;30,2;28,3;23,7;21,6;74;61;68;114;3,3;,8;
2012-06-25;19:00;0;1002,4;1003,3;1002,4;2292,6;28,9;22,3;30,6;28,9;23,8;21,6;73;61;68;156;3,9;1,6;
2012-06-25;20:00;0;1002,1;1002,4;1002;1754,1;30,6;23,2;30,7;28,7;23,6;21,7;73;60;65;169;3,7;1,3;
2012-06-25;21:00;5;1002,4;1003,2;1002,1;336,4;23,1;22,2;30,6;23;23,2;21,7;95;62;95;68;11,4;1,4;
2012-06-25;22:00;,4;1002,5;1002,5;1001,9;36;23,5;22,6;23,5;23,1;22,6;22,2;95;94;95;243;3,3;1;
2012-06-25;23:00;0;1002,4;1002,9;1002,4;3,2;23,5;22,7;23,5;23,2;22,8;22,3;96;94;95;215;1,6;,5;
2012-06-26;00:00;0;1002,3;1002,5;1001,8;-9999;22,7;21,9;23,5;22,7;22,6;21,9;95;94;95;95;2,3;,7;
2012-06-26;01:00;0;1003,1;1003,2;1002,3;-9999;22,4;21,7;22,8;22,3;22;21,6;96;95;96;120;1,9;,4;
2012-06-26;02:00;0;1003,7;1003,8;1003,1;-9999;22,2;21,4;22,4;22,2;21,7;21,4;96;95;95;287;1,2;,4;
2012-06-26;03:00;0;1004,5;1004,5;1003,6;-9999;21,5;20,8;22,2;21,5;21,4;20,8;96;95;96;29;1,3;,7;
2012-06-26;04:00;0;1005;1005;1004,5;-9999;21,7;21,1;21,7;21,4;21,1;20,8;97;96;97;353;2;,9;
2012-06-26;05:00;,2;1004,8;1005;1004,8;-9999;21,4;21;21,7;21,4;21,2;21;97;97;97;326;1,9;,3;
2012-06-26;06:00;0;1004,5;1005;1004,5;-9999;21,5;21;21,6;21,3;21,1;20,8;97;97;97;23;1,5;,7;
2012-06-26;07:00;0;1003,8;1004,5;1003,8;-9999;21,7;21,3;21,8;21,5;21,4;21;97;97;97;65;1,3;,3;
2012-06-26;08:00;0;1003,3;1003,8;1003,3;-9999;21,9;21,4;21,9;21,7;21,4;21,3;97;97;97;88;1,1;,6;
2012-06-26;09:00;0;1003,5;1003,5;1003,2;-9999;21,9;21,4;22;21,8;21,5;21,4;97;97;97;108;1,1;,3;
2012-06-26;10:00;0;1003,9;1004;1003,5;-9999;21,9;21,5;21,9;21,8;21,5;21,4;98;97;97;345;1,5;,4;
2012-06-26;11:00;0;1004,5;1004,5;1004;31,9;21,6;21,2;21,9;21,6;21,5;21,2;98;97;98;41;1,4;,6;
2012-06-26;12:00;0;1005,5;1005,5;1004,5;383,5;22,3;21,8;22,3;21,6;21,8;21,2;98;97;97;144;1,5;,3;
2012-06-26;13:00;0;1005,9;1005,9;1005,5;1257,1;24;22,2;24;22,3;22,6;21,8;97;88;90;233;1,8;,8;
2012-06-26;14:00;0;1006,2;1006,2;1005,9;1181,6;25,1;22,1;25,2;24;22,4;21,3;90;83;84;334;1,9;,9;
2012-06-26;15:00;0;1005,8;1006,4;1005,8;1832,2;26,6;22,3;26,8;25;23,2;21,6;86;77;77;276;2,8;1,1;
2012-06-26;16:00;0;1005;1005,8;1005;2706,3;27,7;20;27,7;26,5;22,9;20;80;63;63;196;3,6;,7;
2012-06-26;17:00;0;1005;1005;1004,3;2361,6;28,3;22,3;29,2;27,7;23,3;20,4;73;62;70;195;8,9;1,8;
2012-06-26;18:00;12,2;1004,3;1005,3;1004,3;209,6;22,8;21,7;28,3;22,4;22,5;21,1;95;69;93;202;10,5;2;
2012-06-26;19:00;0;1002,5;1004,4;1002,5;813,9;23,6;20,9;23,7;22,8;22;20,7;94;84;85;245;3,5;,7;
2012-06-26;20:00;0;1002,3;1002,5;1002,2;1335,8;25,4;22,9;25,4;23,6;22,9;20,2;87;78;86;112;2,3;,7;
2012-06-26;21:00;0;1002;1002,3;1002;1057,5;25,7;22,5;25,9;25,1;22,9;21,6;86;80;83;224;2,4;1,1;
2012-06-26;22:00;0;1002;1002,1;1002;434,6;24,7;22,6;25,7;24,7;22,7;22;88;83;88;202;3;1,2;
2012-06-26;23:00;0;1002,3;1002,3;1002;23,6;23,9;22,5;24,8;23,9;23;22,5;92;88;92;193;2,2;,7;
2012-06-27;00:00;0;1003;1003;1002,3;-9999;23,1;22,2;23,9;23,1;22,6;22,2;95;92;95;74;1,7;,1;
2012-06-27;01:00;0;1004,3;1004,3;1003;-9999;22,8;22,1;23,2;22,8;22,4;22;95;95;95;345;1;,6;
2012-06-27;02:00;0;1005,5;1005,5;1004,3;-9999;22,4;21,7;22,9;22,4;22,2;21,7;96;95;96;29;1,8;,5;
2012-06-27;03:00;0;1005,7;1005,8;1005,5;-9999;22,6;21,8;22,8;22,5;22,1;21,7;96;95;95;251;1,6;,3;
2012-06-27;04:00;0;1005,6;1005,8;1005,6;-9999;22,6;21,9;22,9;22,5;22,3;21,7;96;95;96;316;1,1;,5;
2012-06-27;05:00;0;1005,3;1005,6;1005,2;-9999;22,4;21,8;22,7;22,3;22,1;21,6;96;96;96;56;1;,5;
2012-06-27;06:00;0;1004,8;1005,3;1004,8;-9999;22,5;21,8;22,7;22,4;22,2;21,8;97;96;96;259;1,1;,3;
2012-06-27;07:00;0;1004,7;1005;1004,6;-9999;22,1;21,5;22,5;22,1;21,8;21,4;97;96;96;290;1,5;,3;
2012-06-27;08:00;0;1004,9;1004,9;1004,7;-9999;22,3;21,7;22,3;22;21,7;21,4;97;96;97;304;1;,4;
2012-06-27;09:00;0;1004,9;1005,1;1004,9;-9999;22,2;21,6;22,3;22,2;21,7;21,6;97;96;96;36;1,7;,9;
2012-06-27;10:00;0;1004,8;1005;1004,8;-9999;22;21,3;22,2;21,9;21,6;21,3;96;96;96;355;2,5;,8;
2012-06-27;11:00;0;1005,8;1005,8;1004,8;25;21,8;21,1;22;21,7;21,4;21;96;96;96;337;1,8;,6;
2012-06-27;12:00;0;1006,7;1006,7;1005,8;244,2;22,3;21,3;22,4;21,7;21,6;21,1;96;94;94;343;2,6;,8;
2012-06-27;13:00;0;1007,2;1007,2;1006,7;650,3;22,8;21,2;22,9;22,3;21,7;21,2;95;91;91;354;3,5;1,7;
2012-06-27;14:00;0;1007,7;1007,7;1007,2;1102,3;23,8;21,6;23,8;22,8;21,7;20,8;91;85;88;322;4,1;1,1;
2012-06-27;15:00;0;1007,5;1007,7;1007,5;1147,4;25;21,8;25,1;23,6;22,1;21,1;88;82;82;338;2,4;1;
2012-06-27;16:00;0;1006,8;1007,5;1006,8;1602,7;26,6;22,2;26,6;24,9;22,5;21,3;83;73;77;306;2,6;1,1;
2012-06-27;17:00;0;1005,5;1006,8;1005,5;2255,9;27,9;22,5;27,9;26;22,8;21,2;80;69;72;298;4,4;1,6;
2012-06-27;18:00;0;1004,1;1005,5;1004,1;1980,1;28,2;22,8;28,8;27,6;23,2;21,4;75;66;73;308;4,4;1,2;
2012-06-27;19:00;0;1002,9;1004,1;1002,9;2307,6;29,1;21,2;29,5;28,2;23,1;21,2;73;62;62;21;3,4;1,4;
2012-06-27;20:00;0;1002,3;1002,9;1002,3;2056,8;29,6;22,7;30,4;29;23,2;21;67;59;67;307;3,9;1;
2012-06-27;21:00;,4;1002,4;1002,5;1002,3;1345,4;28,9;22,8;30,8;28,9;23,3;21,5;73;58;70;150;2,5;,8;
2012-06-27;22:00;,8;1003,4;1003,4;1002,3;239,3;25,4;23,9;28,9;25,4;25,4;22,8;91;69;91;304;4,6;1,7;
2012-06-27;23:00;,4;1004;1004;1003,3;41,4;24,4;23,3;25,4;24,4;23,9;22,7;94;87;93;86;3,9;,9;
2012-06-28;00:00;,4;1004,7;1004,7;1004;-9999;24,3;23,4;24,5;24,3;23,6;23,2;95;93;95;144;2,9;,4;
2012-06-28;01:00;0;1005,9;1005,9;1004,7;-9999;24,3;23,4;24,3;24;23,4;22,9;95;94;95;135;3,6;1;
2012-06-28;02:00;1,2;1007;1007;1005,9;-9999;23,3;22,1;24,3;23,3;23,3;22,1;95;92;93;185;6,3;1,2;
2012-06-28;03:00;2;1007,2;1007,3;1007;-9999;23,3;22,4;23,4;23,3;22,5;22,2;95;93;94;201;3,7;1,6;
2012-06-28;04:00;2,4;1006,8;1007,2;1006,8;-9999;23;22,2;23,3;23;22,5;22,2;95;94;95;155;2,8;,6;
2012-06-28;05:00;,4;1006,2;1006,8;1006,2;-9999;22,9;22,2;23,2;22,9;22,4;22,2;96;95;96;18;1,5;,8;
2012-06-28;06:00;0;1005,7;1006,2;1005,7;-9999;22,7;22,1;22,9;22,7;22,2;22;96;96;96;46;2,4;1,4;
2012-06-28;07:00;0;1005,6;1005,7;1005,4;-9999;22,5;21,7;22,8;22,5;22,1;21,7;96;95;95;35;5,8;2,2;
2012-06-28;08:00;0;1005,5;1005,7;1005,3;-9999;22,4;21,7;22,5;22,3;21,7;21,5;96;95;96;198;5,8;,3;
2012-06-28;09:00;0;1005,5;1005,5;1005,2;-9999;22,1;21,4;22,5;22,1;21,8;21,4;96;95;96;43;1,2;,5;
2012-06-28;10:00;0;1006,2;1006,2;1005,5;-9999;22;21,3;22,2;22;21,5;21,3;96;96;96;131;1,6;,2;
2012-06-28;11:00;0;1006,4;1006,4;1006,1;30,4;22,2;21,4;22,2;22;21,5;21,3;96;95;96;17;2,1;,2;
2012-06-28;12:00;0;1007,4;1007,4;1006,4;498,1;23,1;21,7;23,3;22,2;21,9;21,2;96;90;92;341;1,8;,4;
2012-06-28;13:00;0;1008;1008;1007,4;1083,1;24,4;21,1;24,5;23,1;22;20,8;92;82;82;156;1,8;,7;
2012-06-28;14:00;0;1008,3;1008,3;1008;1292,4;24,8;20,8;25,1;24,3;22,3;20,7;86;78;78;333;2,7;,8;
2012-06-28;15:00;0;1007,9;1008,4;1007,9;2053,7;26,6;20,4;26,6;24,8;22,1;20,2;80;69;69;57;3;,7;
2012-06-28;16:00;0;1007;1007,9;1007;2042,1;27,4;20,9;27,5;26,6;21,8;20,3;74;66;68;236;2,4;,8;
2012-06-28;17:00;0;1005,8;1007;1005,8;2108,6;28,3;21,2;28,4;27,2;22,4;20,7;73;65;65;86;3,6;,9;
2012-06-28;18:00;0;1004,4;1005,8;1004,4;2399,2;29,2;21,9;29,2;28,1;22,5;20,8;70;61;65;310;3,6;1;
2012-06-28;19:00;0;1003,1;1004,4;1003,1;1091,9;28,9;20,9;29,2;28;23,1;20,8;75;62;62;355;2,6;,8;
2012-06-28;20:00;0;1002,4;1003,1;1002,4;2088,7;28,3;22,2;29,7;28,2;23,2;20,6;70;59;70;331;4,4;2,1;
2012-06-28;21:00;0;1002,5;1002,6;1002,3;1135,6;25,5;21,7;28,7;25,5;22,5;20,9;80;65;80;358;6;2;
2012-06-28;22:00;0;1002,7;1002,7;1002,2;562,7;25,8;22,2;25,8;25,2;22,4;21,7;84;80;81;30;4,3;1,2;
2012-06-28;23:00;0;1003;1003;1002,4;97,2;25,2;23,4;26;25,2;23,4;22,1;90;80;89;81;3,1;,6;
2012-06-29;00:00;0;1003,8;1003,8;1002,9;-9999;24,6;23,3;25,2;24,6;23,4;23,1;93;88;92;123;1,3;,7;
2012-06-29;01:00;0;1004,4;1004,4;1003,8;-9999;23,6;22,7;24,6;23,6;23,2;22,7;95;92;95;64;1,8;1;
2012-06-29;02:00;0;1004,6;1004,6;1004,4;-9999;23,2;22,4;23,6;23,2;22,7;22,3;95;95;95;89;2,3;,7;
2012-06-29;03:00;0;1004,9;1004,9;1004,6;-9999;23;22,3;23,3;23;22,5;22,2;96;95;96;70;2,2;,6;
2012-06-29;04:00;0;1004,8;1005,2;1004,8;-9999;22,7;22,1;23,1;22,7;22,3;22,1;96;96;96;34;1,3;,3;
2012-06-29;05:00;0;1004,1;1004,8;1004,1;-9999;22,1;21,5;22,7;22,1;22,1;21,5;96;96;96;51;,9;,6;
2012-06-29;06:00;0;1003,6;1004,2;1003,6;-9999;21,9;21,3;22,1;21,9;21,5;21,3;97;96;97;29;1,5;,6;
2012-06-29;07:00;0;1003,2;1003,6;1003,2;-9999;21,5;20,9;21,9;21,5;21,4;20,9;97;96;96;34;1,1;,4;
2012-06-29;08:00;0;1003,4;1003,5;1003,2;-9999;21,1;20,5;21,6;21,1;20,9;20,5;96;96;96;58;,9;,3;
2012-06-29;09:00;,2;1003,5;1003,6;1003,3;-9999;21;20,5;21,2;20,9;20,6;20,3;97;96;96;182;1,1;,3;
2012-06-29;10:00;0;1003,7;1003,7;1003,5;-9999;20,7;20,1;21,1;20,6;20,5;20;97;96;96;93;1;,5;
2012-06-29;11:00;0;1004,1;1004,1;1003,7;25,9;21;20,4;21;20,6;20,4;20;97;96;97;66;1,5;,3;
2012-06-29;12:00;0;1004,7;1004,8;1004,1;520,5;22,7;21,9;22,8;20,9;22,2;20,4;97;95;95;136;1,1;,5;
2012-06-29;13:00;0;1005;1005;1004,7;1340,3;24,5;21;24,8;22,7;22,3;21;95;81;81;247;1,7;,6;
2012-06-29;14:00;0;1005,2;1005,2;1005;1403,1;25,6;21,4;25,6;24,5;21,7;19,8;84;74;78;166;2,2;,7;
2012-06-29;15:00;0;1005;1005,2;1004,9;1617,6;27,4;21,8;27,4;25,6;22,7;21,2;80;72;72;275;1,8;,6;
2012-06-29;16:00;0;1004,4;1005,1;1004,4;1767,3;28,4;22,1;28,4;27;22,5;21,1;74;67;69;106;2,1;,6;
2012-06-29;17:00;0;1002,6;1004,4;1002,6;2615,8;29,1;21,8;29,4;28;22,3;21,2;71;63;65;125;2,7;,6;
2012-06-29;18:00;0;1001;1002,6;1001;2643,9;29,4;22,2;30,6;28,7;23,2;21,4;69;59;66;188;3,8;2,2;
2012-06-29;19:00;0;1000;1001;1000;1863,5;30,4;22,3;30,7;28,8;23,8;21,4;72;59;62;139;3,8;1,2;
2012-06-29;20:00;0;999,5;1000;999,5;2289,4;30;21,5;30,7;29,8;23,4;21,5;66;59;60;176;4,7;2,2;
2012-06-29;21:00;0;999,4;999,5;999,3;1447,5;29,1;22,3;30;29;23,5;21;70;58;67;153;5,2;1,6;
2012-06-29;22:00;0;1000,1;1000,1;999,4;588,9;27,8;22,9;29,2;27,8;23,1;21,9;75;65;75;155;4,2;1,7;
2012-06-29;23:00;0;1001,6;1001,6;1000,1;47,1;26,4;23,2;27,8;26,4;23,6;22,8;84;75;82;153;4,2;1,1;
2012-06-30;00:00;,4;1002;1002;1001,6;-9999;24,8;23,7;26,4;24,7;24;22,9;94;81;94;81;4;,7;
2012-06-30;01:00;,2;1003,3;1003,3;1002;-9999;23,9;23;24,8;23,9;23,7;22,9;95;93;94;93;3,8;,9;
2012-06-30;02:00;2,4;1003,7;1003,8;1003,3;-9999;23,4;22,5;23,9;23,3;22,9;22,4;95;94;95;108;3,5;,6;
2012-06-30;03:00;,6;1003,4;1003,8;1003,4;-9999;23,3;22,5;23,4;23,1;22,6;22,3;95;95;95;207;1,9;,7;
2012-06-30;04:00;0;1003,2;1003,4;1003,1;-9999;22,9;22,2;23,3;22,9;22,5;22,1;96;95;96;52;1,5;,7;
2012-06-30;05:00;0;1002,6;1003,2;1002,6;-9999;22,6;21,9;23;22,5;22,3;21,8;96;95;96;75;1,1;,4;
2012-06-30;06:00;0;1001,9;1002,6;1001,9;-9999;22,6;22;22,6;22,5;22;21,8;96;96;96;158;1,4;,3;
2012-06-30;07:00;0;1001,9;1002;1001,8;-9999;22,2;21,6;22,7;22,2;22;21,5;96;96;96;68;,8;,5;
2012-06-30;08:00;0;1001,8;1001,9;1001,8;-9999;22,3;21,7;22,6;22,2;22;21,5;97;96;96;53;1;,5;
2012-06-30;09:00;0;1002,2;1002,2;1001,8;-9999;22,3;21,6;22,6;22,2;21,9;21,6;96;96;96;329;1,2;,3;
2012-06-30;10:00;0;1002,7;1002,8;1002,2;-9999;22,4;21,8;22,5;22,2;21,8;21,5;96;96;96;174;1,2;,4;
2012-06-30;11:00;0;1003,4;1003,4;1002,7;33,2;22,4;21,8;22,4;22,1;21,8;21,4;96;96;96;121;1,2;,3;
2012-06-30;12:00;0;1004,2;1004,2;1003,4;426,2;23,5;22,1;23,7;22,4;22,8;21,8;96;92;92;168;1,2;,6;
2012-06-30;13:00;0;1004,8;1004,8;1004,2;777,6;24,6;22,7;24,6;23,5;22,8;22;94;87;89;177;1,8;,6;
2012-06-30;14:00;0;1005,2;1005,2;1004,8;1330,7;25,7;21,7;25,7;24,6;22,8;21,4;89;79;79;154;2,2;,9;
2012-06-30;15:00;0;1005,2;1005,3;1005,2;1716,6;26,7;22,7;26,7;25,6;23,1;20,8;83;74;79;195;2,8;1,7;
2012-06-30;16:00;0;1004,2;1005,2;1004,2;2010,9;28,3;22,6;28,3;26,6;23,5;21,9;80;70;71;138;3,3;1,4;
2012-06-30;17:00;2,8;1003,9;1004,3;1003,8;1636,6;23;21,5;29,9;23;23,6;21,2;93;62;91;134;8,8;1,5;
2012-06-30;18:00;1,6;1002,4;1003,9;1002,4;215,5;23;22,1;23;22,4;22,1;21,2;95;91;95;129;3,6;,6;
2012-06-30;19:00;0;1001,1;1002,4;1001,1;652,2;23,6;21,7;23,8;22,9;22,3;21,5;95;89;89;136;3;,9;
2012-06-30;20:00;0;1000,1;1001,1;1000,1;1011,5;24,6;21,8;24,7;23,6;22,7;21,1;91;84;84;83;2,9;,8;
2012-06-30;21:00;0;1000,1;1000,1;1000;1077,2;25,6;22,2;25,6;24,4;22,5;21,5;87;80;81;98;2,2;,5;
2012-06-30;22:00;0;1000,7;1000,7;1000,1;558;25,1;23,1;25,9;25,1;23,2;21,8;89;78;89;350;2,4;,6;
2012-06-30;23:00;0;1001,7;1001,7;1000,7;29,9;24,1;23;25,1;24,1;23,3;22,9;93;88;93;255;1,4;,2;
2012-07-01;00:00;0;1002,5;1002,5;1001,7;-9999;23,7;22,8;24,1;23,6;23,1;22,5;95;92;95;283;1,6;,3;
2012-07-01;01:00;0;1003,4;1003,4;1002,5;-9999;23,4;22,5;23,7;23,1;22,8;22,3;95;94;95;308;1,3;,7;
2012-07-01;02:00;0;1003,7;1003,7;1003,4;-9999;22,9;22,1;23,4;22,9;22,5;22;95;95;95;2;1,5;,8;
2012-07-01;03:00;0;1004,1;1004,1;1003,6;-9999;22,5;21,9;22,9;22,4;22,1;21,7;96;95;96;352;1,7;,7;
2012-07-01;04:00;0;1004,2;1004,5;1004;-9999;22,1;21,5;22,6;22;21,9;21,2;96;95;96;66;1,7;,4;
2012-07-01;05:00;0;1003,8;1004,3;1003,8;-9999;22;21,3;22,2;21,8;21,5;21,1;96;96;96;273;1;,3;
2012-07-01;06:00;0;1003,1;1003,8;1003,1;-9999;22,4;21,7;22,4;21,8;21,7;21,1;96;96;96;336;2;1,1;
2012-07-01;07:00;0;1002,4;1003,1;1002,3;-9999;22,3;21,6;22,7;22,2;22,1;21,5;96;96;96;35;2;,4;
2012-07-01;08:00;0;1002,7;1002,7;1002,4;-9999;22,1;21,4;22,3;22,1;21,7;21,4;96;96;96;23;2,3;1,1;
2012-07-01;09:00;0;1002,9;1002,9;1002,6;-9999;22,1;21,4;22,3;22,1;21,6;21,3;96;96;96;12;2;,4;
2012-07-01;10:00;0;1003,4;1003,4;1002,9;-9999;22,1;21,3;22,2;22,1;21,5;21,3;96;96;96;344;1,9;,7;
2012-07-01;11:00;0;1004,3;1004,3;1003,4;25,6;22,4;21,7;22,4;22;21,7;21,3;96;95;96;352;1,7;,4;
2012-07-01;12:00;0;1005,2;1005,2;1004,3;302,9;23,1;22,2;23,2;22,4;22,4;21,7;96;95;95;359;1,4;,6;
2012-07-01;13:00;0;1005,5;1005,6;1005,2;887,4;24,1;22;24,1;23;22,8;22;96;88;88;328;3;1;
2012-07-01;14:00;0;1006;1006;1005,5;1279,9;25,3;22,4;25,4;24,1;22,6;21,7;90;82;84;357;3,4;1,1;
2012-07-01;15:00;0;1005,9;1006,2;1005,9;1759,4;26,8;22,2;26,8;25,2;23,1;21,8;85;76;76;282;3,5;,7;
2012-07-01;16:00;4,8;1006,5;1007,1;1005,7;693,7;21,2;20;27;21,2;23,8;19,8;93;75;93;197;12,2;,9;
2012-07-01;17:00;2;1005;1006,6;1005;108;21,1;20,1;21,4;21;20,5;19,7;95;92;94;108;2,5;,7;
2012-07-01;18:00;,6;1003,6;1005;1003,6;271,5;21,6;20,5;21,6;21,1;20,7;20;95;93;93;47;2,3;,6;
2012-07-01;19:00;0;1002,4;1003,6;1002,4;768,2;22,7;20,8;22,7;21,5;21,6;20,2;95;88;89;71;2,1;,6;
2012-07-01;20:00;0;1001,7;1002,4;1001,7;1001,2;23,5;20,8;23,5;22,6;21,3;20,3;90;83;85;285;1,8;,5;
2012-07-01;21:00;0;1001,2;1001,7;1001,2;1034,9;24,2;20,9;24,3;23,5;21,4;20,2;86;79;82;200;2,1;1;
2012-07-01;22:00;0;1001,8;1001,8;1001,2;551;24;21,8;24,4;24;22;20,5;88;80;88;167;2,5;1;
2012-07-01;23:00;0;1001,8;1001,9;1001,7;16,5;22,7;21,7;24;22,7;22;21,7;94;88;94;352;2,5;,2;
2012-07-02;00:00;0;1002,5;1002,5;1001,7;-9999;22,3;21,5;22,7;22,2;21,9;21,3;95;94;95;266;1,3;,5;
2012-07-02;01:00;0;1003,3;1003,3;1002,5;-9999;22,2;21,4;22,4;21,9;21,6;21,1;96;94;95;229;2;1;
2012-07-02;02:00;0;1004,1;1004,1;1003,3;-9999;21,9;21,1;22,3;21,8;21,5;21;96;95;95;247;2,3;,3;
2012-07-02;03:00;0;1004,7;1004,7;1004,1;-9999;21,8;21;22;21,8;21,2;21;96;95;95;199;1,3;,2;
2012-07-02;04:00;0;1004,8;1004,8;1004,7;-9999;21,5;20,8;21,8;21,5;21;20,8;96;95;96;309;,9;,3;
2012-07-02;05:00;0;1004,2;1004,9;1004,2;-9999;21,3;20,7;21,6;21,2;20,9;20,6;96;96;96;158;,8;,2;
2012-07-02;06:00;0;1003;1004,2;1003;-9999;21,5;20,9;21,6;21,3;21;20,7;96;96;96;231;,9;,5;
2012-07-02;07:00;0;1002,5;1003;1002,4;-9999;21,5;20,8;21,8;21,5;21,1;20,8;96;96;96;290;1,7;,4;
2012-07-02;08:00;0;1002,5;1002,6;1002,5;-9999;21,4;20,8;21,5;21,3;20,8;20,7;97;96;97;215;1,3;,5;
2012-07-02;09:00;0;1002,9;1002,9;1002,5;-9999;21,3;20,8;21,4;21,3;20,9;20,8;97;97;97;20;1,6;,6;
2012-07-02;10:00;0;1003,8;1003,8;1002,8;-9999;21,1;20,6;21,3;21,1;20,8;20,6;97;97;97;1;2;1;
2012-07-02;11:00;0;1004,2;1004,2;1003,8;23,2;21,3;20,8;21,3;21;20,8;20,6;97;97;97;352;2,9;1,4;
2012-07-02;12:00;0;1004,9;1004,9;1004,2;192,2;21,7;21;21,7;21,3;21,1;20,8;97;96;96;345;2,9;1;
2012-07-02;13:00;0;1005,6;1005,6;1004,9;497,8;22,6;21,4;22,6;21,7;21,5;21;96;92;93;16;2,4;,7;
2012-07-02;14:00;0;1005,8;1006;1005,6;1263;23,9;21,4;24;22,6;21,9;21;93;84;86;347;2,9;1,3;
2012-07-02;15:00;0;1005,5;1005,8;1005,5;1562,6;25,2;22;25,4;23,9;22,8;21,3;87;81;82;330;3,3;1,6;
2012-07-02;16:00;0;1004,8;1005,5;1004,8;2328,3;27,2;22,2;27,3;25,2;22,9;21,7;84;73;74;315;4,2;1,7;
2012-07-02;17:00;0;1003,7;1004,8;1003,7;2558,4;28,2;22,3;28,4;27;22,9;21,1;77;65;71;2;4,6;1;
2012-07-02;18:00;0;1002;1003,7;1002;1670,5;27,6;24;29,6;27,6;24,5;21,5;83;66;81;173;3,9;1;
2012-07-02;19:00;0;1000,5;1002;1000,5;1950,4;28,9;23,4;29,2;27,4;24,7;22,9;83;72;72;41;2,9;1;
2012-07-02;20:00;0;1000,1;1000,5;1000;1625,9;28,4;23,3;29,8;28,3;25,3;22,6;80;67;74;290;3,4;1,4;
2012-07-02;21:00;0;1000;1000,4;1000;617,8;25;22;28,4;25;23,5;22;84;71;84;357;6;1,7;
2012-07-02;22:00;0;1000,6;1000,6;999,8;517;25,5;21,4;25,6;24,9;22,6;21,4;86;78;78;291;3,4;,5;
2012-07-02;23:00;2;1001,7;1001,7;1000,6;167,6;23,4;22;25,9;23,4;22,5;21,4;92;76;92;196;7,6;3,2;
2012-07-03;00:00;1,4;1003;1003;1001,7;-9999;23,4;22,6;23,5;23,2;22,7;22,1;95;92;95;7;5,4;,8;
2012-07-03;01:00;0;1003,7;1003,7;1003;-9999;23,4;22,5;23,5;23,3;22,7;22,5;95;95;95;268;2;,7;
2012-07-03;02:00;0;1004,1;1004,1;1003,7;-9999;23,1;22,2;23,4;23,1;22,6;22,2;95;94;95;344;2;,6;
2012-07-03;03:00;0;1004,1;1004,3;1004,1;-9999;23;22,2;23,1;22,9;22,2;22,1;96;95;96;194;1,3;,4;
2012-07-03;04:00;,2;1004,1;1004,2;1004;-9999;22,6;21,9;23;22,6;22,2;21,9;96;95;96;103;1,3;,3;
2012-07-03;05:00;0;1003,5;1004,1;1003,5;-9999;22,2;21,6;22,6;22,2;21,9;21,6;96;96;96;36;1,2;,6;
2012-07-03;06:00;0;1002,7;1003,5;1002,7;-9999;21,8;21,2;22,3;21,8;21,6;21,2;96;96;96;63;1,4;,8;
2012-07-03;07:00;0;1001,9;1002,7;1001,9;-9999;22,2;21,6;22,2;21,7;21,6;21,1;96;96;96;137;1,4;,4;
2012-07-03;08:00;0;1002,1;1002,1;1001,8;-9999;22,1;21,5;22,3;22;21,6;21,4;96;96;96;81;2;,8;
2012-07-03;09:00;0;1001,9;1002,2;1001,9;-9999;22,1;21,5;22,2;22,1;21,6;21,5;96;96;96;44;2;,6;
2012-07-03;10:00;0;1002;1002;1001,8;-9999;21,7;21,1;22,1;21,7;21,5;21,1;96;96;96;108;1,1;,2;
2012-07-03;11:00;0;1002,5;1002,6;1002;28,2;21,8;21,2;21,8;21,5;21,3;20,9;97;96;97;91;1,8;,4;
2012-07-03;12:00;0;1003,4;1003,4;1002,5;370,7;22,7;21,9;22,8;21,8;22,2;21,2;97;95;95;103;2,2;,4;
2012-07-03;13:00;0;1003,9;1003,9;1003,4;734,1;24;22,3;24;22,6;22,5;21,5;95;91;91;71;2,7;,9;
2012-07-03;14:00;0;1004,1;1004,1;1003,8;2015,4;25,9;22,6;26;23,9;22,8;21,2;91;78;82;127;3,6;,9;
2012-07-03;15:00;0;1003,8;1004,1;1003,8;1596,9;27;22,5;27;25,8;22,7;21,1;82;72;76;73;2,1;,9;
2012-07-03;16:00;0;1003,6;1003,8;1003,6;2012,9;27,7;22,7;27,8;26,7;23,2;21,5;78;71;74;217;2,6;,8;
2012-07-03;17:00;0;1002,7;1003,6;1002,7;2199,6;29,2;22,3;29,5;27,7;23,7;21,5;76;65;66;95;5,1;1,4;
2012-07-03;18:00;0;1000,6;1002,7;1000,6;2655;30,8;23;30,8;29;23,9;21,5;72;60;64;91;4,5;1,4;
2012-07-03;19:00;0;999,2;1000,6;999,2;2077,2;27,5;22,1;31,1;27,5;24;21,7;73;60;72;71;5,6;1,8;
2012-07-03;20:00;0;998,2;999,2;998,2;748,7;27,4;21,6;27,5;26,2;23,1;21,4;82;71;71;47;4,2;1,7;
2012-07-03;21:00;0;998,1;998,2;998;997;27,5;22,8;29;27,4;23,6;21,3;76;66;76;220;3;1,2;
2012-07-03;22:00;0;998,7;998,7;998,1;218,5;26,7;23,3;27,5;26,7;23,9;22,6;83;76;82;202;3,3;1,9;
2012-07-03;23:00;0;999,3;999,3;998,7;17,8;25,7;23,7;26,7;25,7;23,7;23,1;89;81;89;221;3,7;,6;
2012-07-04;00:00;0;1000,2;1000,2;999,3;-9999;24,7;23,5;25,7;24,7;23,8;23,5;93;88;93;161;1,5;1;
2012-07-04;01:00;0;1001,7;1001,7;1000,2;-9999;24,1;23,2;24,7;24;23,5;23;94;93;94;351;1,5;,2;
2012-07-04;02:00;0;1002,3;1002,4;1001,7;-9999;23,5;22,7;24,1;23,5;23,1;22,7;95;94;95;53;1,4;,8;
2012-07-04;03:00;0;1002,5;1002,5;1002,3;-9999;23,5;22,6;23,5;23,3;22,7;22,5;95;95;95;207;1,1;,5;
2012-07-04;04:00;0;1001,9;1002,5;1001,8;-9999;23,2;22,3;23,5;23,2;22,7;22,3;96;95;95;35;,9;,3;
2012-07-04;05:00;0;1001,6;1001,9;1001,6;-9999;23;22,3;23,3;22,9;22,5;22,1;96;95;95;322;1,4;,4;
2012-07-04;06:00;0;1001,3;1001,6;1001,3;-9999;22,8;22,1;23;22,6;22,2;21,8;96;95;96;221;1,7;,4;
2012-07-04;07:00;0;1000,8;1001,3;1000,8;-9999;22,8;22,1;23,1;22,7;22,4;22;96;95;96;101;1,3;,2;
2012-07-04;08:00;0;1000,7;1000,9;1000,7;-9999;22,3;21,6;23;22,2;22,3;21,5;96;95;96;90;,9;,6;
2012-07-04;09:00;0;1000,9;1000,9;1000,7;-9999;22,2;21,5;22,5;22,1;21,9;21,5;96;96;96;39;1,1;,5;
2012-07-04;10:00;0;1001,4;1001,4;1000,9;-9999;22;21,3;22,2;21,9;21,5;21,3;96;96;96;353;1,4;,4;
2012-07-04;11:00;0;1001,9;1001,9;1001,3;29,2;21,8;21,2;22;21,6;21,4;21;96;96;96;32;1,3;,6;
2012-07-04;12:00;0;1002,6;1002,6;1001,9;480,8;23,8;22,3;23,8;21,8;22,6;21,2;97;91;92;31;1,5;,6;
2012-07-04;13:00;0;1003,3;1003,3;1002,6;1273,8;25,9;22,5;25,9;23,8;22,8;21,8;92;81;81;76;2,5;,9;
2012-07-04;14:00;0;1003,7;1003,7;1003,3;1880,7;27,5;22,1;28;25,7;23,8;22,1;83;71;72;83;2,8;1,1;
2012-07-04;15:00;0;1003,4;1003,7;1003,3;2684,5;28,7;22,5;29,3;27,3;24,3;21,4;79;65;70;13;3,9;1,4;
2012-07-04;16:00;0;1002,5;1003,4;1002,5;2255,2;28,6;22,5;29,7;28,6;23,7;21,9;73;64;70;171;3,9;1,6;
2012-07-04;17:00;,6;1001,5;1002,5;1001,5;1662,5;27,4;23,2;29,7;27,4;24,9;21,6;84;63;78;87;6,1;1,9;
2012-07-04;18:00;,2;1000,3;1001,5;1000,3;1870;26,1;23,4;29,4;25,7;24,3;21,1;87;62;85;43;7,5;3,2;
2012-07-04;19:00;0;999;1000,3;999;770,2;26,6;23,3;26,6;25,8;24,4;23,2;91;82;82;20;7,5;,8;
2012-07-04;20:00;0;998,3;999;998,2;849,1;26,8;24;27,1;26,6;24,2;23;86;80;84;339;3,2;1,1;
2012-07-04;21:00;0;998,4;998,4;998;607,1;26,1;23,8;27,1;26,1;24,7;23,7;88;83;87;5;5,5;2,7;
2012-07-04;22:00;0;998,3;998,4;998,3;278,7;25,6;23,5;26,1;25,6;23,7;23,1;88;85;88;320;5,5;,9;
2012-07-04;23:00;0;999,1;999,1;998,2;40,4;24,9;23,7;25,6;24,9;24;23,3;93;88;93;247;2,1;,4;
2012-07-05;00:00;0;1000;1000;999,1;-9999;24,4;23,5;25;24,4;23,9;23,4;95;93;95;39;1,5;1;
2012-07-05;01:00;0;1001,1;1001,1;1000;-9999;24,1;23,2;24,4;24,1;23,5;23,2;95;95;95;250;1,7;,9;
2012-07-05;02:00;0;1001,9;1001,9;1001,1;-9999;23,8;23;24,1;23,7;23,2;22,9;96;95;96;63;1,7;,3;
2012-07-05;03:00;0;1002,1;1002,2;1001,9;-9999;23,5;22,7;23,8;23,5;23;22,7;96;95;95;320;1,1;,5;
2012-07-05;04:00;0;1002,2;1002,3;1001,9;-9999;23,2;22,5;23,5;23,1;22,8;22,3;96;95;96;315;1,3;,5;
2012-07-05;05:00;0;1001,3;1002,2;1001,3;-9999;22,9;22;23,4;22,9;22,7;22;96;95;95;227;1,6;,5;
2012-07-05;06:00;0;1001;1001,3;1000,8;-9999;22,7;22;22,9;22,7;22,3;21,9;96;95;96;351;1,2;,6;
2012-07-05;07:00;0;1000,5;1001;1000,5;-9999;22,4;21,7;23;22,4;22,4;21,6;96;95;96;3;1,5;,3;
2012-07-05;08:00;,2;1000,4;1000,6;1000,4;-9999;22,3;21,7;22,4;22,1;21,7;21,4;96;96;96;345;1,7;,8;
2012-07-05;09:00;0;1000,4;1000,5;1000,3;-9999;22,2;21,6;22,4;22,1;21,8;21,5;97;96;96;29;1,7;,5;
2012-07-05;10:00;0;1000,6;1000,6;1000,3;-9999;21,9;21,3;22,2;21,9;21,6;21,3;97;96;96;102;1,3;,4;
2012-07-05;11:00;0;1001,3;1001,3;1000,6;13,2;22,1;21,5;22,1;21,8;21,5;21,2;97;96;97;319;1,2;,4;
2012-07-05;12:00;0;1002,1;1002,1;1001,3;138,9;22,8;22,3;22,9;22,1;22,3;21,6;97;97;97;31;1,2;,5;
2012-07-05;13:00;0;1002,4;1002,4;1002,1;561,9;23,8;22,8;23,8;22,8;23;22,3;97;94;95;340;2;1,1;
2012-07-05;14:00;0;1002,1;1002,5;1002,1;1182,6;25,1;22,4;25,3;23,8;23,5;22,3;95;84;85;300;2,4;1,1;
2012-07-05;15:00;0;1002,2;1002,4;1002,1;1992;26,5;22,2;27,2;25,1;23,3;21,5;86;73;77;235;2,3;1,1;
2012-07-05;16:00;0;1001,6;1002,2;1001,6;2704,6;29,2;23,7;29,2;26,5;23,7;21,9;78;66;73;24;2,7;,9;
2012-07-05;17:00;0;1000,4;1001,6;1000,4;2631,4;29,4;22,9;29,4;28,6;23,5;21,8;73;65;68;312;3,8;1,1;
2012-07-05;18:00;0;998,9;1000,4;998,9;3172,4;30,2;23,4;30,5;29,4;23,8;21,9;71;62;67;335;4;1,4;
2012-07-05;19:00;0;997,6;998,9;997,6;1655,6;30,2;23,5;30,6;29;24,3;22,6;75;65;67;249;3,5;1,3;
2012-07-05;20:00;0;996,9;997,6;996,9;1745,4;29,3;22,5;30,9;28,7;24,6;22,5;76;63;67;157;3,6;1;
2012-07-05;21:00;0;996,7;996,9;996,7;1578,5;30,3;23,5;30,9;29,3;23,5;21,4;69;58;67;186;3,4;1,7;
2012-07-05;22:00;0;996,9;996,9;996,6;472,2;28,3;23,6;30,4;28,3;24,3;22,4;77;63;76;139;3,8;,4;
2012-07-05;23:00;0;998,1;998,1;996,9;22,5;26,8;24,4;28,3;26,8;24,5;23,5;87;75;87;195;1,6;,8;
2012-07-06;00:00;0;999,5;999,5;998,1;-9999;25,9;23,4;26,8;25,8;24,5;23,4;90;86;86;197;3;1,3;
2012-07-06;01:00;0;1000,5;1000,5;999,5;-9999;25,6;23,4;25,9;25,5;23,5;23,1;88;85;88;179;3;1,1;
2012-07-06;02:00;1;1001,1;1001,2;1000,5;-9999;25;23,7;25,6;25;23,8;23,1;92;86;92;354;2,3;,8;
2012-07-06;03:00;0;1001,5;1001,6;1001,1;-9999;23,9;22,9;25;23,9;23,9;22,5;94;89;94;46;4,9;,8;
2012-07-06;04:00;0;1001,2;1001,5;1001,1;-9999;23,7;22,9;23,9;23,6;23,1;22,8;95;94;95;10;1,8;,6;
2012-07-06;05:00;0;1000,8;1001,5;1000,8;-9999;23,7;22,8;23,8;23,6;23;22,8;95;95;95;112;1,9;,6;
2012-07-06;06:00;0;1000,8;1000,9;1000,7;-9999;23,7;22,8;23,8;23,6;22,9;22,7;95;95;95;315;2,5;1,1;
2012-07-06;07:00;0;1000,4;1000,8;1000,3;-9999;23,5;22,7;23,7;23,5;22,9;22,7;96;95;96;11;2,3;,9;
2012-07-06;08:00;0;1000,2;1000,4;1000,1;-9999;23,3;22,6;23,5;23,3;22,8;22,6;96;95;96;332;2,2;,8;
2012-07-06;09:00;,2;1000,1;1000,2;1000,1;-9999;23,2;22,5;23,4;23,2;22,7;22,5;96;96;96;305;1,8;,4;
2012-07-06;10:00;0;1000,6;1000,6;1000,1;-9999;23;22,3;23,2;23;22,6;22,3;96;96;96;37;1,1;,3;
2012-07-06;11:00;0;1001,4;1001,4;1000,6;23,6;23;22,3;23;22,8;22,3;22,2;96;96;96;37;1,2;,7;
2012-07-06;12:00;0;1002,3;1002,3;1001,4;292,1;23,9;22,9;23,9;23;23;22,3;96;94;94;102;1;,4;
2012-07-06;13:00;0;1003;1003;1002,3;867,5;25;22,8;25,1;23,9;23,3;22,4;95;87;87;262;3;,8;
2012-07-06;14:00;0;1003,4;1003,5;1003;1554,8;26,5;22,7;26,5;24,9;23,2;22,3;89;78;80;242;3,2;1,2;
2012-07-06;15:00;0;1003,2;1003,4;1003,2;2581,8;28;22,3;28,1;26,4;23,1;21,2;81;66;71;97;3,4;1,3;
2012-07-06;16:00;0;1002,4;1003,2;1002,4;2522;29,6;22;29,6;28;22,9;21,2;74;61;64;87;3,6;1,2;
2012-07-06;17:00;0;1001,3;1002,4;1001,3;3122,9;30,7;22,6;30,9;29,4;23,1;21,2;68;59;62;100;5,3;1,8;
2012-07-06;18:00;0;999,9;1001,3;999,9;2924,6;30,2;23,2;31,4;29,1;25,3;21,7;80;58;66;89;5,6;1,4;
2012-07-06;19:00;0;998,8;999,9;998,8;2169;29,8;22,5;30,8;29,5;23,9;22,1;69;61;65;148;5,7;2,1;
2012-07-06;20:00;0;998,1;998,8;998,1;1578,8;29;22,2;29,8;28,5;22,9;21,5;71;64;67;200;7,1;1,8;
2012-07-06;21:00;0;998,2;998,2;997,8;1253,5;28,9;23;29,3;28,9;23,4;21,8;72;65;70;213;4,1;2;
2012-07-06;22:00;0;998,6;998,6;998;471,4;28;23,2;29,1;28;23,8;22,5;75;70;75;197;3,4;1,4;
2012-07-06;23:00;0;999,1;999,1;998,6;32,5;26,5;24;28;26,5;24,2;23,2;86;75;86;240;2,6;,6;
2012-07-07;00:00;0;1000,2;1000,2;999,1;-9999;25,8;24;26,5;25,7;24,4;23,8;90;86;90;242;2,4;,6;
2012-07-07;01:00;0;1001,3;1001,3;1000,2;-9999;25,5;23,8;25,8;25,4;24,1;23,7;92;90;90;228;1,8;,8;
2012-07-07;02:00;10;1002,4;1002,7;1001,3;-9999;23,4;22,5;25,5;23,3;23,8;22,3;95;87;95;323;6,8;1,2;
2012-07-07;03:00;0;1002,4;1002,5;1002,4;-9999;23,5;22,7;23,6;23,4;22,8;22,5;96;95;95;319;2,5;,7;
2012-07-07;04:00;0;1002,5;1002,6;1002,2;-9999;23,5;22,7;23,5;23,3;22,8;22,5;96;95;96;341;2,2;,6;
2012-07-07;05:00;0;1002,5;1002,6;1002,4;-9999;23,3;22,5;23,5;23,3;22,7;22,5;96;95;95;6;1,7;,5;
2012-07-07;06:00;0;1002,7;1002,8;1002,5;-9999;23,3;22,5;23,3;23,2;22,6;22,4;96;95;95;1;1,4;,5;
2012-07-07;07:00;3;1002,1;1002,7;1002,1;-9999;23,4;22,7;23,4;23,3;22,7;22,5;96;95;96;13;2,1;1,1;
2012-07-07;08:00;0;1001,8;1002,1;1001,7;-9999;23,4;22,7;23,4;23,3;22,7;22,6;96;96;96;322;2,2;,7;
2012-07-07;09:00;0;1001,7;1001,8;1001,5;-9999;23,1;22,4;23,4;23,1;22,7;22,4;96;96;96;17;2;,6;
2012-07-07;10:00;0;1002,1;1002,1;1001,6;-9999;23,2;22,6;23,3;23,1;22,6;22,4;96;96;96;360;1,1;,4;
2012-07-07;11:00;0;1002,7;1002,8;1002,1;15;23,5;22,8;23,5;23,2;22,8;22,6;96;96;96;235;1,2;,2;
2012-07-07;12:00;,2;1003,6;1003,6;1002,7;427,1;24,2;23;24,2;23,5;23,4;22,8;96;93;93;259;2,1;,8;
2012-07-07;13:00;0;1004,1;1004,2;1003,6;703,6;25;22,7;25;24,1;23,5;22,3;93;87;87;146;2,1;,5;
2012-07-07;14:00;0;1004,3;1004,3;1004,1;1168,9;26;23,1;26,1;25;23,6;22,4;88;82;84;110;2,2;,8;
2012-07-07;15:00;0;1004,3;1004,5;1004,3;1433,6;26,8;23,6;26,8;25,9;23,8;22,4;87;79;83;174;3,9;1,8;
2012-07-07;16:00;0;1004,1;1004,3;1004;1396,4;26,9;23,1;27,7;26,3;24,2;22,4;84;75;80;147;4,4;1,2;
2012-07-07;17:00;3,2;1003,2;1004,2;1003,2;436,1;24,8;22,9;26,9;24,4;24,2;22,7;93;80;90;95;4,7;,9;
2012-07-07;18:00;0;1002,4;1003,2;1002,4;743;24,9;22,8;25,3;24,6;23,6;22,4;92;87;88;58;2,7;,7;
2012-07-07;19:00;0;1001,1;1002,4;1001,1;1645,6;26,9;23;27;24,8;23,9;22;89;77;79;146;2,5;1,1;
2012-07-07;20:00;0;1000,4;1001,1;1000,4;2232,6;28;22,8;28,7;26,8;24,5;22;81;69;74;108;3,4;1,3;
2012-07-07;21:00;0;1000,3;1000,4;1000,2;1256,8;27,8;23,4;28,9;27,7;23,6;21,9;78;67;77;203;3,1;,9;
2012-07-07;22:00;0;1001;1001,1;1000,3;267,3;27,1;24,4;27,8;27,1;24,7;22,8;87;75;85;63;1,7;,6;
2012-07-07;23:00;0;1001,7;1001,7;1001;12,8;24,7;22,9;27,1;24,7;24,9;22,4;90;82;90;105;3;,3;
2012-07-08;00:00;0;1002,7;1002,7;1001,7;-9999;24,4;23,3;24,7;24,2;23,4;22,7;94;89;94;179;1;,4;
2012-07-08;01:00;0;1003,7;1003,7;1002,7;-9999;24,3;23,4;24,4;24,2;23,5;23,2;95;94;95;54;1,9;,9;
2012-07-08;02:00;0;1004,7;1004,7;1003,7;-9999;24,3;23,2;24,3;24,1;23,4;22,9;95;92;93;211;1,9;,2;
2012-07-08;03:00;0;1004,7;1004,7;1004,6;-9999;24;23;24,3;24;23,2;22,9;94;93;94;36;1,4;,7;
2012-07-08;04:00;0;1004,6;1005;1004,6;-9999;23,9;23;24;23,8;23;22,8;95;93;95;171;1,5;,4;
2012-07-08;05:00;,2;1004,1;1004,6;1004;-9999;23,8;23;23,9;23,7;23,1;22,9;95;95;95;270;1;,3;
2012-07-08;06:00;,4;1003,5;1004,1;1003,5;-9999;23,7;22,9;23,8;23,7;23,1;22,9;96;95;95;165;1,6;,4;
2012-07-08;07:00;,2;1003,1;1003,5;1003,1;-9999;23,7;22,9;23,9;23,7;23,2;22,9;96;95;95;84;2,3;,2;
2012-07-08;08:00;,2;1002,9;1003,2;1002,9;-9999;23,5;22,8;23,7;23,5;22,9;22,7;96;95;96;310;1,1;,6;
2012-07-08;09:00;0;1002,8;1002,9;1002,7;-9999;23,2;22,4;23,5;23,2;22,8;22,4;96;96;96;1;1,5;,7;
2012-07-08;10:00;0;1003;1003;1002,7;-9999;22,9;22,2;23,2;22,9;22,5;22,2;96;96;96;65;1,2;,7;
2012-07-08;11:00;0;1003,1;1003,2;1003;29,1;22,9;22,2;23;22,8;22,4;22,2;96;96;96;357;1,9;,9;
2012-07-08;12:00;0;1003,9;1003,9;1003,1;403,5;23,6;22,8;23,6;22,8;22,9;22,2;96;95;95;229;1,7;,7;
2012-07-08;13:00;0;1004,4;1004,4;1003,9;842,3;24,5;22,5;24,8;23,6;23,1;22,4;95;88;88;200;2,2;1;
2012-07-08;14:00;0;1004,7;1004,7;1004,3;1478,5;26,1;22,7;26,1;24,5;22,8;21,6;89;79;82;201;2,7;1,2;
2012-07-08;15:00;0;1004,7;1004,9;1004,7;2135,8;27,2;23,3;27,5;26,1;23,6;21,9;82;75;79;197;3,7;1,1;
2012-07-08;16:00;0;1004,1;1004,7;1004,1;2891;28,9;23,1;29;27,2;23,7;22,1;80;68;71;179;5,1;1,9;
2012-07-08;17:00;0;1002,7;1004,1;1002,7;1700,4;28,8;23,2;29;28;24,5;22,3;79;68;72;48;4;1,1;
2012-07-08;18:00;0;1001,4;1002,7;1001,4;2488,4;30,4;21,7;30,5;28,6;24,1;21,7;75;60;60;110;2,8;1,2;
2012-07-08;19:00;0;1000,1;1001,4;1000,1;2589,5;30,6;22,3;31;30;24,3;21,7;68;59;61;211;3,5;1,6;
2012-07-08;20:00;0;999,5;1000,2;999,5;1470;28,9;24;31,3;28,9;24,4;21,3;77;57;75;157;4,1;1,4;
2012-07-08;21:00;0;1001,3;1001,3;999,3;343,6;25;22,5;29,1;25;25,5;22,1;86;71;86;124;9,3;2,9;
2012-07-08;22:00;5,4;1001,4;1001,5;1001,1;24,7;23,7;22,8;25,1;23,3;23;22,1;95;86;94;360;8,6;,7;
2012-07-08;23:00;1,6;1001,4;1001,8;1001,3;-9999;23,6;22,8;23,7;23,6;22,9;22,6;95;94;95;169;1,6;,7;
2012-07-09;00:00;,2;1003;1003;1001,3;-9999;23,5;22,7;23,8;23,5;23;22,6;95;94;95;18;2,1;1,1;
2012-07-09;01:00;0;1003,4;1003,4;1002,8;-9999;23,3;22,6;23,6;23,3;22,8;22,6;96;95;95;40;2,5;,6;
2012-07-09;02:00;0;1003,8;1003,8;1003,2;-9999;23,1;22,3;23,4;23,1;22,7;22,3;96;95;96;38;1,8;,7;
2012-07-09;03:00;0;1003,9;1004;1003,8;-9999;22,9;22,2;23,1;22,8;22,4;22,1;96;95;96;339;1,4;,8;
2012-07-09;04:00;0;1003,8;1004;1003,8;-9999;22,6;22;22,9;22,5;22,2;21,8;96;96;96;4;1,8;,2;
2012-07-09;05:00;0;1003,1;1003,8;1003;-9999;22,5;21,8;22,7;22,5;22;21,8;96;96;96;111;1,2;,5;
2012-07-09;06:00;0;1002,2;1003,1;1002,2;-9999;22,6;21,9;22,8;22,4;22,2;21,8;96;96;96;229;1,1;,5;
2012-07-09;07:00;0;1001,7;1002,2;1001,7;-9999;22,7;22,1;22,8;22,5;22,2;21,8;96;96;96;177;1,9;1;
2012-07-09;08:00;0;1001,6;1001,7;1001,5;-9999;22,6;22;22,8;22,5;22,1;21,9;96;96;96;324;1,9;,4;
2012-07-09;09:00;,2;1001,9;1001,9;1001,6;-9999;22,3;21,7;22,6;22,3;22;21,7;96;96;96;90;1,6;,3;
2012-07-09;10:00;0;1002,4;1002,4;1001,9;-9999;22,4;21,8;22,4;22,3;21,8;21,7;96;96;96;315;1,3;,7;
2012-07-09;11:00;0;1003;1003;1002,3;17,8;22,6;21,9;22,6;22,4;22;21,8;96;96;96;226;1,8;,7;
2012-07-09;12:00;0;1003,8;1003,8;1003;205,2;22,7;21,9;22,8;22,6;22,1;21,8;96;95;95;251;1,9;,9;
2012-07-09;13:00;0;1004,5;1004,5;1003,8;452,8;23;21,9;23,2;22,7;22,2;21,8;96;93;93;205;3,2;1,2;
2012-07-09;14:00;0;1004,5;1004,7;1004,5;1100,6;24;22;24,1;23;22,1;21,5;94;87;88;201;2,9;1,4;
2012-07-09;15:00;0;1004,6;1004,6;1004,5;2196,6;25,5;21,8;25,6;24;22,6;21,6;89;79;80;215;5;1,4;
2012-07-09;16:00;0;1003,9;1004,6;1003,9;1799,5;26,2;22,4;26,3;25,5;23,1;22;84;79;80;216;3,8;1,3;
2012-07-09;17:00;0;1003;1003,8;1003;2047,6;27,5;22,4;27,7;26;23;21,7;83;72;74;202;4,3;2,1;
2012-07-09;18:00;0;1001,5;1003;1001,5;2540,1;28,1;22,7;28,4;27,3;23,7;22,2;78;71;73;194;5,1;2,4;
2012-07-09;19:00;0;1000,5;1001,5;1000,5;2677;28;22,5;29,1;28;23,7;22,4;77;69;72;204;6,4;2,6;
2012-07-09;20:00;1,6;1000;1000,5;1000;1610,4;25,3;23,8;29,5;25,3;23,8;21,5;92;64;92;232;6,6;1,3;
2012-07-09;21:00;,4;1000;1000,4;1000;262,7;24,2;23;25,3;24,2;24;22,9;93;90;93;352;4,4;2;
2012-07-09;22:00;,2;1000,9;1000,9;1000;174,7;24,1;23,1;24,2;24;23,3;22,9;94;93;94;6;4,4;1,1;
2012-07-09;23:00;2,6;1001,6;1001,6;1000,9;11,8;23,9;22,7;24,3;23,8;23,4;22,5;95;92;93;207;5;,8;
2012-07-10;00:00;0;1001,8;1001,8;1001,4;-9999;23,8;23;23,9;23,6;23;22,3;95;92;95;202;2,7;,8;
2012-07-10;01:00;0;1002,7;1002,7;1001,8;-9999;23,7;22,9;23,8;23,6;22,9;22,5;95;93;95;222;2,7;,5;
2012-07-10;02:00;,2;1003,3;1003,3;1002,7;-9999;23,7;22,7;23,7;23,6;22,9;22,5;95;93;94;202;3,4;,9;
2012-07-10;03:00;,6;1003,6;1003,7;1003,3;-9999;23,6;22,6;23,7;23,6;22,8;22,6;95;94;95;216;2,9;1,2;
2012-07-10;04:00;,2;1003,7;1003,8;1003,6;-9999;23,6;22,7;23,7;23,6;22,8;22,6;95;94;95;199;2;1;
2012-07-10;05:00;0;1003,1;1003,7;1003,1;-9999;23,4;22,5;23,6;23,4;22,7;22,4;95;94;95;201;3,4;1,7;
2012-07-10;06:00;0;1002,3;1003,1;1002,3;-9999;23,4;22,5;23,4;23,3;22,5;22,3;95;94;95;218;2,8;1;
2012-07-10;07:00;,2;1001,9;1002,3;1001,9;-9999;23,2;22,2;23,4;23,2;22,5;22,2;95;94;94;203;2,8;1,4;
2012-07-10;08:00;0;1002;1002,1;1001,8;-9999;23;22,1;23,2;23;22,2;22;94;94;94;206;3;1,4;
2012-07-10;09:00;0;1002,2;1002,2;1001,9;-9999;22,8;21,7;23,1;22,8;22,2;21,7;95;93;93;204;3,3;1,8;
2012-07-10;10:00;0;1002,7;1002,7;1002,2;-9999;22,7;21,7;22,8;22,7;21,9;21,7;95;93;94;200;3,3;1,2;
2012-07-10;11:00;0;1003,4;1003,4;1002,7;6,1;22,8;21,7;22,8;22,7;21,8;21,5;94;93;94;197;2,6;1,4;
2012-07-10;12:00;2;1004,2;1004,2;1003,4;149,3;22,8;21,8;22,8;22,6;21,9;21,5;95;93;94;193;3,7;1,7;
2012-07-10;13:00;0;1004,5;1004,5;1004,2;396,2;23,3;22;23,3;22,8;22,2;21,6;94;92;92;199;3,4;1,6;
2012-07-10;14:00;0;1004,7;1004,7;1004,5;1135,4;24,3;21,9;24,6;23,3;22,4;21,4;93;84;86;178;3;1,3;
2012-07-10;15:00;0;1004,7;1004,8;1004,7;844,3;25,1;21,8;25,1;24;22,3;21,2;88;80;82;201;3,6;1,3;
2012-07-10;16:00;0;1004,3;1004,7;1004,3;1514,7;25,6;22,2;25,9;25,1;22,7;21;85;76;82;211;4;1,5;
2012-07-10;17:00;0;1003,7;1004,3;1003,7;1076,6;25,9;22,3;26,2;25,6;22,7;21,8;83;78;80;213;3;1,6;
2012-07-10;18:00;0;1002,6;1003,7;1002,6;1445,8;26,1;22,3;26,4;25,8;23;22,2;83;79;80;189;4,7;2,6;
2012-07-10;19:00;0;1001,1;1002,6;1001,1;1823;26,9;22,3;27;26,1;23,3;22,1;82;75;76;222;4,4;1,4;
2012-07-10;20:00;0;1000,2;1001,1;1000,2;2036,8;27,3;22,4;27,8;26,9;23,3;22;79;72;74;211;5,7;3;
2012-07-10;21:00;0;999,9;1000,2;999,9;1644,4;27,5;23,1;28;27,2;23,1;22,1;77;72;77;225;5,7;1,9;
2012-07-10;22:00;0;999,9;1000;999,8;635,1;27,2;23,2;27,8;27;23,4;22,4;79;73;79;234;3,3;,9;
2012-07-10;23:00;0;1000,5;1000,5;999,9;59,3;25,9;23,6;27,2;25,9;23,6;22,7;87;77;87;216;2;,2;
2012-07-11;00:00;0;1001,1;1001,1;1000,5;-9999;24,9;22,8;25,9;24,9;23,6;22,8;90;85;88;234;2,3;,8;
2012-07-11;01:00;0;1001,8;1001,8;1001,1;-9999;24,6;22,7;25;24,5;23,2;22,6;91;88;89;225;2,8;1,2;
2012-07-11;02:00;0;1002,5;1002,6;1001,8;-9999;24,2;22,6;24,6;24,2;22,8;22,5;92;89;91;225;2,7;1;
2012-07-11;03:00;0;1002,6;1002,6;1002,5;-9999;23,9;22,8;24,2;23,8;22,8;22,4;94;91;94;205;2,1;,4;
2012-07-11;04:00;0;1002,5;1002,8;1002,5;-9999;23,9;22,6;24,1;23,8;22,9;22,6;94;93;93;221;2;1;
2012-07-11;05:00;0;1002,2;1002,6;1002,2;-9999;23,5;22,4;23,9;23,5;22,6;22,3;93;91;93;320;3;,4;
2012-07-11;06:00;0;1001,9;1002,2;1001,8;-9999;23,5;22,5;23,5;23,3;22,5;22,3;95;93;94;237;2,1;,7;
2012-07-11;07:00;0;1001,3;1001,9;1001,3;-9999;23,3;22,4;23,5;23,3;22,5;22,3;95;94;94;190;2,1;,9;
2012-07-11;08:00;,2;1000,9;1001,3;1000,9;-9999;23,2;22,2;23,4;23,1;22,4;22,2;95;94;95;182;2,6;1,1;
2012-07-11;09:00;0;1000,8;1000,9;1000,7;-9999;22,8;22;23,2;22,8;22,2;22;95;94;95;219;2,1;,9;
2012-07-11;10:00;,2;1001,1;1001,1;1000,8;-9999;22,6;21,9;22,9;22,6;22,2;21,8;96;95;96;349;1,5;,4;
2012-07-11;11:00;0;1001,8;1001,8;1001,1;17,8;22,6;22;22,6;22,4;22;21,7;96;96;96;342;1,4;,3;
2012-07-11;12:00;0;1002,8;1002,8;1001,8;306,9;23,6;22,6;23,6;22,6;22,6;21,9;96;94;94;144;1,2;,3;
2012-07-11;13:00;0;1003,2;1003,2;1002,8;743,4;24,3;21,9;24,4;23,6;22,6;21,6;94;86;87;316;1,6;,8;
2012-07-11;14:00;0;1003,4;1003,5;1003,2;1151;25,4;21,7;25,8;24,3;23;21,3;88;79;80;323;2,5;,9;
2012-07-11;15:00;0;1003,3;1003,5;1003,3;1703,2;26,4;20,6;26,5;25,4;22,1;20,2;82;68;71;194;3;1,2;
2012-07-11;16:00;0;1002,7;1003,3;1002,7;1429,7;27,4;21,9;27,5;26,4;22,6;20,7;76;70;72;285;2,6;1,1;
2012-07-11;17:00;0;1001,6;1002,7;1001,6;1530,2;27,4;22,3;27,7;27,2;23;21,4;77;69;74;302;3,4;1,4;
2012-07-11;18:00;0;1000,7;1001,6;1000,7;1356,4;27,7;22,3;27,8;26,8;22,9;21,6;77;71;72;341;3,6;1;
2012-07-11;19:00;0;999,7;1000,7;999,7;1702,1;28,5;23,3;28,5;27,5;23,4;21,7;76;68;74;222;2,5;1,2;
2012-07-11;20:00;0;998,7;999,7;998,7;1291,4;28,4;22,5;28,6;28;22,9;21,5;73;66;70;255;3,5;,7;
2012-07-11;21:00;,6;998,8;998,8;998,6;406,1;25,9;24,3;28,4;25,9;24,5;22,4;92;70;91;185;3;1;
2012-07-11;22:00;0;999;999;998,8;201,4;25,6;24,2;26;25,5;24,4;23,6;92;89;92;168;2,4;,7;
2012-07-11;23:00;0;999,5;999,5;999;25,2;25,1;24,1;25,6;25,1;24,4;24;94;91;94;14;1,3;,7;
2012-07-12;00:00;0;1000,3;1000,3;999,5;-9999;24,7;23,7;25,1;24,7;24,1;23,7;95;94;94;21;1,4;,6;
2012-07-12;01:00;0;1001,1;1001,1;1000,3;-9999;24,5;23,6;24,8;24,5;23,9;23,6;95;94;95;27;1,2;,7;
2012-07-12;02:00;0;1001,9;1001,9;1001,1;-9999;24,2;23,3;24,5;24,2;23,6;23,3;95;94;95;358;1,4;,3;
2012-07-12;03:00;0;1002,1;1002,1;1001,9;-9999;24,2;23,3;24,3;24,1;23,5;23,2;95;95;95;327;,8;,1;
2012-07-12;04:00;0;1002,1;1002,3;1002,1;-9999;24;23,1;24,2;24;23,4;23,1;95;95;95;351;,7;,3;
2012-07-12;05:00;0;1001,4;1002,1;1001,4;-9999;23,7;22,9;24;23,7;23,1;22,9;95;95;95;330;1,8;,6;
2012-07-12;06:00;0;1000,9;1001,5;1000,9;-9999;23,5;22,7;23,8;23,5;23;22,7;95;95;95;355;1,8;,5;
2012-07-12;07:00;0;1000,5;1000,9;1000,5;-9999;23,3;22,5;23,5;23,3;22,7;22,5;95;95;95;334;1,9;,6;
2012-07-12;08:00;0;1000,4;1000,6;1000,3;-9999;23,3;22,5;23,4;23,3;22,6;22,4;95;95;95;16;2,1;,5;
2012-07-12;09:00;0;1000,8;1000,8;1000,4;-9999;23,3;22,5;23,4;23,3;22,7;22,5;96;95;95;7;1,6;,3;
2012-07-12;10:00;0;1001,1;1001,1;1000,8;-9999;23,1;22,3;23,3;23;22,6;22,3;96;95;96;25;1,3;,7;
2012-07-12;11:00;0;1001,5;1001,5;1001,1;9,3;23,1;22,5;23,1;22,9;22,5;22,2;96;96;96;347;2;,9;
2012-07-12;12:00;0;1002,3;1002,3;1001,5;207,8;23,5;22,5;23,6;23,1;22,7;22,5;96;94;94;357;3,8;1,3;
2012-07-12;13:00;0;1003,2;1003,2;1002,3;572,6;24,2;22,1;24,2;23,5;23;22;94;88;88;346;3,1;,8;
2012-07-12;14:00;0;1003,3;1003,3;1003,2;921,8;25;22,3;25,1;24,1;22,9;22;90;84;85;347;3,7;1,6;
2012-07-12;15:00;0;1003,3;1003,4;1003,1;1748,6;26,2;22,5;26,4;25;22,9;21,7;86;79;80;331;3,5;1,4;
2012-07-12;16:00;0;1002,8;1003,3;1002,8;1513,4;27,1;22,7;27,3;26,2;23,4;21,9;80;74;77;346;3,2;1,1;
2012-07-12;17:00;0;1002;1002,8;1002;1689,4;28;22,6;28,2;27;23,2;21,9;78;70;73;277;2,8;,8;
2012-07-12;18:00;6;1001,2;1002;1001,2;770,8;25,2;24,1;28,1;25;24,2;22,7;94;72;94;18;4,2;,8;
2012-07-12;19:00;1,2;1000,7;1001,2;1000,5;812;25,7;24,1;25,9;25,2;24,4;22,6;94;84;91;65;3,3;1,1;
2012-07-12;20:00;1,2;1000,5;1000,7;1000,4;142,5;24,1;22,4;25,8;24,1;24,7;22,4;94;88;90;341;3,8;2;
2012-07-12;21:00;4,4;1000,4;1000,6;1000,1;21,5;23,2;22,3;24,1;23,2;22,7;22,3;95;91;95;328;4,1;,8;
2012-07-12;22:00;,6;1001,1;1001,2;1000,4;44,2;22,9;22,1;23,3;22,9;22,5;22;95;94;95;47;3,2;1,6;
2012-07-12;23:00;,2;1001;1001,1;1000,8;9,8;22,9;22;23,1;22,9;22,3;21,9;95;94;95;133;3,2;,5;
2012-07-13;00:00;0;1001,8;1001,8;1001;-9999;22,9;22,1;23,1;22,9;22,3;22;96;95;95;162;1,1;,7;
2012-07-13;01:00;0;1002,5;1002,5;1001,8;-9999;22,9;22,2;22,9;22,7;22,2;21,9;96;95;96;202;1,3;,4;
2012-07-13;02:00;0;1003;1003;1002,5;-9999;22,5;21,9;23;22,5;22,3;21,8;96;96;96;35;1,8;,9;
2012-07-13;03:00;,2;1002,7;1003,1;1002,6;-9999;22,3;21,7;22,6;22,3;21,9;21,6;96;96;96;358;1,8;,9;
2012-07-13;04:00;0;1002,6;1002,7;1002,6;-9999;22,2;21,6;22,3;22,2;21,6;21,5;96;96;96;50;2;,8;
2012-07-13;05:00;0;1002,6;1002,8;1002,6;-9999;22,2;21,5;22,3;22,2;21,7;21,5;96;96;96;20;1,5;,5;
2012-07-13;06:00;0;1002,1;1002,6;1002,1;-9999;22,2;21,5;22,3;22,2;21,6;21,5;96;96;96;289;1,5;,3;
2012-07-13;07:00;0;1001,6;1002,2;1001,6;-9999;22,2;21,5;22,3;22,2;21,6;21,5;96;96;96;168;1,5;,7;
2012-07-13;08:00;0;1001,6;1001,7;1001,5;-9999;22,6;22;22,6;22,2;22;21,5;96;96;96;137;1,7;,7;
2012-07-13;09:00;0;1001,6;1001,7;1001,5;-9999;22,7;22;22,7;22,6;22,1;22;96;96;96;137;1,1;,3;
2012-07-13;10:00;0;1002,4;1002,4;1001,6;-9999;22,6;21,9;22,7;22,5;22;21,9;96;96;96;151;1,4;,5;
2012-07-13;11:00;0;1003;1003;1002,4;25;22,6;22;22,7;22,5;22;21,8;96;96;96;77;2;,6;
2012-07-13;12:00;0;1003,9;1003,9;1003;219,6;23,1;22,5;23,1;22,6;22,5;21,9;96;96;96;94;2;,5;
2012-07-13;13:00;0;1004,7;1004,7;1003,9;850,5;24,3;22,7;24,3;23;23;22;96;89;90;129;2,4;,9;
2012-07-13;14:00;0;1004,9;1004,9;1004,7;1786,1;26,5;22,6;26,7;24,3;23,6;21,7;90;76;79;86;3,1;,9;
2012-07-13;15:00;0;1004,8;1005;1004,8;2285;27,7;23;28,4;26,5;24,1;22,1;82;71;76;77;3,8;1,8;
2012-07-13;16:00;0;1004,1;1004,8;1004,1;2617,3;28,6;22,6;28,9;27,6;24,3;22,1;78;68;70;47;3,9;1,3;
2012-07-13;17:00;0;1003,3;1004,1;1003,3;1850,6;28,3;23;29,3;28,3;24,4;21,7;76;65;73;92;3,7;,9;
2012-07-13;18:00;0;1002;1003,3;1002;1018,4;26,7;22,7;28,3;26;24,2;22,3;89;72;79;67;5;,9;
2012-07-13;19:00;0;1000,5;1002;1000,5;2458,8;28,4;23,8;30,1;26,7;24,3;22,4;81;67;76;166;4,7;2;
2012-07-13;20:00;0;1000;1000,5;999,9;1163,8;27,8;23,4;30;27,8;23,9;22,4;77;65;77;194;4,7;1,6;
2012-07-13;21:00;0;1000;1000;999,9;966,2;28,6;23;28,7;27,6;24,5;22,9;83;71;72;275;3;1,1;
2012-07-13;22:00;,6;1000,7;1000,8;1000;503,9;26,6;25,2;28,7;26,6;25,2;23;92;72;92;234;3,9;,7;
2012-07-13;23:00;0;1001,2;1001,2;1000,6;35,2;25,6;24,3;26,7;25,6;25,4;24,2;93;90;93;258;1,3;,2;
2012-07-14;00:00;0;1001,9;1001,9;1001,2;-9999;25;24,1;25,6;24,9;24,5;23,9;95;93;95;265;1,2;,6;
2012-07-14;01:00;0;1002,9;1002,9;1001,9;-9999;24,4;23,6;25;24,4;24,1;23,5;95;94;95;88;1,1;,3;
2012-07-14;02:00;0;1003,2;1003,3;1002,9;-9999;24;23,2;24,4;23,9;23,5;23,1;96;95;95;228;,8;,3;
2012-07-14;03:00;0;1003,6;1003,6;1003,2;-9999;23,9;23,2;24;23,6;23,2;22,9;96;95;96;255;,6;,3;
2012-07-14;04:00;0;1003,7;1003,8;1003,6;-9999;23,8;23,1;24,1;23,8;23,4;23,1;96;95;95;290;1;,3;
2012-07-14;05:00;0;1003,2;1003,7;1003,1;-9999;23,7;23;23,9;23,6;23,2;22,8;96;95;96;263;-9999;,4;
2012-07-14;06:00;0;1002,7;1003,2;1002,7;-9999;23,5;22,8;23,7;23,5;23;22,8;96;96;96;324;1,2;,4;
2012-07-14;07:00;0;1002,3;1002,7;1002,2;-9999;23,4;22,7;23,6;23,2;22,9;22,5;96;96;96;218;1;,5;
2012-07-14;08:00;0;1002,3;1002,4;1002,3;-9999;23,6;22,9;23,6;23,2;22,9;22,5;96;96;96;221;1,8;,9;
2012-07-14;09:00;0;1002,4;1002,4;1002,2;-9999;23,4;22,6;23,6;23,4;22,9;22,6;96;95;95;206;2,4;1,2;
2012-07-14;10:00;0;1003;1003;1002,4;-9999;23,2;22,4;23,5;23,2;22,6;22,4;95;94;95;165;3;,5;
2012-07-14;11:00;,2;1003,5;1003,5;1003;19,6;22,9;22,2;23,3;22,8;22,4;22;96;95;96;168;1,2;,3;
2012-07-14;12:00;0;1004,6;1004,6;1003,5;278,8;23,8;22,9;23,8;22,9;22,9;22,3;96;94;94;170;2,1;1;
2012-07-14;13:00;0;1005,4;1005,5;1004,6;472,2;24,3;22,9;24,3;23,8;23,2;22,6;94;92;92;316;2,7;,8;
2012-07-14;14:00;0;1006,1;1006,1;1005,4;744,4;25,1;22,5;25,2;24,3;23,1;22;92;86;86;331;2;,9;
2012-07-14;15:00;0;1006;1006,2;1006;1185,5;26,4;23,7;26,5;25,1;24;22,5;87;83;85;323;2,7;1,1;
2012-07-14;16:00;0;1005,5;1006;1005,5;1684,1;24,7;22;26,4;24,5;23,8;21,7;88;82;85;327;8,1;3,5;
2012-07-14;17:00;0;1004,5;1005,5;1004,4;2465,8;25,4;21,7;26,3;24,5;22,4;21,4;86;76;80;312;8;2,3;
2012-07-14;18:00;,2;1003,6;1004,5;1003,6;443,9;24;22,1;25,4;23,9;22,5;21,5;91;80;89;336;6,3;1,8;
2012-07-14;19:00;0;1002,7;1003,6;1002,5;491,3;23,8;21,9;24;23,7;22,2;21,5;91;87;89;328;5,4;1,2;
2012-07-14;20:00;,4;1002,1;1002,8;1001,9;558;24,1;22,2;24,2;23,6;22,7;21,8;92;89;89;322;3,3;,7;
2012-07-14;21:00;0;1001,6;1002,1;1001,6;572,9;24,6;22,3;24,6;24,1;22,7;21,4;90;84;87;182;2,7;,4;
2012-07-14;22:00;,2;1002,4;1002,5;1001,6;165,2;23,9;22,4;24,6;23,9;23,1;22;93;86;91;6;2,1;,7;
2012-07-14;23:00;,6;1002,8;1002,8;1002,4;15,3;23,8;22,9;24;23,7;23;22,2;95;91;95;118;1,2;,3;
2012-07-15;00:00;0;1003,2;1003,2;1002,5;-9999;23,5;22,7;23,8;23,4;22,9;22,5;95;95;95;328;1,6;,6;
2012-07-15;01:00;,6;1004,2;1004,2;1003,2;-9999;23,3;22,5;23,5;23,3;22,7;22,5;96;95;96;118;1,1;,5;
2012-07-15;02:00;0;1004,4;1004,4;1004;-9999;23,3;22,6;23,4;23,3;22,7;22,5;96;96;96;152;,9;,5;
2012-07-15;03:00;,2;1004,9;1004,9;1004,4;-9999;23,1;22,4;23,3;23,1;22,6;22,4;96;96;96;116;,9;,4;
2012-07-15;04:00;,2;1004,9;1005,3;1004,9;-9999;23,1;22,4;23,2;23;22,4;22,3;96;96;96;171;1,1;,2;
2012-07-15;05:00;0;1004,5;1004,9;1004,4;-9999;23,3;22,6;23,3;23;22,6;22,3;96;96;96;201;2,1;1,1;
2012-07-15;06:00;0;1003,9;1004,6;1003,7;-9999;23,2;22,4;23,3;23,2;22,6;22,4;96;96;96;48;2,1;,3;
2012-07-15;07:00;0;1003,3;1003,9;1003,3;-9999;23,1;22,3;23,3;23,1;22,6;22,2;96;95;95;300;1,3;,4;
2012-07-15;08:00;0;1003,2;1003,4;1003,2;-9999;23,1;22,4;23,1;22,9;22,4;22,2;96;95;96;280;1,3;,4;
2012-07-15;09:00;0;1003,6;1003,6;1003,2;-9999;23;22,3;23,1;22,9;22,4;22,2;96;96;96;67;1;,4;
2012-07-15;10:00;0;1003,9;1003,9;1003,6;-9999;22,8;22,1;23;22,8;22,3;22,1;96;96;96;174;2,2;1,2;
2012-07-15;11:00;0;1004,9;1004,9;1003,9;9,7;22,8;22,2;22,9;22,8;22,3;22,1;96;96;96;86;2,2;,4;
2012-07-15;12:00;0;1005,4;1005,5;1004,8;184,6;22,9;22,2;22,9;22,8;22,3;22,1;96;96;96;51;1,3;,4;
2012-07-15;13:00;0;1005,8;1005,8;1005,4;487,5;23,9;22,8;23,9;22,9;22,8;22;96;93;93;79;1,2;,4;
2012-07-15;14:00;0;1006,3;1006,3;1005,7;786,7;24,2;22,1;24,8;23,7;23,3;22;93;87;88;40;2,3;1;
2012-07-15;15:00;0;1005,9;1006,4;1005,9;1321,5;24,9;21,1;25,1;24,2;23,2;20,8;91;78;79;214;2,6;,7;
2012-07-15;16:00;0;1005,3;1005,9;1005,3;2104;26,8;22,5;27,1;24,9;22,6;20,6;79;72;78;230;2,8;1,3;
2012-07-15;17:00;0;1004,5;1005,3;1004,5;3001,5;28,7;21,9;28,7;26,8;23;21,2;79;66;67;168;4,1;1,3;
2012-07-15;18:00;0;1003,4;1004,5;1003,4;2079,8;29,4;24,4;29,5;28,3;24,6;21,8;78;66;75;79;4,1;1,1;
2012-07-15;19:00;0;1001,8;1003,4;1001,8;2559,9;29,9;22,9;30;28,8;24,6;21,6;76;62;66;156;3,6;,9;
2012-07-15;20:00;0;1000,9;1001,8;1000,8;1900,2;30;22,6;30,4;29,3;24,4;22,1;75;62;65;111;3,2;1,3;
2012-07-15;21:00;0;1000,5;1000,9;1000,5;1110;28,8;23,7;30,3;27,8;24,3;22,3;80;64;74;123;3,4;,7;
2012-07-15;22:00;0;1000,7;1000,7;1000,3;341,1;27,4;23;29,3;27,4;23,6;22,6;77;68;77;66;2,6;1,1;
2012-07-15;23:00;0;1001,5;1001,5;1000,7;25,9;25,8;23,5;27,4;25,8;23,8;23;87;77;87;127;2,2;,4;
2012-07-16;00:00;0;1002,3;1002,3;1001,5;-9999;24,6;23,4;25,8;24,6;23,8;23,3;93;87;93;43;1,8;1;
2012-07-16;01:00;0;1003,7;1003,7;1002,3;-9999;24,3;23,3;24,6;24,3;23,4;23,1;94;93;94;276;1,8;,3;
2012-07-16;02:00;0;1004,4;1004,4;1003,7;-9999;24,2;23,2;24,4;24,1;23,3;22,9;95;93;94;252;1,7;,2;
2012-07-16;03:00;0;1004,4;1004,4;1004,2;-9999;23,7;22,9;24,3;23,6;23,4;22,7;95;94;95;240;,9;,2;
2012-07-16;04:00;0;1004,6;1004,7;1004,4;-9999;23,2;22,3;23,8;23,2;22,9;22,3;96;95;95;16;1,4;,4;
2012-07-16;05:00;0;1003,9;1004,6;1003,9;-9999;23,4;22,6;23,5;23,1;22,7;22,3;96;95;95;213;1;,2;
2012-07-16;06:00;0;1003,3;1003,9;1003,3;-9999;23,8;22,9;23,8;23,4;23;22,6;96;95;95;253;1,9;,4;
2012-07-16;07:00;,2;1003;1003,3;1003;-9999;23,5;22,5;23,8;23,5;22,9;22,4;95;93;94;324;2,1;,6;
2012-07-16;08:00;0;1003;1003,1;1003;-9999;23,2;22,4;23,5;23,2;22,6;22,3;95;94;95;20;2,5;1,2;
2012-07-16;09:00;0;1003,2;1003,2;1002,6;-9999;23;22,2;23,4;22,8;22,6;22;96;95;96;218;2,5;,2;
2012-07-16;10:00;0;1003,3;1003,6;1003,2;-9999;23;22,2;23;22,9;22,2;22,1;96;95;96;308;1,6;,6;
2012-07-16;11:00;0;1004;1004;1003,2;24,1;22,9;22,1;23;22,8;22,2;22;96;95;95;352;3,1;1,2;
2012-07-16;12:00;0;1004,9;1004,9;1004;252,2;23,7;22,6;23,7;22,9;22,7;22,2;95;94;94;330;2,6;,8;
2012-07-16;13:00;7,6;1006,2;1006,2;1004,9;141,3;23,2;22,4;23,8;23,2;22,7;22,1;95;91;95;195;3,2;1,5;
2012-07-16;14:00;5,8;1006,9;1006,9;1006,2;51;23,1;22,4;23,3;23,1;22,6;22,3;96;95;95;171;2,8;,9;
2012-07-16;15:00;3,8;1006,8;1007;1006,8;75,5;23,2;22,5;23,3;23,1;22,6;22,3;96;95;96;21;1,9;,6;
2012-07-16;16:00;0;1006,2;1006,8;1006,2;253,2;23,7;22,8;23,7;23,2;22,8;22,4;96;95;95;289;1,6;,6;
2012-07-16;17:00;0;1005,5;1006,2;1005,5;736,9;23,8;22;23,9;23,6;22,9;21,9;95;89;90;318;4,9;2;
2012-07-16;18:00;0;1003,8;1005,5;1003,8;1003,2;24;21,5;24,2;23,6;22,5;21,5;91;86;86;309;4,8;1,7;
2012-07-16;19:00;0;1002,7;1003,8;1002,6;1329,6;24,7;21,8;24,8;23,9;22,2;21,4;88;83;84;322;4,4;1,6;
2012-07-16;20:00;0;1001,6;1002,7;1001,6;1289,4;25,5;22;25,5;24,6;22,3;21,3;84;80;81;330;4,1;1,7;
2012-07-16;21:00;0;1001,5;1001,6;1001,3;914,7;26;21,8;26;25,5;22,4;21,2;82;77;78;286;3,2;,5;
2012-07-16;22:00;0;1001,2;1001,5;1001,1;351,4;25,8;22,7;26,3;25,6;22,7;21,5;83;76;83;284;1,8;,3;
2012-07-16;23:00;0;1001,9;1001,9;1001,2;57,3;24,2;22,8;25,8;24,2;23;22,2;92;82;91;135;1,6;,9;
2012-07-17;00:00;0;1002,7;1002,7;1001,9;-9999;23,4;22,4;24,2;23,4;22,7;22,4;94;91;94;133;1,5;,7;
2012-07-17;01:00;0;1004,2;1004,2;1002,7;-9999;23,1;22,3;23,4;23,1;22,4;22,2;95;94;95;22;1,8;,5;
2012-07-17;02:00;0;1005,2;1005,2;1004,2;-9999;22,9;22,1;23,1;22,9;22,3;22,1;95;95;95;59;1,2;,9;
2012-07-17;03:00;1;1005,8;1005,8;1005,2;-9999;23,2;22,4;23,2;22,9;22,4;22,1;95;95;95;47;1,6;1;
2012-07-17;04:00;2,6;1005,7;1005,9;1005,7;-9999;23,1;22,3;23,2;23,1;22,4;22,3;96;95;95;59;1,8;,5;
2012-07-17;05:00;,8;1004,8;1005,7;1004,8;-9999;22,9;22,1;23,1;22,9;22,4;22,1;96;95;95;344;1,5;,4;
2012-07-17;06:00;0;1004,1;1004,8;1004,1;-9999;22,5;21,8;22,9;22,5;22,1;21,8;96;95;96;101;1,9;,4;
2012-07-17;07:00;0;1004;1004,2;1003,8;-9999;22,5;21,8;22,6;22,4;22;21,7;96;96;96;85;1,4;,7;
2012-07-17;08:00;,2;1003,5;1004;1003,5;-9999;22,6;22;22,7;22,5;22;21,8;96;96;96;93;1,2;,5;
2012-07-17;09:00;0;1004;1004;1003,4;-9999;22,7;22;22,7;22,5;22;21,9;96;96;96;104;1,9;,4;
2012-07-17;10:00;0;1004,7;1004,7;1004;-9999;22,9;22,2;22,9;22,7;22,2;22;96;96;96;94;2,3;,5;
2012-07-17;11:00;,2;1005,2;1005,3;1004,7;,7;22,5;21,7;22,9;22,5;22,2;21,7;96;95;95;61;3,4;1,5;
2012-07-17;12:00;0;1006,1;1006,1;1005,2;46,2;22,1;21,2;22,6;22;21,8;21,2;95;95;95;66;3,4;1,5;
2012-07-17;13:00;,8;1006,6;1006,6;1006,1;102;22,2;21,3;22,2;22;21,4;21,2;95;95;95;128;2,8;,3;
2012-07-17;14:00;,2;1006,9;1007;1006,6;323,2;22,9;21,9;22,9;22,1;21,9;21;95;93;94;168;1,6;,8;
2012-07-17;15:00;0;1006,7;1007;1006,7;691,2;23,7;22;23,7;22,8;22,3;21,2;94;89;90;66;1,8;,3;
2012-07-17;16:00;0;1006,3;1006,8;1006,3;975,9;24,3;21,7;24,4;23,6;22,4;21,2;90;84;86;196;1,8;,8;
2012-07-17;17:00;0;1005,6;1006,3;1005,6;1484,9;25,4;22,3;25,4;24,1;22,6;21,2;87;81;83;282;1,7;,7;
2012-07-17;18:00;0;1004,5;1005,6;1004,5;1633,6;26,5;22,3;26,5;25,3;22,5;21,2;83;74;78;137;2,7;,6;
2012-07-17;19:00;0;1002,8;1004,5;1002,8;2035,8;27,4;21,8;27,5;26,5;23,2;21,1;79;71;71;291;3;,8;
2012-07-17;20:00;0;1001,7;1002,8;1001,7;2036,7;28,7;22;28,8;27,3;23,1;21,4;76;65;67;250;2,6;1;
2012-07-17;21:00;0;1001,3;1001,7;1001,3;1180,4;28,7;22,3;29,1;28,1;23;21,1;71;64;68;299;2,4;,7;
2012-07-17;22:00;0;1001,4;1001,4;1001,2;455;28,1;23,2;28,7;28,1;23,2;21,5;75;66;75;155;1,7;,5;
2012-07-17;23:00;0;1002,1;1002,1;1001,4;51,4;25,8;23,9;28,1;25,8;24,1;23;89;74;89;193;,9;,5;
2012-07-18;00:00;0;1003,1;1003,1;1002,1;-9999;24,6;23,5;25,8;24,6;24,1;23,4;94;89;93;42;2,2;1;
2012-07-18;01:00;0;1004,2;1004,2;1003,1;-9999;24,3;23,3;24,7;24,3;23,6;23,3;94;93;94;11;2,2;,5;
2012-07-18;02:00;0;1005,6;1005,6;1004,2;-9999;24,2;23,3;24,3;24,1;23,4;23,2;95;94;95;191;1;,5;
2012-07-18;03:00;0;1005,9;1005,9;1005,6;-9999;24;23,2;24,2;23,8;23,4;22,9;95;95;95;297;1,3;,5;
2012-07-18;04:00;1,2;1006,2;1006,2;1005,7;-9999;23,6;22,9;24;23,5;23,2;22,6;96;95;96;76;1,5;,8;
2012-07-18;05:00;14,8;1005,8;1006,5;1005,7;-9999;22,6;21,9;23,7;22,6;23;21,8;96;94;96;161;6,7;,5;
2012-07-18;06:00;2,8;1005,2;1005,8;1005,2;-9999;22,6;21,9;22,6;22,5;21,9;21,7;96;95;96;87;2,1;,4;
2012-07-18;07:00;1,2;1004,6;1005,2;1004,6;-9999;22,9;22,2;22,9;22,5;22,2;21,8;96;96;96;195;2,1;1,1;
2012-07-18;08:00;,4;1004,5;1004,6;1004,5;-9999;23,1;22,2;23,1;22,9;22,4;22,1;96;95;95;170;3,9;1,4;
2012-07-18;09:00;,2;1004,6;1004,6;1004,3;-9999;23;22,2;23,1;23;22,3;22,2;95;95;95;103;3;,4;
2012-07-18;10:00;0;1005;1005;1004,6;-9999;23;22,2;23;22,9;22,3;22,2;96;95;96;121;1,5;,3;
2012-07-18;11:00;0;1005,4;1005,4;1005;3,1;23;22,3;23;22,9;22,3;22,1;96;95;96;209;1;,3;
2012-07-18;12:00;0;1006,2;1006,2;1005,3;142,4;23,3;22,4;23,4;22,9;22,5;22,2;96;95;95;90;1,1;,2;
2012-07-18;13:00;0;1006,9;1006,9;1006,2;437,4;23,9;22,7;24;23,3;22,9;22,3;95;93;93;176;2,6;1,5;
2012-07-18;14:00;,2;1007,1;1007,1;1006,9;580,2;23,8;22;24,4;23,8;23,2;21,9;93;88;90;196;6,6;3,9;
2012-07-18;15:00;0;1006,9;1007,2;1006,8;576,1;23,4;21,2;23,8;23;22,2;21,1;91;87;88;198;7,2;2,6;
2012-07-18;16:00;,8;1006,7;1007,1;1006,7;235,7;23;21,6;23,6;23;22,2;21,3;93;88;92;125;4,6;,7;
2012-07-18;17:00;2;1005,8;1006,7;1005,8;920,4;24,2;22,5;24,3;22,9;22,8;21,7;95;89;90;143;2,3;1;
2012-07-18;18:00;,2;1004,6;1005,8;1004,6;1780,8;25,1;22,7;25,1;24;23,1;21,7;92;85;86;181;3,2;1;
2012-07-18;19:00;0;1003,5;1004,6;1003,5;2021,8;26;21,9;26,2;25,1;23,2;21,6;88;76;78;212;3,9;1,6;
2012-07-18;20:00;0;1002,9;1003,5;1002,9;1181,4;26,6;22,1;26,6;25,8;22,7;21,6;82;76;76;188;4,7;1,8;
2012-07-18;21:00;0;1002,7;1002,9;1002,6;1116,1;27,1;22,7;27,1;26,3;22,7;21,7;80;73;77;216;4;2,1;
2012-07-18;22:00;0;1003,1;1003,1;1002,7;622,3;26,2;22,1;27,2;26,2;22,7;21,7;79;74;78;197;4,4;1,9;
2012-07-18;23:00;0;1004;1004;1003,1;51,1;25,3;22,7;26,2;25,3;22,7;21,8;86;78;86;205;3,8;2;
2012-07-19;00:00;0;1004,5;1004,5;1004;-9999;24,5;22,4;25,3;24,5;23,1;22,3;90;86;88;205;4,9;1,8;
2012-07-19;01:00;0;1005,9;1005,9;1004,5;-9999;24,3;22,2;24,5;24,3;22,5;22,1;89;87;89;205;3;1,4;
2012-07-19;02:00;0;1006,4;1006,5;1005,9;-9999;24;22,3;24,3;24;22,4;22,1;90;88;90;215;3,4;1,7;
2012-07-19;03:00;0;1006,9;1006,9;1006,4;-9999;23,9;22,4;24;23,8;22,6;22,3;92;90;91;226;3,1;1,4;
2012-07-19;04:00;0;1006,6;1006,9;1006,6;-9999;23,5;22,1;23,9;23,5;22,5;22;92;91;91;231;3,4;1,6;
2012-07-19;05:00;0;1006,3;1006,6;1006,3;-9999;23,4;22,1;23,5;23,4;22,2;21,9;93;91;92;223;3,5;1,3;
2012-07-19;06:00;0;1005,8;1006,3;1005,8;-9999;23,2;21,9;23,4;23,2;22,1;21,8;93;92;92;229;2,9;1,3;
2012-07-19;07:00;0;1005,1;1005,8;1005,1;-9999;23,1;21,7;23,3;23,1;21,9;21,6;92;91;92;227;3,8;1,3;
2012-07-19;08:00;0;1004,8;1005,1;1004,8;-9999;22,9;21,2;23,1;22,9;21,7;21,2;92;90;90;221;3,3;1,5;
2012-07-19;09:00;0;1004,8;1004,8;1004,6;-9999;22,7;21,2;22,9;22,7;21,4;21,1;92;90;91;237;3,3;1,2;
2012-07-19;10:00;0;1005,4;1005,4;1004,8;-9999;22,6;21,2;22,8;22,6;21,3;21,1;92;91;92;222;3,6;1,4;
2012-07-19;11:00;0;1005,8;1005,9;1005,4;4;22,6;21,2;22,7;22,5;21,5;21,1;93;92;92;249;3,5;,9;
2012-07-19;12:00;0;1006,4;1006,5;1005,7;114,1;22,7;21,2;22,7;22,5;21,3;21;93;91;91;212;3,6;1,5;
2012-07-19;13:00;0;1006,8;1006,9;1006,4;517,9;23,5;21,4;23,5;22,7;21,4;20,8;92;87;88;229;4,2;1,8;
2012-07-19;14:00;0;1007;1007;1006,8;610;23,6;21;23,6;23,2;21,4;20,6;88;84;86;217;5;1,6;
2012-07-19;15:00;0;1006,7;1007,1;1006,7;1176,7;24,9;20,7;25;23,5;21,5;20,5;86;77;78;206;5,5;2,7;
2012-07-19;16:00;0;1006,4;1006,8;1006,4;1175,6;25,3;20,7;25,5;24,8;21,4;20,3;79;74;76;190;5,5;2,3;
2012-07-19;17:00;0;1005,9;1006,4;1005,9;944,9;25,7;21,4;25,7;25,2;21,4;20,3;77;73;77;214;5,3;1,7;
2012-07-19;18:00;0;1005,2;1005,9;1005,2;468,2;25,2;21,7;25,9;24,9;22;20,6;84;73;81;171;3,8;,8;
2012-07-19;19:00;0;1004,5;1005,2;1004,5;499,9;25,3;21,7;25,7;25,2;22,1;20,9;82;75;80;216;3,2;1,1;
2012-07-19;20:00;,2;1004,2;1004,5;1004,1;367,3;25;22,3;25,3;24,5;23;21,4;89;79;85;306;2,4;,4;
2012-07-19;21:00;0;1004,3;1004,3;1004,1;354,3;24,5;22,2;25,4;24,5;22,7;21,4;87;80;87;335;1,6;,7;
2012-07-19;22:00;0;1004,4;1004,4;1004,2;120;24,1;22,4;24,6;24;22,6;21,9;91;86;91;336;1,6;,5;
2012-07-19;23:00;,6;1005,1;1005,1;1004,4;17;23,8;22,7;24,2;23,8;22,8;22,3;94;91;94;76;1,2;,4;
2012-07-20;00:00;1;1005,6;1005,6;1005,1;-9999;23,2;22,2;23,8;23,1;22,8;22,1;95;94;94;336;1,9;,8;
2012-07-20;01:00;0;1006,2;1006,2;1005,6;-9999;23,2;22,3;23,4;23,2;22,6;22,2;95;94;95;5;1,5;,5;
2012-07-20;02:00;0;1006,3;1006,5;1006,2;-9999;22,9;22,2;23,2;22,9;22,3;22;95;95;95;333;1,1;,4;
2012-07-20;03:00;0;1006,2;1006,4;1006,2;-9999;22,8;22;22,9;22,8;22,2;22;96;95;95;321;1,4;,6;
2012-07-20;04:00;,2;1006;1006,3;1006;-9999;22,5;21,8;22,8;22,5;22;21,8;96;95;96;2;1,3;,7;
2012-07-20;05:00;0;1005,4;1006;1005,4;-9999;22,4;21,6;22,6;22,3;21,9;21,6;96;96;96;8;1,4;,6;
2012-07-20;06:00;0;1004,6;1005,4;1004,6;-9999;22,4;21,7;22,5;22,3;21,8;21,6;96;96;96;323;1,6;,7;
2012-07-20;07:00;0;1004,2;1004,6;1004,2;-9999;22,4;21,6;22,4;22,3;21,7;21,6;96;96;96;328;1,8;,5;
2012-07-20;08:00;0;1004;1004,2;1003,9;-9999;22,2;21,5;22,4;22,2;21,7;21,5;96;96;96;9;1,3;,5;
2012-07-20;09:00;0;1004;1004;1003,9;-9999;22,1;21,5;22,2;22,1;21,5;21,4;96;96;96;117;1;,2;
2012-07-20;10:00;0;1004,3;1004,3;1004;-9999;22;21,4;22,1;22;21,5;21,4;96;96;96;30;1;,4;
2012-07-20;11:00;0;1004,6;1004,6;1004,3;15,8;22,1;21,4;22,1;22;21,4;21,4;96;96;96;56;,9;,5;
2012-07-20;12:00;0;1005,5;1005,5;1004,6;134,5;22,4;21,7;22,5;22,1;21,8;21,4;96;96;96;47;1,7;1;
2012-07-20;13:00;0;1006;1006;1005,5;262,6;23;21,9;23,1;22,4;22,3;21,7;96;94;94;76;1,7;,7;
2012-07-20;14:00;0;1006,2;1006,2;1005,9;918,3;23,7;21,3;23,8;22,8;22;20,8;94;85;87;302;2,1;,9;
2012-07-20;15:00;0;1006;1006,2;1006;500,4;24;21;24,1;23,6;21,7;20,7;88;83;83;257;1,9;,6;
2012-07-20;16:00;0;1005,5;1006;1005,5;1113,9;24,3;21,5;24,6;23,9;21,5;20,2;84;77;84;191;3,1;1,7;
2012-07-20;17:00;0;1004,9;1005,5;1004,9;1004;24;20,9;24,6;23,9;22,1;20,5;87;80;83;191;3,7;1,8;
2012-07-20;18:00;0;1004;1004,9;1004;779,9;24,6;21,7;24,6;24;22,1;20,8;89;82;84;202;3,6;2;
2012-07-20;19:00;0;1002,9;1004;1002,9;1937,3;25,9;20,4;26,4;24,6;21,7;20,4;84;71;72;222;3,6;1,4;
2012-07-20;20:00;0;1002,2;1002,9;1002,2;1631,2;26;21,2;26;25,6;21,6;20,2;77;71;75;210;3,7;1,4;
2012-07-20;21:00;0;1002;1002,2;1002;850,5;25,7;21;26,4;25,6;22;20,8;80;74;76;213;3,1;1,1;
2012-07-20;22:00;0;1002,2;1002,2;1002;422,8;25,4;21,8;25,8;25,4;22,1;21,1;82;75;81;198;2,7;1,6;
2012-07-20;23:00;0;1002,7;1002,7;1002,1;55,4;24,5;22,6;25,4;24,5;22,7;21,6;90;81;89;95;2,7;,6;
2012-07-21;00:00;0;1003,3;1003,3;1002,7;-9999;24,1;22,7;24,5;24;22,8;22,4;92;89;92;247;1,4;,3;
2012-07-21;01:00;0;1004,1;1004,1;1003,3;-9999;23,3;22,3;24,1;23,3;22,7;22,2;94;90;94;36;1;,4;
2012-07-21;02:00;0;1004,5;1004,5;1004,1;-9999;23;22,1;23,5;23;22,5;22;95;94;95;96;1,1;,7;
2012-07-21;03:00;0;1004,7;1004,7;1004,5;-9999;23,2;22,4;23,3;23;22,4;22,1;95;95;95;339;1,3;,3;
2012-07-21;04:00;0;1004,6;1004,7;1004,5;-9999;23;22,2;23,2;23;22,4;22,2;95;94;95;40;1,2;,6;
2012-07-21;05:00;0;1004,2;1004,6;1004,2;-9999;23;22,2;23,3;23;22,5;22,2;96;95;95;37;,9;,3;
2012-07-21;06:00;0;1003,5;1004,2;1003,5;-9999;23;22,2;23,2;22,9;22,5;22,1;96;95;96;42;1,5;,6;
2012-07-21;07:00;0;1003;1003,5;1003;-9999;23,1;22,3;23,1;22,9;22,3;22,1;96;95;96;226;1,1;,5;
2012-07-21;08:00;0;1003,3;1003,3;1003;-9999;22,8;22;23,1;22,8;22,4;22;96;95;95;41;1,2;,4;
2012-07-21;09:00;0;1003,5;1003,5;1003,3;-9999;22,8;22,1;22,8;22,7;22,1;21,9;96;95;96;127;1;,4;
2012-07-21;10:00;0;1003,6;1003,6;1003,5;-9999;22,7;21,9;22,9;22,7;22,2;21,9;96;95;95;217;1;,2;
2012-07-21;11:00;0;1004,1;1004,1;1003,6;13,5;22,6;21,9;22,7;22,5;21,9;21,7;96;95;96;37;,9;,7;
2012-07-21;12:00;0;1005;1005;1004,1;261,7;23,4;22,1;23,4;22,6;22,4;21,9;96;93;93;95;1;,3;
2012-07-21;13:00;0;1005,3;1005,4;1005;390,9;23,7;21,6;23,9;23,4;22,4;21,4;94;87;88;209;1,4;,5;
2012-07-21;14:00;0;1005,9;1005,9;1005,3;1144,4;25,1;21,6;25,1;23,7;22,1;20,9;88;79;81;161;1,9;,7;
2012-07-21;15:00;0;1005,8;1006;1005,8;1263,7;25,8;21,3;25,8;24,9;21,9;19,9;83;71;76;42;2,8;,6;
2012-07-21;16:00;0;1005,3;1005,8;1005,3;1663,8;27,5;22,1;27,5;25,8;22,8;20,7;77;72;73;270;2,2;,7;
2012-07-21;17:00;0;1004,6;1005,3;1004,6;840,8;27,1;23;27,5;26,3;23,6;21,7;82;72;78;115;2,1;,4;
2012-07-21;18:00;0;1003,7;1004,6;1003,7;1694,8;27,3;21,7;27,5;26,9;23,1;21,4;79;70;72;237;2,7;1,4;
2012-07-21;19:00;0;1002,8;1003,7;1002,8;2014,3;28,6;22,4;28,6;27,3;22,5;21,2;73;65;69;87;2,7;,8;
2012-07-21;20:00;0;1002;1002,8;1002;1908,1;29,4;22,9;29,4;28,5;23,2;20,3;72;59;68;307;3,4;,5;
2012-07-21;21:00;0;1001,7;1002;1001,7;1075,5;28,7;22,4;29,6;27,9;23,5;21,7;77;63;69;171;2,7;1;
2012-07-21;22:00;0;1001,9;1001,9;1001,6;366,1;28,2;23,2;28,8;28,2;23,2;21,8;74;67;74;237;2,5;,3;
2012-07-21;23:00;0;1002,4;1002,4;1001,9;26,8;25,5;23,5;28,2;25,5;23,5;22,4;89;73;89;337;1,1;,6;
2012-07-22;00:00;0;1003,1;1003,1;1002,3;-9999;24,9;23,4;25,5;24,9;23,7;23,2;91;89;91;305;1,3;,3;
2012-07-22;01:00;0;1003,8;1003,8;1003,1;-9999;24,7;23,2;24,9;24,6;23,5;23,2;93;91;92;342;1,7;,9;
2012-07-22;02:00;0;1004,2;1004,2;1003,8;-9999;24;22,9;24,7;24;23,3;22,9;94;92;94;329;1,7;,5;
2012-07-22;03:00;0;1004,6;1004,7;1004,2;-9999;23,6;22,6;24,1;23,5;23;22,5;94;93;94;333;2,5;,6;
2012-07-22;04:00;0;1004,6;1004,7;1004,5;-9999;23,2;22,3;23,6;23,1;22,6;22,3;95;94;95;342;1,7;,5;
2012-07-22;05:00;0;1004,3;1004,6;1004,3;-9999;22,7;21,9;23,2;22,6;22,3;21,8;95;95;95;27;1,5;,7;
2012-07-22;06:00;0;1004;1004,4;1003,9;-9999;22,3;21,5;22,8;22,3;22,1;21,5;96;95;96;52;1,6;,5;
2012-07-22;07:00;0;1003,7;1004;1003,7;-9999;22,1;21,4;22,4;21,9;21,7;21,2;96;95;96;115;1;,3;
2012-07-22;08:00;0;1003,6;1003,8;1003,6;-9999;22;21,3;22,3;22;21,6;21,2;96;96;96;58;1,2;,4;
2012-07-22;09:00;0;1003,7;1003,7;1003,5;-9999;22,1;21,4;22,1;21,8;21,5;21,2;96;96;96;294;,6;,3;
2012-07-22;10:00;0;1003,9;1003,9;1003,6;-9999;21,8;21,2;22,2;21,8;21,5;21,1;96;96;96;168;1,5;,3;
2012-07-22;11:00;0;1004,8;1004,8;1003,9;16,1;21,8;21,2;21,8;21,6;21,2;21;96;96;96;28;,8;,5;
2012-07-22;12:00;0;1005,7;1005,7;1004,8;304,9;23;22,4;23;21,8;22,4;21,2;97;96;97;321;1,6;,5;
2012-07-22;13:00;0;1006,4;1006,4;1005,7;1098,8;24,5;22,5;24,5;23;23;22,3;97;88;88;244;1,8;,8;
2012-07-22;14:00;0;1006,4;1006,5;1006,4;1470,5;26,1;22;26,4;24,5;22,8;21,6;88;77;78;349;2,5;,8;
2012-07-22;15:00;0;1006,2;1006,4;1006,2;1484,3;27,5;22;27,5;26,1;23,2;21,8;81;72;72;216;3,1;1,1;
2012-07-22;16:00;0;1005,4;1006,2;1005,4;2949,7;29,1;22,1;29,5;27,3;22,9;21;72;61;66;217;3,1;1,5;
2012-07-22;17:00;0;1004,7;1005,4;1004,7;2919;29,7;21,5;30,2;29;22,8;21,5;68;60;62;218;4,6;2;
2012-07-22;18:00;0;1003,6;1004,7;1003,6;1790,7;30,9;21,3;30,9;29,2;22,9;21,1;68;57;57;261;3,6;1;
2012-07-22;19:00;0;1002,4;1003,6;1002,4;2579,4;31,5;23;31,5;30,5;23;20,7;61;53;61;7;3,6;1,1;
2012-07-22;20:00;0;1001,7;1002,4;1001,7;1827,1;32;21,8;32;30,7;23;20,3;62;52;55;54;2,8;,6;
2012-07-22;21:00;0;1001,4;1001,8;1001,4;1352,8;31,6;21,8;32,1;30,9;23,3;21;61;53;56;142;2,6;,7;
2012-07-22;22:00;0;1001,5;1001,6;1001,3;412,5;30;22,7;31,9;30;23,3;21,2;65;54;65;43;1,9;,5;
2012-07-22;23:00;0;1002;1002;1001,5;26,9;27;24;30;27;24,5;22,5;84;65;84;352;1,3;,4;
2012-07-23;00:00;0;1002,8;1002,8;1001,9;-9999;25,9;24,5;27;25,7;24,5;24;92;84;92;269;,8;,4;
2012-07-23;01:00;0;1003,9;1003,9;1002,8;-9999;25,5;24,1;26;25,1;24,4;23,8;94;91;92;183;2,3;,4;
2012-07-23;02:00;0;1004,4;1004,4;1003,9;-9999;25;23,8;25,5;24,8;24,1;23,6;94;92;94;196;1,3;,5;
2012-07-23;03:00;0;1004,9;1004,9;1004,4;-9999;24,3;23,2;25;24,3;24;23,2;94;93;94;319;1,3;,4;
2012-07-23;04:00;0;1004,8;1005;1004,7;-9999;24,2;23,2;24,5;24;23,6;23;95;94;94;187;1,1;,7;
2012-07-23;05:00;0;1004,5;1004,9;1004,4;-9999;24,5;23,1;24,6;23,9;23,3;22,5;95;88;92;259;4,6;,5;
2012-07-23;06:00;0;1003,7;1004,5;1003,6;-9999;24;23;24,5;24;23,2;23;94;92;94;147;1,3;,9;
2012-07-23;07:00;0;1003,2;1003,7;1003,2;-9999;23,7;22,8;24,1;23,7;23,1;22,8;95;94;95;218;1,7;,4;
2012-07-23;08:00;0;1003,3;1003,3;1003,1;-9999;23,3;22,5;23,8;23,3;22,9;22,5;95;94;95;298;1,3;,3;
2012-07-23;09:00;0;1003,5;1003,6;1003,3;-9999;23,1;22,3;23,5;23;22,7;22,1;96;95;95;295;,8;,3;
2012-07-23;10:00;11,8;1004;1004,4;1003,5;-9999;23,1;22,3;23,3;23;22,6;22,2;96;95;95;203;5;1,3;
2012-07-23;11:00;0;1004,7;1004,7;1004;30;23,1;22,4;23,2;22,9;22,5;22,3;96;96;96;228;2,7;,3;
2012-07-23;12:00;0;1005,1;1005,1;1004,7;404,2;24,1;23,3;24,1;23,1;23,4;22,4;96;95;95;206;1,4;,8;
2012-07-23;13:00;0;1005,6;1005,6;1005,1;1084,7;25,1;23;25,2;24;23,5;22,7;95;87;88;231;2,8;,8;
2012-07-23;14:00;,4;1006;1006;1005,6;898,9;25,8;23,8;25,8;25;23,8;22,7;89;85;89;255;2,5;,5;
2012-07-23;15:00;0;1005,7;1006,1;1005,7;1563,6;27,5;24;27,5;25,7;24,3;22,7;89;78;81;154;2,5;,8;
2012-07-23;16:00;0;1004,7;1005,7;1004,7;3003;28,7;23,5;28,7;27,2;24,1;22,2;83;70;73;229;3,3;1,5;
2012-07-23;17:00;,8;1003,9;1004,7;1003,8;1776,5;27;22,5;29,5;27;24,6;22;84;68;76;221;5,5;2;
2012-07-23;18:00;0;1003,1;1003,9;1003,1;1275,2;25,1;23;27,4;25;24,7;22,9;92;77;88;199;8,4;1,6;
2012-07-23;19:00;0;1002;1003,1;1002;779,8;25,5;22,7;25,7;25;23,7;22,6;90;84;85;205;3,8;2,1;
2012-07-23;20:00;0;1001,2;1002;1001,2;1577,2;26,6;22,9;26,9;25,5;23,5;22,6;86;77;80;209;4,6;1,8;
2012-07-23;21:00;0;1001,4;1001,4;1001,1;755,6;26,4;23,6;27,1;26,4;23,7;22,6;84;77;84;13;3,1;,7;
2012-07-23;22:00;0;1001,6;1001,6;1001,4;304,1;26,2;23,3;26,7;26,2;23,7;22,8;85;80;84;228;2,1;1,1;
2012-07-23;23:00;0;1002,5;1002,5;1001,6;29,1;25,2;23,8;26,2;25,1;23,9;23,3;93;83;92;236;1,9;,5;
2012-07-24;00:00;0;1002,8;1002,8;1002,4;-9999;24,3;23,3;25,2;24,2;23,8;23,2;94;92;94;160;1,4;,3;
2012-07-24;01:00;0;1003,7;1003,7;1002,8;-9999;23,9;23,1;24,5;23,6;23,5;22,7;95;94;95;5;1,8;,8;
2012-07-24;02:00;0;1004,5;1004,5;1003,7;-9999;23,3;22,5;23,9;23,3;23,1;22,5;95;95;95;327;1,8;,8;
2012-07-24;03:00;0;1005;1005;1004,5;-9999;23,3;22,6;23,6;23,2;22,9;22,3;96;95;96;325;1,5;,5;
2012-07-24;04:00;0;1004,8;1005,1;1004,8;-9999;22,5;21,7;23,3;22,5;22,6;21,7;96;95;95;51;1,2;,3;
2012-07-24;05:00;0;1004,5;1004,9;1004,5;-9999;22,7;22;22,9;22,4;22,3;21,7;96;95;96;332;1,5;,5;
2012-07-24;06:00;,2;1004,1;1004,6;1004,1;-9999;22,4;21,6;22,7;22,2;22,1;21,4;96;95;96;5;1,7;,5;
2012-07-24;07:00;0;1003,5;1004,1;1003,5;-9999;22,8;22,3;22,9;22,1;22,3;21,4;97;96;97;356;2,2;,6;
2012-07-24;08:00;0;1003,2;1003,5;1003,1;-9999;23,1;22,5;23,1;22,8;22,5;22,3;97;97;97;264;1,6;,3;
2012-07-24;09:00;0;1003,2;1003,3;1003,1;-9999;23,2;22,7;23,2;23,1;22,7;22,5;97;97;97;350;2,8;1,2;
2012-07-24;10:00;22,4;1004,4;1004,7;1003,2;,9;21,3;20,6;23,4;21,2;22,9;20,5;97;95;96;316;5,4;1,4;
2012-07-24;11:00;,6;1005,1;1005,1;1004,3;19,4;21,7;21,1;21,7;21,3;21,1;20,7;97;96;97;290;3,1;,4;
2012-07-24;12:00;0;1005,6;1005,6;1005,1;416,6;22,5;21,7;22,5;21,6;21,8;21,1;97;95;95;285;2,5;,8;
2012-07-24;13:00;0;1006,1;1006,1;1005,6;558,6;22,9;21,5;22,9;22,2;21,8;21;95;91;91;323;3;,6;
2012-07-24;14:00;0;1006,4;1006,5;1006,1;1503,2;24,6;22;24,8;22,7;22,6;20,9;92;83;86;56;2,2;1;
2012-07-24;15:00;0;1006,1;1006,4;1006,1;2035,8;25,9;22,7;25,9;24,6;23,1;21,5;87;80;83;187;2,6;1,5;
2012-07-24;16:00;0;1005,4;1006,1;1005,4;1926,2;27,1;22,9;27,3;25,8;23,7;22,4;84;77;78;312;3,2;1;
2012-07-24;17:00;0;1004,2;1005,4;1004,2;2335,1;28,2;23,9;28,2;27;24,2;23,1;82;75;77;261;3,7;1,1;
2012-07-24;18:00;0;1002,9;1004,2;1002,9;2755,2;29,9;23,7;29,9;28,2;24;22;78;65;69;63;2,8;1,3;
2012-07-24;19:00;0;1001,7;1002,9;1001,7;1629,9;29;23,5;30,4;29;24,1;21,3;75;60;72;33;3,4;1,4;
2012-07-24;20:00;0;1000,8;1001,7;1000,8;1896,6;30;23,7;30,8;28,9;24,2;21,8;73;62;69;284;3,4;,8;
2012-07-24;21:00;0;1000,6;1000,8;1000,6;1146,5;30,4;23,5;31;29,7;24;22,4;69;62;66;103;2,4;,6;
2012-07-24;22:00;0;1000,8;1000,8;1000,6;420,8;28,9;23,6;30,6;28,9;24,3;22,6;75;65;73;280;2,6;,4;
2012-07-24;23:00;0;1001,6;1001,6;1000,8;25,4;26,6;24,4;28,9;26,6;24,5;23,4;88;72;88;340;1,1;,3;
2012-07-25;00:00;0;1002;1002;1001,6;-9999;25,4;24,3;26,6;25,4;24,6;24,3;93;88;93;17;1;,6;
2012-07-25;01:00;0;1002,3;1002,3;1001,9;-9999;24,7;23,6;25,5;24,7;24,4;23,6;94;93;94;237;1,8;,2;
2012-07-25;02:00;0;1003,2;1003,2;1002,3;-9999;24,5;23,6;24,8;24,5;23,8;23,5;95;94;94;345;1,5;,4;
2012-07-25;03:00;0;1003,5;1003,6;1003,2;-9999;24,3;23,4;24,5;24,2;23,6;23,3;95;94;95;304;1,2;,3;
2012-07-25;04:00;0;1003,4;1003,7;1003,4;-9999;23,8;23;24,3;23,8;23,4;22,9;95;94;95;281;2,3;,5;
2012-07-25;05:00;,2;1003,2;1003,4;1003;-9999;23,4;22,5;23,9;23,3;23;22,5;96;95;95;2;1,6;,7;
2012-07-25;06:00;0;1003;1003,2;1002,9;-9999;23,7;22,9;23,7;23,2;22,9;22,4;96;95;95;216;1,5;,5;
2012-07-25;07:00;0;1002,5;1003;1002,5;-9999;23,9;23,2;23,9;23,6;23,2;22,7;96;95;96;231;1,2;,6;
2012-07-25;08:00;0;1002,6;1002,7;1002,5;-9999;23,6;22,8;23,9;23,3;23,1;22,5;96;95;95;247;1,1;,5;
2012-07-25;09:00;4;1003;1003;1002,6;-9999;23,5;22,8;23,6;23,3;23;22,5;96;95;96;288;2,2;,3;
2012-07-25;10:00;0;1003,7;1003,7;1003;-9999;23,2;22,5;23,5;23,2;22,8;22,5;96;96;96;46;1,7;,3;
2012-07-25;11:00;10;1004,1;1004,4;1003,5;1,8;23,5;22,8;23,5;23,1;22,8;22,4;96;96;96;262;4,6;,9;
2012-07-25;12:00;4,2;1005,3;1005,3;1004,1;109,9;23,5;22,8;23,6;23,1;23;22,3;96;96;96;22;4,3;,7;
2012-07-25;13:00;0;1006;1006;1005,3;647;24,2;22,8;24,3;23,5;23,3;22,8;96;92;92;205;1,7;,8;
2012-07-25;14:00;0;1006,3;1006,3;1005,9;982,2;25,3;23,4;25,3;24,1;23,4;22,2;92;86;89;319;1,9;,9;
2012-07-25;15:00;0;1006,2;1006,3;1006,1;1135;25,9;23;25,9;25,1;23,5;22,3;89;81;84;258;3;,9;
2012-07-25;16:00;0;1005,8;1006,2;1005,8;1841,3;26,9;23,3;27,2;25,9;23,5;21,6;85;73;81;38;2,8;,8;
2012-07-25;17:00;,4;1004,3;1005,8;1004,3;2011;28,3;24,4;28,4;26,5;25;22,3;89;76;79;88;2,8;1,1;
2012-07-25;18:00;0;1003,1;1004,3;1003,1;2980,9;28,5;23,8;29;27,7;24,9;22,5;82;72;76;190;3,8;1,6;
2012-07-25;19:00;0;1001,9;1003,1;1001,9;1577,3;28,3;22,9;28,6;27,6;23,9;22,6;77;71;72;227;4,9;1,1;
2012-07-25;20:00;0;1001,4;1001,9;1000,9;2108,7;29,9;21,8;29,9;28,3;23,6;21,8;74;62;62;276;2,5;1,1;
2012-07-25;21:00;0;1001,1;1001,5;1001,1;1336,2;27,5;21,2;30,7;27,5;23,2;21,2;69;60;68;205;6,3;2,4;
2012-07-25;22:00;0;1001,2;1001,3;1001;367,2;26,8;21,8;27,5;26,8;22;20,5;74;67;74;204;5,3;1,5;
2012-07-25;23:00;0;1001,8;1001,9;1001,1;25,6;24,8;22,9;26,8;24,8;23;21,9;90;74;90;124;2,9;,7;
2012-07-26;00:00;0;1003,1;1003,1;1001,8;-9999;23,9;22,5;24,8;23,9;23;22,3;92;90;92;79;2,3;,6;
2012-07-26;01:00;0;1003,8;1003,8;1003,1;-9999;23,7;22,6;24,1;23,7;23;22,6;94;92;93;91;1,1;,2;
2012-07-26;02:00;0;1004,8;1004,8;1003,8;-9999;23,6;22,5;23,8;23,5;22,8;22,4;94;93;94;21;2,4;,6;
2012-07-26;03:00;0;1004,9;1004,9;1004,7;-9999;23,5;22,5;23,7;23,4;22,7;22,3;95;93;94;17;1,6;,5;
2012-07-26;04:00;0;1004,3;1005;1004,3;-9999;23,4;22,6;23,6;23,3;22,8;22,4;95;94;95;34;1,4;,7;
2012-07-26;05:00;0;1003,9;1004,4;1003,9;-9999;23,4;22,6;23,6;23,3;22,8;22,5;95;95;95;71;1,6;,9;
2012-07-26;06:00;0;1003,8;1003,9;1003,7;-9999;23,5;22,7;23,5;23,3;22,7;22,4;96;95;95;67;3;1,3;
2012-07-26;07:00;0;1003,1;1003,8;1003,1;-9999;23,3;22,4;23,5;23,3;22,7;22,4;95;95;95;57;2,5;,9;
2012-07-26;08:00;0;1003,1;1003,1;1002,9;-9999;23,3;22,5;23,4;23,3;22,6;22,4;95;95;95;30;2;,7;
2012-07-26;09:00;0;1003,4;1003,4;1003,1;-9999;23,3;22,5;23,4;23,2;22,6;22,4;95;95;95;13;1,3;,4;
2012-07-26;10:00;0;1003,5;1003,7;1003,4;-9999;23;22,3;23,3;23;22,5;22,2;96;95;96;32;1;,3;
2012-07-26;11:00;0;1004;1004,1;1003,5;18,1;22,7;22;23;22,7;22,2;22;96;95;96;105;1;,1;
2012-07-26;12:00;0;1004,9;1004,9;1004;509,9;24,5;22,8;24,5;22,7;23;22;96;90;90;143;1,8;,7;
2012-07-26;13:00;0;1005,1;1005,1;1004,9;1174,4;26,1;23;26,2;24,3;23,4;22,3;91;81;83;89;3,3;1,1;
2012-07-26;14:00;0;1005,2;1005,2;1004,9;2109;27,7;22,9;28;26,1;23,6;22,4;84;73;75;76;4,6;1,3;
2012-07-26;15:00;0;1004,8;1005,2;1004,8;2647,9;28,9;22,7;29;27,7;23,7;21,7;76;66;69;254;3,6;,9;
2012-07-26;16:00;0;1004,4;1004,8;1004,4;2133,1;29,2;22,2;29,2;28,2;24,1;22,1;76;65;66;147;3,3;,9;
2012-07-26;17:00;0;1003,6;1004,4;1003,6;3068,8;30,4;21,7;30,7;29,2;23,3;21,7;68;58;60;8;3,9;1;
2012-07-26;18:00;0;1002,4;1003,6;1002,4;2966,7;32,1;20,9;32,1;30,4;22,8;20,5;64;51;52;110;3,4;1,2;
2012-07-26;19:00;0;1001;1002,4;1001;1849,3;31,4;21,7;32,1;29,6;22,9;19,7;65;50;56;165;4,4;1,3;
2012-07-26;20:00;0;1000,1;1001;1000;2200,9;31;21,7;31,7;30,9;22,9;20,9;61;53;58;170;5,8;2,7;
2012-07-26;21:00;0;999,6;1000,1;999,5;1488,4;31,2;21,7;31,4;30,6;23,1;21,2;62;55;57;136;5,2;1,1;
2012-07-26;22:00;0;1000,2;1000,2;999,5;464,4;29,4;22,2;31,2;29,4;22,8;21,2;67;55;65;144;4,3;,7;
2012-07-26;23:00;0;1000,7;1000,7;1000,2;28,6;27,1;23,9;29,4;27,1;24,1;22,4;83;66;83;185;2;,5;
2012-07-27;00:00;0;1001,9;1001,9;1000,7;-9999;25,9;24,4;27,1;25,8;24,4;23,9;91;83;91;207;1;,5;
2012-07-27;01:00;0;1003,1;1003,1;1001,9;-9999;24,9;23,5;26;24,9;24,4;23,5;93;90;92;18;1,8;1;
2012-07-27;02:00;0;1003,7;1003,7;1003,1;-9999;24,3;23,3;25;24,3;23,7;23,2;94;92;94;37;1,6;,9;
2012-07-27;03:00;0;1004,2;1004,2;1003,7;-9999;24,3;23,2;24,4;24,1;23,4;23;95;94;94;6;1,4;,4;
2012-07-27;04:00;0;1004,2;1004,4;1004,2;-9999;24,3;23,2;24,3;23,8;23,3;22,8;95;93;94;315;1,5;,6;
2012-07-27;05:00;0;1003,7;1004,2;1003,7;-9999;23,9;22,9;24,2;23,9;23,2;22,9;95;93;94;346;1,7;,4;
2012-07-27;06:00;0;1003;1003,7;1003;-9999;23,8;23;23,9;23,6;23,1;22,7;95;94;95;27;1,6;,9;
2012-07-27;07:00;0;1002,3;1003;1002,3;-9999;23,8;22,9;23,9;23,7;23;22,9;95;94;95;332;1,8;,5;
2012-07-27;08:00;0;1002,3;1002,3;1002,1;-9999;23,6;22,7;23,8;23,5;22,9;22,6;95;94;95;10;1,3;,3;
2012-07-27;09:00;0;1002,5;1002,5;1002,1;-9999;23,2;22,4;23,7;23,2;22,9;22,4;95;95;95;30;1;,7;
2012-07-27;10:00;0;1003;1003;1002,5;-9999;22,9;22,1;23,2;22,8;22,4;22;96;95;95;246;1,2;,2;
2012-07-27;11:00;0;1003,8;1003,8;1003;26,1;23,1;22,4;23,1;22,7;22,4;22;96;95;96;290;1,4;,3;
2012-07-27;12:00;0;1004,6;1004,6;1003,8;348,4;24,3;23,1;24,3;23,1;23,1;22,4;96;92;93;88;1,1;,4;
2012-07-27;13:00;0;1005;1005;1004,6;1033,8;25,3;22;25,6;24,4;23,4;22;93;81;82;219;1,5;,8;
2012-07-27;14:00;0;1004,8;1005;1004,8;1306,5;26,7;22,5;26,9;25,3;23,4;22,1;83;77;78;179;2;1;
2012-07-27;15:00;0;1004,4;1004,9;1004,4;2172,5;28,7;23,8;28,7;26,6;23,8;22;79;70;75;212;2,4;1,1;
2012-07-27;16:00;0;1003,7;1004,5;1003,7;2936,7;30,9;21,5;31,1;28,8;23,8;21,5;75;57;57;90;5,3;1,6;
2012-07-27;17:00;0;1002,8;1003,7;1002,8;2993;31,2;22,4;31,8;30,5;23,1;21,2;63;54;60;100;6;1,6;
2012-07-27;18:00;0;1001,9;1002,8;1001,8;2361,9;30,4;22,6;32,7;30,4;23,6;21;64;54;63;169;6;2,5;
2012-07-27;19:00;0;1000,5;1001,9;1000,5;2007,5;31,7;22,7;31,7;30,1;23,8;21,9;67;56;59;114;4,8;,8;
2012-07-27;20:00;0;999,6;1000,5;999,5;1798,2;30,9;22,1;32,2;30,9;23,4;21,8;64;55;60;160;4,2;1,5;
2012-07-27;21:00;0;999;999,6;998,9;1037;31,9;23,2;32,1;30,5;24;21,4;68;55;60;31;3,5;,7;
2012-07-27;22:00;0;999,4;999,4;999;425,5;29,8;24;31,9;29,8;24,5;22,3;73;58;71;137;3;,6;
2012-07-27;23:00;0;1000,4;1000,4;999,4;30,9;27,2;24,4;29,8;27,2;24,8;23,5;85;69;85;120;1,9;,4;
2012-07-28;00:00;0;1001,4;1001,4;1000,4;-9999;26,1;23,4;27,2;26,1;24,8;23,3;89;83;85;122;5,3;,5;
2012-07-28;01:00;0;1002,1;1002,1;1001,4;-9999;25,3;22,9;26,1;25,3;23,5;22,6;88;84;87;115;1,7;,6;
2012-07-28;02:00;0;1002,9;1002,9;1002,1;-9999;24,7;23,1;25,3;24,7;23,7;23;92;87;90;339;1,3;,8;
2012-07-28;03:00;0;1003,3;1003,3;1002,9;-9999;24,1;22,7;24,7;24,1;23,3;22,5;93;90;92;132;1,3;,4;
2012-07-28;04:00;0;1003,4;1003,6;1003,3;-9999;23,7;22,6;24,1;23,7;23;22,5;94;91;94;41;1,1;,6;
2012-07-28;05:00;0;1003;1003,5;1003;-9999;23,1;22,2;23,7;23,1;22,7;22,2;95;94;94;108;1,3;,3;
2012-07-28;06:00;0;1002,5;1003;1002,5;-9999;23,4;22,4;23,5;23,1;22,6;22,2;95;94;94;230;1,5;,5;
2012-07-28;07:00;0;1002,1;1002,5;1002;-9999;23,6;22,9;23,6;23,2;22,9;22,2;96;94;96;190;1,4;,5;
2012-07-28;08:00;0;1002;1002,1;1001,9;-9999;23,4;22,5;23,8;23,3;22,9;22,3;96;94;95;270;1,4;,2;
2012-07-28;09:00;0;1002,5;1002,5;1001,9;-9999;23,4;22,5;23,5;23,2;22,7;22,4;96;95;95;326;,9;,4;
2012-07-28;10:00;0;1003,3;1003,3;1002,5;-9999;23,1;22,3;23,4;23;22,6;22,2;95;95;95;77;,9;,5;
2012-07-28;11:00;0;1003,7;1003,7;1003,3;35,8;23,1;22,4;23,1;22,8;22,4;22,1;96;95;96;311;1,4;,2;
2012-07-28;12:00;0;1004,6;1004,6;1003,7;357,8;24;22,8;24;23,1;23;22,4;96;92;93;49;1,1;,6;
2012-07-28;13:00;0;1004,7;1004,9;1004,5;876,1;25,7;22,7;25,7;24;23,2;22,2;93;83;83;2;2;,8;
2012-07-28;14:00;0;1004,8;1004,9;1004,7;1736,9;27,9;22,7;28;25,6;23,4;21,9;83;72;73;122;2,2;,6;
2012-07-28;15:00;0;1004,4;1004,8;1004,4;2128,7;28,9;23,2;29,4;27,7;24;22,1;77;69;71;191;2,5;1,1;
2012-07-28;16:00;0;1003,7;1004,4;1003,7;2042,3;29,3;23,2;29,5;28,8;24;23,1;74;68;70;247;3,3;1,2;
2012-07-28;17:00;0;1002,4;1003,7;1002,4;1596,6;30,1;23,6;30,3;28,7;24,2;23;75;67;69;23;3,8;1,7;
2012-07-28;18:00;0;1001,2;1002,4;1001,2;2042,8;29,9;23,6;31,1;29,9;24,5;22,8;71;64;69;228;3,8;1,3;
2012-07-28;19:00;0;999,6;1001,2;999,6;2104,9;30,7;22,8;30,9;28,5;24,5;21,8;75;60;63;204;4,2;,9;
2012-07-28;20:00;0;999,2;999,7;999,2;1783,9;30,5;23,2;31,4;30,3;23,8;21,6;68;58;65;190;3,7;1,6;
2012-07-28;21:00;0;998,8;999,2;998,8;1179,6;28;23;31,4;27,9;24,1;22,3;76;60;75;206;6,9;2,8;
2012-07-28;22:00;0;999,4;999,4;998,8;431,4;27,4;22,9;28;27,4;23,2;22,5;77;73;77;204;5,5;1,5;
2012-07-28;23:00;0;999,7;999,7;999,4;51,5;26,1;23,2;27,4;26,1;23,6;22,8;86;76;84;231;2,2;,8;
2012-07-29;00:00;0;1000,3;1000,3;999,7;-9999;25;23,4;26,1;25;23,6;23,1;91;84;91;5;1,4;,2;
2012-07-29;01:00;0;1001,1;1001,1;1000,3;-9999;24,6;23,5;25;24,5;23,6;23,2;94;91;93;285;1,2;,6;
2012-07-29;02:00;0;1001,7;1001,7;1001,1;-9999;24,1;22,9;24,6;24,1;23,4;22,9;93;92;93;333;1,4;,6;
2012-07-29;03:00;0;1001,9;1002;1001,7;-9999;23,7;22,7;24,1;23,7;22,9;22,7;94;93;94;333;1,2;,3;
2012-07-29;04:00;0;1001,6;1001,9;1001,6;-9999;23,4;22,5;23,9;23,4;22,9;22,5;95;94;95;1;1,3;,2;
2012-07-29;05:00;0;1001,2;1001,6;1001,2;-9999;23,5;22,5;23,5;23,2;22,6;22,2;95;94;94;12;3,3;1,6;
2012-07-29;06:00;0;1000,9;1001,2;1000,9;-9999;23,6;22,5;23,7;23,5;22,6;22,3;94;92;94;312;3,3;,8;
2012-07-29;07:00;0;1000,5;1000,9;1000,5;-9999;23,4;22,1;23,6;23,3;22,5;22,1;94;92;93;346;2,5;1;
2012-07-29;08:00;0;1000,7;1000,8;1000,5;-9999;23,1;22;23,4;23,1;22,1;21,9;94;92;94;10;2,5;1;
2012-07-29;09:00;0;1001,1;1001,1;1000,7;-9999;23;21,7;23,1;23;22;21,7;94;92;92;354;3,1;,6;
2012-07-29;10:00;0;1001,6;1001,6;1001,1;-9999;22,6;21,6;23;22,6;21,8;21,6;94;92;94;1;1,8;,5;
2012-07-29;11:00;0;1002,4;1002,5;1001,6;15,9;22,7;21,8;22,7;22,6;21,8;21,6;95;94;94;120;1,3;,2;
2012-07-29;12:00;0;1003,2;1003,2;1002,4;354,9;23,9;22,2;23,9;22,7;22,3;21,7;95;89;90;38;2,1;,9;
2012-07-29;13:00;0;1003,6;1003,6;1003,1;1196,7;25,9;22;25,9;23,9;22,6;21,6;90;79;79;340;2,6;1,1;
2012-07-29;14:00;0;1003,6;1003,6;1003,5;1972,1;27,7;22,8;27,7;25,8;22,8;21,9;82;73;75;355;4,4;2,1;
2012-07-29;15:00;0;1003,6;1003,7;1003,5;2395,1;28,8;22;28,8;27,7;22,9;21,9;75;67;67;328;4,5;1,8;
2012-07-29;16:00;0;1002,8;1003,6;1002,8;2559,7;29,8;21,9;30,3;28,6;23,1;21,8;70;63;63;280;3,9;1,3;
2012-07-29;17:00;0;1002;1002,8;1002;3017,5;30,4;23;31,7;29,8;23,4;21,9;66;58;64;228;4,9;1,6;
2012-07-29;18:00;0;1001;1002;1001;3224,2;32;18,9;32,6;30,5;22,9;18,9;64;46;46;199;4,9;1,3;
2012-07-29;19:00;0;999,7;1001;999,7;2677,2;31,8;21,4;32,7;30,8;23;19,6;62;46;54;156;4,9;1,5;
2012-07-29;20:00;0;998,6;999,7;998,6;2021;32,1;20,2;32,2;31,4;21,7;18,7;56;46;50;184;3,4;,9;
2012-07-29;21:00;0;998,4;998,6;998,3;1517,6;31,3;19;32,5;31,3;22,4;18,5;57;46;48;182;4,1;2,2;
2012-07-29;22:00;0;998,8;998,9;998,4;527,6;29,1;22,1;31,5;29,1;23,5;18,9;69;47;66;111;3,4;,7;
2012-07-29;23:00;0;999,8;999,8;998,8;39,4;26,7;23,2;29,1;26,7;23,6;21,9;83;66;81;179;2,8;,4;
2012-07-30;00:00;0;1000,7;1000,7;999,8;-9999;26,1;23,2;26,8;26;23,5;22,8;85;80;84;325;1,2;,4;
2012-07-30;01:00;0;1001,6;1001,6;1000,7;-9999;25,2;23,4;26,1;25,2;23,4;22,7;90;83;90;357;2,1;,5;
2012-07-30;02:00;0;1002,3;1002,3;1001,6;-9999;24,9;22,9;25,2;24,8;23,5;22,6;91;87;89;349;1,9;,9;
2012-07-30;03:00;0;1002,6;1002,6;1002,3;-9999;24,6;22,6;24,9;24,4;23;22,4;91;87;89;342;1,8;1;
2012-07-30;04:00;0;1002,7;1002,8;1002,6;-9999;24,4;22,6;24,6;24,3;22,7;22,3;90;87;90;337;2,4;1;
2012-07-30;05:00;0;1001,9;1002,7;1001,9;-9999;24;22,6;24,4;24;22,6;22,3;92;89;92;350;2,3;,7;
2012-07-30;06:00;0;1001,7;1001,9;1001,4;-9999;23,9;22,8;24,1;23,9;22,9;22,5;94;92;94;169;2,9;,9;
2012-07-30;07:00;2,8;1000,9;1001,8;1000,9;-9999;23,5;22,4;23,9;23,5;23;22,2;95;92;94;10;3,1;1,4;
2012-07-30;08:00;0;1001,3;1001,3;1000,9;-9999;23,4;22,5;23,5;23,1;22,5;22;95;93;95;189;2,6;,7;
2012-07-30;09:00;1;1001,9;1001,9;1001,3;-9999;23,2;22,4;23,4;23,2;22,5;22,3;95;94;95;36;1,7;,6;
2012-07-30;10:00;,4;1001,9;1002,1;1001,8;-9999;23,2;22,3;23,3;23,1;22,5;22,3;95;95;95;345;2,2;,8;
2012-07-30;11:00;0;1002,3;1002,3;1001,9;22,1;23,2;22,4;23,3;23,1;22,4;22,2;95;95;95;3;2,1;,8;
2012-07-30;12:00;0;1002,9;1002,9;1002,3;573,5;24,6;22,8;24,7;23,2;23,2;22,4;95;90;90;38;3,4;1,4;
2012-07-30;13:00;0;1004,2;1004,2;1002,9;728,7;25,1;23,4;25,1;24,5;23,4;22,3;91;87;90;1;2,7;,6;
2012-07-30;14:00;0;1004,6;1004,6;1004,2;1009,5;26,2;22,6;26,3;25;23,6;22,6;90;80;80;350;4,6;,9;
2012-07-30;15:00;4,6;1005,6;1005,6;1004,6;542;23,6;22;26,7;23,6;23,8;22;91;80;91;183;9,1;3,7;
2012-07-30;16:00;39;1005;1005,8;1004,9;57;23;22,3;23,6;22,5;22,3;21,7;96;91;96;80;9,1;,8;
2012-07-30;17:00;0;1004,4;1005;1004,4;214,4;23,1;22,4;23,2;22,9;22,6;22;96;95;95;176;3,6;1,1;
2012-07-30;18:00;,6;1002,8;1004,4;1002,8;412,6;23,4;22,4;23,7;23,1;22,9;22,2;96;94;94;154;2,9;,9;
2012-07-30;19:00;0;1001,2;1002,8;1001,2;1071,6;24,5;21,9;24,7;23,4;23,1;21,9;95;85;85;351;2,1;,7;
2012-07-30;20:00;0;1000,4;1001,2;1000,4;1293,6;25,8;22,5;25,9;24,5;23;21,7;88;82;82;48;2,2;,7;
2012-07-30;21:00;0;1000,2;1000,5;1000,1;1106,7;26,2;23;26,5;25,8;23,3;22,2;85;78;83;300;2,1;,9;
2012-07-30;22:00;0;1000,8;1000,8;1000,2;267,3;25,4;23,3;26,2;25,4;23,5;22,9;88;82;88;283;1,7;,4;
2012-07-30;23:00;0;1001,2;1001,2;1000,8;44,8;24,4;23,2;25,4;24,4;23,4;22,8;93;87;93;325;2,1;,5;
2012-07-31;00:00;0;1002,3;1002,3;1001,2;-9999;24,1;23,1;24,4;24;23,3;23;95;93;94;236;1,1;,4;
2012-07-31;01:00;0;1003,3;1003,3;1002,3;-9999;23,8;22,7;24,2;23,8;23,2;22,7;95;93;94;224;2,6;1;
2012-07-31;02:00;0;1004,3;1004,3;1003,1;-9999;23,3;22,3;23,8;23,2;22,7;22,3;95;93;94;212;2,6;,8;
2012-07-31;03:00;0;1004,1;1004,6;1003,9;-9999;22,9;22,1;23,3;22,9;22,3;22;95;94;95;271;2,2;,8;
2012-07-31;04:00;0;1004,5;1004,8;1004,1;-9999;23;22,1;23,1;22,9;22,2;22;95;94;95;274;2,6;,6;
2012-07-31;05:00;,6;1004,7;1004,7;1004,4;-9999;22,8;22;23;22,7;22,1;21,7;95;94;95;155;2,9;1;
2012-07-31;06:00;10,6;1003,8;1004,9;1003,8;-9999;22,6;21,9;22,9;22,6;22,1;21,8;96;95;96;243;3,8;,8;
2012-07-31;07:00;9;1004;1004,3;1003,8;-9999;22,5;21,8;22,7;22,3;22;21,6;96;95;96;234;5;1,1;
2012-07-31;08:00;,8;1003,5;1004;1003,5;-9999;22,1;21,4;22,5;22,1;21,8;21,4;96;96;96;270;2,5;,4;
2012-07-31;09:00;,2;1003,4;1003,5;1003,3;-9999;22,1;21,4;22,1;22,1;21,5;21,4;96;96;96;312;2;,8;
2012-07-31;10:00;0;1004,2;1004,2;1003,4;-9999;22,1;21,4;22,1;22;21,5;21,3;96;96;96;14;2,5;,9;
2012-07-31;11:00;1,4;1004,7;1004,7;1004,2;7,3;22,2;21,6;22,3;22,1;21,7;21,4;96;96;96;190;1,7;,4;
2012-07-31;12:00;3,4;1005,5;1005,5;1004,6;43,1;22,3;21,6;22,4;22,2;21,8;21,5;96;96;96;296;1,1;,5;
2012-07-31;13:00;,4;1006;1006,1;1005,5;99,6;22,6;21,9;22,6;22,3;21,9;21,7;96;96;96;250;2,4;,9;
2012-07-31;14:00;1;1006,4;1006,6;1006;373,6;22,7;21,7;23;22,6;22,1;21,4;96;93;94;4;2,4;,7;
2012-07-31;15:00;3,8;1006,2;1006,6;1006,2;259,8;22,8;22;23;22,7;22,1;21,8;95;94;95;287;1,9;,7;
2012-07-31;16:00;,6;1005,4;1006,2;1005,4;539,2;23,7;22,8;23,7;22,8;22,9;22;95;94;94;304;3,7;1;
2012-07-31;17:00;4,6;1004,9;1006,1;1004,9;481,8;23,2;22,4;23,8;23,2;22,6;22;95;90;95;305;3,9;1,3;
2012-07-31;18:00;,2;1004,3;1004,9;1004,3;2050,2;25,2;22;25,3;23,2;23,3;20,9;96;81;82;321;3;1;
2012-07-31;19:00;0;1003,5;1004,3;1003,5;1980,8;25,7;22,1;26,3;25,2;22,9;21,3;84;76;81;207;3,3;1,9;
2012-07-31;20:00;0;1002,6;1003,5;1002,6;1676,8;26,8;22,7;27,1;25,7;23,1;21,7;83;75;78;232;3,3;1;
2012-07-31;21:00;0;1002,3;1002,6;1002,3;956,2;26,4;22,9;27;26,3;23,4;22,3;83;76;81;237;3,2;1;
2012-07-31;22:00;0;1002,6;1002,7;1002,2;468,2;26,1;23,3;26,9;26;23,4;22,6;85;78;85;259;3,5;,7;
2012-07-31;23:00;0;1003;1003;1002,5;73,2;24,8;23;26,1;24,8;23,4;22,8;91;83;90;277;2,2;,4;
2012-08-01;00:00;0;1003,4;1003,4;1003;-9999;24,3;23,1;24,8;24,2;23,2;22,8;93;90;93;285;1,1;,4;
2012-08-01;01:00;0;1004,4;1004,4;1003,4;-9999;23,7;22,6;24,3;23,7;23,1;22,6;94;93;94;322;1,7;,6;
2012-08-01;02:00;0;1005,1;1005,1;1004,4;-9999;23,3;22,5;23,7;23,1;22,6;22,3;95;94;95;289;1,4;,4;
2012-08-01;03:00;0;1005,5;1005,6;1005,1;-9999;23;22,3;23,3;22,9;22,5;22;96;95;95;356;1,5;,9;
2012-08-01;04:00;0;1005,2;1005,6;1005,2;-9999;22,7;21,9;23,1;22,7;22,4;21,8;96;95;95;316;1,8;,4;
2012-08-01;05:00;0;1004,9;1005,3;1004,9;-9999;22,8;22,1;22,8;22,4;22,1;21,6;96;95;96;346;1,8;,7;
2012-08-01;06:00;0;1004,3;1004,9;1004,3;-9999;22,8;22,1;22,9;22,7;22,2;22;96;96;96;280;2;,4;
2012-08-01;07:00;0;1004,2;1004,3;1004,1;-9999;23;22,3;23;22,8;22,3;22,1;96;96;96;307;2,3;,7;
2012-08-01;08:00;0;1004,1;1004,3;1004,1;-9999;22,7;21,9;23;22,7;22,3;21,9;96;95;96;274;2,3;,5;
2012-08-01;09:00;0;1004,3;1004,4;1004,1;-9999;22,4;21,7;22,7;22,4;21,9;21,7;96;95;95;287;1,2;,4;
2012-08-01;10:00;0;1005;1005;1004,3;-9999;22,4;21,6;22,5;22,3;21,8;21,6;96;95;95;25;1,4;,4;
2012-08-01;11:00;0;1005,4;1005,4;1004,9;9,8;22,4;21,7;22,4;22,2;21,7;21,5;96;95;96;307;1,3;,5;
2012-08-01;12:00;0;1006,4;1006,4;1005,4;221,1;23;21,9;23,2;22,4;22,3;21,6;96;93;93;306;1,5;,5;
2012-08-01;13:00;0;1006,6;1006,7;1006,3;557,1;23,8;22;24;23;22,5;21,8;94;89;90;274;2,9;,9;
2012-08-01;14:00;0;1007;1007;1006,6;629,5;24,2;22;24,2;23,6;22,2;21,4;90;86;88;317;3,3;1;
2012-08-01;15:00;0;1006,8;1007,2;1006,8;817,6;24,8;21,7;25;24,1;22,9;21,6;89;83;83;316;5,2;1,7;
2012-08-01;16:00;0;1006,6;1007;1006,6;977;25;22;25,1;24,7;22,4;21,5;86;81;83;342;5,2;1,9;
2012-08-01;17:00;0;1006;1006,6;1006;927,4;25,2;22;25,4;24,8;22,6;21,8;86;81;83;312;4,5;1,4;
2012-08-01;18:00;0;1004,9;1006;1004,9;1566,1;26,5;21,8;26,8;24,8;22,7;21,8;85;75;75;305;4,5;1,7;
2012-08-01;19:00;0;1004;1004,9;1004;1525,5;26,9;22,8;27;26,1;22,8;21,5;80;72;78;251;4,7;1,5;
2012-08-01;20:00;0;1003,1;1004;1003,1;2015,6;24,7;21,3;26,9;24,7;22,5;21;84;76;81;240;5,8;1,8;
2012-08-01;21:00;0;1002,6;1003,1;1002,6;859,3;24,9;20,9;25,5;24,7;21,7;20,6;82;77;79;285;4;,7;
2012-08-01;22:00;0;1003,1;1003,1;1002,5;480,9;24,3;21;25,4;24,3;21,3;20,1;82;73;81;303;2,9;,6;
2012-08-01;23:00;0;1003,5;1003,5;1003,1;40,1;23,5;21,8;24,4;23,5;21,9;20,6;90;80;90;228;1,4;,8;
2012-08-02;00:00;0;1003,8;1003,8;1003,4;-9999;22,5;21,4;23,5;22,5;21,9;21,4;94;90;94;32;1,2;,9;
2012-08-02;01:00;0;1004,7;1004,7;1003,8;-9999;22,3;21,4;22,6;22,3;21,7;21,3;95;93;95;2;1,2;,8;
2012-08-02;02:00;0;1005,1;1005,2;1004,7;-9999;22;21,2;22,6;22;21,6;21,1;95;94;95;66;1,2;,7;
2012-08-02;03:00;0;1005,2;1005,4;1005,1;-9999;22,2;21,3;22,4;22;21,5;21,2;95;95;95;74;1,3;,6;
2012-08-02;04:00;0;1005,2;1005,3;1005;-9999;22,2;21,4;22,2;22;21,4;21,2;95;95;95;150;1,4;,3;
2012-08-02;05:00;0;1004,7;1005,2;1004,7;-9999;22,2;21,4;22,3;22;21,5;21,3;96;95;95;23;1,2;,6;
2012-08-02;06:00;0;1004,1;1004,7;1004,1;-9999;22,4;21,6;22,4;22,2;21,6;21,3;96;95;95;260;1,4;,5;
2012-08-02;07:00;,2;1003,9;1004,1;1003,8;-9999;22,2;21,5;22,5;22,2;21,8;21,4;96;95;95;61;2,3;,7;
2012-08-02;08:00;0;1003,6;1003,9;1003,5;-9999;22,3;21,5;22,4;22,1;21,7;21,4;96;95;95;343;1,3;,3;
2012-08-02;09:00;0;1003,8;1003,8;1003,6;-9999;22,2;21,4;22,4;22,1;21,7;21,4;96;95;96;2;1,3;,5;
2012-08-02;10:00;0;1004;1004;1003,7;-9999;22,4;21,7;22,4;22,1;21,8;21,4;96;96;96;63;1,7;1;
2012-08-02;11:00;0;1004,4;1004,4;1004;16,4;22,5;21,9;22,6;22,4;22;21,7;96;96;96;12;1,7;,2;
2012-08-02;12:00;0;1005,1;1005,1;1004,3;174,4;23,1;22,4;23,1;22,5;22,4;21,9;96;96;96;209;1,2;,4;
2012-08-02;13:00;0;1005,5;1005,6;1005,1;643,2;23,9;22,2;23,9;23;22,6;22;96;89;90;324;1,6;,8;
2012-08-02;14:00;0;1005,6;1005,6;1005,5;1408,5;25,7;22,2;25,7;23,9;23;21,7;91;81;81;321;2,1;,9;
2012-08-02;15:00;0;1005,4;1005,6;1005,4;1943,3;27,4;23;27,4;25,7;23,3;22,1;83;73;77;340;3,6;,6;
2012-08-02;16:00;0;1004,8;1005,4;1004,8;2361,8;28,8;22,4;28,9;27,3;23,3;21,7;77;67;68;327;3;1,1;
2012-08-02;17:00;0;1003,7;1004,8;1003,7;2187,2;29,2;19,1;29,3;28,4;23,2;16,6;71;47;54;280;2,5;,9;
2012-08-02;18:00;0;1002,7;1003,7;1002,7;2201,1;29,9;19,9;30,5;29,1;21,2;17,8;59;50;55;2;2,6;,9;
2012-08-02;19:00;0;1001,4;1002,7;1001,4;2322;30;21;30,8;29,9;22,5;19,7;64;53;58;197;3,5;1,4;
2012-08-02;20:00;0;1000,4;1001,4;1000,4;1240;29,9;21;30,1;29,5;22,7;20,1;66;56;59;123;2,7;,6;
2012-08-02;21:00;0;1000,1;1000,4;1000,1;1361,3;30,6;21,2;30,7;29,9;22,5;20,1;63;54;57;151;2,1;,4;
2012-08-02;22:00;0;1000,3;1000,3;1000,1;430;29,2;22,8;30,7;29,2;23;21,1;69;57;69;81;1,6;,4;
2012-08-02;23:00;0;1000,8;1000,8;1000,3;29,4;26,6;24,4;29,2;26,6;24,5;22,5;88;68;88;83;,9;,5;
2012-08-03;00:00;0;1001,5;1001,5;1000,8;-9999;25,3;23,8;26,6;25,3;24,6;23,8;92;88;92;73;1,4;,8;
2012-08-03;01:00;0;1002,4;1002,4;1001,5;-9999;24,4;23,2;25,3;24,4;23,8;23,2;94;92;93;67;1,2;,7;
2012-08-03;02:00;0;1002,8;1002,9;1002,4;-9999;24,1;23,1;24,5;24;23,4;22,9;95;93;95;153;1,9;,9;
2012-08-03;03:00;0;1003,1;1003,1;1002,8;-9999;23,4;22,5;24,2;23,4;23,3;22,4;95;94;94;62;1,9;,8;
2012-08-03;04:00;0;1002,8;1003,1;1002,8;-9999;23,5;22,6;23,6;23,4;22,8;22,4;95;94;95;20;1,4;,5;
2012-08-03;05:00;0;1002,3;1002,8;1002,3;-9999;23,3;22,4;23,5;23,3;22,6;22,4;95;94;95;-9999;1,1;,1;
2012-08-03;06:00;0;1001,7;1002,3;1001,7;-9999;23;22,1;23,4;23;22,5;22,1;95;95;95;36;1,3;,2;
2012-08-03;07:00;0;1001,1;1001,7;1001,1;-9999;22,8;22,1;23,1;22,5;22,3;21,7;96;95;96;289;1,6;,4;
2012-08-03;08:00;0;1001,3;1001,3;1001;-9999;22,5;21,8;22,8;22,3;22;21,5;96;95;96;16;1,4;,6;
2012-08-03;09:00;,2;1001,7;1001,7;1001,3;-9999;22,2;21,5;22,5;22,2;21,8;21,4;96;95;95;340;1,2;,5;
2012-08-03;10:00;0;1002,1;1002,1;1001,7;-9999;21,9;21,2;22,2;21,9;21,6;21,2;96;95;96;10;1,3;,5;
2012-08-03;11:00;0;1002,7;1002,7;1002,1;20,1;22,2;21,5;22,3;21,8;21,7;21,2;96;96;96;25;1,9;,7;
2012-08-03;12:00;0;1003,3;1003,3;1002,7;448,9;24,1;22,1;24,1;22,2;22,3;21,5;96;89;89;354;2;,7;
2012-08-03;13:00;0;1003,9;1003,9;1003,3;1208,5;26;22,7;26;24;22,9;21,9;90;82;82;351;2,7;1,2;
2012-08-03;14:00;0;1004;1004,1;1003,9;1407,8;27,8;22,7;28,1;26;23,8;22,2;83;72;73;43;3,2;,8;
2012-08-03;15:00;0;1003,8;1004;1003,8;2670,5;30;22,6;30;27,8;23,3;21,8;75;63;65;98;3,1;,7;
2012-08-03;16:00;0;1003,2;1003,8;1003,2;2192,1;29,6;23,1;30,9;29,6;23,4;20,9;68;57;68;236;3;1,5;
2012-08-03;17:00;0;1002;1003,2;1002;2906,7;31,6;20,6;31,9;29,4;23,5;20,6;71;52;52;183;4;2,3;
2012-08-03;18:00;0;1001;1002;1000,9;3202,7;32,2;21,3;32,4;31,4;22,6;20,4;57;50;53;186;5,5;2,4;
2012-08-03;19:00;0;1000,1;1001;1000,1;1259,7;29,5;23,9;32,8;28,8;24,5;20,6;76;49;72;26;5,5;,9;
2012-08-03;20:00;0;999,8;1000,1;999,7;802,3;28,7;24,2;30,3;27;24,5;22,4;80;69;77;15;5,8;1;
2012-08-03;21:00;0;1000;1000,1;999,8;232,6;25,8;22,5;29;25,6;24,8;21,4;83;72;82;265;6;1,3;
2012-08-03;22:00;0;1000;1000;999,8;155,7;25,3;22,1;25,9;25,2;22,9;21,6;84;79;82;338;4,1;,7;
2012-08-03;23:00;0;1000,6;1000,6;1000;56,6;24,2;22,5;25,4;24,2;22,5;21,5;90;80;90;124;2;,8;
2012-08-04;00:00;0;1001,2;1001,2;1000,4;-9999;23,5;21,7;24,3;23,5;22,6;21,7;92;89;90;332;2;,8;
2012-08-04;01:00;0;1001,8;1001,8;1001,2;-9999;23,2;22,1;23,5;23,2;22,4;21,8;94;90;93;333;1,4;,2;
2012-08-04;02:00;0;1002,5;1002,5;1001,8;-9999;22,9;21,9;23,2;22,9;22,2;21,9;95;93;94;169;1,2;,7;
2012-08-04;03:00;0;1003,1;1003,1;1002,5;-9999;22,6;21,7;23;22,6;22,1;21,7;95;94;95;8;1,4;,7;
2012-08-04;04:00;0;1003,3;1003,3;1003,1;-9999;22,7;21,8;22,9;22,4;22,2;21,5;96;94;95;324;2,4;1,1;
2012-08-04;05:00;0;1002,7;1003,3;1002,7;-9999;22,3;21,4;22,7;22,3;21,8;21,4;96;95;95;53;2,5;,5;
2012-08-04;06:00;0;1002;1002,7;1002;-9999;22,6;21,9;22,6;22,2;21,9;21,5;96;95;96;304;1,7;,3;
2012-08-04;07:00;0;1001,5;1002;1001,5;-9999;22,2;21,5;22,7;22,2;22;21,3;96;95;96;112;1,5;,4;
2012-08-04;08:00;0;1001,3;1001,5;1001,3;-9999;22,4;21,8;22,5;22,1;21,9;21,4;96;96;96;275;2,3;,6;
2012-08-04;09:00;0;1001,8;1001,8;1001,3;-9999;22,3;21,7;22,7;22,3;22,1;21,6;96;96;96;338;2;,7;
2012-08-04;10:00;0;1002,6;1002,6;1001,8;-9999;22,5;21,8;22,7;22,2;22,1;21,5;96;96;96;9;2,1;,7;
2012-08-04;11:00;0;1002,8;1002,8;1002,5;5,1;22,6;21,9;22,7;22,5;22;21,8;96;96;96;303;2,3;,6;
2012-08-04;12:00;11,6;1004,3;1004,3;1002,8;58,7;22,8;22,1;22,8;22,6;22,1;21,9;96;96;96;78;4,5;,7;
2012-08-04;13:00;2;1004,7;1004,7;1004,3;175,4;23,2;22,5;23,2;22,8;22,6;22,1;96;96;96;13;2,1;,6;
2012-08-04;14:00;13,2;1004,9;1005,3;1004,7;210,8;23,3;22,6;23,4;23,2;22,7;22,5;96;96;96;322;2,7;1,4;
2012-08-04;15:00;,2;1005,1;1005,2;1004,9;530,9;24,1;23,1;24,1;23,3;23,2;22,6;96;94;94;354;3,6;1,3;
2012-08-04;16:00;0;1004,7;1005,1;1004,7;1292,5;25,1;22,8;25,2;24,1;23,5;22,4;94;86;87;2;-9999;1,3;
2012-08-04;17:00;0;1003,8;1004,7;1003,8;1484,9;25,9;21,9;26;25;23,3;21,9;88;79;79;337;4,6;1,9;
2012-08-04;18:00;0;1002,5;1003,8;1002,4;2543,6;27,9;23,3;27,9;25,8;23,6;21,8;81;74;76;322;4,6;,8;
2012-08-04;19:00;0;1001,3;1002,5;1001,3;2634,2;28,7;22,6;29;27,8;23,9;22,2;78;68;70;220;3,6;1,2;
2012-08-04;20:00;0;1000,4;1001,3;1000,4;2040;29;22,9;29,5;28,4;23,1;21,4;72;62;70;184;3,5;,8;
2012-08-04;21:00;0;1000,1;1000,5;999,8;1431;29,7;23,3;29,9;28,6;23,4;22;71;64;69;209;2,7;1,5;
2012-08-04;22:00;0;1000,5;1000,5;999,8;665,2;28,6;24,6;30,2;28,6;24,7;22,9;79;65;79;291;2,7;,8;
2012-08-04;23:00;0;1001,4;1001,4;1000,4;57,5;27;24,9;28,6;26,9;24,9;24,2;88;77;88;236;3,7;1;
2012-08-05;00:00;0;1002;1002,1;1001,4;-9999;24,3;22;27;24,3;24,5;21;89;73;87;62;4,4;,5;
2012-08-05;01:00;0;1002,8;1002,8;1002;-9999;23,8;22,5;24,3;23,8;22,9;22,1;93;87;92;17;1,7;,8;
2012-08-05;02:00;0;1003,7;1003,7;1002,8;-9999;23,9;23;24;23,7;23;22,4;94;92;94;28;1,4;,4;
2012-08-05;03:00;0;1004,3;1004,3;1003,7;-9999;24;23;24;23,7;23;22,6;95;94;95;117;1,1;,3;
2012-08-05;04:00;0;1004;1004,4;1004;-9999;23,4;22,3;24;23,4;23;22,3;95;93;94;80;1,8;,3;
2012-08-05;05:00;0;1003,8;1004;1003,8;-9999;23,2;22,3;23,5;23,2;22,6;22,2;95;94;95;109;1,4;,4;
2012-08-05;06:00;0;1003,1;1003,8;1003,1;-9999;22,9;22,2;23,2;22,7;22,2;21,9;96;95;95;238;,8;,4;
2012-08-05;07:00;0;1002,9;1003,1;1002,7;-9999;22,2;21,5;22,9;22,2;22,2;21,4;96;95;96;63;1,2;,8;
2012-08-05;08:00;0;1002,9;1002,9;1002,6;-9999;22;21,3;22,5;22;21,8;21,2;96;95;96;94;1,3;,5;
2012-08-05;09:00;0;1002,9;1002,9;1002,8;-9999;22;21,3;22,3;22;21,6;21,3;96;96;96;189;1,2;,3;
2012-08-05;10:00;0;1003,4;1003,4;1002,9;-9999;21,8;21,1;22;21,8;21,3;21,1;96;96;96;267;1,2;,4;
2012-08-05;11:00;0;1003,9;1004;1003,4;28,3;22;21,4;22;21,4;21,4;20,8;97;96;96;344;1,6;,5;
2012-08-05;12:00;0;1004,8;1004,8;1003,9;423,6;23,4;22;23,4;22;22,4;21,4;96;92;92;36;1,8;,7;
2012-08-05;13:00;0;1005,1;1005,1;1004,8;1364,6;25,9;22,4;25,9;23,3;23;21,6;93;81;81;91;1,7;,8;
2012-08-05;14:00;0;1005,1;1005,1;1005;2013,6;28,1;22,9;28,1;25,9;23,3;21,9;82;70;74;236;2,4;,9;
2012-08-05;15:00;0;1005;1005,1;1004,9;2622,8;29,6;21,2;29,6;28;22,3;20,3;73;58;61;144;4,8;1,9;
2012-08-05;16:00;0;1004,5;1005;1004,5;3015,2;30,9;19,3;31;29,6;22,1;19,3;64;50;50;161;5,2;2,4;
2012-08-05;17:00;0;1003,7;1004,5;1003,7;2838,2;31,4;19,6;31,9;30,7;20,7;18,5;54;45;50;167;5,5;2,1;
2012-08-05;18:00;0;1002,7;1003,7;1002,7;2482,4;32,7;20,6;32,7;31,2;21,4;17,6;53;43;49;179;5,5;2;
2012-08-05;19:00;0;1001,6;1002,7;1001,6;2369,7;32,7;19,6;32,7;31,5;21,9;18,1;57;42;46;176;5,1;1,9;
2012-08-05;20:00;0;1000,8;1001,6;1000,8;2091,2;32,4;18,6;33,1;31,8;21,2;17,5;52;41;44;181;4,5;2,2;
2012-08-05;21:00;0;1000,5;1000,8;1000,4;1478,4;32,6;19,8;33,3;32,2;20,5;18,4;49;42;47;154;4,5;,8;
2012-08-05;22:00;0;1000,4;1000,5;1000,3;420,3;30,4;21;33;30,4;21,8;18,7;57;43;57;66;2,2;,4;
2012-08-05;23:00;0;1001,1;1001,1;1000,4;28,2;26,7;23,3;30,4;26,7;24,1;20,9;82;57;82;78;1,5;,4;
2012-08-06;00:00;0;1002,1;1002,1;1001,1;-9999;25,2;23,3;26,7;25,2;23,6;22,8;89;82;89;282;1;,2;
2012-08-06;01:00;0;1003,1;1003,1;1002,1;-9999;24,5;23;25,2;24,5;23,4;22,7;91;88;91;29;,7;,4;
2012-08-06;02:00;0;1003,3;1003,3;1003,1;-9999;24,3;23,1;24,5;24,2;23,4;22,8;94;91;93;175;,9;,4;
2012-08-06;03:00;0;1003,8;1003,8;1003,3;-9999;23,8;22,7;24,4;23,8;23,4;22,7;94;92;94;340;1,1;,3;
2012-08-06;04:00;0;1004,1;1004,1;1003,8;-9999;23,6;22,5;23,9;23,5;22,9;22,4;95;93;94;64;1,2;,8;
2012-08-06;05:00;0;1003,6;1004,1;1003,6;-9999;23,8;22,8;24;23,5;23;22,5;95;94;94;14;1,1;,1;
2012-08-06;06:00;0;1003,2;1003,6;1003,2;-9999;23,6;22,6;23,9;23,6;23,1;22,6;95;94;94;81;1,2;,4;
2012-08-06;07:00;0;1002,8;1003,2;1002,8;-9999;23,7;22,4;23,9;23,5;23;22,4;95;92;92;357;3,4;1,8;
2012-08-06;08:00;0;1002,8;1002,8;1002,7;-9999;23,6;22,3;23,9;23,5;22,5;21,9;93;89;92;348;3,4;1,2;
2012-08-06;09:00;0;1002,8;1002,8;1002,6;-9999;23,1;22,2;23,7;23,1;22,4;22,1;94;92;94;26;2,6;,8;
2012-08-06;10:00;0;1003,4;1003,4;1002,8;-9999;22,7;21,9;23,2;22,7;22,2;21,9;95;94;95;5;1,8;,4;
2012-08-06;11:00;0;1003,7;1003,7;1003,4;18,3;22,3;21,5;22,7;22,3;22;21,5;96;95;95;111;1,2;,6;
2012-08-06;12:00;0;1004,7;1004,7;1003,7;226,1;23,7;22,9;23,7;22,3;22,9;21,5;96;95;95;70;1,5;,8;
2012-08-06;13:00;0;1005,6;1005,6;1004,7;606,8;24,6;22,8;24,6;23,7;23,2;22,4;95;89;90;19;4;1,3;
2012-08-06;14:00;0;1005,6;1005,9;1005,6;1426,8;26,1;22,6;26,2;24,5;23,2;21,9;90;79;81;333;3,7;1,1;
2012-08-06;15:00;0;1005,3;1005,6;1005,3;2527,9;28,3;21,7;28,3;26,1;22,6;21,2;81;66;68;262;5,1;1,1;
2012-08-06;16:00;0;1004,8;1005,3;1004,8;2565,2;29,1;21,1;29,5;28,1;22,2;20,2;70;59;62;157;3,5;1,2;
2012-08-06;17:00;0;1003,9;1004,8;1003,9;2497,1;30,7;22,5;30,7;28,9;23,6;21,2;69;58;62;178;2,9;1,1;
2012-08-06;18:00;0;1002,9;1003,9;1002,9;2548,8;30,2;21,7;30,8;29,9;22,8;20,6;65;55;61;250;4,8;1,1;
2012-08-06;19:00;0;1001,9;1002,9;1001,9;2356,8;31,2;20,7;31,3;30,1;22,7;20;66;51;53;241;3,6;1,4;
2012-08-06;20:00;0;1001,1;1001,9;1001,1;2261,1;31,6;21,7;31,7;31,2;21,7;20,2;58;51;56;215;4,2;1,4;
2012-08-06;21:00;0;1000,8;1001,1;1000,8;1050;30,2;21,8;31,7;30,2;22,2;19,9;62;50;61;234;4;1;
2012-08-06;22:00;0;1001,3;1001,3;1000,8;185,8;28,5;21,6;30,2;28,5;23,1;20,4;73;57;66;265;2,6;,6;
2012-08-06;23:00;0;1001,8;1001,8;1001,3;17,3;27,1;23,4;28,5;26,9;23,6;21,2;82;65;80;3;2,6;1,3;
2012-08-07;00:00;0;1002,4;1002,4;1001,8;-9999;25,9;23,3;27,1;25,9;23,6;23,1;86;80;86;356;4,8;1,6;
2012-08-07;01:00;0;1003;1003;1002,3;-9999;24,8;23,2;25,9;24,8;23,5;22,6;90;85;90;126;4,8;,7;
2012-08-07;02:00;0;1003,5;1003,5;1003;-9999;24,6;23;24,9;24,5;23,2;22,6;91;89;91;84;2,9;,9;
2012-08-07;03:00;0;1003;1003,5;1003;-9999;24,3;22,1;24,6;24,2;22,9;22,1;91;88;88;359;4;1,7;
2012-08-07;04:00;0;1003,2;1003,3;1003;-9999;24,1;22,2;24,3;24;22,3;21,9;90;87;89;337;3,9;,5;
2012-08-07;05:00;0;1002,6;1003,2;1002,6;-9999;23,6;21,7;24,1;23,6;22,4;21,7;91;89;89;350;2,5;1,1;
2012-08-07;06:00;0;1002,2;1002,6;1002,2;-9999;23,4;21,8;23,7;23,4;22;21,6;91;89;91;354;2,7;,9;
2012-08-07;07:00;0;1002;1002,2;1002;-9999;23,2;21,9;23,4;23,2;21,9;21,7;92;91;92;359;2,5;,7;
2012-08-07;08:00;0;1001,8;1002;1001,8;-9999;22,9;21,5;23,2;22,9;21,8;21,5;92;91;92;342;3,5;1;
2012-08-07;09:00;0;1001,9;1001,9;1001,8;-9999;22,7;21,4;23;22,7;21,5;21,3;92;91;92;343;3;,9;
2012-08-07;10:00;0;1002,2;1002,3;1001,9;-9999;22,6;21,3;22,7;22,6;21,4;21,3;93;92;92;327;2,6;,9;
2012-08-07;11:00;0;1002,6;1002,6;1002,2;11;22,6;21,3;22,6;22,4;21,5;21,2;94;92;93;321;2,2;,8;
2012-08-07;12:00;0;1003,4;1003,4;1002,6;179;23,1;21,2;23,1;22,5;21,5;21,2;93;89;90;350;2,5;,9;
2012-08-07;13:00;0;1004,2;1004,2;1003,4;434;24;21,7;24;23;21,8;21,1;90;87;87;47;2,5;,6;
2012-08-07;14:00;0;1004,5;1004,5;1004,2;1257,7;25,7;21,6;25,7;24;21,8;21,1;87;76;78;21;3,5;1,4;
2012-08-07;15:00;0;1004,5;1004,6;1004,4;1884,7;27,4;21,4;27,8;25,6;22,4;21;81;68;70;32;4,6;2,1;
2012-08-07;16:00;0;1004,1;1004,5;1004,1;2279,9;27,8;21,2;28,3;27,2;22,1;21;73;65;67;359;5,8;2,6;
2012-08-07;17:00;0;1003,3;1004,1;1003,3;2744,4;29,1;21,4;29,3;27,8;22,6;20,7;69;62;63;45;5,8;1,7;
2012-08-07;18:00;0;1002,7;1003,3;1002,7;1909,4;28,3;22,4;29,4;28,2;22,8;21,1;72;62;70;45;4,1;1,7;
2012-08-07;19:00;0;1001,9;1002,7;1001,9;1579,4;28,8;23,6;29,4;28,2;23,6;22,2;74;67;74;78;3,7;1,3;
2012-08-07;20:00;0;1001,2;1001,9;1001,2;1137,5;28,2;22,5;28,9;28,1;23,8;22,2;77;70;71;42;4,7;1,9;
2012-08-07;21:00;0;1001;1001,2;1001;947,6;28,2;21,8;28,7;28,2;23,9;21,8;77;68;68;26;4,6;2;
2012-08-07;22:00;0;1001,5;1001,5;1001;456,2;27,2;22,7;28,3;27,2;23,1;21,6;78;68;76;4;4,7;1,2;
2012-08-07;23:00;0;1002,1;1002,2;1001,5;34,9;25,6;21,8;27,2;25,6;23,1;21,8;81;76;80;327;3,9;1;
2012-08-08;00:00;0;1002,6;1002,6;1002,1;-9999;24,7;22,3;25,6;24,7;22,5;21,6;87;80;87;327;2,4;,7;
2012-08-08;01:00;0;1003,3;1003,3;1002,6;-9999;23,9;21,7;24,7;23,9;22,3;21,4;89;85;87;71;2,9;1,2;
2012-08-08;02:00;0;1004;1004;1003,3;-9999;24;22,1;24,1;23,9;22,2;21,6;90;86;89;62;2,3;,9;
2012-08-08;03:00;0;1004,2;1004,2;1004;-9999;23,6;22,2;24;23,6;22,4;22;92;89;92;157;1,4;,3;
2012-08-08;04:00;0;1004;1004,3;1004;-9999;23,4;22,3;23,6;23,3;22,4;22,1;94;92;94;131;1;,6;
2012-08-08;05:00;0;1003,2;1004;1003,2;-9999;23,2;22,1;23,5;23,2;22,5;22,1;94;93;94;93;2,2;,5;
2012-08-08;06:00;0;1002,3;1003,2;1002,3;-9999;23,1;22;23,3;23,1;22,2;21,8;94;92;93;310;1,6;,5;
2012-08-08;07:00;0;1001,8;1002,3;1001,8;-9999;23;22;23,1;22,9;22,1;21,9;95;93;94;3;1,7;,7;
2012-08-08;08:00;0;1002;1002;1001,6;-9999;22,8;21,8;23;22,8;22;21,8;94;93;94;73;2,2;,9;
2012-08-08;09:00;0;1002,2;1002,2;1002;-9999;22,9;21,9;23;22,8;22;21,7;95;93;94;64;3,2;,4;
2012-08-08;10:00;0;1002,6;1002,7;1002,1;-9999;22,8;21,8;22,9;22,7;22;21,7;95;94;94;326;1,6;,5;
2012-08-08;11:00;0;1003;1003;1002,6;3,8;22,8;21,8;22,9;22,7;21,9;21,6;94;93;94;351;1,6;,4;
2012-08-08;12:00;0;1004,2;1004,2;1003;59;23;21,7;23;22,8;21,9;21,6;94;92;92;162;2,3;,6;
2012-08-08;13:00;0;1004,5;1004,5;1004,2;339,8;23,8;21,9;23,8;23;22,3;21,6;93;88;89;344;2,6;,7;
2012-08-08;14:00;0;1004,8;1004,9;1004,5;454,9;24,6;21,8;24,6;23,7;22,3;21,5;90;84;84;55;2,3;1,2;
2012-08-08;15:00;0;1004,9;1004,9;1004,7;1473,9;27,2;21,6;27,2;24,6;22,7;21,1;86;72;72;75;3,6;1,3;
2012-08-08;16:00;0;1004,9;1005,1;1004,9;1653;28,1;21,9;28,4;27,1;23,1;21,4;76;67;69;71;4,2;1,5;
2012-08-08;17:00;0;1004,1;1004,9;1004,1;1158,9;28,2;23,3;28,3;27,6;23,8;22,3;79;69;75;72;3,5;,9;
2012-08-08;18:00;0;1003,4;1004,1;1003,4;786,9;27,3;23;28,2;27,2;24,3;22,6;82;74;78;81;2,8;1,1;
2012-08-08;19:00;0;1002,5;1003,4;1002,5;863,2;27,3;23,3;27,6;27,2;23,6;22,1;80;74;79;69;3,5;1,5;
2012-08-08;20:00;0;1001,4;1002,5;1001,4;460,7;26,2;22,1;27,3;26;23,7;21,5;81;75;78;34;5;1,2;
2012-08-08;21:00;0;1001,2;1001,4;1001,2;364,6;26;22,9;26,4;25,9;23;21,9;83;78;83;66;2,5;,8;
2012-08-08;22:00;0;1001,5;1001,5;1001,2;191,1;25,6;22,5;26;25,6;23,2;22,2;84;80;83;70;1,8;,3;
2012-08-08;23:00;0;1001,9;1002;1001,4;28,7;24,7;23;25,7;24,7;23,4;22,3;90;82;90;35;,6;,3;
2012-08-09;00:00;0;1002,6;1002,6;1001,9;-9999;24,4;23,3;24,8;24,4;23,3;22,8;93;89;93;127;,6;,4;
2012-08-09;01:00;0;1003,2;1003,2;1002,6;-9999;24,2;23,2;24,4;24,2;23,3;23,1;94;93;94;154;,7;,3;
2012-08-09;02:00;0;1003,9;1003,9;1003,2;-9999;23,9;22,9;24,2;23,9;23,2;22,9;94;94;94;70;,6;,2;
2012-08-09;03:00;0;1004,2;1004,2;1003,9;-9999;23,9;23;23,9;23,8;23;22,8;95;94;95;237;,9;,3;
2012-08-09;04:00;0;1004;1004,2;1004;-9999;23,4;22,6;23,9;23,3;23;22,4;95;94;95;354;,8;,2;
2012-08-09;05:00;0;1003,5;1004;1003,4;-9999;23,2;22,3;23,4;23,1;22,6;22,3;96;95;95;1;1,2;,4;
2012-08-09;06:00;0;1002,9;1003,5;1002,9;-9999;23;22,1;23,2;22,9;22,2;22,1;96;95;95;33;1,6;,5;
2012-08-09;07:00;0;1002,3;1002,9;1002,3;-9999;22,9;22,1;23;22,8;22,2;22;95;95;95;283;1,1;,4;
2012-08-09;08:00;0;1002,7;1002,8;1002,3;-9999;22,5;21,8;22,9;22,5;22,1;21,7;96;95;96;51;,8;,4;
2012-08-09;09:00;0;1003;1003,1;1002,6;-9999;22,6;21,9;22,6;22,5;21,9;21,7;96;96;96;166;1,3;,5;
2012-08-09;10:00;0;1003,3;1003,3;1003;-9999;22,5;21,8;22,7;22,5;22;21,8;96;96;96;69;1;,8;
2012-08-09;11:00;0;1003,9;1003,9;1003,3;14,2;22,7;22;22,7;22,4;22;21,7;96;96;96;245;1;,4;
2012-08-09;12:00;0;1004,5;1004,5;1003,8;224,9;23,6;22,5;23,6;22,7;22,6;22;96;94;94;354;1,8;,8;
2012-08-09;13:00;0;1005,1;1005,1;1004,5;876,8;25;22,2;25,1;23,5;23;21,8;94;84;84;42;2,1;1,1;
2012-08-09;14:00;0;1005,3;1005,3;1005,1;1599,3;27,2;21,9;27,2;25;23,1;21,5;86;73;73;40;2,6;,7;
2012-08-09;15:00;0;1005;1005,3;1005;2096,9;28,8;22,5;28,8;27,2;23,1;20,9;75;64;69;213;2,4;1,1;
2012-08-09;16:00;0;1004,3;1005;1004,3;3056,8;30;20,9;30,1;28,6;23,1;20,6;70;58;58;16;3,3;1,2;
2012-08-09;17:00;0;1003,5;1004,3;1003,5;2404,2;30,5;22,7;31,4;29,8;23,6;20,8;64;58;63;209;3,2;1,6;
2012-08-09;18:00;0;1002,7;1003,5;1002,7;2258,8;30,1;23,1;31,9;30,1;23,1;20,4;66;52;66;139;4;1;
2012-08-09;19:00;,4;1001,7;1002,8;1001,7;1177,6;26,9;24,1;30,1;26,9;25;22,6;84;64;84;50;5,6;2;
2012-08-09;20:00;0;1001,5;1001,7;1001;598,7;25,9;23,4;27,3;25,9;24,6;22,7;88;80;86;107;5;1,3;
2012-08-09;21:00;,6;1000,2;1001,5;1000,2;445,1;25,4;22,6;26;24,3;23,4;21,2;87;80;84;197;7,3;,8;
2012-08-09;22:00;0;1000,7;1000,7;1000,2;333,2;25,4;23;25,7;25,3;23,2;21,3;87;78;87;219;3,7;1,3;
2012-08-09;23:00;0;1001,4;1001,4;1000,7;32,6;24,6;23,2;25,4;24,6;23,4;22,8;93;87;92;194;2,5;,4;
2012-08-10;00:00;0;1002,3;1002,3;1001,4;-9999;23,7;22,6;24,6;23,7;23,2;22,6;94;92;94;39;2,4;,7;
2012-08-10;01:00;0;1003,7;1003,7;1002,3;-9999;23,6;22,7;23,7;23,3;22,7;22,4;95;94;95;149;3;1,3;
2012-08-10;02:00;,4;1003,8;1003,8;1003,3;-9999;23,3;22,5;23,9;23,3;22,9;22,5;95;94;95;69;4;1;
2012-08-10;03:00;,2;1004,2;1004,2;1003,7;-9999;23,1;22,3;23,4;23,1;22,6;22,3;95;95;95;66;2,3;,6;
2012-08-10;04:00;0;1004;1004,2;1003,9;-9999;23;22,2;23,2;23;22,5;22,2;96;95;95;334;1,3;,4;
2012-08-10;05:00;0;1004,2;1004,3;1003,8;-9999;23,1;22,4;23,2;22,9;22,5;22,1;96;95;96;153;2,4;1,1;
2012-08-10;06:00;3,6;1003,1;1004,3;1003,1;-9999;23,1;22,4;23,4;23,1;22,6;22,3;96;95;96;59;5,2;,3;
2012-08-10;07:00;0;1002,7;1003,2;1002,7;-9999;22,8;22,1;23,1;22,7;22,4;22;96;95;96;323;2,5;,9;
2012-08-10;08:00;0;1002,7;1002,7;1002,6;-9999;22,7;22,1;22,8;22,6;22,1;21,9;96;96;96;325;2,1;,6;
2012-08-10;09:00;0;1003;1003;1002,6;-9999;22,7;22;22,8;22,6;22,1;21,9;96;96;96;354;2;,9;
2012-08-10;10:00;0;1003,2;1003,2;1002,9;-9999;22,8;22,1;22,9;22,7;22,2;22;96;96;96;320;1,8;,8;
2012-08-10;11:00;0;1003,9;1003,9;1003,2;8,3;22,9;22,2;23;22,8;22,3;22,1;96;96;96;89;1,8;,4;
2012-08-10;12:00;0;1004,5;1004,5;1003,9;277,3;23,7;22,7;23,8;22,9;22,9;22,2;96;93;94;332;,9;,5;
2012-08-10;13:00;0;1005;1005,1;1004,5;698,8;24,6;22,7;24,6;23,7;23,1;22,3;95;89;89;293;2,2;,8;
2012-08-10;14:00;0;1005,4;1005,4;1005;1517,9;25,9;22,4;25,9;24,6;23;21,8;90;79;81;326;3,3;1,4;
2012-08-10;15:00;0;1005,2;1005,4;1005,2;1874,2;27;22,4;27,3;25,9;23,1;21,7;81;75;76;337;3,9;1,4;
2012-08-10;16:00;0;1004,7;1005,2;1004,6;2152,3;27,9;22,5;28,2;26,9;24;21,6;79;70;73;332;4;1,6;
2012-08-10;17:00;0;1004;1004,7;1004;2806,9;28,8;22,7;29,5;27,9;23,5;21,7;74;65;70;357;4,6;1,8;
2012-08-10;18:00;0;1003,2;1004;1003,2;2149,5;28,9;22,5;29,8;28,4;23,5;22;73;66;69;330;4,4;1,5;
2012-08-10;19:00;0;1001,7;1003,2;1001,7;2105,3;29,8;23,3;29,8;28,8;23,8;22,5;72;66;68;300;4,5;1,6;
2012-08-10;20:00;0;1000,8;1001,7;1000,8;2260,5;29,9;22,4;30,4;29,5;23,5;22,4;68;63;64;312;4,5;2;
2012-08-10;21:00;0;1000,4;1000,8;1000,3;1454,4;29,7;22,6;30,2;29,6;23,4;22,1;68;63;66;329;4,4;1,6;
2012-08-10;22:00;0;1000,7;1000,7;1000,4;547,1;29,1;23;29,9;29,1;23,6;22,5;69;65;69;325;4;1,3;
2012-08-10;23:00;0;1001,2;1001,2;1000,7;62,1;26,9;23,1;29,1;26,9;23,5;22,9;80;69;80;37;4;,8;
2012-08-11;00:00;0;1001,8;1001,8;1001,2;-9999;25,7;24,1;26,9;25,7;24,1;23;90;80;90;61;1,7;1,1;
2012-08-11;01:00;0;1003,3;1003,3;1001,8;-9999;25,9;23,9;26,1;25,7;24,3;23,8;91;88;89;186;1,7;,9;
2012-08-11;02:00;0;1004,1;1004,1;1003,3;-9999;24,7;22,8;26;24,7;24,1;22,7;90;87;89;128;4,8;1,2;
2012-08-11;03:00;0;1003,9;1004,1;1003,9;-9999;23,8;21,5;24,7;23,7;22,9;21,4;90;86;87;200;5,2;,8;
2012-08-11;04:00;0;1003,1;1003,9;1003,1;-9999;23,4;21,6;23,8;23,3;22;21,3;92;86;90;317;2,4;,7;
2012-08-11;05:00;0;1003,1;1003,3;1003,1;-9999;23;21,9;23,4;23;22;21,7;93;90;93;338;2,3;,7;
2012-08-11;06:00;0;1002,8;1003,1;1002,8;-9999;22,7;21,8;23;22,7;21,9;21,7;95;93;95;98;1,6;,4;
2012-08-11;07:00;0;1002,3;1002,8;1002,3;-9999;22,7;21,8;23;22,6;22,1;21,7;95;95;95;109;1,4;,4;
2012-08-11;08:00;0;1002,4;1002,4;1002,2;-9999;23;22,2;23,1;22,7;22,3;21,8;96;95;95;328;2;,9;
2012-08-11;09:00;0;1002,4;1002,4;1002,3;-9999;23;22,2;23,2;23;22,3;22,1;95;95;95;266;2;,7;
2012-08-11;10:00;0;1003;1003;1002,4;-9999;23,2;22,3;23,2;23;22,3;22,1;95;95;95;247;2;,5;
2012-08-11;11:00;0;1003,5;1003,5;1003;7,4;23,3;22,3;23,3;23,2;22,4;22,2;95;94;94;232;1,4;,4;
2012-08-11;12:00;0;1004,4;1004,4;1003,5;67,2;23,4;22,4;23,4;23,3;22,5;22,3;94;94;94;42;1,7;,4;
2012-08-11;13:00;10,8;1005,3;1005,3;1004,4;26,3;22,7;21,9;23,5;22,6;22,6;21,6;96;92;96;47;3,8;,8;
2012-08-11;14:00;1;1005,4;1005,6;1005,3;63,7;22,9;22,1;22,9;22,7;22,2;21,9;96;96;96;315;2,5;1,1;
2012-08-11;15:00;0;1005;1005,5;1005;163,7;23,1;22,3;23,1;22,8;22,4;22;96;95;95;337;2,6;1,2;
2012-08-11;16:00;0;1004,6;1005,1;1004,6;358,1;23,1;21,8;23,2;23;22,4;21,6;96;92;92;15;3,8;1;
2012-08-11;17:00;0;1003,7;1004,6;1003,6;1135,4;24,3;21,8;24,6;23;22,5;21,4;93;84;86;338;2,4;1,1;
2012-08-11;18:00;0;1002,6;1003,7;1002,6;2185,9;26;22;26,2;24,4;22,8;21,5;87;77;78;232;3,6;1,4;
2012-08-11;19:00;0;1001,4;1002,6;1001,4;2404,1;26,9;21,6;27,1;26;22,7;21;81;70;73;265;4;,7;
2012-08-11;20:00;0;1000,5;1001,4;1000,5;1203;27;21,7;27,1;26,6;22,6;21,1;78;71;73;292;2,8;,7;
2012-08-11;21:00;0;1000;1000,5;1000;1271,2;27,2;22,4;27,7;26,9;23;21,5;77;71;75;208;2,9;1,7;
2012-08-11;22:00;0;1000;1000;999,8;421,3;26,3;23,5;27,3;26,2;23,6;22,5;85;75;85;220;3,1;1;
2012-08-11;23:00;0;1000,7;1000,7;999,9;20,9;24,8;23,3;26,3;24,8;23,7;23,2;92;85;91;201;2;,4;
2012-08-12;00:00;0;1001,4;1001,5;1000,7;-9999;24;22,9;24,8;24;23,5;22,9;94;91;94;67;1,3;,6;
2012-08-12;01:00;0;1002,2;1002,2;1001,4;-9999;23,6;22,8;24;23,5;23;22,6;95;94;95;300;1,1;,3;
2012-08-12;02:00;0;1003,1;1003,1;1002,2;-9999;23,4;22,6;23,7;23,3;22,9;22,4;95;94;95;231;1;,3;
2012-08-12;03:00;0;1003,3;1003,4;1003,1;-9999;23,1;22,3;23,5;23,1;22,8;22,3;96;95;95;38;2;1,1;
2012-08-12;04:00;0;1003,4;1003,4;1003,3;-9999;22,8;22;23,2;22,8;22,5;22;96;95;95;35;2,1;,5;
2012-08-12;05:00;0;1002,6;1003,4;1002,6;-9999;22,5;21,8;23;22,5;22,2;21,7;96;95;96;63;,9;,2;
2012-08-12;06:00;0;1002;1002,6;1002;-9999;23;22,3;23;22,4;22,3;21,7;96;95;96;327;1,8;1,2;
2012-08-12;07:00;0;1001,7;1002;1001,7;-9999;22,9;22,3;23;22,7;22,4;22;96;96;96;28;2,2;,6;
2012-08-12;08:00;0;1001,8;1001,8;1001,7;-9999;22,9;22,3;23;22,8;22,4;22,2;96;96;96;335;2,2;,4;
2012-08-12;09:00;0;1001,6;1001,7;1001,5;-9999;22,6;22,1;22,9;22,6;22,3;22;96;96;96;52;1,9;,7;
2012-08-12;10:00;0;1002,1;1002,1;1001,5;-9999;22,5;22;22,6;22,5;22;21,9;97;96;97;34;1,5;,4;
2012-08-12;11:00;0;1002,7;1002,7;1002,1;19,1;22,8;22,2;22,8;22,5;22,2;21,9;97;97;97;322;2,2;,7;
2012-08-12;12:00;0;1003,6;1003,6;1002,7;263,9;23,6;23;23,6;22,8;23;22,2;97;97;97;38;2,1;,9;
2012-08-12;13:00;0;1004,1;1004,1;1003,6;706,9;24,5;22,9;24,9;23,6;23,6;22,8;97;90;91;353;3,5;1,3;
2012-08-12;14:00;0;1004,1;1004,2;1004;1511,5;25,8;22,7;26,4;24,4;23,4;22,3;91;80;83;10;4;1,1;
2012-08-12;15:00;0;1003,5;1004,1;1003,5;1992,5;28,3;21,7;28,4;25,7;23,6;21,4;85;67;68;26;3,2;1,2;
2012-08-12;16:00;0;1003,1;1003,6;1003,1;2307,2;28,9;22,9;29,2;27,4;23,3;21,3;75;65;70;147;3,5;,8;
2012-08-12;17:00;23,4;1003;1003,6;1003;906,3;22,8;22;29,6;22,7;23,7;21,3;96;68;96;91;9,8;,9;
2012-08-12;18:00;4;1001,8;1003;1001,8;396,8;23,4;22,6;23,5;22,8;22,8;22;96;95;95;139;3,7;1,3;
2012-08-12;19:00;,6;1000,4;1001,8;1000,4;933,4;24;22,4;24,2;23,2;23;22,1;96;91;91;136;3,8;1;
2012-08-12;20:00;0;999,2;1000,4;999,2;1274,2;25;22,4;25,3;23,8;23,2;22;93;84;85;148;2,8;1,1;
2012-08-12;21:00;0;999,1;999,2;998,8;1510,4;26,7;22,6;27;25;23,5;22,1;88;76;78;103;3,3;1,1;
2012-08-12;22:00;0;999,2;999,2;998,9;492,8;26;23,5;26,7;25,9;23,8;22,3;87;77;86;56;3,3;,9;
2012-08-12;23:00;0;1000,4;1000,4;999,2;56,2;24,6;23,2;26;24,6;23,8;23,2;92;86;92;56;1,8;,2;
2012-08-13;00:00;0;1001,6;1001,6;1000,4;-9999;23,7;22,7;24,6;23,7;23,2;22,6;94;92;94;59;1,4;,4;
2012-08-13;01:00;0;1002,6;1002,6;1001,6;-9999;23,7;22,7;23,7;23,5;22,8;22,6;95;94;94;2;1;,3;
2012-08-13;02:00;0;1003,4;1003,4;1002,6;-9999;23,5;22,6;23,7;23,4;22,7;22,5;95;94;95;144;1,7;,7;
2012-08-13;03:00;0;1003,6;1003,7;1003,3;-9999;23,4;22,5;23,5;23,3;22,8;22,4;96;95;95;334;1,6;,9;
2012-08-13;04:00;0;1003,8;1003,9;1003,6;-9999;23,3;22,5;23,4;23,1;22,6;22,4;96;95;96;344;1,6;,2;
2012-08-13;05:00;0;1003,7;1003,8;1003,6;-9999;23,1;22,4;23,3;23;22,6;22,3;96;95;96;123;1;,4;
2012-08-13;06:00;,4;1003,2;1003,7;1003,2;-9999;23,4;22,6;23,6;23,1;22,9;22,5;96;96;96;141;1,8;,6;
2012-08-13;07:00;0;1002,5;1003,2;1002,4;-9999;23,2;22,5;23,4;23,2;22,7;22,4;96;96;96;212;1,1;,3;
2012-08-13;08:00;0;1002,7;1002,7;1002,4;-9999;23,1;22,4;23,2;23;22,5;22,3;96;96;96;99;1,5;,6;
2012-08-13;09:00;0;1002,7;1002,9;1002,7;-9999;23,2;22,5;23,2;23;22,5;22,4;96;96;96;332;1,1;,2;
2012-08-13;10:00;0;1003,3;1003,3;1002,7;-9999;22,8;22,1;23,2;22,8;22,6;22,1;96;96;96;43;,8;,3;
2012-08-13;11:00;0;1004,1;1004,1;1003,3;16,4;22,9;22,3;23;22,7;22,3;22;96;96;96;73;1,4;,4;
2012-08-13;12:00;0;1004,9;1004,9;1004,1;118,8;23,4;22,7;23,4;22,9;22,7;22,3;96;96;96;179;1,3;,7;
2012-08-13;13:00;0;1005,4;1005,5;1004,9;260,5;23,8;22,6;23,9;23,3;23;22,6;96;93;93;150;1,3;,4;
2012-08-13;14:00;0;1005,6;1005,6;1005,4;880,1;25,2;23,1;25,2;23,8;23,6;21,8;93;84;88;106;2,2;,8;
2012-08-13;15:00;0;1005,5;1005,7;1005,5;1765,8;26,6;22,7;26,6;25;23,4;22;88;79;79;181;3,8;1,7;
2012-08-13;16:00;0;1004,6;1005,6;1004,6;1864,6;28,5;24,2;28,5;26,6;24,2;22,4;81;73;78;153;4,6;1,7;
2012-08-13;17:00;0;1003,3;1004,6;1003,3;2796,6;29,4;22,8;29,7;28,4;24,2;22,5;78;66;68;104;5,4;1,4;
2012-08-13;18:00;0;1001,6;1003,3;1001,6;2871;30,6;23,1;30,7;29,3;24,4;22,3;73;61;64;107;5,5;1,7;
2012-08-13;19:00;0;1000,3;1001,6;1000,3;2716,8;31,1;23,7;31,5;30,5;24,4;22,6;67;60;65;127;5;1,4;
2012-08-13;20:00;5,4;1000,8;1001;1000;1186,8;23,2;21,9;31,5;23,2;24;21,1;94;59;92;85;13,9;1,5;
2012-08-13;21:00;,4;999,8;1000,8;999,8;159,5;23,5;22,3;23,5;23,2;22,5;21,9;94;92;93;123;4,3;,6;
2012-08-13;22:00;0;999,6;999,8;999,6;222,7;23,7;22,5;23,9;23,3;22,8;21,6;94;90;93;88;1,8;,5;
2012-08-13;23:00;0;999,9;999,9;999,6;43,3;22,9;22;23,7;22,9;22,5;21,9;95;92;95;81;1,6;,6;
2012-08-14;00:00;0;1000,9;1000,9;999,9;-9999;22,6;21,8;22,9;22,5;22;21,6;95;94;95;62;1,9;,4;
2012-08-14;01:00;0;1002,3;1002,3;1000,9;-9999;22,2;21,4;22,6;22,2;21,8;21,3;95;94;95;3;1,4;,7;
2012-08-14;02:00;0;1003;1003;1002,3;-9999;21,7;21;22,2;21,7;21,4;21;96;95;96;68;1,4;,5;
2012-08-14;03:00;0;1003,2;1003,4;1003;-9999;21,7;21;21,9;21,6;21,2;20,8;96;95;96;112;1,4;,5;
2012-08-14;04:00;0;1003,2;1003,4;1003,1;-9999;21,5;20,8;21,7;21,4;21;20,7;96;96;96;92;1;,5;
2012-08-14;05:00;0;1002,8;1003,2;1002,8;-9999;21,5;20,8;21,8;21,4;21,1;20,6;96;95;96;157;1,1;,4;
2012-08-14;06:00;0;1003;1003;1002,4;-9999;21,3;20,7;21,6;21,2;20,9;20,5;96;96;96;168;4,7;1,3;
2012-08-14;07:00;,2;1002,4;1003;1002,3;-9999;22,3;21,4;22,3;21,3;21,6;20,8;97;95;95;180;4,7;1;
2012-08-14;08:00;0;1002;1002,6;1002;-9999;22,2;21,5;22,5;22;21,7;21,3;96;95;96;210;2,4;,4;
2012-08-14;09:00;0;1002,4;1002,4;1002;-9999;22;21,3;22,2;21,7;21,5;21;96;95;96;255;1;,4;
2012-08-14;10:00;0;1002,7;1002,7;1002,3;-9999;21,9;21,2;22;21,6;21,4;20,9;96;96;96;216;1,8;,5;
2012-08-14;11:00;0;1003,5;1003,5;1002,7;12,1;22,1;21,5;22,2;21,8;21,6;21,2;96;96;96;258;1,4;,3;
2012-08-14;12:00;0;1004,2;1004,2;1003,5;158,4;22,7;21,9;22,8;22,1;22;21,4;96;95;95;213;1,3;,7;
2012-08-14;13:00;0;1004,5;1004,5;1004,1;664,8;23,4;21,7;23,6;22,7;22,4;21,7;95;90;91;214;2,3;1,4;
2012-08-14;14:00;0;1005,2;1005,3;1004,5;1229,4;24,9;22,5;24,9;23,4;22,7;21,4;92;85;86;203;2,3;,9;
2012-08-14;15:00;0;1004,9;1005,2;1004,9;2404,1;27,3;22,9;27,3;24,7;23,2;21,4;87;72;77;14;2,2;1,1;
2012-08-14;16:00;0;1004,5;1004,9;1004,5;2158,7;27,9;22,2;28,1;27;23,2;21,2;77;68;71;160;2,4;,5;
2012-08-14;17:00;0;1003,6;1004,5;1003,6;2072,7;29;22,8;29,1;27,9;23,4;22;75;68;69;188;3,1;1,6;
2012-08-14;18:00;0;1002,6;1003,6;1002,3;1985,7;28;23,3;30;28;23,9;21,9;76;62;76;6;4,8;1,5;
2012-08-14;19:00;5,2;1001,4;1002,6;1001,4;378,1;25,4;24,1;28;24,9;24,3;22,8;93;76;92;227;4,9;,8;
2012-08-14;20:00;0;1001,2;1001,4;1000,8;644,2;25;22,9;26,3;25;24,9;22,9;93;88;88;64;5,2;1,6;
2012-08-14;21:00;0;1000,5;1001,5;1000,5;110,9;23,7;22,1;25;23,7;23,1;21,9;92;88;91;197;4,5;,9;
2012-08-14;22:00;,2;1000,1;1000,6;1000,1;132,9;23,9;22,8;24,1;23,8;22,9;22,2;94;91;94;360;1,9;,4;
2012-08-14;23:00;0;1000,9;1000,9;1000,1;37,4;23,3;22,5;23,9;23,3;22,7;22,4;95;92;95;151;1,4;,4;
2012-08-15;00:00;0;1001,5;1001,5;1000,8;-9999;22,8;22;23,3;22,8;22,4;21,9;95;95;95;8;1,7;,6;
2012-08-15;01:00;0;1003;1003;1001,5;-9999;22,5;21,8;22,8;22,5;22;21,7;96;95;96;174;1,5;,5;
2012-08-15;02:00;0;1003,6;1003,7;1003;-9999;22;21,3;22,6;22;21,9;21,3;96;95;96;70;1,4;,6;
2012-08-15;03:00;0;1004;1004;1003,6;-9999;21,9;21,2;22,1;21,9;21,5;21,2;96;96;96;26;1,2;,6;
2012-08-15;04:00;0;1003,9;1004,1;1003,9;-9999;21,8;21,2;22;21,6;21,3;20,9;96;96;96;21;1,7;,7;
2012-08-15;05:00;0;1003,1;1003,9;1003,1;-9999;21,4;20,7;22;21,4;21,3;20,7;96;96;96;360;1,4;,6;
2012-08-15;06:00;0;1002,4;1003,1;1002,4;-9999;21,8;21,2;21,8;21,2;21,3;20,6;97;96;97;358;1,6;,8;
2012-08-15;07:00;0;1001,9;1002,4;1001,9;-9999;21,6;21,1;21,9;21,4;21,3;20,8;97;96;97;274;2,6;,5;
2012-08-15;08:00;0;1001,8;1001,9;1001,7;-9999;21,8;21,3;21,9;21,4;21,3;20,8;97;97;97;343;1,6;,5;
2012-08-15;09:00;0;1002,1;1002,1;1001,8;-9999;21,5;21;21,9;21,5;21,3;21;97;97;97;360;1,2;,6;
2012-08-15;10:00;0;1002,8;1002,8;1002;-9999;22,1;21,5;22,1;21,4;21,5;20,8;97;97;97;357;2,5;,7;
2012-08-15;11:00;0;1003,3;1003,3;1002,8;28,1;22,1;21,4;22,1;21,9;21,5;21,3;97;96;96;290;1,8;,4;
2012-08-15;12:00;2,6;1003,9;1004;1003,3;469,8;23,4;22,2;23,5;22;22,7;21,4;96;93;93;335;3,2;,4;
2012-08-15;13:00;0;1004,6;1004,6;1003,9;1364,2;25,1;22,8;25,1;23,2;23,2;21,9;93;86;87;337;2,6;1,4;
2012-08-15;14:00;0;1004,7;1004,8;1004,6;1644,3;26,1;23;26,5;25,1;23,4;22,6;87;81;83;329;3,9;1,7;
2012-08-15;15:00;0;1004,8;1004,9;1004,7;1931,9;27,6;23,4;28;26;24;22,4;84;74;78;335;4,1;1,5;
2012-08-15;16:00;0;1003,9;1004,9;1003,9;2204,8;29,2;23,9;29,2;27,4;24,2;22,5;78;70;73;322;3,9;1,5;
2012-08-15;17:00;0;1002,9;1003,9;1002,9;1592,5;29,2;23,6;29,6;28,8;24,1;22,7;75;68;72;246;4,4;,9;
2012-08-15;18:00;0;1001,5;1002,9;1001,5;1396;29,4;23,6;29,8;28,9;24,4;22,9;77;67;71;314;3;1,3;
2012-08-15;19:00;1,2;1000,1;1001,5;1000;1681,5;27,9;24;30,6;27,9;25;22,3;80;62;80;346;4,3;2;
2012-08-15;20:00;,4;999,1;1000,1;999,1;2240,9;31;23;31,1;27,6;25,2;22,4;85;60;63;210;3,6;1,3;
2012-08-15;21:00;15,4;999,8;999,8;999,1;678,1;25,3;24;31;25,2;25,4;21,9;93;59;92;85;6,3;1,9;
2012-08-15;22:00;11,4;999,6;1000;999,3;258,2;24,9;24;25,3;23,9;24,2;22,4;95;91;95;82;6,3;1,4;
2012-08-15;23:00;0;1000,4;1000,5;999,6;23,6;24,2;23,2;24,9;24;23,9;22,7;95;92;94;65;3,1;,6;
2012-08-16;00:00;0;1001,1;1001,1;1000,3;-9999;23,6;22,7;24,3;23,6;23,3;22,7;95;93;95;39;3,3;1,6;
2012-08-16;01:00;,2;1002,3;1002,3;1001,1;-9999;23,6;22,7;23,7;23,5;22,9;22,6;95;94;95;202;2,5;,7;
2012-08-16;02:00;0;1002,7;1002,7;1002,3;-9999;23,2;22,5;23,6;23,1;22,7;22,2;96;95;96;272;1,3;,4;
2012-08-16;03:00;0;1003,3;1003,3;1002,4;-9999;22,9;22,2;23,2;22,9;22,5;22,2;96;95;96;98;1,6;,7;
2012-08-16;04:00;0;1002,8;1003,5;1002,8;-9999;22,6;21,9;23,2;22,6;22,5;21,9;96;95;96;136;1,6;,6;
2012-08-16;05:00;0;1002,3;1002,8;1002,2;-9999;22,4;21,7;23,2;22,4;22,5;21,6;96;95;96;130;1,5;1;
2012-08-16;06:00;0;1001,9;1002,3;1001,9;-9999;22,9;22,2;23;22,4;22,4;21,8;96;96;96;49;1,9;,6;
2012-08-16;07:00;0;1002;1002,2;1001,8;-9999;22,8;22,2;22,9;22,6;22,2;22;96;96;96;58;2,9;,8;
2012-08-16;08:00;0;1001,5;1002;1001,2;-9999;22,8;22,1;22,9;22,6;22,2;22;96;96;96;345;2,5;,8;
2012-08-16;09:00;0;1002,2;1002,3;1001,5;-9999;22,8;22,2;22,8;22,6;22,2;21,9;96;96;96;310;2;,2;
2012-08-16;10:00;0;1002,5;1002,5;1002;-9999;22,8;22,1;22,9;22,7;22,3;22;96;96;96;342;1,4;,6;
2012-08-16;11:00;0;1003,3;1003,3;1002,4;11,3;22,9;22,2;23;22,8;22,4;22,1;96;96;96;353;2,5;1;
2012-08-16;12:00;0;1003,8;1003,8;1003,3;208,7;23,4;22,7;23,4;22,9;22,7;22,2;96;96;96;68;2,4;,6;
2012-08-16;13:00;0;1005;1005;1003,8;514,4;24,3;23,3;24,3;23,4;23,4;22,7;96;94;94;225;1,5;,6;
2012-08-16;14:00;0;1005,3;1005,3;1005;722,8;24,9;22,7;25;24,3;23,5;22,4;94;87;88;216;2,4;,8;
2012-08-16;15:00;0;1005;1005,3;1004,9;2190,3;26,9;23,2;27;24,9;23,4;22,3;89;77;80;201;2,6;1,2;
2012-08-16;16:00;0;1004,6;1005;1004,6;1981,5;28,3;23,4;28,3;26,8;24,4;22,5;82;73;75;75;4;1,2;
2012-08-16;17:00;0;1002,3;1004,6;1002,2;2450,8;29,2;23,1;29,5;28;24,3;22,5;78;67;70;156;6,2;1,4;
2012-08-16;18:00;,8;1001,7;1002,4;1001,7;1425,8;27;24,3;29,7;27;24,9;22,6;85;67;85;82;5,3;1,6;
2012-08-16;19:00;,2;1000,2;1001,7;1000,2;1626,2;29,2;25,3;29,3;26,7;25,8;23,7;89;74;80;92;4,4;,8;
2012-08-16;20:00;0;999,1;1000,2;999,1;1441,7;28,7;23,2;29,6;28,7;25,5;22,7;80;70;72;121;3,8;1;
2012-08-16;21:00;0;998,9;999,1;998,8;871,3;28,8;23,4;29,2;28,7;24,8;23,1;78;71;72;111;3,1;,7;
2012-08-16;22:00;0;999,5;999,5;998,9;462,7;27,7;24;29,3;27,7;24,3;23,4;81;71;81;112;2,6;,5;
2012-08-16;23:00;1,8;1000,8;1000,8;999,5;10,4;24,8;23,7;27,7;24,8;24,6;23,1;94;81;94;43;3,8;,8;
2012-08-17;00:00;0;1002;1002;1000,9;-9999;25,1;24,1;25,1;24,8;24,2;23,7;95;94;94;187;1,6;,3;
2012-08-17;01:00;0;1002,9;1002,9;1002;-9999;24,6;23,7;25,1;24,6;24,2;23,6;95;94;95;146;,7;,2;
2012-08-17;02:00;0;1003,7;1003,7;1002,9;-9999;24,2;23,4;24,8;24,2;24;23,3;95;94;95;16;1;,5;
2012-08-17;03:00;0;1003,6;1003,7;1003,6;-9999;24;23,2;24,2;23,7;23,4;22,9;96;95;96;204;1,6;,2;
2012-08-17;04:00;0;1004,3;1004,3;1003,6;-9999;23,7;22,8;24;23,6;23,2;22,8;96;95;95;243;1,7;,7;
2012-08-17;05:00;0;1003,9;1004,3;1003,9;-9999;23,3;22,4;23,9;23,3;23,2;22,4;96;95;95;189;1,5;,2;
2012-08-17;06:00;0;1003,1;1004;1003,1;-9999;22,9;22,2;23,4;22,9;22,7;22,2;96;95;96;289;1,2;,3;
2012-08-17;07:00;0;1002,5;1003,1;1002,5;-9999;23,1;22,5;23,2;22,7;22,5;22;96;96;96;320;1,8;1;
2012-08-17;08:00;0;1002,4;1002,5;1002,1;-9999;22,6;21,9;23,1;22,4;22,5;21,7;96;96;96;331;1,8;,6;
2012-08-17;09:00;,2;1002,8;1002,8;1002,3;-9999;23,1;22,5;23,2;22,6;22,6;21,9;96;96;96;274;1,7;,5;
2012-08-17;10:00;0;1003,2;1003,3;1002,8;-9999;23,1;22,4;23,2;23;22,6;22,3;96;96;96;287;1,9;,2;
2012-08-17;11:00;0;1003,6;1003,6;1003,2;14,7;23,1;22,4;23,2;23;22,5;22,2;96;96;96;347;1,5;,4;
2012-08-17;12:00;0;1004,5;1004,5;1003,6;217;23,8;23;23,8;23,1;23,1;22,4;96;95;95;56;1,1;,3;
2012-08-17;13:00;0;1004,7;1004,8;1004,5;787;24,6;22,6;24,7;23,8;23,4;22,6;95;88;88;257;2,5;1,1;
2012-08-17;14:00;0;1005,7;1005,7;1004,7;791,1;25,1;23,1;25,1;24,6;23,1;22,5;91;87;89;243;3,9;1,1;
2012-08-17;15:00;0;1005,5;1005,9;1005,5;1604,5;26,3;22,9;26,4;24,7;23,1;22,3;89;79;82;218;3,6;1,5;
2012-08-17;16:00;0;1005;1005,5;1005;2154,4;27,4;22,6;27,4;26,3;23,3;22,1;83;74;75;214;3,5;1,5;
2012-08-17;17:00;0;1003,7;1005;1003,7;2017,3;28,3;22,5;28,5;27,4;23,5;21,2;75;66;71;226;3,4;1,1;
2012-08-17;18:00;0;1002,6;1003,7;1002,6;1592,6;28,9;22,4;29;28,3;23,8;22,1;76;68;68;237;3;1;
2012-08-17;19:00;0;1001,3;1002,6;1001,3;1820,9;29,3;23,1;29,4;28,7;23,9;22;75;67;69;214;3,1;1,5;
2012-08-17;20:00;0;1000,1;1001,3;1000,1;2060,9;29,7;23;29,9;29,2;23,9;22,5;72;66;67;227;3,1;1,6;
2012-08-17;21:00;0;1000,2;1000,2;999,8;1309,8;29,9;23,2;30,1;29,7;23,9;22,6;70;65;67;185;3;1,6;
2012-08-17;22:00;0;1000,8;1000,8;1000,2;536,7;28,5;24,1;30;28,5;24,1;23;77;67;77;182;2,9;1,3;
2012-08-17;23:00;0;1001,2;1001,2;1000,8;38,7;27;24,5;28,5;27;24,5;23,6;86;76;86;225;3,8;,7;
2012-08-18;00:00;0;1002;1002;1001,2;-9999;26,2;23,9;27;26,2;24,9;23,9;90;86;87;222;3,5;1,7;
2012-08-18;01:00;0;1002,9;1002,9;1002;-9999;25,1;23,1;26,2;25,1;24;22,9;89;86;89;232;3,5;1,2;
2012-08-18;02:00;0;1003,6;1003,6;1002,9;-9999;23,8;21,3;25,1;23,8;22,7;20,9;89;82;86;205;4,4;1;
2012-08-18;03:00;0;1003,9;1004;1003,6;-9999;23;21,3;23,8;23;21,8;21,2;90;86;90;247;2,2;,6;
2012-08-18;04:00;0;1003,7;1003,9;1003,6;-9999;22,5;21,5;23,1;22,5;21,6;21,3;94;90;94;222;1,7;,4;
2012-08-18;05:00;0;1003;1003,7;1003;-9999;22,5;21,6;22,7;22,4;21,8;21,3;95;94;94;281;1,6;,4;
2012-08-18;06:00;0;1002,5;1003,1;1002,5;-9999;22;21,1;22,6;22;21,7;21;95;94;95;61;1,4;,4;
2012-08-18;07:00;0;1002,2;1002,5;1002,2;-9999;21,8;21;22,1;21,7;21,2;20,9;95;94;95;157;1,6;,8;
2012-08-18;08:00;0;1002,3;1002,5;1002,1;-9999;22;21,1;22;21,7;21,2;20,9;96;95;95;289;1,6;,5;
2012-08-18;09:00;0;1003;1003;1002,3;-9999;21,6;20,9;22;21,6;21,1;20,7;95;95;95;5;1,7;1;
2012-08-18;10:00;0;1003,5;1003,5;1003;-9999;22,1;21,3;22,1;21,6;21,4;20,9;96;95;95;27;2;,5;
2012-08-18;11:00;0;1004,2;1004,2;1003,5;26,8;22,9;22,2;23;22;22,4;21,2;96;95;96;346;2,8;1;
2012-08-18;12:00;0;1005;1005;1004,2;219,6;23,3;22,6;23,3;22,7;22,6;22;96;96;96;22;2,8;1,1;
2012-08-18;13:00;0;1005,4;1005,4;1005;853,5;25,2;22,6;25,2;23,2;23,1;22,4;96;86;86;310;2,7;,9;
2012-08-18;14:00;0;1005,8;1005,8;1005,4;1615,3;26,6;23;26,9;24,8;23,1;22;87;77;81;246;3,3;1,3;
2012-08-18;15:00;0;1005,6;1006;1005,6;1305,7;27,2;22,7;27,5;26,2;23,3;22,3;83;75;77;269;2,8;1;
2012-08-18;16:00;0;1004,9;1005,6;1004,9;1776,1;28,4;22,4;28,8;27,2;23,3;22,1;78;69;70;68;2,9;1,1;
2012-08-18;17:00;0;1003,9;1004,9;1003,9;2387,8;29,9;23,4;29,9;28,2;24,2;22,1;74;65;68;73;3;1,1;
2012-08-18;18:00;0;1002,9;1003,9;1002,9;1955,2;30,1;23,1;30,3;29,4;24,2;22,3;71;63;66;351;3,7;,8;
2012-08-18;19:00;0;1001,8;1002,9;1001,8;2217,9;30,8;21,9;31,2;29,9;23,8;21,4;68;57;59;172;2,4;,8;
2012-08-18;20:00;0;1001,3;1001,8;1001,3;1756,2;30,8;23;31,7;30,5;24,2;21,4;69;55;63;290;3,1;,8;
2012-08-18;21:00;0;1000,7;1001,3;1000,6;1372,6;31,5;22,2;31,8;30,8;23,2;21,2;63;55;58;321;2,3;,7;
2012-08-18;22:00;0;1001,4;1001,4;1000,7;648,9;30;23,2;31,8;30;23,4;21,4;67;55;67;345;2,1;,7;
2012-08-18;23:00;0;1002,1;1002,1;1001,4;68,1;27,7;23,9;30;27,7;23,9;22,7;80;66;80;33;2,1;1;
2012-08-19;00:00;0;1002,8;1002,9;1001,9;-9999;26,2;24;27,7;26,2;24,7;23,5;89;80;88;62;3;1;
2012-08-19;01:00;0;1003,3;1003,3;1002,7;-9999;25,9;23,6;26,2;25,9;24,2;23,4;89;86;87;236;2,5;,6;
2012-08-19;02:00;0;1004,7;1004,7;1003,2;-9999;25,2;23,5;25,9;25,1;23,8;23,4;92;87;90;26;3;1,1;
2012-08-19;03:00;0;1005,1;1005,1;1004,7;-9999;24,9;23,6;25,2;24,8;23,6;23,3;93;90;93;343;1,8;,7;
2012-08-19;04:00;0;1005;1005,3;1005;-9999;24,2;23;24,9;24,2;23,6;23;94;92;94;68;1,5;,4;
2012-08-19;05:00;0;1004,7;1005;1004,7;-9999;23,6;22,7;24,2;23,6;23,2;22,7;95;93;95;23;1,4;,8;
2012-08-19;06:00;0;1003,9;1004,7;1003,9;-9999;23,4;22,5;23,6;23,4;22,8;22,5;95;95;95;355;1,9;,8;
2012-08-19;07:00;0;1003,8;1003,9;1003,6;-9999;23,1;22,3;23,5;23,1;22,7;22,2;95;95;95;360;1,4;,3;
2012-08-19;08:00;0;1003,8;1003,9;1003,7;-9999;22,7;21,9;23,2;22,7;22,5;21,9;96;95;95;36;1,7;1,1;
2012-08-19;09:00;0;1003,9;1003,9;1003,7;-9999;22,7;22;23;22,6;22,3;21,9;96;95;96;354;2,6;,5;
2012-08-19;10:00;0;1004,3;1004,3;1003,8;-9999;22,7;22,1;22,8;22,5;22,1;21,7;96;95;96;28;2,1;,9;
2012-08-19;11:00;0;1005,3;1005,3;1004,3;28,8;22,5;21,8;22,7;22;22;21,3;96;95;96;290;1,4;,2;
2012-08-19;12:00;0;1005,9;1005,9;1005,2;456,8;24,1;22,7;24,1;22,5;22,9;21,7;96;92;92;59;1,5;,8;
2012-08-19;13:00;0;1006,6;1006,6;1005,9;1349,4;26;22,5;26,1;24;23,2;22,3;92;81;81;335;3,3;1,2;
2012-08-19;14:00;0;1006,7;1006,8;1006,6;2097,7;28,5;23,3;28,5;25,9;23,4;22,3;83;73;74;356;5,1;1,4;
2012-08-19;15:00;0;1006,5;1006,8;1006,5;1941,4;27,9;23,4;29,1;27,6;23,5;22,4;77;68;76;23;5;1;
2012-08-19;16:00;0;1005,8;1006,5;1005,8;2611,2;30,3;21,8;30,7;27,9;23,7;21,8;77;61;61;322;4;1;
2012-08-19;17:00;0;1004,8;1005,8;1004,8;2391,5;31,2;22,1;31,4;29,6;24,2;21,6;67;58;58;312;3,5;1,5;
2012-08-19;18:00;0;1003,1;1004,8;1003,1;2780,2;31,5;21,8;32;31;23,3;21,1;62;54;57;17;3,5;1,3;
2012-08-19;19:00;0;1002;1003,1;1002;2961;32,4;19,3;32,8;31,5;22,3;19,3;57;45;46;238;4,2;1,2;
2012-08-19;20:00;0;1000,8;1002;1000,8;2212,1;32,9;20,9;33,2;32,4;21,8;19,4;52;45;49;241;3,4;1,3;
2012-08-19;21:00;0;1000,4;1000,8;1000,3;1363,1;33,1;21,5;33,3;32,6;22,7;20;55;47;51;237;3,4;,6;
2012-08-19;22:00;0;1000,8;1000,9;1000,3;549;31;23,4;33;31;23,4;20,8;64;50;64;212;2,8;1,2;
2012-08-19;23:00;0;1002;1002;1000,8;58,3;27,8;23,9;31;27,8;24,1;22,8;79;62;79;176;3,2;,3;
2012-08-20;00:00;0;1002,6;1002,6;1001,9;-9999;27;24,5;28;26,9;24,6;23,6;86;78;86;327;1;,5;
2012-08-20;01:00;6,4;1003,6;1003,6;1002,6;-9999;24,9;23;27;24,9;24,5;22,8;89;84;89;341;6,3;3,3;
2012-08-20;02:00;11,6;1005,3;1005,3;1003,6;-9999;23,8;22,5;24,9;22,9;23,2;20,9;93;88;93;63;8,6;3,6;
2012-08-20;03:00;2;1005,6;1005,9;1005,3;-9999;22,6;21,5;23,8;22,4;22,6;20,9;94;91;93;9;9,8;1;
2012-08-20;04:00;,2;1005,3;1005,9;1005,3;-9999;22,6;21,6;22,9;22,6;22;21,5;95;93;94;45;4,2;1,1;
2012-08-20;05:00;2;1005,5;1005,6;1005;-9999;22;20,9;22,6;22;21,8;20,9;95;94;94;75;8,2;2,8;
2012-08-20;06:00;5;1004,4;1005,6;1004,4;-9999;22;21,2;22,2;21,7;21,3;20,3;96;91;95;59;8,2;,9;
2012-08-20;07:00;,2;1003,6;1004,4;1003,4;-9999;22;21;22,1;21,9;21,4;21;96;93;95;349;3,9;1,2;
2012-08-20;08:00;0;1003,5;1003,7;1003,3;-9999;21,9;21,1;22;21,8;21,2;21;96;94;95;358;2,9;,7;
2012-08-20;09:00;0;1004;1004;1003,5;-9999;21,9;21,2;22;21,9;21,2;21,1;96;95;95;146;2,4;,2;
2012-08-20;10:00;0;1004,6;1004,6;1004;-9999;21,6;20,9;22;21,6;21,3;20,9;96;95;96;15;1,4;,7;
2012-08-20;11:00;0;1004,7;1004,7;1004,5;28,5;21,6;20,9;21,7;21,4;21;20,7;96;96;96;288;1,4;,7;
2012-08-20;12:00;0;1006;1006;1004,7;434;22,8;21,7;22,8;21,6;21,7;20,9;96;93;94;338;1,8;,7;
2012-08-20;13:00;0;1006,3;1006,4;1006;808,7;23,6;21,7;23,7;22,8;22;21,3;94;87;89;351;2,7;1,2;
2012-08-20;14:00;0;1007,1;1007,1;1006,3;1526,2;25,5;22,3;25,6;23,6;22,8;21,2;89;79;82;131;2,9;,9;
2012-08-20;15:00;0;1006,8;1007,1;1006,8;2726,6;27,6;22,5;27,7;25,5;23,4;21,8;84;72;74;135;3,6;1,1;
2012-08-20;16:00;0;1005,7;1006,8;1005,7;2845,8;28,3;22,4;29,4;27,6;23,9;21,6;76;65;70;147;3,5;1,3;
2012-08-20;17:00;0;1004,5;1005,7;1004,5;2930,8;29,3;21,8;29,8;28,1;23,6;20,9;72;60;64;337;3,3;1,1;
2012-08-20;18:00;0;1003,1;1004,5;1003,1;2862,4;30,7;22,7;30,7;29,3;22,8;21;66;59;62;195;3,3;1,2;
2012-08-20;19:00;0;1001,7;1003,1;1001,7;2784,7;31,3;23;31,5;30,5;23,4;21,2;64;56;61;138;3,7;1,2;
2012-08-20;20:00;0;1000,8;1001,7;1000,8;2180,9;32,1;23,1;32,1;31,1;23,6;20,6;62;53;59;107;2,7;,9;
2012-08-20;21:00;0;1000,3;1000,9;1000,3;1376,6;31,8;23,3;32,2;31,1;23,8;21,3;62;54;61;116;4,1;,7;
2012-08-20;22:00;0;1000,7;1000,7;1000,2;552,6;29,5;23,9;31,9;29,5;24;22,1;73;57;72;62;2,4;,9;
2012-08-20;23:00;0;1001,3;1001,3;1000,7;23,2;26,9;24,2;29,5;26,9;24,6;23,5;86;71;85;49;1,7;,5;
2012-08-21;00:00;0;1002,1;1002,1;1001,3;-9999;25,7;24,2;26,9;25,7;24,5;23,8;91;85;91;20;,7;,2;
2012-08-21;01:00;0;1003,3;1003,3;1002,1;-9999;25,2;23,9;25,7;24,9;24,3;23,7;94;91;93;338;2,4;1;
2012-08-21;02:00;0;1004,1;1004,1;1003,3;-9999;24,6;23,3;25,2;24,6;23,9;23,1;93;91;92;3;2,4;,8;
2012-08-21;03:00;0;1004;1004,3;1004;-9999;24,2;23,1;24,6;24,1;23,3;23;94;92;94;314;1,7;,3;
2012-08-21;04:00;0;1003,6;1004;1003,6;-9999;23,7;22,9;24,2;23,4;23,1;22,5;96;94;95;285;1,1;,2;
2012-08-21;05:00;0;1003,5;1003,8;1003,5;-9999;23,8;22,9;23,8;23,4;22,9;22,5;95;94;95;321;1,5;,7;
2012-08-21;06:00;0;1003,3;1003,6;1003,3;-9999;23,5;22,6;23,8;23,4;22,9;22,5;95;94;95;60;2;1,4;
2012-08-21;07:00;0;1002,9;1003,3;1002,8;-9999;23,6;22,6;23,7;23,4;22,8;22,6;95;94;95;282;2;,4;
2012-08-21;08:00;0;1003;1003,1;1002,9;-9999;23,2;22,4;23,6;23,2;22,7;22,4;95;94;95;65;1;,7;
2012-08-21;09:00;0;1003,2;1003,2;1003;-9999;23;22,2;23,2;23;22,4;22,2;95;95;95;19;1,2;,6;
2012-08-21;10:00;0;1003,5;1003,5;1003,2;-9999;22,7;22,1;23;22,5;22,3;21,8;96;95;96;32;1,4;,8;
2012-08-21;11:00;0;1003,9;1003,9;1003,5;21,6;22,8;22,1;22,8;22,6;22,1;21,8;96;96;96;117;1,1;,2;
2012-08-21;12:00;0;1004,5;1004,5;1003,9;225,4;23,8;22,9;23,9;22,8;23;22,1;96;94;94;96;1,2;,3;
2012-08-21;13:00;0;1004,9;1005,1;1004,5;510,1;24,6;22,2;24,6;23,8;23,1;22,2;94;87;87;197;1,2;,5;
2012-08-21;14:00;0;1005,1;1005,1;1004,9;1946,5;27,9;22,3;27,9;24,6;23,1;21,9;88;71;71;231;2,2;,8;
2012-08-21;15:00;0;1005;1005,2;1005;2133,5;29,3;23,5;29,3;27,8;23,7;21,6;74;69;71;109;2,6;1;
2012-08-21;16:00;0;1004,4;1005;1004,4;2428,1;30,2;22,8;30,7;29,2;24,4;21,8;71;63;65;37;2,9;1,5;
2012-08-21;17:00;0;1003,8;1004,4;1003,8;2446,8;30,1;22,3;31,3;30,1;25,1;21,9;72;59;63;190;3,6;,7;
2012-08-21;18:00;0;1002,3;1003,8;1002,3;2706,8;32,6;21,5;32,8;30;24,1;20,7;70;51;52;95;3,6;,8;
2012-08-21;19:00;0;1001;1002,3;1001;2535,5;32,3;22,2;33,1;31,9;23,5;20,7;58;50;55;142;4,3;1,5;
2012-08-21;20:00;0;999,6;1001;999,6;2096,5;32,2;21,4;32,7;32;23,3;21,1;60;51;53;71;3,7;1,1;
2012-08-21;21:00;0;999,8;999,8;999,3;1318,6;31,4;21,9;32,6;31,3;22,8;20,9;58;51;57;75;4,7;1,3;
2012-08-21;22:00;0;1000,4;1000,5;999,8;405,4;28,5;22,4;31,6;28,5;23;20,5;72;52;70;51;3,5;1,1;
2012-08-21;23:00;0;1001;1001,1;1000,4;29,7;27,5;22,8;28,5;27,5;24,3;22,1;81;69;76;231;5,2;1,1;
2012-08-22;00:00;0;1001,8;1001,8;1001;-9999;24,9;21,8;27,5;24,9;22,7;20,9;84;70;83;42;2,4;1,1;
2012-08-22;01:00;0;1002,8;1002,8;1001,8;-9999;24,8;22,8;25,1;24,5;23,2;22;91;83;89;331;1,9;,7;
2012-08-22;02:00;0;1003,6;1003,7;1002,8;-9999;24,5;22,6;25;24,5;23,3;22,5;92;88;89;202;1,9;,2;
2012-08-22;03:00;0;1004,2;1004,2;1003,6;-9999;24;22,8;24,5;23,9;22,9;22,6;93;89;93;4;1,7;,8;
2012-08-22;04:00;0;1004,2;1004,4;1004,1;-9999;24;22,5;24,1;23,7;23;22,5;94;91;91;333;3;1,2;
2012-08-22;05:00;0;1003,8;1004,2;1003,8;-9999;23,5;22,4;24;23,5;22,6;22,3;93;91;93;343;3;,6;
2012-08-22;06:00;0;1004,2;1004,2;1003,8;-9999;23,4;22,3;23,6;23,3;22,5;22,2;94;93;93;86;3,8;1,4;
2012-08-22;07:00;0;1003,7;1004,2;1003,6;-9999;23,3;21,5;23,5;23,3;22,3;21,5;93;89;89;42;4,2;1,8;
2012-08-22;08:00;,2;1003,4;1003,8;1003,3;-9999;22,9;21,5;23,3;22,9;21,6;21,1;92;89;92;71;4,1;,7;
2012-08-22;09:00;,4;1003,9;1003,9;1003,3;-9999;22,5;21,4;22,9;22,5;21,8;21,3;95;92;93;6;2,1;,5;
2012-08-22;10:00;0;1003,6;1003,9;1003,5;-9999;22,3;21,4;22,7;22,3;21,8;21,3;95;93;94;8;1,6;,5;
2012-08-22;11:00;0;1003,9;1004;1003,6;43;22,3;21,5;22,3;22,2;21,5;21,3;95;94;95;165;1,6;,6;
2012-08-22;12:00;0;1004,7;1004,7;1003,9;398,1;23,5;21,5;23,5;22,3;22;21,3;95;88;88;339;1,3;,6;
2012-08-22;13:00;0;1005,3;1005,3;1004,7;1343,8;25,6;21,8;25,6;23,3;22;20,7;88;78;80;60;2,5;,5;
2012-08-22;14:00;0;1005,3;1005,6;1005,3;2035,5;27,6;22,3;27,6;25,7;22,6;20,6;80;68;73;9;2,1;,9;
2012-08-22;15:00;0;1005;1005,3;1004,9;2599,4;29;21,9;29,1;27,5;22,9;20,6;73;64;66;216;3;1;
2012-08-22;16:00;0;1004,3;1005;1004,3;2986,7;30,4;21,1;30,6;28,8;23,3;21;69;58;58;34;3;1,2;
2012-08-22;17:00;0;1002,9;1004,3;1002,9;3092;31,8;22,2;31,8;30,2;22,2;20,2;60;54;57;341;3,7;1,1;
2012-08-22;18:00;0;1001,7;1002,9;1001,7;2929,4;31,9;22,1;32,7;31,3;23,9;20,8;60;51;56;186;3,4;2;
2012-08-22;19:00;0;1000,3;1001,7;1000,3;2640,8;32,9;21,6;33,2;31,9;23,2;20;59;48;52;94;4,2;1,1;
2012-08-22;20:00;0;999,5;1000,3;999,5;2103;33,1;20,8;33,2;32,4;22,4;19,9;56;47;49;180;3,5;,9;
2012-08-22;21:00;0;999,3;999,5;999,1;1267,5;32,3;23,1;33,3;32,3;23,1;20;58;47;58;134;2,5;,9;
2012-08-22;22:00;0;999,4;999,6;999,3;496,7;28,9;21,8;32,3;28,4;22,9;19,7;66;57;66;228;9,3;1,3;
2012-08-22;23:00;0;999,7;999,8;999,1;22,4;26,5;22,7;28,9;26,5;22,9;21,2;81;64;80;216;3,3;,6;
2012-08-23;00:00;0;1000,6;1000,6;999,6;-9999;25,2;22,8;26,5;25,1;23;22,2;88;79;87;106;3,5;,9;
2012-08-23;01:00;0;1001,5;1001,5;1000,6;-9999;25,1;22,5;25,2;24,6;22,9;21,6;88;82;86;279;3,9;,6;
2012-08-23;02:00;0;1002,4;1002,4;1001,5;-9999;24,7;22,5;25,2;24,6;22,9;22;89;83;88;55;1,6;,4;
2012-08-23;03:00;0;1002,6;1002,7;1002,4;-9999;24,1;22,3;24,7;23,8;22,7;22,3;93;88;90;339;1,9;1,1;
2012-08-23;04:00;0;1002,9;1003;1002,6;-9999;23,5;22,2;24,2;23,5;22,5;22,1;92;89;92;3;2,1;,6;
2012-08-23;05:00;0;1002,5;1002,9;1002,5;-9999;23,1;22;23,5;23,1;22,2;22;94;92;94;79;1,7;,3;
2012-08-23;06:00;0;1002,3;1002,5;1002,3;-9999;22,9;22;23,1;22,7;22;21,8;95;94;95;4;1,3;,6;
2012-08-23;07:00;0;1001,9;1002,3;1001,8;-9999;22,5;21,7;23;22,4;22,1;21,5;95;94;95;312;1,5;,4;
2012-08-23;08:00;0;1001,5;1001,9;1001,5;-9999;22,5;21,6;22,7;22,2;21,8;21,4;96;95;95;310;1,5;,3;
2012-08-23;09:00;0;1002;1002;1001,5;-9999;22,1;21,3;22,6;22,1;21,8;21,3;96;94;95;59;1,6;,9;
2012-08-23;10:00;0;1001,9;1002;1001,9;-9999;22,3;21,5;22,3;22;21,5;21,2;96;95;95;133;1,1;,3;
2012-08-23;11:00;0;1002,4;1002,4;1001,9;27,9;22,6;21,8;22,6;22,3;21,8;21,5;96;95;95;305;1,6;,7;
2012-08-23;12:00;0;1003,1;1003,1;1002,4;239,9;23,4;22,2;23,4;22,6;22,3;21,8;95;93;93;338;1,4;,7;
2012-08-23;13:00;0;1003,4;1003,4;1003,1;1085,6;25,7;22,5;25,8;23,4;23,1;22;94;82;83;276;1,6;,8;
2012-08-23;14:00;0;1003,4;1003,5;1003,4;1951,7;28,7;23,7;28,7;25,7;23,7;21,7;84;70;75;210;2,2;,8;
2012-08-23;15:00;0;1003,2;1003,5;1003,1;2536;30;22,5;30,1;28,2;23,4;21,9;75;63;64;197;2,6;1,3;
2012-08-23;16:00;0;1002,6;1003,2;1002,6;2918,5;31,3;22,4;31,4;30,1;23,5;22,2;65;58;59;193;4,1;1,6;
2012-08-23;17:00;0;1001,5;1002,6;1001,5;2494,8;32;22,2;32,4;31,1;23,8;21,8;64;55;56;186;4,6;2,1;
2012-08-23;18:00;0;1000,6;1001,5;1000,6;1705,3;30,4;22,6;32,6;30,4;23,9;21,6;67;54;63;169;4,9;,8;
2012-08-23;19:00;0;999,1;1000,6;999,1;1890,2;32,2;22,2;32,5;30,4;24;22,2;67;55;56;201;4,8;2,3;
2012-08-23;20:00;0;998,2;999,1;998,2;1915,5;31,9;22;32,9;31,9;23,4;21,2;60;51;56;187;6;3;
2012-08-23;21:00;0;998,3;998,3;998;791,9;30,8;22,5;31,9;30,8;23,9;22,3;65;56;61;166;6;2,6;
2012-08-23;22:00;0;998,4;998,4;998,1;471,2;29,2;22,1;30,9;29,2;23,3;20,9;68;57;66;159;5,6;1;
2012-08-23;23:00;0;999;999;998,4;31,5;26,7;23,6;29,2;26,7;24,3;22;84;65;83;119;1,8;,2;
2012-08-24;00:00;0;999,4;999,4;999;-9999;25,7;23,6;26,7;25,7;23,8;23,2;88;83;88;144;1,3;,3;
2012-08-24;01:00;0;1000,8;1000,8;999,4;-9999;24,9;23,4;25,7;24,9;24,1;23,4;92;88;92;39;1,9;1,1;
2012-08-24;02:00;0;1001,2;1001,2;1000,8;-9999;24,5;23,3;25;24,5;23,8;23,3;94;91;93;99;1,5;,4;
2012-08-24;03:00;0;1001,8;1001,8;1001,2;-9999;24,6;23,3;24,7;24,3;23,6;23,2;94;93;93;19;1,7;,3;
2012-08-24;04:00;0;1001,3;1001,8;1001,3;-9999;24,5;23,3;24,7;24,2;23,4;23;94;92;93;188;1,9;,6;
2012-08-24;05:00;0;1000,9;1001,3;1000,9;-9999;24;22,9;24,6;23,9;23,4;22,9;94;91;94;62;2,4;,9;
2012-08-24;06:00;0;1000,3;1000,9;1000,3;-9999;24;23;24,2;24;23,1;22,9;94;93;94;40;1,7;,8;
2012-08-24;07:00;0;999,9;1000,3;999,9;-9999;24;22,8;24,1;23,8;23,2;22,8;95;93;93;310;1,6;,8;
2012-08-24;08:00;0;999,6;999,9;999,6;-9999;23,7;22,8;24;23,7;22,9;22,7;95;93;95;59;1,4;,7;
2012-08-24;09:00;0;1000;1000;999,6;-9999;23,7;22,8;23,8;23,7;22,9;22,8;95;95;95;32;1,2;,7;
2012-08-24;10:00;0;1000,4;1000,4;1000;-9999;23,7;22,9;23,8;23,6;22,9;22,7;95;95;95;109;1,5;,3;
2012-08-24;11:00;0;1001;1001;1000,4;23,5;23,9;23;23,9;23,7;23;22,8;95;95;95;308;1;,4;
2012-08-24;12:00;0;1001,5;1001,5;1001;269,9;24,8;23,1;24,8;23,9;23,4;22,8;95;90;90;64;1,1;,3;
2012-08-24;13:00;0;1002,1;1002,1;1001,5;1088,9;27,3;23,1;27,4;24,8;23,6;22,3;91;77;78;53;2,6;1,1;
2012-08-24;14:00;0;1002,1;1002,3;1002,1;2076,8;29,6;22,7;29,6;27,2;24,4;22,3;79;67;67;74;4,1;1,6;
2012-08-24;15:00;0;1002;1002,1;1001,9;2570,3;31,1;22,2;31,2;29,5;23,8;21,6;69;59;59;99;4,3;1,1;
2012-08-24;16:00;0;1001,3;1002;1001,3;2828,3;32,1;22,3;32,4;31;24,1;22,1;64;55;56;131;4,4;1,5;
2012-08-24;17:00;0;1000,3;1001,3;1000,3;2987,3;33;21,9;33,4;32,1;23,4;21,3;59;50;52;115;6,5;1,8;
2012-08-24;18:00;0;999,2;1000,3;999,2;2129,6;32,6;22;33,5;32;24,3;21,4;62;51;54;115;5,4;1,9;
2012-08-24;19:00;0;998,4;999,2;998,4;410;26,9;22,4;32,6;26,7;24,3;22;79;54;77;29;7,9;1,4;
2012-08-24;20:00;0;998,2;998,4;998,1;611,3;27,4;22,2;27,6;26,9;23,4;21,8;79;73;73;59;5,7;2,1;
2012-08-24;21:00;0;997,2;998,3;997,2;381,9;26,7;22,8;27,4;26,4;23;22;80;73;79;315;5,7;,6;
2012-08-24;22:00;0;998,1;998,2;997,2;285;26,4;23,5;26,8;26,2;23,7;22,8;85;79;84;339;2,3;,7;
2012-08-24;23:00;0;998,5;998,5;998;25,7;25,4;23,7;26,4;25,4;23,8;23,5;90;84;90;335;1,9;,5;
2012-08-25;00:00;0;999,5;999,5;998,5;-9999;24,8;23,6;25,4;24,8;23,8;23,6;93;90;93;353;1,4;,5;
2012-08-25;01:00;0;1001,2;1001,2;999,5;-9999;25,2;22,6;25,2;24,8;23,9;22,5;94;85;85;166;8,6;1,8;
2012-08-25;02:00;0;1001,9;1001,9;1001,1;-9999;24,9;23,3;25,4;24,9;23,4;22,5;91;85;91;3;4,5;,6;
2012-08-25;03:00;0;1002,1;1002,1;1001,9;-9999;24,5;23,2;24,9;24,5;23,3;22,6;93;88;93;8;1,8;,6;
2012-08-25;04:00;0;1002,2;1002,3;1002;-9999;24,4;23,4;24,5;24,3;23,4;23,2;94;93;94;314;1,5;,5;
2012-08-25;05:00;0;1001,4;1002,2;1001,4;-9999;24;23;24,5;24;23,4;23;94;93;94;48;1,5;,8;
2012-08-25;06:00;0;1000,9;1001,4;1000,9;-9999;23,6;22,8;24;23,6;23,1;22,8;95;94;95;118;1,4;,3;
2012-08-25;07:00;0;1000,5;1000,9;1000,5;-9999;23,5;22,7;23,6;23,5;22,8;22,6;95;95;95;42;1,5;,4;
2012-08-25;08:00;0;1000,4;1000,6;1000,3;-9999;23,5;22,7;23,7;23,4;22,9;22,6;95;95;95;3;1,3;,6;
2012-08-25;09:00;0;1000,5;1000,5;1000,3;-9999;23,4;22,5;23,6;23,4;22,8;22,5;95;95;95;25;2,1;,5;
2012-08-25;10:00;0;1001;1001;1000,5;-9999;23;22,3;23,3;23;22,5;22,2;96;95;96;76;1,6;,4;
2012-08-25;11:00;0;1002,3;1002,3;1001;27,2;23,2;22,5;23,2;23;22,5;22,2;96;95;96;31;1,2;,8;
2012-08-25;12:00;0;1003,2;1003,2;1002,3;286,3;24,2;22,9;24,2;23,2;23,1;22,5;96;93;93;12;1,4;,6;
2012-08-25;13:00;0;1003,7;1003,7;1003,2;905,2;25,9;23;25,9;24,2;23,6;22,3;93;82;84;76;3,3;1,4;
2012-08-25;14:00;0;1003,9;1003,9;1003,5;1636;27,6;22,7;27,8;25,8;24,2;22,4;85;73;75;80;3,7;1,6;
2012-08-25;15:00;0;1003,4;1003,9;1003,4;2262,9;29,1;23,4;29,5;27,5;23,8;21,9;77;66;72;86;6,2;1,2;
2012-08-25;16:00;0;1002,6;1003,4;1002,6;2852,6;30,3;22,1;30,8;29;24;21,9;73;61;62;70;5,6;1,9;
2012-08-25;17:00;0;1001;1002,6;1001;2792;31,2;23,7;31,9;30,3;24,1;22,2;67;58;65;161;4,3;1,5;
2012-08-25;18:00;0;999,3;1001;999,3;2518,6;33,1;22,8;33,1;31,1;24,6;22,6;67;55;55;100;4;1,4;
2012-08-25;19:00;0;998,6;999,5;998,6;1299,6;25,9;21,2;33,1;25,9;24;21,2;79;54;75;55;11,6;2,8;
2012-08-25;20:00;0;997,8;998,6;997,8;268,8;25,3;21,6;25,9;24,9;21,6;20,5;80;74;80;294;5,9;,6;
2012-08-25;21:00;0;997,4;997,9;997,3;517,9;26,4;21,3;26,4;25,1;22;20,4;80;71;73;93;1,5;,4;
2012-08-25;22:00;0;998,4;998,4;997,4;470,7;26,4;22,1;27,4;26,4;22,8;21,1;78;68;77;305;1,9;,4;
2012-08-25;23:00;0;999,7;999,7;998,4;11,7;25,7;23,5;26,4;25,7;23,5;21,8;88;76;87;223;2,8;1,3;
2012-08-26;00:00;0;1001,4;1001,4;999,7;-9999;25,5;22,8;25,7;25;23,5;22,5;89;84;85;209;2,7;1,1;
2012-08-26;01:00;0;1002;1002,1;1001,4;-9999;24,9;23,4;25,5;24,9;23,5;22,9;91;85;91;224;2,2;1,1;
2012-08-26;02:00;0;1002,3;1002,4;1001,7;-9999;24,3;22,8;24,9;24,2;23,4;22,7;92;89;91;186;3,3;1,2;
2012-08-26;03:00;0;1003,2;1003,2;1002,3;-9999;23,7;22,4;24,3;23,6;22,5;22,2;93;89;93;29;2,4;1,3;
2012-08-26;04:00;0;1002,8;1003,2;1002,7;-9999;23,5;22,6;23,8;23,5;22,6;22,3;94;92;94;69;2,4;,8;
2012-08-26;05:00;0;1002;1002,8;1002;-9999;23,5;22,6;23,7;23,5;22,7;22,5;94;94;94;268;1,5;,6;
2012-08-26;06:00;0;1001,6;1002,1;1001,5;-9999;23,5;22,6;23,6;23,5;22,7;22,5;95;94;94;197;1;,3;
2012-08-26;07:00;0;1001,3;1001,6;1001,3;-9999;23,2;22,3;23,6;23,2;22,7;22,3;95;94;95;162;,7;,2;
2012-08-26;08:00;0;1001,5;1001,5;1001,2;-9999;23,2;22,4;23,3;23,2;22,6;22,3;95;95;95;43;1,1;,4;
2012-08-26;09:00;0;1002;1002;1001,4;-9999;23,2;22,4;23,3;23,1;22,6;22,3;96;95;95;162;1,3;,9;
2012-08-26;10:00;0;1002,6;1002,7;1002;-9999;23;22,2;23,4;23;22,6;22,2;96;95;95;16;1,3;,5;
2012-08-26;11:00;0;1003,6;1003,6;1002,6;41,7;23,2;22,4;23,2;22,7;22,4;21,9;96;95;95;333;3,1;,7;
2012-08-26;12:00;0;1004,4;1004,4;1003,6;207,1;23,6;22,6;23,6;23,1;22,6;22,3;95;94;94;298;1,9;,5;
2012-08-26;13:00;0;1005,2;1005,2;1004,4;617,9;24,5;22,5;24,6;23,6;22,9;22,3;94;88;88;320;2,3;,9;
2012-08-26;14:00;0;1005,4;1005,5;1005,2;1463;26,4;22;26,6;24,4;23,1;21,7;89;76;77;69;2,8;1,3;
2012-08-26;15:00;0;1005,2;1005,4;1005,2;1183,9;27,3;22,7;27,3;26,4;23,2;21,6;80;72;76;96;2,7;,5;
2012-08-26;16:00;0;1004,2;1005,2;1004,2;1399,8;27,9;22,7;28,2;27,1;23,2;21,9;78;70;74;356;2,3;,9;
2012-08-26;17:00;0;1003,6;1004,2;1003,6;2143,8;29,2;22,4;29,5;27,6;23,6;22,1;77;66;67;19;3,5;1,3;
2012-08-26;18:00;0;1002,4;1003,6;1002,4;3025,3;29,9;23,6;30,9;29,2;24,2;22,2;69;62;69;218;4,1;2,2;
2012-08-26;19:00;0;1001,6;1002,4;1001,6;1870,9;30,3;23,4;30,6;29,7;24,4;23;72;66;66;315;4,1;1,4;
2012-08-26;20:00;0;1000,5;1001,6;1000,5;1844,9;30,7;23,2;31;30,2;24;22,9;69;62;64;307;3;,9;
2012-08-26;21:00;0;1000,3;1000,5;1000,2;1265,8;31,2;23;31,7;30,7;23,9;22,5;67;60;62;132;2,4;,6;
2012-08-26;22:00;0;1000,6;1000,6;1000,3;505,9;29,8;24,4;31,2;29,8;24,7;22,6;74;61;73;319;1,5;,5;
2012-08-26;23:00;0;1001,5;1001,5;1000,6;22;27;24,1;29,8;27;24,6;23,7;84;72;84;292;1,4;,2;
2012-08-27;00:00;0;1002,6;1002,6;1001,5;-9999;26,1;24,4;27;26,1;24,8;23,9;91;84;90;349;,7;,2;
2012-08-27;01:00;0;1003,7;1003,7;1002,6;-9999;25,4;24,1;26,1;25,4;24,6;24,1;93;90;92;28;,6;,2;
2012-08-27;02:00;0;1004,3;1004,3;1003,7;-9999;24,9;23,8;25,4;24,9;24,3;23,7;94;92;94;344;1;,5;
2012-08-27;03:00;0;1005;1005;1004,3;-9999;24,6;23,5;24,9;24,6;23,9;23,5;94;93;94;162;1,3;,2;
2012-08-27;04:00;0;1004,8;1005,1;1004,8;-9999;24,4;23,1;24,7;24,4;23,8;23,1;95;92;93;221;1,9;,5;
2012-08-27;05:00;0;1004,2;1004,8;1004,2;-9999;24,6;22,8;24,7;24,3;23,6;22,7;94;89;90;223;4,1;1,6;
2012-08-27;06:00;0;1003,7;1004,2;1003,7;-9999;24,1;22,7;24,6;24,1;22,9;22,7;92;90;92;191;4,1;1;
2012-08-27;07:00;0;1003,5;1003,7;1003,3;-9999;23,7;22,3;24,1;23,7;22,8;22,2;93;91;92;215;4,4;1,4;
2012-08-27;08:00;0;1003,6;1003,6;1003,3;-9999;23,2;21,9;23,7;23,2;22,4;21,8;93;92;92;226;4,9;1,9;
2012-08-27;09:00;0;1004,2;1004,2;1003,6;-9999;22,8;21,7;23,2;22,8;21,9;21,6;93;92;93;248;4,1;,6;
2012-08-27;10:00;0;1004,8;1004,8;1004,2;-9999;22,6;21,5;22,8;22,6;21,7;21,5;94;93;94;250;2,3;,7;
2012-08-27;11:00;0;1005,7;1005,7;1004,8;34,9;22,6;21,5;22,6;22,4;21,5;21,4;94;93;94;280;3;,6;
2012-08-27;12:00;0;1006,3;1006,3;1005,7;424,1;23,6;21,8;23,6;22,6;21,9;21,4;94;89;90;240;2,5;1;
2012-08-27;13:00;0;1007,2;1007,2;1006,3;1044,5;25;22,1;25;23,6;22,6;21,5;90;84;84;266;4,4;1,3;
2012-08-27;14:00;0;1007;1007,2;1007;1917,9;26,7;22,2;26,7;24,9;22,7;21,8;85;76;76;242;4,5;2,2;
2012-08-27;15:00;0;1006,6;1007;1006,6;2683,9;27,9;21,9;28,3;26,6;22,9;21,7;78;69;70;204;5,4;2,4;
2012-08-27;16:00;0;1006,2;1006,6;1006,2;2701,8;28,7;22,4;29,4;27,8;22,9;21,9;72;65;69;208;5,4;2;
2012-08-27;17:00;0;1005,1;1006,2;1005,1;2271,2;30,1;22,7;30,2;28,4;23,4;22,1;72;65;65;226;4,4;1,6;
2012-08-27;18:00;0;1003,3;1005,1;1003,3;2633;30,3;22,3;30,6;29,5;23,5;22;68;60;62;219;4,7;1,6;
2012-08-27;19:00;0;1001,9;1003,3;1001,8;1722,1;30,5;22,8;30,5;28,7;23,6;22;72;61;63;238;5;2,2;
2012-08-27;20:00;0;1001,1;1001,9;1001,1;1695,6;29,4;23,3;30,5;29,3;23,5;22,7;71;63;70;212;6,2;2;
2012-08-27;21:00;0;1001,4;1001,4;1001;1099,7;29,6;22,7;30,3;29,1;23,7;22,5;72;65;67;222;4,2;1,4;
2012-08-27;22:00;0;1002,3;1002,3;1001,4;453,1;28,7;23,2;29,6;28,7;23,6;22,6;74;66;72;239;3,5;1,1;
2012-08-27;23:00;0;1002,9;1003;1002,2;41;26,6;23,7;28,7;26,6;23,9;22,9;85;72;84;180;4;,5;
2012-08-28;00:00;0;1004,3;1004,3;1002,9;-9999;26;23,8;26,6;26;24,2;23,6;88;84;88;62;1,6;,6;
2012-08-28;01:00;0;1005,2;1005,2;1004,3;-9999;25,4;22,9;26;25,4;24,3;22,7;92;85;86;211;4,5;1,6;
2012-08-28;02:00;0;1006,1;1006,1;1005,2;-9999;24,7;23;25,4;24,6;23;22,3;90;85;90;173;3;,8;
2012-08-28;03:00;,4;1006,6;1006,7;1006,1;-9999;24,2;22,9;24,7;24,1;23,1;22,4;93;89;93;162;1,8;,3;
2012-08-28;04:00;0;1005,9;1006,6;1005,9;-9999;23,8;22,6;24,2;23,8;23,1;22,5;94;91;93;325;1,7;,4;
2012-08-28;05:00;0;1005,2;1005,9;1005,2;-9999;23,5;22,5;23,8;23,5;22,7;22,5;94;93;94;324;1;,6;
2012-08-28;06:00;0;1004,7;1005,3;1004,7;-9999;23,3;22,3;23,5;23,3;22,5;22,2;95;94;94;300;1,5;,4;
2012-08-28;07:00;0;1004,6;1004,7;1004,5;-9999;23,1;22,2;23,3;22,9;22,3;22;95;94;95;40;1,2;,5;
2012-08-28;08:00;0;1004,6;1004,6;1004,4;-9999;22,9;22;23,1;22,9;22,3;22;95;95;95;59;1,8;,9;
2012-08-28;09:00;0;1004,5;1004,6;1004,4;-9999;22,9;22,1;23,2;22,9;22,3;22,1;96;95;95;1;3,1;1,1;
2012-08-28;10:00;0;1004,8;1004,8;1004,5;-9999;22,8;22;22,9;22,8;22,1;22;95;95;95;269;2,5;,5;
2012-08-28;11:00;,2;1005,2;1005,2;1004,8;33,1;22,8;22,1;22,8;22,7;22,1;21,9;96;95;96;302;2,4;,7;
2012-08-28;12:00;0;1006,3;1006,3;1005,2;209,2;23,3;22,4;23,3;22,8;22,4;22;96;94;95;326;1,8;,9;
2012-08-28;13:00;0;1007,3;1007,3;1006,3;533,8;24,1;21,9;24,3;23,3;22,7;21,9;95;87;88;22;2,4;,8;
2012-08-28;14:00;0;1007,4;1007,4;1007,2;1271,4;25,2;22,1;25,3;24,1;22,8;21,7;89;83;83;357;4,4;1,4;
2012-08-28;15:00;0;1006,9;1007,5;1006,9;2019,4;27;22,2;27;25;23,2;22;85;75;75;14;5,3;2,3;
2012-08-28;16:00;0;1006,3;1006,9;1006,3;1740,4;27,9;22,5;28;26,8;23;22;78;71;72;356;5,3;1,4;
2012-08-28;17:00;0;1005,2;1006,3;1005,2;1569,4;28,5;22,1;28,7;27,8;23;21,7;73;68;68;327;3,8;1,5;
2012-08-28;18:00;4,4;1003,8;1005,2;1003,7;1312,5;26,1;23,7;29,2;26,1;24,1;21,9;88;67;87;296;4,3;1,5;
2012-08-28;19:00;4,6;1002,7;1003,8;1002,7;803,4;23,2;21,7;26,8;23,2;25,4;21,2;93;83;91;258;7,6;1,7;
2012-08-28;20:00;,4;1002,7;1003,2;1002,4;175,3;24,2;23,1;24,2;23,1;23,2;21,7;94;91;94;65;-9999;,4;
2012-08-28;21:00;0;1003;1003;1002,3;196,6;24,3;22,9;24,5;24,1;23,6;22,7;95;91;92;219;3,1;1,3;
2012-08-28;22:00;0;1003,8;1003,8;1002,9;115,3;23,7;22,3;24,3;23,7;23,1;22,2;93;90;92;210;4,8;2,7;
2012-08-28;23:00;0;1004,5;1004,5;1003,8;10,3;23,5;22,4;23,8;23,5;22,5;22,3;94;92;93;203;4,8;2,6;
2012-08-29;00:00;0;1005,2;1005,2;1004,4;-9999;23,3;22,3;23,5;23,3;22,5;22,2;94;93;94;216;3,9;1,1;
2012-08-29;01:00;0;1006,1;1006,2;1005,2;-9999;23,2;22,3;23,3;23,2;22,4;22,2;95;93;94;215;2,4;1,4;
2012-08-29;02:00;0;1006,6;1006,6;1006,1;-9999;23;22,2;23,2;22,9;22,3;22,1;95;94;95;326;2;1,1;
2012-08-29;03:00;0;1006,6;1007;1006,6;-9999;22,7;22;23;22,7;22,3;21,9;96;95;96;338;1,7;,8;
2012-08-29;04:00;0;1005,4;1006,6;1005,4;-9999;22,4;21,6;22,7;22,4;22;21,6;96;96;96;90;2,3;,3;
2012-08-29;05:00;0;1005,4;1005,5;1005,3;-9999;22,3;21,7;22,4;22,3;21,7;21,6;96;96;96;47;2,2;,9;
2012-08-29;06:00;0;1004,9;1005,4;1004,8;-9999;22,7;22,1;22,7;22,3;22,2;21,7;97;96;97;178;3,6;2,1;
2012-08-29;07:00;0;1004,7;1004,9;1004,7;-9999;22,5;21,7;22,7;22,5;22,2;21,7;97;95;95;85;4,7;,5;
2012-08-29;08:00;,2;1004,7;1004,7;1004,6;-9999;22,5;21,6;22,6;22,5;21,8;21,5;95;94;95;199;2,3;,9;
2012-08-29;09:00;0;1004,7;1004,7;1004,5;-9999;22,5;21,7;22,6;22,4;21,8;21,5;96;94;96;210;1,9;1;
2012-08-29;10:00;0;1005,2;1005,2;1004,7;-9999;22,3;21,4;22,5;22,3;21,8;21,4;96;95;95;224;2,7;1,1;
2012-08-29;11:00;0;1005,7;1005,7;1005,2;22,9;22,3;21,5;22,4;22,2;21,5;21,2;95;94;95;220;3,5;1;
2012-08-29;12:00;0;1006,5;1006,5;1005,7;143,8;22,7;21,6;22,7;22,3;21,7;21,5;95;93;94;218;1,9;,6;
2012-08-29;13:00;0;1007,2;1007,2;1006,5;368,8;23,2;21,7;23,2;22,7;21,9;21,4;94;91;91;205;2,4;,7;
2012-08-29;14:00;0;1007,2;1007,2;1006,9;606,4;23,9;22,1;23,9;23,2;22,2;21,5;92;88;90;193;3,5;1,4;
2012-08-29;15:00;-9999;-9999;-9999;-9999;-9999;-9999;-9999;-9999;-9999;-9999;-9999;-9999;-9999;-9999;-9999;-9999;-9999;
2012-08-29;16:00;-9999;-9999;-9999;-9999;-9999;-9999;-9999;-9999;-9999;-9999;-9999;-9999;-9999;-9999;-9999;-9999;-9999;
2012-08-29;17:00;-9999;-9999;-9999;-9999;-9999;-9999;-9999;-9999;-9999;-9999;-9999;-9999;-9999;-9999;-9999;-9999;-9999;
2012-08-29;18:00;0;1003,8;1005,1;1003,8;1678,5;27,9;21,6;28,5;27;22,5;20,8;75;66;69;243;2,9;,9;
2012-08-29;19:00;0;1002,2;1003,8;1002,2;2576,2;29,1;21,6;29,5;27,7;22,8;21,2;73;62;64;197;3,7;1,3;
2012-08-29;20:00;0;1001,6;1002,2;1001,5;2141,7;29,6;22,1;29,9;29,1;22,9;21,1;67;61;64;245;3,2;1,2;
2012-08-29;21:00;0;1001,2;1001,6;1001,2;1329;30;21,4;30,5;29,5;22,7;21,3;65;59;60;270;3,1;,6;
2012-08-29;22:00;0;1001,2;1001,2;1000,8;459,3;28,8;23;30,2;28,8;23,1;21,2;71;59;71;279;1,4;,4;
2012-08-29;23:00;0;1002,4;1002,4;1001,2;23,6;25,9;23,9;28,8;25,9;24,4;22,4;88;71;88;58;1,2;,8;
2012-08-30;00:00;0;1003,2;1003,2;1002,4;-9999;25,4;23,9;25,9;25,2;24;23,4;92;88;91;242;2,8;,7;
2012-08-30;01:00;0;1003,8;1003,8;1003,2;-9999;24,6;23,4;25,4;24,6;24;23,4;93;91;93;258;1,9;,3;
2012-08-30;02:00;0;1004,4;1004,6;1003,8;-9999;24,4;23,1;24,6;24,2;23,5;23,1;94;92;93;236;1,5;,8;
2012-08-30;03:00;,2;1004,9;1005;1004,4;-9999;21,9;20,7;24,4;21,9;23,1;19,6;93;80;93;140;8,5;,5;
2012-08-30;04:00;0;1004,7;1004,9;1004,7;-9999;21,5;20,6;21,9;21,5;20,8;20,5;95;93;95;77;3;1;
2012-08-30;05:00;0;1004,5;1004,7;1004,5;-9999;22;21;22;21,5;21,1;20,5;95;93;94;188;3,1;1,1;
2012-08-30;06:00;0;1003,5;1004,5;1003,5;-9999;21,9;21;22;21,8;21;20,9;95;94;95;219;1,8;,2;
2012-08-30;07:00;0;1002,9;1003,5;1002,7;-9999;22,1;21,1;22,2;21,6;21,4;20,6;96;94;94;33;3,5;1,1;
2012-08-30;08:00;0;1002,8;1002,9;1002,6;-9999;21,5;20,7;22,1;21,5;21,3;20,7;95;94;95;60;3,5;,7;
2012-08-30;09:00;0;1003,4;1003,6;1002,8;-9999;21,9;20,6;22,1;21,5;21,3;20,6;96;93;93;187;3,5;1,2;
2012-08-30;10:00;0;1004;1004;1003,4;-9999;21,3;20,4;21,9;21,3;20,8;20,4;94;92;94;81;2,4;,5;
2012-08-30;11:00;0;1004,5;1004,5;1004;41,2;21,4;20,7;21,4;21,1;20,7;20,2;96;94;96;339;1,2;,4;
2012-08-30;12:00;0;1005,3;1005,3;1004,5;548,9;22,8;20,6;22,9;21,4;21,6;20,6;96;87;87;212;2,5;1,5;
2012-08-30;13:00;0;1006,1;1006,1;1005,3;1400,8;24,7;21,2;24,7;22,8;21,5;20,3;88;80;81;175;2,6;1,2;
2012-08-30;14:00;0;1005,9;1006,2;1005,9;2124,4;27;21,1;27;24,6;22;20,7;81;70;70;191;3,3;1,8;
2012-08-30;15:00;0;1005,4;1005,9;1005,3;2708,4;29,2;22,3;29,2;26,9;22,6;20,4;75;64;66;133;3,9;1;
2012-08-30;16:00;0;1004,9;1005,4;1004,9;3161,1;29,9;22;30,5;29;22,9;21,3;68;59;63;179;4,9;1,8;
2012-08-30;17:00;0;1004;1004,9;1004;2565,6;30,2;21,7;31,2;29,3;23,1;21;68;55;60;186;4,5;2;
2012-08-30;18:00;0;1002,5;1004;1002,5;2869,8;31,8;21,6;31,8;29,6;23,2;20,6;66;52;55;176;4,6;1,1;
2012-08-30;19:00;0;1001,3;1002,5;1001,2;2777,3;32,3;21,4;32,3;31,5;23,2;20,5;60;50;53;148;4,2;1;
2012-08-30;20:00;0;1000,2;1001,3;1000,2;2144,4;32,3;21,4;32,8;31,9;22,5;20,4;57;50;53;196;4,4;1,6;
2012-08-30;21:00;0;1000,2;1000,3;1000,1;1163,8;31,3;21,6;32,3;31,1;23,1;21,1;61;52;57;230;5,6;1,8;
2012-08-30;22:00;0;1000,8;1000,8;1000,2;405,2;29,6;22,7;31,3;29,6;23;21,3;67;56;67;244;3,8;,8;
2012-08-30;23:00;0;1001,2;1001,2;1000,8;34;27,1;23,6;29,6;27,1;24;22,5;82;66;81;66;2;,6;
2012-08-31;00:00;0;1001,8;1001,8;1001,2;-9999;26,1;23,7;27,1;26,1;24,1;23,3;87;81;87;321;1,1;,5;
2012-08-31;01:00;0;1002,8;1002,8;1001,8;-9999;25,8;23,6;26,1;25,7;24;23,5;89;86;88;19;3;,8;
2012-08-31;02:00;0;1003,5;1003,5;1002,8;-9999;25,5;23,9;25,8;25,4;24;23,5;91;88;91;354;1,6;,4;
2012-08-31;03:00;,2;1004,6;1004,6;1003,4;-9999;24;21,8;25,6;24;24,1;21,8;93;86;87;164;7,9;3,5;
2012-08-31;04:00;,2;1004,2;1004,6;1004,2;-9999;23,3;21,5;24;23,3;22,1;21,2;92;86;90;161;7,9;1,1;
2012-08-31;05:00;,4;1003,5;1004,2;1003,5;-9999;23,1;22,1;23,4;23;22,2;21,6;94;90;94;42;2,7;,6;
2012-08-31;06:00;,4;1003,1;1003,5;1003,1;-9999;23;22,2;23,2;22,9;22,3;22;95;94;95;330;1,7;,8;
2012-08-31;07:00;0;1002,6;1003,1;1002,5;-9999;22,9;22;23;22,8;22,2;21,9;95;95;95;322;2,2;,7;
2012-08-31;08:00;10,2;1003,1;1003,4;1002,2;-9999;22,6;21,9;23;22,6;22,3;21,8;96;95;96;133;6,1;1;
2012-08-31;09:00;0;1003,4;1003,4;1003,1;-9999;22,7;22;22,7;22,6;22,1;21,9;96;96;96;210;2;,9;
2012-08-31;10:00;0;1003,9;1004;1003,4;-9999;22,8;21,9;22,9;22,7;22,2;21,9;96;95;95;200;3;,9;
2012-08-31;11:00;0;1004,5;1004,5;1003,8;49,3;22,9;22,2;22,9;22,7;22,2;21,9;96;95;96;242;2,3;,4;
2012-08-31;12:00;0;1005,2;1005,2;1004,5;342,7;23,5;22,3;23,5;22,9;22,4;21,9;96;93;93;286;2,7;,6;
2012-08-31;13:00;0;1005,5;1005,5;1005,1;1364,5;25,2;22,9;25,2;23,5;23;22;94;85;87;207;2,8;1,5;
2012-08-31;14:00;0;1005,9;1005,9;1005,5;1528,3;26,3;22,7;26,3;25,1;23,2;22,1;87;80;81;220;3,2;1,3;
2012-08-31;15:00;0;1005,8;1006;1005,7;1920,7;27,5;22,2;27,8;26;23,2;21,7;81;72;73;236;2,9;,8;
2012-08-31;16:00;0;1005,1;1005,8;1005,1;2390,6;29;21,8;29,1;27,3;23,3;21,5;74;64;65;285;3;1,1;
2012-08-31;17:00;0;1004;1005,1;1004;2846,4;30,7;22,6;30,7;29;23;21,3;70;59;62;223;3,3;1,3;
2012-08-31;18:00;0;1002,5;1004;1002,5;2073;31,1;21,6;31,1;29,4;22,7;21,4;66;57;57;280;3,3;1,4;
2012-08-31;19:00;0;1001,6;1002,5;1001,6;1627,1;29,4;22,5;31,3;29,4;23,6;20,9;70;54;66;325;3,4;,7;
2012-08-31;20:00;,4;1001,4;1001,8;1001,2;774,5;25,1;22,2;29,4;25,1;23,8;21,9;85;64;84;197;8,2;3,9;
2012-08-31;21:00;0;1001,1;1001,4;1000,8;439,7;25,1;22;25,2;24,9;22,5;21,6;86;81;83;231;7,3;1,2;
2012-08-31;22:00;0;1001,4;1001,4;1001,1;233,1;24,7;22,3;25,3;24,7;22,5;21,7;87;81;86;238;4,1;,7;
2012-08-31;23:00;0;1002,4;1002,4;1001,4;26,7;23,8;22,4;24,7;23,8;22,5;22,2;92;86;92;268;2,1;,4;
2012-09-01;00:00;0;1002,8;1002,8;1002,3;-9999;23,6;22,3;23,9;23,5;22,6;22,2;94;91;93;177;1,5;,7;
2012-09-01;01:00;0;1003,2;1003,2;1002,7;-9999;23,5;22,4;23,8;23,3;22,7;22,2;94;92;94;191;1,8;,4;
2012-09-01;02:00;0;1004,9;1004,9;1003,2;-9999;23,2;22,3;23,5;23,2;22,5;22,2;95;93;94;114;1,2;,6;
2012-09-01;03:00;,2;1005,5;1005,5;1004,9;-9999;23,3;22,4;23,3;23,2;22,5;22,2;95;94;95;27;2,6;,7;
2012-09-01;04:00;,6;1005,7;1005,8;1005,5;-9999;23,2;22,4;23,4;23,2;22,5;22,3;95;95;95;57;4,2;1,3;
2012-09-01;05:00;6,6;1005,4;1006,2;1005,2;-9999;23,1;22,4;23,4;23;22,6;22,3;96;95;96;124;4,1;,9;
2012-09-01;06:00;3,6;1004,6;1005,5;1004,6;-9999;23,1;22,4;23,2;23,1;22,5;22,3;96;96;96;140;2,1;,8;
2012-09-01;07:00;1,6;1003,9;1004,6;1003,9;-9999;23;22,3;23,1;22,9;22,4;22,2;96;96;96;43;1,7;,2;
2012-09-01;08:00;0;1004,3;1004,3;1003,9;-9999;23,2;22,5;23,2;22,8;22,6;22,1;96;96;96;221;2,8;1,3;
2012-09-01;09:00;0;1004,1;1004,3;1004,1;-9999;22,8;22;23,2;22,8;22,4;22;96;95;95;210;3,4;,6;
2012-09-01;10:00;0;1004,3;1004,4;1004,1;-9999;22,3;21,7;22,8;22,2;22,1;21,5;96;95;96;8;1,1;,3;
2012-09-01;11:00;0;1004,9;1004,9;1004,3;35,5;22,3;21,6;22,4;22,1;21,8;21,4;96;96;96;28;1,4;,9;
2012-09-01;12:00;,2;1005,7;1005,7;1004,8;460,5;23,6;22,4;23,7;22,3;22,8;21,6;96;93;93;29;1,5;,6;
2012-09-01;13:00;0;1006,3;1006,3;1005,7;1137,2;24,9;22,2;24,9;23,4;22,4;21,3;93;84;85;301;1,8;,7;
2012-09-01;14:00;0;1006,6;1006,6;1006,3;1591,4;26,1;22,2;26,1;24,6;22,6;21,3;85;78;79;8;2,3;1,1;
2012-09-01;15:00;0;1006,4;1006,6;1006,3;1687,1;26,9;22,1;26,9;25,9;22,8;21,5;81;74;75;351;3,1;1,6;
2012-09-01;16:00;0;1005,7;1006,4;1005,7;1846,6;27,5;22,1;28;26,7;23,4;21,7;77;71;72;338;3,1;1,2;
2012-09-01;17:00;0;1004,3;1005,7;1004,3;955,3;27,7;23,1;28;27,4;23,4;22;77;70;76;339;2,4;,8;
2012-09-01;18:00;0;1003,4;1004,4;1003,4;1066,8;28,2;23,1;28,2;27,7;23,3;22,3;76;72;74;154;1,8;,3;
2012-09-01;19:00;0;1002,2;1003,4;1002,2;1982,8;29,1;23,1;29,3;27,7;24,2;22,9;80;69;70;186;3,3;1,7;
2012-09-01;20:00;0;1001,5;1002,3;1001,5;1997,4;29,7;22,2;30,3;28,7;24,2;22,2;75;63;64;89;3,7;,8;
2012-09-01;21:00;0;1000,9;1001,5;1000,9;917,8;29,6;22,1;29,8;28,9;23,7;21,3;71;63;64;196;2,3;,8;
2012-09-01;22:00;0;1001,4;1001,4;1000,9;469,3;28,6;23,6;29,8;28,6;24;21,7;76;63;74;118;1,6;,5;
2012-09-01;23:00;0;1001,5;1001,7;1001,4;23,9;26,4;24,5;28,6;26,4;24,7;23,7;89;74;89;175;1;,5;
2012-09-02;00:00;0;1002,5;1002,5;1001,4;-9999;25;23,1;26,4;25;24,5;23,1;93;89;89;10;2,1;1,1;
2012-09-02;01:00;0;1003,2;1003,2;1002,5;-9999;24,6;23,3;25,1;24,6;23,6;23,2;93;89;92;356;1,9;,6;
2012-09-02;02:00;0;1004,2;1004,2;1003,2;-9999;24,3;23,2;24,6;24,2;23,4;23;94;92;94;43;1,6;,8;
2012-09-02;03:00;0;1004,8;1004,9;1004,1;-9999;23,9;22,9;24,4;23,9;23,3;22,8;94;93;94;8;1,4;,7;
2012-09-02;04:00;0;1004,9;1005;1004,8;-9999;23,6;22,5;23,9;23,6;22,9;22,5;94;93;94;329;2,1;,6;
2012-09-02;05:00;0;1004,4;1004,9;1004,4;-9999;23,3;22,4;23,6;23,3;22,5;22,4;95;93;95;326;1,8;,5;
2012-09-02;06:00;0;1004;1004,4;1004;-9999;23,1;22,2;23,3;23;22,4;22,1;95;94;95;341;2;,5;
2012-09-02;07:00;0;1003,2;1004;1003,2;-9999;22,8;22,1;23,1;22,8;22,3;22,1;96;95;96;348;1,6;,7;
2012-09-02;08:00;0;1003,1;1003,2;1003,1;-9999;22,4;21,7;22,9;22,4;22,2;21,7;96;96;96;342;1,5;,4;
2012-09-02;09:00;0;1003,8;1003,8;1003,1;-9999;22,1;21,5;22,5;22,1;21,8;21,4;96;96;96;107;,9;,4;
2012-09-02;10:00;0;1004,1;1004,1;1003,8;-9999;21,8;21,1;22,2;21,7;21,6;21,1;96;96;96;35;1,1;,8;
2012-09-02;11:00;0;1004,5;1004,5;1004,1;38,4;22,1;21,4;22,1;21,6;21,4;20,9;96;96;96;339;1,1;,4;
2012-09-02;12:00;0;1005,8;1005,8;1004,5;324,4;22,9;22;23;22,1;22,3;21,4;96;94;94;204;2,6;1,1;
2012-09-02;13:00;0;1006,7;1006,7;1005,8;1284,1;24,7;22;24,7;22,9;22,7;21,5;95;84;85;325;2,4;1;
2012-09-02;14:00;0;1006,9;1006,9;1006,7;1997,9;26,3;22,5;26,8;24,7;23,2;21,8;85;76;80;327;2,5;,7;
2012-09-02;15:00;0;1006,5;1006,9;1006,5;2882,8;28,7;23,2;28,8;26,3;23,2;21,6;81;69;72;259;2,2;1;
2012-09-02;16:00;0;1006;1006,6;1006;2257,9;29,9;21,4;29,9;28,6;23,4;21,4;72;60;60;179;3,1;,8;
2012-09-02;17:00;0;1004,5;1006;1004,5;2953;31;21,4;31,4;29,6;23,8;21;70;56;57;175;3,2;1,8;
2012-09-02;18:00;0;1003,1;1004,5;1003,1;2477;31,2;22,3;32,2;30,8;23,7;20,5;64;52;59;117;3,8;1,1;
2012-09-02;19:00;0;1001,8;1003,1;1001,8;2331,8;31,4;22,6;31,8;29,7;23,1;21,2;67;55;60;277;3,9;1,1;
2012-09-02;20:00;0;1001,5;1001,8;1001,3;769;27,7;22,8;31,4;27,7;24,3;21,9;77;58;75;33;7,9;2,5;
2012-09-02;21:00;0;1001,4;1001,5;1001,1;470,9;27,2;23,6;27,7;26,6;23,6;22,8;83;75;81;260;7,9;1;
2012-09-02;22:00;0;1001,1;1001,4;1000,9;337,2;26,2;23,8;27,5;26;23,8;22,4;87;75;87;7;2,6;,9;
2012-09-02;23:00;0;1001,2;1001,2;1000,8;53,4;25,1;23,3;26,2;25,1;23,8;23,3;90;85;90;7;1,8;1;
2012-09-03;00:00;0;1002;1002;1001,2;-9999;24,3;22,9;25,1;24,2;23,3;22,6;92;88;92;2;2,3;1;
2012-09-03;01:00;0;1003,3;1003,3;1002;-9999;23,8;22,6;24,3;23,8;22,9;22,5;93;92;93;346;2,9;,6;
2012-09-03;02:00;0;1004,4;1004,4;1003,3;-9999;23,4;22,4;23,8;23,4;22,6;22,3;94;93;94;290;1,8;,3;
2012-09-03;03:00;0;1004,9;1005,1;1004,4;-9999;23,1;22,2;23,5;23,1;22,5;22,1;95;94;95;134;,8;,6;
2012-09-03;04:00;0;1004,9;1005;1004,9;-9999;22,9;22;23,1;22,8;22,2;22;95;95;95;138;,8;,4;
2012-09-03;05:00;0;1004,5;1005;1004,5;-9999;22,7;21,9;22,9;22,6;22;21,8;95;95;95;60;,9;,6;
2012-09-03;06:00;0;1004,1;1004,5;1004,1;-9999;22,3;21,5;22,7;22,3;21,9;21,5;95;95;95;89;1;,3;
2012-09-03;07:00;0;1003,9;1004,1;1003,8;-9999;22;21,3;22,4;22;21,6;21,3;96;95;95;41;,8;,3;
2012-09-03;08:00;0;1003,8;1004;1003,7;-9999;22,1;21,2;22,5;22;21,8;21,2;96;95;95;26;2,8;,5;
2012-09-03;09:00;0;1003,9;1004;1003,7;-9999;21,9;21,1;22,2;21,8;21,4;21;96;95;96;340;1,1;,3;
2012-09-03;10:00;0;1004,3;1004,3;1003,9;-9999;21,3;20,6;21,9;21,3;21,3;20,6;96;95;96;73;1,5;,7;
2012-09-03;11:00;0;1005,4;1005,4;1004,3;30,3;21,8;21,2;21,8;21,3;21,2;20,6;96;96;96;160;1,1;,3;
2012-09-03;12:00;0;1006,3;1006,3;1005,4;302,8;23,4;22,5;23,4;21,8;22,5;21,2;96;95;95;233;2,1;,8;
2012-09-03;13:00;0;1007;1007;1006,3;833,2;24,9;22,7;24,9;23,4;22,8;22,2;95;86;87;232;2,6;,9;
2012-09-03;14:00;0;1007,2;1007,2;1006,9;2151,1;27,6;22,7;27,6;24,9;22,8;20,8;87;69;75;213;3,8;1,6;
2012-09-03;15:00;0;1006,9;1007,2;1006,9;2384;29,3;23,2;29,3;27,4;23,3;22;75;67;70;189;3,8;1,7;
2012-09-03;16:00;0;1006,1;1006,9;1006,1;2645,5;29,9;22,9;30,3;29,2;23,9;22,4;70;64;66;218;4,1;1,8;
2012-09-03;17:00;0;1004,6;1006,1;1004,6;3223,8;31,5;21,6;31,7;29,8;23,7;21,6;67;56;56;158;4,2;1,8;
2012-09-03;18:00;0;1002,8;1004,6;1002,8;2949,3;32;21,7;32,8;31,1;23,5;21,5;63;54;55;164;4,7;2,3;
2012-09-03;19:00;0;1001,6;1002,8;1001,6;2502;32,8;22,1;32,8;31,8;23,6;21,1;62;51;53;138;5;1,4;
2012-09-03;20:00;0;1000,6;1001,6;1000,6;1924,7;33,1;22,5;33,4;32;23,2;20,7;59;48;54;145;4,7;1,3;
2012-09-03;21:00;0;1000,3;1000,6;1000,1;1607;32,5;21,4;33,3;32,5;23,2;20,4;58;47;52;118;4,1;1,4;
2012-09-03;22:00;0;1001,1;1001,1;1000,3;320,6;28,8;22,8;32,5;28,8;23,5;20,6;71;51;70;43;4;1,5;
2012-09-03;23:00;0;1001,4;1001,4;1001,1;19,6;27;23,7;28,8;27;24,1;22,8;83;70;82;339;2,4;,6;
2012-09-04;00:00;0;1002,4;1002,4;1001,5;-9999;25,5;23,8;26,9;25,5;23,9;23,3;90;82;90;333;1,6;,9;
2012-09-04;01:00;0;1003,5;1003,5;1002,4;-9999;25,3;23,7;25,5;24,9;23,8;23,4;92;88;91;225;4,1;1,5;
2012-09-04;02:00;0;1004,8;1004,8;1003,5;-9999;25,3;23,4;25,8;25,3;23,7;23,2;91;86;89;265;4,1;,7;
2012-09-04;03:00;0;1004,7;1004,9;1004,7;-9999;25;22,3;25,3;25;23,4;22,3;89;84;85;294;3,2;,5;
2012-09-04;04:00;0;1004,5;1004,8;1004,5;-9999;24,1;22,4;25;24,1;22,7;22;91;85;90;9;1,8;,6;
2012-09-04;05:00;0;1004,4;1004,6;1004,2;-9999;23,8;22,4;24,1;23,8;22,8;22,2;93;90;92;336;1,5;,7;
2012-09-04;06:00;0;1004,3;1004,6;1004,2;-9999;23,8;22,7;23,8;23,6;22,7;22,3;94;92;94;8;3,1;1,6;
2012-09-04;07:00;,4;1003,5;1004,7;1003,5;-9999;23,8;22,6;24,1;23,7;22,9;22,5;94;92;93;357;6,6;,9;
2012-09-04;08:00;0;1004;1004,1;1003,5;-9999;23,3;22;23,8;23,3;22,7;22;94;93;93;345;2,4;,8;
2012-09-04;09:00;,2;1003,9;1004,1;1003,9;-9999;22,8;21,8;23,3;22,8;22,1;21,7;94;93;94;225;2,1;,6;
2012-09-04;10:00;0;1003,7;1003,9;1003,6;-9999;22,2;21,2;22,8;22,2;21,8;21,2;95;93;94;339;2,3;,5;
2012-09-04;11:00;0;1004,5;1004,5;1003,6;58,6;22,3;21,4;22,3;22,1;21,4;21,2;95;94;94;291;1,8;,5;
2012-09-04;12:00;0;1004,8;1004,9;1004,5;404,3;23,4;21,8;23,4;22,3;21,9;21,2;95;91;91;234;1,2;,6;
2012-09-04;13:00;0;1005,6;1005,6;1004,8;864,8;24,4;22,3;24,4;23,3;22,3;21,4;92;85;88;212;2,8;,9;
2012-09-04;14:00;0;1006,2;1006,2;1005,6;1619,6;25,7;21,7;25,8;24,3;22,5;21,3;88;78;79;245;3;,9;
2012-09-04;15:00;0;1006;1006,3;1006;2031,4;27,8;22,6;27,9;25,6;22,9;21,4;80;73;73;234;2,9;1;
2012-09-04;16:00;0;1005,8;1006;1005,8;2273,5;28,7;22,6;28,7;27,4;23,1;22;75;69;70;216;4;2;
2012-09-04;17:00;0;1004,3;1005,8;1004,3;2139,6;29,3;21,8;29,5;28,2;23,2;21,6;72;64;64;242;3,4;1;
2012-09-04;18:00;0;1002,4;1004,3;1002,4;1633,3;30,2;22,4;30,2;28,8;23;21,5;69;61;63;258;3,5;1,3;
2012-09-04;19:00;0;1001,7;1002,4;1001,7;2230,9;27,9;22,9;31,2;27,8;23,4;21,7;75;58;74;161;6,5;1,7;
2012-09-04;20:00;,6;1001,4;1001,7;1001,1;546,8;26,3;24;27,9;26,2;25;22,7;89;73;87;153;4;,8;
2012-09-04;21:00;0;1001,1;1001,5;1001,1;188,3;25,7;24,4;26,3;25,7;24,6;23,9;92;86;92;47;2,7;1,5;
2012-09-04;22:00;0;1002;1002;1001,1;177,1;25,6;24;26;25,6;24,6;24;93;90;91;106;2,9;,7;
2012-09-04;23:00;0;1002,2;1002,2;1002;14,6;24,9;23,7;25,6;24,8;24,1;23,4;93;90;93;18;2,5;1;
2012-09-05;00:00;0;1003,3;1003,3;1002,2;-9999;24,6;23,5;24,9;24,6;23,8;23,4;94;93;94;99;2,2;,4;
2012-09-05;01:00;0;1004,4;1004,4;1003,3;-9999;24,4;23,6;24,6;24,4;23,6;23,4;95;94;95;23;1,6;,9;
2012-09-05;02:00;0;1005,1;1005,1;1004,4;-9999;24,2;23,2;24,5;24,1;23,6;23,2;95;94;95;57;2,3;,8;
2012-09-05;03:00;0;1005;1005,2;1005;-9999;23,9;23,1;24,2;23,9;23,3;23;95;95;95;330;1,4;,4;
2012-09-05;04:00;0;1005;1005,1;1004,9;-9999;23,9;23,2;23,9;23,8;23,2;22,9;96;95;95;211;2;,5;
2012-09-05;05:00;0;1004,4;1005;1004,4;-9999;24,2;23,3;24,3;23,9;23,5;23,1;96;95;95;225;2,3;,5;
2012-09-05;06:00;0;1004;1004,4;1004;-9999;23,8;22,9;24,2;23,8;23,4;22,9;95;94;95;62;2,3;,7;
2012-09-05;07:00;0;1004;1004;1003,6;-9999;23,2;22,5;23,8;23,2;22,8;22,4;96;95;96;56;1,9;1,1;
2012-09-05;08:00;0;1004,2;1004,2;1004;-9999;23;22,3;23,2;22,9;22,6;22,2;96;96;96;67;1,9;,9;
2012-09-05;09:00;0;1004;1004,2;1004;-9999;22,9;22,2;23;22,8;22,4;22,2;96;96;96;53;1,9;,5;
2012-09-05;10:00;0;1004,5;1004,6;1004;-9999;22,9;22,3;23;22,8;22,3;22,2;96;96;96;36;2,4;,8;
2012-09-05;11:00;0;1004,9;1004,9;1004,5;21,8;22,9;22,3;23;22,8;22,3;22,1;96;96;96;335;1,6;,8;
2012-09-05;12:00;0;1005,7;1005,7;1004,9;320,3;23,5;22,8;23,5;22,9;22,8;22,3;96;96;96;325;2,1;1;
2012-09-05;13:00;0;1006,8;1006,8;1005,7;748,9;24,8;23;24,8;23,5;23,4;22,7;96;89;90;282;1,8;,8;
2012-09-05;14:00;0;1007;1007;1006,7;1039,1;26,1;22,8;26,1;24,7;23,5;22,2;90;81;82;293;2,8;,9;
2012-09-05;15:00;0;1006,8;1007;1006,8;1650,5;27,7;22,4;27,7;26;23,4;22,1;82;73;73;192;2,2;,8;
2012-09-05;16:00;0;1005,6;1006,8;1005,6;2910,8;29,4;21,8;29,5;27,7;23,5;21,5;75;63;64;251;4;1,5;
2012-09-05;17:00;0;1004,4;1005,6;1004,4;3419;29,8;22,5;30,1;29,2;23;21,6;68;61;65;195;4,9;2,6;
2012-09-05;18:00;0;1002,2;1004,4;1002,2;3210,2;31,4;22,2;31,8;29,8;23,3;21,2;66;56;58;275;4,9;1,2;
2012-09-05;19:00;0;1001,2;1002,2;1001,2;2980,9;31,3;23;32,3;30,7;23,6;20,8;65;53;62;228;5,1;1,9;
2012-09-05;20:00;0;1000,8;1001,2;1000,6;2104,5;31,3;22,2;32;31,2;23,8;22;63;58;59;313;4,2;1,2;
2012-09-05;21:00;0;1001,6;1001,6;1000,7;831;27,1;22,9;31,3;27,1;23,9;22,1;78;58;78;24;5,7;2;
2012-09-05;22:00;1;1003,3;1003,3;1001,6;25;25;23,4;27,1;25;23,6;22,7;92;78;91;121;6,4;,8;
2012-09-05;23:00;2,2;1003,5;1003,6;1003,1;-9999;23,9;22,7;25,1;23,8;24;21,8;94;89;93;227;6,4;1,3;
2012-09-06;00:00;,2;1004,4;1004,4;1003,5;-9999;23,2;22,1;23,9;23,2;22,7;22;94;91;93;293;3,2;,8;
2012-09-06;01:00;0;1004,9;1004,9;1004,3;-9999;23;22;23,2;22,9;22,2;21,6;95;92;94;330;2,4;,6;
2012-09-06;02:00;0;1005,9;1005,9;1004,9;-9999;22,8;22;23,1;22,8;22,3;21,9;95;94;95;107;1,3;,5;
2012-09-06;03:00;0;1006,2;1006,2;1005,8;-9999;22,7;21,9;23;22,7;22,2;21,9;96;95;95;13;1,5;,8;
2012-09-06;04:00;0;1006;1006,3;1006;-9999;22,6;21,9;22,7;22,4;21,9;21,7;96;95;96;31;1,6;,7;
2012-09-06;05:00;0;1005,7;1006,2;1005,7;-9999;22,6;21,9;22,7;22,6;22;21,9;96;96;96;70;1,8;,3;
2012-09-06;06:00;0;1004,8;1005,7;1004,8;-9999;22,8;22,1;22,9;22,6;22,2;21,9;96;96;96;304;1,1;,5;
2012-09-06;07:00;0;1004;1004,8;1004;-9999;22,9;22,1;23;22,7;22,3;21,9;96;96;96;332;1,3;,7;
2012-09-06;08:00;0;1003,4;1004;1003,4;-9999;23;22,3;23;22,7;22,3;22;96;96;96;295;1,3;,5;
2012-09-06;09:00;0;1003,6;1003,6;1003,3;-9999;23;22,3;23,1;22,9;22,4;22,1;96;95;96;25;1,5;,7;
2012-09-06;10:00;0;1003,6;1003,6;1003,5;-9999;22,7;22,1;23;22,7;22,2;22,1;96;96;96;359;2,5;,9;
2012-09-06;11:00;0;1004,7;1004,7;1003,6;44,7;22,7;22;22,8;22,6;22,1;22;96;96;96;16;2,7;,9;
2012-09-06;12:00;0;1005,7;1005,7;1004,7;206,2;22,9;21,9;23,1;22,6;22,3;21,9;96;94;94;44;2,5;,6;
2012-09-06;13:00;0;1006,6;1006,6;1005,7;422,8;23,5;22;23,5;22,9;22,2;21,4;94;90;91;49;2,8;1,1;
2012-09-06;14:00;0;1006,9;1006,9;1006,6;746,4;24,7;21,9;24,9;23,5;22,9;21,5;92;84;84;93;2,4;,5;
2012-09-06;15:00;0;1006,7;1006,9;1006,6;1030;25,6;22,7;25,7;24,4;23,2;21,6;86;82;84;14;2,1;,9;
2012-09-06;16:00;0;1005,9;1006,7;1005,9;1265,9;26,8;23,2;26,9;25,6;23,2;22,2;86;78;81;216;2,5;,7;
2012-09-06;17:00;0;1004,7;1005,9;1004,7;2321,6;28,6;23;29;26,6;24,2;22,9;84;71;72;209;3,3;1,2;
2012-09-06;18:00;0;1003,6;1004,7;1003,6;2565;30,2;22;30,2;28,1;24;22;77;62;62;271;4;1,2;
2012-09-06;19:00;0;1002,5;1003,6;1002,5;2806,3;31;20,8;31,7;30,1;22,2;19,5;61;51;55;272;4;1,6;
2012-09-06;20:00;,2;1001,5;1002,5;1001,5;1306,6;29,8;24,1;31,2;29,8;25;19,2;73;49;72;51;4,2;1,4;
2012-09-06;21:00;,2;1000,6;1001,5;1000,5;1232,7;29,9;22,3;29,9;28;24,9;20,1;83;58;64;153;4,8;,7;
2012-09-06;22:00;0;1000,9;1001;1000,5;436,2;28,5;24,6;30,6;28,5;24,6;21,5;79;59;79;63;1,5;,6;
2012-09-06;23:00;0;1001,8;1001,8;1000,9;19;26,1;24,3;28,5;26,1;25,1;24,3;91;80;90;50;1,8;,9;
2012-09-07;00:00;0;1002,4;1002,4;1001,7;-9999;25,2;24;26,1;25,2;24,5;23,9;93;89;93;47;1,6;1;
2012-09-07;01:00;0;1002,8;1002,9;1002,3;-9999;25;24;25,2;24,6;24;23,2;94;90;94;204;1,6;,6;
2012-09-07;02:00;0;1003,6;1003,6;1002,8;-9999;24,2;23,3;25;24,2;24;23,2;95;93;95;24;,9;,4;
2012-09-07;03:00;0;1004,4;1004,5;1003,6;-9999;23,7;22,8;24,3;23,7;23,4;22,8;95;94;95;354;1,8;,6;
2012-09-07;04:00;0;1004,8;1004,8;1004,4;-9999;23,7;22,7;24,4;23,6;23,6;22,7;96;92;94;77;1,9;1,1;
2012-09-07;05:00;11;1004,9;1006,9;1004,4;-9999;22,3;21,6;23,8;21;23;19,1;96;87;95;97;13,6;1,2;
2012-09-07;06:00;3,4;1003,7;1004,9;1003,5;-9999;22;21,4;22,3;21,8;21,6;21,1;96;95;96;247;3,2;,8;
2012-09-07;07:00;2,2;1003,6;1003,9;1003,5;-9999;21,7;21;22;21,7;21,4;21;96;96;96;340;3;1,6;
2012-09-07;08:00;,8;1002,7;1003,6;1002,7;-9999;21,5;20,8;21,7;21,5;21;20,7;96;96;96;4;3;1,1;
2012-09-07;09:00;0;1002,9;1002,9;1002,5;-9999;21,5;20,8;21,5;21,4;20,9;20,7;96;96;96;247;3,3;,5;
2012-09-07;10:00;0;1003,1;1003,1;1002,9;-9999;21,5;20,9;21,6;21,4;20,9;20,8;96;96;96;351;1,4;,3;
2012-09-07;11:00;0;1004;1004,1;1003;37,1;21,8;21,2;21,8;21,4;21,2;20,8;96;96;96;114;,7;,3;
2012-09-07;12:00;0;1005;1005;1004;337,8;22,7;21,8;22,7;21,7;21,9;21,1;96;95;95;333;1,1;,5;
2012-09-07;13:00;0;1005,8;1005,9;1005;1526,6;24,9;22,1;24,9;22,7;22,3;21,4;95;82;85;237;2,3;,9;
2012-09-07;14:00;0;1006,1;1006,1;1005,8;2091,8;27;22,5;27;24,9;23,6;21,8;87;77;77;259;2,3;,9;
2012-09-07;15:00;0;1005,8;1006,1;1005,8;2779;28,5;23,3;28,7;26,8;24,1;21,7;77;72;73;207;3,1;1,6;
2012-09-07;16:00;0;1005,1;1005,8;1005;3048,7;29,9;23,7;30;28,5;23,9;22,6;75;66;69;223;3,1;1,4;
2012-09-07;17:00;0;1003,6;1005,1;1003,6;2440,7;30,8;23,2;30,9;29,8;24,1;22,4;70;63;64;236;3,8;1,1;
2012-09-07;18:00;0;1002,2;1003,6;1002,2;2353,8;31,7;22,6;31,7;29,9;23,7;21,3;66;57;59;252;3,5;1,1;
2012-09-07;19:00;3,6;1001,5;1002,2;1001,4;1557,4;26,3;24,4;31,8;26,3;24,7;21,8;89;56;89;191;6,5;1,8;
2012-09-07;20:00;,2;1000,3;1001,5;1000,2;1642,5;28,5;23,2;28,9;26,1;24,7;22,4;89;70;73;213;4,6;2,3;
2012-09-07;21:00;1;1000,9;1001,2;1000;701,2;26,4;24,3;28,8;26,4;24,7;22,5;89;70;88;33;4,6;1;
2012-09-07;22:00;,2;1000,8;1001;1000,4;60,6;25,3;24,2;26,4;25,3;24,7;24,1;94;88;93;21;2,8;1;
2012-09-07;23:00;0;1001,7;1001,7;1000,8;8,2;25;23,8;25,3;24,8;24,3;23,5;94;92;94;230;2;,6;
2012-09-08;00:00;0;1002,8;1002,8;1001,7;-9999;24,3;23,3;25;24,2;23,9;23,2;95;93;94;353;2,2;,9;
2012-09-08;01:00;0;1003,6;1003,6;1002,7;-9999;24;23,1;24,4;23,9;23,4;23,1;95;94;95;76;1,8;,5;
2012-09-08;02:00;0;1004;1004;1003,6;-9999;23,7;22,8;24;23,6;23,2;22,8;95;95;95;36;1,6;,8;
2012-09-08;03:00;0;1004,5;1004,5;1004;-9999;23,2;22,4;23,7;23,2;22,9;22,4;95;95;95;74;1,4;,5;
2012-09-08;04:00;0;1004,4;1004,5;1004,3;-9999;23,2;22,5;23,4;23,2;22,6;22,4;96;95;96;224;1,8;,7;
2012-09-08;05:00;,2;1004,2;1004,6;1004,1;-9999;23,6;22,8;23,8;23,2;23,1;22,4;96;95;95;186;2,5;,6;
2012-09-08;06:00;0;1003,8;1004,2;1003,8;-9999;23;22,3;23,6;22,9;22,7;22,1;96;95;96;13;1,5;,9;
2012-09-08;07:00;0;1003,2;1003,8;1003,2;-9999;22,7;22;23,2;22,7;22,6;22;96;96;96;66;1,4;,7;
2012-09-08;08:00;0;1002,8;1003,2;1002,8;-9999;22,4;21,7;22,8;22,3;22,2;21,6;96;96;96;356;2,2;,9;
2012-09-08;09:00;0;1003;1003;1002,8;-9999;22,3;21,6;22,5;22,3;21,9;21,6;96;96;96;20;2,3;,6;
2012-09-08;10:00;0;1003,1;1003,1;1003;-9999;22,2;21,5;22,3;22;21,7;21,3;96;96;96;348;1,4;,5;
2012-09-08;11:00;0;1003,7;1003,7;1003,1;41,8;22;21,4;22,2;21,5;21,5;20,9;96;96;96;170;1,3;,2;
2012-09-08;12:00;0;1004,7;1004,7;1003,7;568,3;24,4;23;24,5;22;23,3;21,4;96;92;92;92;1,3;,5;
2012-09-08;13:00;0;1005,2;1005,2;1004,7;1514,3;26,7;23,4;26,7;24,4;23,9;22,5;93;81;82;133;1,7;,6;
2012-09-08;14:00;0;1005,4;1005,4;1005,2;2264,2;28,7;23;28,7;26,5;24,1;22,2;84;70;71;120;2,3;,6;
2012-09-08;15:00;0;1005;1005,4;1005;2802,4;30,5;23,1;30,5;28,6;23,9;22,2;73;64;65;160;2,9;1,1;
2012-09-08;16:00;0;1004,1;1005;1004,1;3008;31,2;22,8;31,9;30,1;25;21,8;69;58;61;187;3,7;1,1;
2012-09-08;17:00;0;1003,1;1004,2;1003;2926;32,1;22,9;32,4;31,2;24,4;22,3;66;55;58;174;4,8;2,3;
2012-09-08;18:00;0;1001,8;1003,1;1001,8;3268,4;33,2;22,6;33,6;31,8;23,9;21,3;62;49;54;178;4,4;1,5;
2012-09-08;19:00;0;1000,9;1001,8;1000,9;2313,4;33,4;21,7;34;32,2;24,2;20,5;60;47;50;102;4,3;1;
2012-09-08;20:00;0;1000,1;1000,9;1000,1;1963;33,3;21;33,7;33,1;22,9;20,3;55;46;49;125;4,3;1,2;
2012-09-08;21:00;0;999,7;1000,1;999,6;1393,9;33,3;22,3;33,8;33,2;22,9;20,7;55;47;53;102;3,2;,8;
2012-09-08;22:00;0;1000,3;1000,3;999,6;406,4;30,4;23,1;33,6;30,4;23,4;21,1;65;50;65;86;2,4;,4;
2012-09-08;23:00;0;1000,4;1000,4;1000,3;16,6;27,7;24,5;30,4;27,7;24,7;22,9;83;65;83;57;1,3;,8;
2012-09-09;00:00;0;1001,5;1001,5;1000,4;-9999;26,2;24,2;27,7;26,1;24,8;23,7;89;83;89;43;1,2;,4;
2012-09-09;01:00;0;1002,5;1002,5;1001,5;-9999;25,3;23,8;26,2;25,3;24,4;23,7;91;88;91;124;,7;,2;
2012-09-09;02:00;0;1003,5;1003,5;1002,5;-9999;24,8;23,6;25,3;24,8;23,8;23,4;93;91;93;144;,8;,4;
2012-09-09;03:00;0;1003,9;1004;1003,5;-9999;24,2;23,1;24,9;24,2;23,7;23,1;94;93;94;334;1,1;,4;
2012-09-09;04:00;0;1003,9;1004,1;1003,8;-9999;23,8;22,8;24,2;23,8;23,1;22,8;94;94;94;76;1;,3;
2012-09-09;05:00;0;1003,5;1003,9;1003,5;-9999;23,5;22,6;23,9;23,5;23;22,5;95;94;94;74;,5;,3;
2012-09-09;06:00;0;1002,8;1003,5;1002,8;-9999;23,2;22,3;23,6;23,2;22,7;22,3;95;95;95;36;1,1;,3;
2012-09-09;07:00;0;1002,6;1002,8;1002,6;-9999;23,3;22,4;23,3;23,1;22,5;22,2;95;95;95;60;1,3;1;
2012-09-09;08:00;0;1003,1;1003,1;1002,5;-9999;23;22,2;23,3;23;22,4;22,1;95;94;95;105;1,4;,3;
2012-09-09;09:00;0;1003,2;1003,2;1003;-9999;23;22,2;23,3;22,9;22,5;22;96;95;95;211;,9;,2;
2012-09-09;10:00;0;1003,6;1003,6;1003,2;-9999;22,6;21,8;23;22,6;22,2;21,8;96;95;95;49;,6;,4;
2012-09-09;11:00;0;1004,5;1004,5;1003,6;71,6;23,4;22,6;23,4;22,6;22,6;21,9;96;95;95;279;1;,3;
2012-09-09;12:00;0;1005,4;1005,4;1004,5;560,5;25,3;22,7;25,3;23,4;23,2;22,4;95;85;85;211;1,6;,8;
2012-09-09;13:00;0;1005,8;1005,8;1005,4;1457,1;27,4;22,8;27,4;25,2;22,8;22,1;85;75;76;194;2;,9;
2012-09-09;14:00;0;1005,8;1005,9;1005,8;2192,4;30,5;23,7;30,5;27,4;23,9;22;76;64;67;97;3,5;1;
2012-09-09;15:00;0;1005,6;1005,9;1005,6;2782,6;32,1;23,4;32,2;30,5;24,6;22,2;67;57;60;134;4,6;1,3;
2012-09-09;16:00;0;1004,8;1005,6;1004,8;3154,5;33,6;21,8;34;31,8;24,1;21,3;62;48;50;95;5,3;1,3;
2012-09-09;17:00;0;1003,3;1004,7;1003,2;2665,3;34,2;22,6;34,2;32,6;23,4;20,6;57;48;51;118;6;1,6;
2012-09-09;18:00;0;1001,7;1003,3;1001,7;2553,9;33,5;23,8;35,1;33;23,9;21,1;59;45;57;97;5;1,4;
2012-09-09;19:00;0;1000,7;1001,7;1000,6;2919,5;34,1;21,4;34,5;33,6;24,1;21;58;46;48;72;5,3;1,7;
2012-09-09;20:00;0;999,9;1000,7;999,9;1884,5;32,8;21,5;34,7;32,8;23,4;20,6;55;45;52;95;6;1,1;
2012-09-09;21:00;0;999,8;999,9;999,5;1387;33,2;21,8;33,6;32,7;22,7;20,4;57;46;51;69;3,9;1;
2012-09-09;22:00;0;999,7;999,8;999,6;346,4;30,2;23,3;33,2;30,2;23,7;21;67;49;67;97;2,7;,4;
2012-09-09;23:00;0;1000,4;1000,4;999,7;8;28,2;24,2;30,2;28,1;24,8;22,8;81;66;79;9;3,9;1,5;
2012-09-10;00:00;0;1001,3;1001,3;1000,4;-9999;26,8;24,4;28,2;26,8;24,6;24,1;87;79;87;350;3,9;1;
2012-09-10;01:00;0;1002;1002;1001,3;-9999;25,8;24;26,8;25,8;24,5;23,9;91;86;90;332;1,9;,8;
2012-09-10;02:00;0;1002,7;1002,7;1002;-9999;24,9;23,5;25,8;24,9;24,1;23,5;92;90;92;21;1,9;,3;
2012-09-10;03:00;0;1003,1;1003,2;1002,7;-9999;24,5;23,4;24,9;24,5;23,6;23,3;94;92;93;329;1,2;,6;
2012-09-10;04:00;0;1003;1003,2;1003;-9999;23,8;22,7;24,5;23,8;23,4;22,7;94;92;93;359;1,5;,7;
2012-09-10;05:00;0;1002,7;1003;1002,7;-9999;23,7;22,5;23,9;23,6;22,7;22,4;94;92;93;240;2,3;,9;
2012-09-10;06:00;0;1002,2;1002,7;1002,1;-9999;23,6;22,5;24;23,6;22,8;22,5;94;92;94;329;1,6;,6;
2012-09-10;07:00;0;1002;1002,3;1002;-9999;23,4;22,4;23,6;23,3;22,6;22,3;95;94;94;24;2;1,2;
2012-09-10;08:00;0;1002;1002,1;1001,8;-9999;23,3;22,1;23,5;23,2;22,5;22;94;93;93;340;2,3;,8;
2012-09-10;09:00;0;1002,2;1002,2;1001,8;-9999;22,9;21,7;23,3;22,8;22,1;21,7;94;92;93;39;2,2;,8;
2012-09-10;10:00;0;1002,8;1002,8;1002,2;-9999;22,9;21,9;23;22,9;22;21,7;94;93;94;280;2,2;,4;
2012-09-10;11:00;0;1003,5;1003,5;1002,8;53;23;22;23;22,7;22,1;21,8;95;94;94;353;1,8;,5;
2012-09-10;12:00;0;1004,2;1004,2;1003,5;496,3;24,6;22,7;24,6;23;22,7;22;95;88;89;303;2,3;,7;
2012-09-10;13:00;0;1004,6;1004,7;1004,2;1353,6;26,4;22,3;26,5;24,5;22,8;21,6;89;78;78;352;3,2;1,4;
2012-09-10;14:00;0;1005;1005,1;1004,6;2135,7;28,5;23,3;28,5;26,3;23,6;22,1;80;73;73;314;3,2;1,2;
2012-09-10;15:00;0;1004,8;1005;1004,7;2692,6;30,5;23,3;30,5;28,5;24,2;22,5;74;65;65;352;3,7;1,3;
2012-09-10;16:00;0;1004,1;1004,8;1004,1;3202;31,6;22,9;31,7;30,1;24;22,2;67;59;60;314;3,6;1,6;
2012-09-10;17:00;0;1002,6;1004,1;1002,6;2220,1;32,4;23,8;32,5;30,6;25;22,9;69;58;61;315;3,6;1,5;
2012-09-10;18:00;0;1000,9;1002,6;1000,9;2636,7;31,9;21,3;32,5;31,8;24,1;21,1;62;53;54;183;3,9;1,2;
2012-09-10;19:00;0;999,6;1000,9;999,6;2089,8;32,8;22,8;33,2;31,9;23,9;21,7;61;54;56;232;2,7;1,3;
2012-09-10;20:00;0;998,9;999,6;998,9;1585;32,2;24,6;33;32;24,6;22,2;64;54;64;221;3,6;1,5;
2012-09-10;21:00;0;999,5;999,5;998,8;1019,7;31,7;24;32,3;31;24,5;23,2;67;61;64;209;4,4;1,4;
2012-09-10;22:00;0;1000,1;1000,1;999,5;431,5;30,1;24,3;31,7;30,1;24,3;23;71;62;71;192;4,4;,9;
2012-09-10;23:00;0;1000,9;1001;1000,1;22,7;27,6;25,1;30,1;27,5;25,2;24,2;87;71;87;33;1,9;1,3;
2012-09-11;00:00;0;1002,4;1002,4;1000,9;-9999;26,6;23,2;27,6;26,6;25,1;23;88;80;82;32;3,5;1,5;
2012-09-11;01:00;0;1003,5;1003,5;1002,4;-9999;25,7;22;26,6;25,7;23,2;21,7;82;77;80;339;5,8;1,9;
2012-09-11;02:00;0;1004,1;1004,1;1003,5;-9999;24,6;22,3;25,7;24,6;22,4;22;87;80;87;349;5,6;1,6;
2012-09-11;03:00;0;1003,9;1004,1;1003,7;-9999;24;22,1;24,6;24;22,3;22,1;90;87;90;340;4,7;1,3;
2012-09-11;04:00;0;1003,5;1003,9;1003,5;-9999;23,6;22,2;24;23,5;22,3;22,1;93;90;92;346;3,3;,7;
2012-09-11;05:00;0;1002,8;1003,5;1002,8;-9999;23,2;22,2;23,7;23,1;22,3;22;94;92;94;2;2,1;,9;
2012-09-11;06:00;0;1003,3;1003,4;1002,8;-9999;23,4;22,3;23,5;23,1;22,4;22;94;92;93;107;3,5;,6;
2012-09-11;07:00;4;1002,8;1003,4;1002,8;-9999;23,4;22,4;23,6;23,4;22,4;22;94;91;94;338;3,1;,8;
2012-09-11;08:00;1,2;1002,6;1002,9;1002,6;-9999;23,2;22,4;23,4;23,2;22,6;22,4;95;94;95;308;1,7;,4;
2012-09-11;09:00;0;1002,6;1002,8;1002,4;-9999;23,3;22,5;23,4;23,1;22,6;22,3;96;95;96;307;1,6;,3;
2012-09-11;10:00;0;1002,5;1002,7;1002,4;-9999;23;22,3;23,3;23;22,5;22,2;96;95;96;294;1,1;,6;
2012-09-11;11:00;0;1003,4;1003,4;1002,5;61,6;22,9;22,2;23;22,7;22,3;22;96;95;96;83;1,1;,3;
2012-09-11;12:00;0;1004,1;1004,1;1003,4;668,7;24,3;22,6;24,3;22,9;22,9;22,1;96;90;90;330;1,7;,8;
2012-09-11;13:00;0;1004;1004,2;1004;1283,3;25,4;22,8;25,5;24,2;23,2;22,1;91;85;86;347;3,7;1,3;
2012-09-11;14:00;0;1004,5;1004,6;1004;1925;27;22,8;27,2;25,2;23,6;22,4;88;77;78;9;4,8;1,9;
2012-09-11;15:00;0;1004,4;1004,5;1004,4;2550,6;28,4;22,7;28,5;26,8;23,9;22,1;80;69;71;36;4,8;2;
2012-09-11;16:00;0;1003,8;1004,4;1003,8;2037,6;29;23;29,3;28,1;23,8;22,1;75;69;70;10;4,7;1,6;
2012-09-11;17:00;0;1002,5;1003,8;1002,5;2073,3;29,5;22,7;29,8;28,8;23,7;22;73;63;67;5;4,7;1,4;
2012-09-11;18:00;0;1001,1;1002,5;1001,1;2434,3;30,8;24;31,7;29,5;24,9;22,6;69;63;67;179;3,2;1,5;
2012-09-11;19:00;0;999,6;1001,1;999,6;2420,5;31,1;23,1;31,8;30,5;25;21,7;71;57;62;37;3,7;1;
2012-09-11;20:00;0;998,3;999,6;998,3;1817,3;31,6;23,6;31,9;30,8;24,5;22;67;57;63;315;3,8;1,1;
2012-09-11;21:00;0;997,9;998,3;997,8;1231,2;31;23,1;31,7;31;23,8;22,5;64;59;63;325;3,4;1,2;
2012-09-11;22:00;0;998,7;998,7;997,9;321,6;29,1;24;31,1;29,1;24,2;22,8;75;62;74;340;2,9;,6;
2012-09-11;23:00;0;999,7;999,7;998,7;10,2;27,2;24,2;29,1;27,2;24,6;23,8;84;74;83;303;1,5;,3;
2012-09-12;00:00;0;1000,4;1000,4;999,7;-9999;26,6;24,4;27,2;26,4;24,8;24,1;90;83;88;232;,9;,5;
2012-09-12;01:00;0;1001,7;1001,7;1000,4;-9999;26,2;22,8;26,8;26,2;25;22,6;91;81;81;211;4,4;2,6;
2012-09-12;02:00;0;1002,7;1002,7;1001,7;-9999;25,4;21,7;26,2;25,4;22,6;21,6;81;77;80;214;5,2;2,6;
2012-09-12;03:00;0;1002,8;1002,8;1002,3;-9999;24,6;22,6;25,4;24,6;22,8;21,7;89;80;89;154;4,3;,7;
2012-09-12;04:00;0;1002,8;1002,8;1002,6;-9999;24,5;22,8;24,7;24,4;23;22,6;91;89;90;238;2;1;
2012-09-12;05:00;0;1001,6;1002,8;1001,6;-9999;24,3;22,4;24,7;24,2;23;22,3;93;89;89;213;6;2,3;
2012-09-12;06:00;,2;1001,3;1001,6;1001,1;-9999;23,5;22,1;24,4;23,5;22,5;22,1;92;88;92;323;5,5;,6;
2012-09-12;07:00;0;1000,8;1001,5;1000,8;-9999;23,3;22,2;23,5;23,3;22,3;21,9;93;91;93;45;1,5;,7;
2012-09-12;08:00;0;1001,9;1001,9;1000,6;-9999;23,2;21,9;23,3;22,9;22,3;21,7;95;92;93;90;7,2;1,3;
2012-09-12;09:00;26,8;1002,8;1002,9;1001,9;,6;21,9;21;23,2;21,9;22;21;96;91;95;125;6,3;1,5;
2012-09-12;10:00;3,2;1003;1003;1002,3;-9999;21,2;20,5;21,9;21,2;21;20,4;96;94;96;40;4,5;1,6;
2012-09-12;11:00;,8;1003,4;1003,6;1003,1;,8;21,5;20,9;21,5;21,2;20,9;20,5;96;96;96;54;2,7;,5;
2012-09-12;12:00;,8;1003,5;1003,5;1003,3;25,2;21,5;20,9;21,7;21,5;21;20,8;96;96;96;336;2,5;1,4;
2012-09-12;13:00;,6;1003;1003,9;1003;103,5;21,7;21;21,8;21,5;21,1;20,7;96;96;96;302;3,5;1,5;
2012-09-12;14:00;0;1003,7;1003,7;1002,8;276,1;22,5;21,7;22,5;21,6;21,8;20,8;96;95;95;99;4,3;,7;
2012-09-12;15:00;0;1003,7;1004;1003,7;709,3;23,1;21,5;23,2;22,4;22;21;96;89;91;108;2,4;,5;
2012-09-12;16:00;0;1003,2;1003,7;1002,9;1460,9;24,8;22,4;24,8;23,1;22,7;21,3;93;84;86;67;2,6;1,5;
2012-09-12;17:00;0;1002;1003,2;1002;2230,5;26;21,9;26,3;24,8;23;21,3;88;77;78;18;4,4;1,2;
2012-09-12;18:00;0;1000,7;1002;1000,7;2694,4;27,5;21,8;27,6;26;23;21,5;80;71;71;71;2,9;,8;
2012-09-12;19:00;0;999,7;1000,7;999,7;2466,3;28,3;22,5;28,5;27,5;23,8;21,7;77;70;71;222;3,5;1,2;
2012-09-12;20:00;0;999;999,7;999;1910,3;29,7;21,4;29,8;28,1;22,7;20,9;72;60;61;241;2,4;,4;
2012-09-12;21:00;0;998,5;999;998,5;1150,1;29,1;23;30,1;28,9;23,1;21,4;70;61;70;197;2,7;1,1;
2012-09-12;22:00;0;998,8;998,8;998,4;349;27,7;23,5;29,1;27,7;24,3;21,9;80;66;78;64;1,9;,4;
2012-09-12;23:00;0;999,4;999,4;998,8;16,4;26;24,7;27,6;26;25,1;23,7;92;78;92;54;,8;,6;
2012-09-13;00:00;0;1000,4;1000,4;999,4;-9999;25;23,9;26;25;24,7;23,9;94;92;93;54;1,3;,9;
2012-09-13;01:00;0;1001,2;1001,2;1000,4;-9999;24,3;23,3;25;24,3;23,9;23,3;94;93;94;47;1,2;,6;
2012-09-13;02:00;0;1001,6;1001,9;1001,2;-9999;24,5;23,4;24,5;24,3;23,6;23,3;95;94;94;98;2,2;,9;
2012-09-13;03:00;0;1002,4;1002,4;1001,6;-9999;23,9;22,5;24,5;23,8;23,4;21,9;94;89;92;89;2,2;,8;
2012-09-13;04:00;0;1002,1;1002,4;1002;-9999;23,5;21,7;24,1;23,5;22,7;21,7;94;90;90;105;1,8;,4;
2012-09-13;05:00;0;1001,3;1002,1;1001,3;-9999;23,2;21,9;23,5;23,2;22,1;21,4;93;89;92;168;1;,2;
2012-09-13;06:00;0;1000,9;1001,3;1000,8;-9999;22,7;21,5;23,4;22,7;22,4;21,5;94;92;93;337;1,2;,8;
2012-09-13;07:00;0;1000,7;1000,9;1000,6;-9999;22,4;21,5;22,7;22,3;21,8;21,4;95;92;95;93;1,8;,6;
2012-09-13;08:00;0;1000,9;1001;1000,7;-9999;22,2;21,4;22,4;22,2;21,6;21,3;95;95;95;4;1,1;,2;
2012-09-13;09:00;,2;1001,1;1001,1;1000,9;-9999;21,9;21,2;22,2;21,9;21,4;21,1;95;95;95;19;1,3;,8;
2012-09-13;10:00;0;1002,1;1002,1;1001,1;-9999;21,7;21;22;21,7;21,2;20,9;96;95;96;46;1,3;1;
2012-09-13;11:00;0;1002,8;1002,8;1002,1;51;22;21,2;22;21,6;21,2;20,8;96;95;96;130;1,5;,3;
2012-09-13;12:00;0;1003,6;1003,6;1002,8;446;23,8;22,4;23,8;21,9;22,5;21,1;96;91;91;50;1,8;1,1;
2012-09-13;13:00;0;1004,1;1004,1;1003,6;1338,4;26,3;22,3;26,5;23,9;23,2;21,7;92;77;78;9;1,9;,7;
2012-09-13;14:00;0;1004,1;1004,2;1004,1;2152,6;28,1;22,3;28,4;26,3;24;21,9;80;70;71;229;2,6;1,3;
2012-09-13;15:00;0;1003,9;1004,2;1003,9;2740,9;29,6;23,1;29,7;28,1;24;22,5;75;66;68;272;3,1;1;
2012-09-13;16:00;0;1003,1;1003,9;1003,1;3035,8;31,1;23,7;31,1;29,6;24,3;22,3;70;62;65;154;5;2,1;
2012-09-13;17:00;0;1001,9;1003,1;1001,9;2967,4;32,7;22,8;32,7;31;24,3;21,5;67;54;56;131;5;1,3;
2012-09-13;18:00;0;999,9;1001,9;999,9;3104,1;33,2;22,3;33,5;32,5;24;21,7;60;50;53;133;6,4;1,5;
2012-09-13;19:00;0;998,7;999,9;998,7;2420,8;33,3;22,8;33,4;32,6;24,1;21,1;59;49;54;93;4,7;1;
2012-09-13;20:00;0;998;998,7;998;1917,3;32,9;21,5;33,7;32,8;24,8;21,1;63;49;51;150;4,1;1,7;
2012-09-13;21:00;2,6;999,7;999,8;997,8;858,7;24,7;22,9;33,1;24,5;23,3;21,1;91;51;90;173;13;2,4;
2012-09-13;22:00;,8;999,1;999,7;998,6;60,2;24;22,9;24,8;23,9;23,5;22,6;94;90;93;288;6;,6;
2012-09-13;23:00;0;1000,1;1000,1;999,1;11,9;23,9;23;24,1;23,8;23,1;22,8;95;93;94;219;1,6;,6;
2012-09-14;00:00;,2;1000,5;1000,5;1000;-9999;23,6;22,7;24;23,5;23;22,5;95;94;95;289;1,3;,5;
2012-09-14;01:00;0;1000,8;1000,8;1000,5;-9999;23,4;22,6;23,6;23,2;22,7;22,4;95;95;95;195;1,9;,4;
2012-09-14;02:00;0;1001,8;1001,8;1000,8;-9999;22,9;22,1;23,5;22,8;22,6;22;95;95;95;358;1,5;,9;
2012-09-14;03:00;0;1002,4;1002,5;1001,8;-9999;22,6;21,8;23,2;22,6;22,5;21,8;96;95;95;10;1,5;,6;
2012-09-14;04:00;0;1002,8;1002,8;1002,4;-9999;22,7;22;23;22,5;22,3;21,8;96;95;96;161;1,7;,3;
2012-09-14;05:00;0;1002,1;1002,8;1002,1;-9999;22,3;21,6;22,7;22,3;22;21,5;96;95;96;41;1,7;,7;
2012-09-14;06:00;0;1001,8;1002,1;1001,8;-9999;22,4;21,7;22,4;22,2;21,7;21,5;96;96;96;336;2;,9;
2012-09-14;07:00;0;1001,4;1001,8;1001,4;-9999;22,3;21,6;22,6;22,3;21,9;21,5;96;96;96;164;2,8;,5;
2012-09-14;08:00;0;1001,2;1001,4;1001,2;-9999;22;21,3;22,4;21,9;21,7;21,2;96;96;96;303;1,5;,3;
2012-09-14;09:00;0;1001,8;1001,8;1001,1;-9999;22,3;21,6;22,3;21,7;21,6;21;96;96;96;327;1;,4;
2012-09-14;10:00;0;1002,5;1002,6;1001,8;-9999;22;21,4;22,3;21,8;21,6;21,1;96;96;96;210;1,7;,8;
2012-09-14;11:00;0;1003,5;1003,5;1002,5;56;22;21,3;22,1;21,7;21,4;21;96;96;96;116;1,6;,6;
2012-09-14;12:00;0;1004,8;1004,8;1003,5;454;23,6;22,7;23,6;22;22,7;21,4;96;95;95;140;2,1;,5;
2012-09-14;13:00;0;1005,3;1005,3;1004,8;979,7;25;22,4;25;23,6;23,2;22,4;95;86;86;356;2,3;,9;
2012-09-14;14:00;0;1005,8;1005,8;1005,3;2227,9;27,7;22,6;27,7;24,8;23,2;21,7;87;73;74;305;2,7;1,1;
2012-09-14;15:00;0;1005,4;1005,8;1005,4;2227,8;29,1;23,7;29,1;27,6;24,3;22,4;77;71;73;326;3,9;1;
2012-09-14;16:00;0;1004,8;1005,4;1004,8;2202,8;30,4;24,7;30,4;28,8;24,7;22,8;75;66;72;292;3,6;1,2;
2012-09-14;17:00;0;1003,2;1004,8;1003,2;2867,1;31,4;24;31,5;29,3;24,5;22,9;72;63;65;293;5,2;1,3;
2012-09-14;18:00;0;1001,7;1003,2;1001,7;3149;32,2;22,1;32,4;30,9;24,2;21,7;66;54;55;271;4,6;1,3;
2012-09-14;19:00;0;1000,8;1001,7;1000,8;2227,7;32,1;23,3;32,6;31,8;23,3;21,3;60;53;60;263;3,7;1;
2012-09-14;20:00;0;1000,9;1001;1000;1432,8;28,6;21,9;32,5;28,6;25,2;21,2;67;52;67;108;8,4;2;
2012-09-14;21:00;1,8;1001,6;1001,8;1000,9;105,3;23,5;21,7;28,6;23,5;23,3;21,7;92;67;89;95;8,4;,8;
2012-09-14;22:00;0;1001,4;1001,7;1001;96;23,6;22,4;24;23,5;22,9;21,7;94;89;93;168;2,8;1;
2012-09-14;23:00;0;1002,1;1002,1;1001,1;14,9;23,3;22,3;23,7;23,2;22,6;21,9;94;92;94;48;2,1;,9;
2012-09-15;00:00;0;1002,9;1002,9;1002,1;-9999;22,9;22;23,3;22,8;22,2;21,8;95;93;95;54;1,5;,5;
2012-09-15;01:00;0;1003,4;1003,5;1002,9;-9999;22,3;21,5;22,9;22,2;22;21,4;95;94;95;46;1,6;1;
2012-09-15;02:00;,2;1004,4;1004,4;1003,4;-9999;22,2;21,4;22,3;22;21,5;21,2;96;95;95;227;1,6;,4;
2012-09-15;03:00;0;1004,4;1004,7;1004,3;-9999;21,7;21;22,3;21,7;21,6;21;96;95;96;153;1,6;,8;
2012-09-15;04:00;0;1004,2;1004,5;1004,1;-9999;21,5;20,7;22,1;21,4;21,4;20,6;96;95;96;198;1,6;,3;
2012-09-15;05:00;0;1003,4;1004,2;1003,4;-9999;21,4;20,8;21,7;21,1;21;20,4;96;96;96;234;,7;,3;
2012-09-15;06:00;0;1003,3;1003,5;1003,2;-9999;21,5;20,8;21,5;21,2;20,8;20,5;96;96;96;286;2,9;,5;
2012-09-15;07:00;0;1003,3;1003,6;1003,3;-9999;21,2;20,4;21,5;21,1;20,7;20,3;96;95;95;344;1,8;,4;
2012-09-15;08:00;0;1003,2;1003,3;1003,1;-9999;20,8;20,1;21,3;20,8;20,6;20,1;96;95;96;40;1,6;1,2;
2012-09-15;09:00;0;1003,4;1003,4;1003,1;-9999;20,6;19,9;20,8;20,6;20,2;19,9;96;96;96;97;1,6;,5;
2012-09-15;10:00;0;1003,9;1003,9;1003,4;-9999;21;20,4;21;20,5;20,4;19,8;96;96;96;355;1,4;,8;
2012-09-15;11:00;0;1004,7;1004,7;1003,9;34,3;21,3;20,5;21,4;21;20,7;20,2;96;95;95;358;1,6;,6;
2012-09-15;12:00;0;1005,4;1005,4;1004,7;393,3;22,4;21,1;22,6;21,3;21,6;20,6;95;92;92;1;1,5;,8;
2012-09-15;13:00;0;1006,1;1006,1;1005,4;689,3;24,4;22,5;24,4;22,4;22,6;21,3;94;89;89;266;2,1;1;
2012-09-15;14:00;0;1006,4;1006,5;1006,1;1052,6;25,8;22,5;25,8;24,4;22,8;21,9;89;82;82;268;5,1;1,4;
2012-09-15;15:00;0;1006,6;1006,6;1006,2;1924,1;26,8;22,7;27,1;25,7;23;21,6;83;74;78;321;4,4;1,1;
2012-09-15;16:00;0;1005,8;1006,6;1005,8;1314,9;27,6;23,3;27,6;26,6;23,5;22,2;80;75;77;293;3,1;1,4;
2012-09-15;17:00;0;1004,5;1005,7;1004,5;2009,5;28,4;23,8;28,6;27,6;24,1;22,2;80;70;76;235;5,4;2,2;
2012-09-15;18:00;0;1003;1004,5;1003;2920,2;30;23,2;30,1;28,4;23,9;22,7;76;65;67;286;5,7;1,6;
2012-09-15;19:00;0;1001,5;1003;1001,5;2333,5;30,5;23,3;30,5;29,3;23,7;22,5;72;64;65;263;5,3;1,6;
2012-09-15;20:00;0;1000,7;1001,5;1000,7;2380,9;31,2;22,4;31,4;30,2;23,6;22,2;66;59;60;278;4,9;1,5;
2012-09-15;21:00;0;1000,5;1000,8;1000,4;1580;30,6;22,5;31,5;30,6;23,4;21,8;65;57;62;254;3,8;,9;
2012-09-15;22:00;0;1001,1;1001,1;1000,5;589;29,6;23,3;30,9;29,6;23,5;22,4;70;61;69;244;3,5;,9;
2012-09-15;23:00;0;1001,8;1001,8;1001,1;46,4;27,2;24,2;29,7;27,2;24,3;23,1;84;68;84;133;2,7;,5;
2012-09-16;00:00;0;1003;1003;1001,8;-9999;26;24,5;27,1;25,9;24,8;23,9;92;83;91;139;1,3;,4;
2012-09-16;01:00;0;1003,5;1003,6;1003;-9999;25,5;24,2;26,1;25,4;24,4;24,1;93;90;92;342;1,1;,6;
2012-09-16;02:00;21,6;1004,1;1004,8;1003,5;-9999;23;22,2;25,5;23;24,1;21,2;95;83;95;221;8,8;3;
2012-09-16;03:00;,8;1005,4;1005,4;1004,1;-9999;23,1;22,3;23,1;22,9;22,4;22,1;96;95;95;197;5,2;,9;
2012-09-16;04:00;,6;1005,1;1005,8;1005,1;-9999;22,4;21,5;23,1;22,4;22,2;21,5;96;95;95;165;3,1;1,5;
2012-09-16;05:00;1,4;1003,7;1005,1;1003,7;-9999;22,2;21,4;22,5;22,1;21,6;21,3;96;95;96;119;3,1;,4;
2012-09-16;06:00;,2;1002,9;1003,7;1002,9;-9999;21,8;21;22,2;21,8;21,5;21;96;95;96;90;1,4;,4;
2012-09-16;07:00;0;1002,3;1002,9;1002,3;-9999;21,6;20,9;21,8;21,6;21,1;20,9;96;96;96;328;1,4;,7;
2012-09-16;08:00;0;1002,1;1002,3;1001,9;-9999;21,2;20,6;21,6;21,2;20,9;20,6;96;96;96;20;1,3;,5;
2012-09-16;09:00;0;1002,5;1002,5;1002,1;-9999;21,3;20,7;21,3;21,2;20,7;20,6;96;96;96;3;3,4;,9;
2012-09-16;10:00;0;1003,2;1003,2;1002,5;-9999;21,2;20,7;21,4;21,2;20,8;20,6;97;96;97;44;2,5;,9;
2012-09-16;11:00;0;1004,1;1004,1;1003,2;29,3;21,4;20,8;21,4;21,2;20,8;20,6;97;97;97;51;3;1,6;
2012-09-16;12:00;0;1004,4;1004,4;1004,1;466,6;22,3;21,7;22,3;21,3;21,7;20,8;97;96;96;355;3;,8;
2012-09-16;13:00;0;1005,2;1005,2;1004,4;1176,2;23,7;21,4;23,8;22,1;22;20,8;96;86;87;2;2,6;,8;
2012-09-16;14:00;0;1005,3;1005,5;1005,2;1458,1;25,2;22,2;25,3;23,7;22,5;21;88;81;83;322;3,1;,9;
2012-09-16;15:00;0;1005,1;1005,4;1005,1;2148,4;26,7;22,4;27,5;25,2;23;21,4;83;72;77;232;3,6;1,4;
2012-09-16;16:00;0;1004,6;1005,1;1004,6;2252,2;28,2;23,6;28,3;26,5;23,6;22,2;80;71;76;75;3,6;,9;
2012-09-16;17:00;0;1003,6;1004,6;1003,6;1940,6;28,9;23,5;29,5;28,2;24,1;22,8;76;69;73;341;3,8;1,6;
2012-09-16;18:00;0;1002,4;1003,6;1002,4;1542,5;28,5;24;29,8;28,5;24,3;22,3;77;66;77;17;3,8;1,6;
2012-09-16;19:00;0;1001;1002,4;1001;2426;30,4;23,4;30,4;28,4;24,6;22,7;78;65;66;325;6,4;2;
2012-09-16;20:00;0;1000,3;1001;1000,3;1872,1;30,3;23,1;30,9;30,1;23,7;22;67;60;66;341;5;1,2;
2012-09-16;21:00;0;1000;1000,3;999,9;1056,1;30,4;23,1;31,1;30;24,1;22,7;69;62;65;335;3,5;1,4;
2012-09-16;22:00;0;1000,9;1000,9;1000;232,1;28;23,9;30,4;28;24,7;23,3;79;65;78;328;3,9;1,7;
2012-09-16;23:00;,8;1001,7;1001,7;1000,9;7,9;25,6;23,6;28;25,6;23,9;23,1;88;78;88;22;6,6;2,7;
2012-09-17;00:00;1,8;1003,5;1003,5;1001,7;-9999;25;23,8;25,6;24,7;23,9;23,4;94;88;93;64;6,6;2,3;
2012-09-17;01:00;0;1004,1;1004,2;1003,5;-9999;23,1;21,7;25;23;23,7;21,5;93;88;92;61;9;1,5;
2012-09-17;02:00;,2;1004,7;1004,9;1004,1;-9999;22,8;21,8;23,1;22,7;22;21,6;94;92;94;53;3,8;1,3;
2012-09-17;03:00;0;1004,6;1004,9;1004,5;-9999;22,8;21,9;22,9;22,7;22;21,6;95;93;94;210;2,9;1,3;
2012-09-17;04:00;0;1003,5;1004,7;1003,5;-9999;22,4;21,5;22,8;22,4;21,9;21,5;95;94;94;120;2,5;,2;
2012-09-17;05:00;0;1002,8;1003,5;1002,7;-9999;22,3;21,5;22,4;22,3;21,7;21,5;96;95;95;81;1,3;,3;
2012-09-17;06:00;0;1002,6;1002,8;1002,3;-9999;22,5;21,7;22,5;22,3;21,8;21,4;96;95;96;199;1,7;1,2;
2012-09-17;07:00;0;1003,1;1003,3;1002,6;-9999;22,5;21,7;22,6;22,4;21,8;21,6;96;95;96;91;3,5;,5;
2012-09-17;08:00;0;1003;1003,1;1002,6;-9999;22,1;21,4;22,5;22,1;21,7;21,4;96;95;96;64;2,1;,8;
2012-09-17;09:00;0;1003,4;1003,4;1002,7;-9999;22;21,3;22,2;22;21,5;21,3;96;96;96;78;1,7;,6;
2012-09-17;10:00;0;1003,8;1003,8;1003,4;-9999;21,9;21,2;22,1;21,9;21,4;21,2;96;96;96;49;1,6;,8;
2012-09-17;11:00;0;1004,6;1004,6;1003,8;64,7;22,2;21,5;22,2;21,9;21,5;21,2;96;96;96;97;1,5;,4;
2012-09-17;12:00;0;1005,1;1005,1;1004,6;292,5;22,6;21,8;22,6;22,2;21,8;21,5;96;95;95;34;1,8;,9;
2012-09-17;13:00;0;1005,3;1005,3;1005,1;621,3;23,5;22;23,6;22,6;22,2;21,5;95;91;91;359;2;,9;
2012-09-17;14:00;0;1005,7;1005,7;1005,2;1533,6;25,7;22,8;25,7;23,5;22,9;21,5;92;82;84;38;2,4;,5;
2012-09-17;15:00;0;1005,8;1005,9;1005,7;2943,6;28,7;21,9;28,7;25,5;22,9;21,1;84;66;67;61;3,7;,8;
2012-09-17;16:00;0;1005,1;1005,8;1005,1;1970,4;28,6;22,1;28,8;28,2;23,1;21,3;73;65;68;207;3;1,5;
2012-09-17;17:00;0;1003,8;1005,1;1003,8;2973,8;29,8;22,3;30,5;28,6;23,2;21,3;70;60;64;215;3,7;1,7;
2012-09-17;18:00;0;1002,5;1003,8;1002,5;2562,7;30,7;22,6;30,8;29,8;23,2;21,6;67;59;62;161;3,9;1,3;
2012-09-17;19:00;0;1001,7;1002,5;1001,6;2864,8;31,8;22,4;31,9;30,7;22,9;21,3;62;54;58;263;4,6;,9;
2012-09-17;20:00;0;1000,7;1001,7;1000,7;1751,5;31,9;21,4;32,2;30,9;23,1;21,2;63;53;54;234;3,6;1;
2012-09-17;21:00;0;999,7;1000,7;999,7;1251,7;31,4;20,6;32,3;31,3;22,5;20,4;58;51;53;171;3,3;1,1;
2012-09-17;22:00;0;999,1;999,7;999;393;29,6;23,6;31,5;29,6;24;20,5;72;53;70;128;2,3;,6;
2012-09-17;23:00;0;999,4;999,4;999,1;12,6;26,7;24,2;29,6;26,7;24,8;23;88;70;86;62;1,3;1,1;
2012-09-18;00:00;0;1000,6;1000,6;999,4;-9999;25,3;23,6;26,7;25,3;24,1;23,3;91;85;91;83;1,3;,5;
2012-09-18;01:00;0;1001,8;1001,8;1000,6;-9999;24,9;23,7;25,3;24,7;23,7;23,4;93;90;93;161;2;,8;
2012-09-18;02:00;0;1002,7;1002,7;1001,8;-9999;24,4;23,2;24,9;24,4;23,8;23,1;93;92;93;226;1,5;,2;
2012-09-18;03:00;0;1003,4;1003,4;1002,6;-9999;23,7;22,8;24,4;23,7;23,3;22,7;94;93;94;321;1,1;,3;
2012-09-18;04:00;0;1003,3;1003,6;1003,3;-9999;23,2;22,3;24;23,2;23,1;22,2;95;94;95;334;1,4;,5;
2012-09-18;05:00;0;1003,1;1003,5;1003,1;-9999;23,1;22,3;23,4;22,9;22,6;22;95;94;95;-9999;1;,1;
2012-09-18;06:00;0;1003;1003,1;1002,9;-9999;22,8;22;23,1;22,7;22,3;21,9;96;95;95;92;1,3;,4;
2012-09-18;07:00;,2;1002,6;1003;1002,5;-9999;22,8;22,1;22,9;22,6;22,2;21,8;96;95;96;47;1,3;1,1;
2012-09-18;08:00;0;1002,4;1002,6;1002,3;-9999;22,8;22;23;22,5;22,3;21,7;96;95;95;3;3,5;1,2;
2012-09-18;09:00;0;1002,7;1002,7;1002,4;-9999;22,8;22;22,9;22,6;22,1;21,7;96;95;96;249;2,4;,3;
2012-09-18;10:00;0;1003,1;1003,2;1002,6;-9999;22,4;21,7;22,8;22,2;22;21,3;96;95;96;58;1,9;1,3;
2012-09-18;11:00;0;1003,8;1003,8;1003,1;60,9;22,6;21,8;22,6;22,3;21,9;21,6;96;95;95;142;1,9;,2;
2012-09-18;12:00;0;1004,5;1004,5;1003,8;528,3;24,8;22,7;24,9;22,6;23,1;21,8;96;88;88;15;1,5;,6;
2012-09-18;13:00;0;1004,9;1004,9;1004,4;1379,5;26,9;23;26,9;24,7;23;22,2;88;76;79;343;2;,7;
2012-09-18;14:00;0;1005,2;1005,3;1004,9;2144,8;29,1;22;29,3;27;23,7;21,9;79;65;66;337;2,5;1;
2012-09-18;15:00;0;1004,8;1005,2;1004,8;2708,1;30,5;21,8;30,9;29;23,5;21,6;71;59;60;285;3,2;,9;
2012-09-18;16:00;0;1004,1;1004,8;1004,1;2605,4;31,6;22,5;32;30,2;23,9;21,7;66;57;59;233;2,9;1,5;
2012-09-18;17:00;0;1003,3;1004,1;1003,3;2071;31,4;22,9;32,3;30,8;23,9;21,4;65;53;61;314;3,5;,9;
2012-09-18;18:00;0;1001,8;1003,3;1001,8;3016,4;32,4;22,2;32,6;31,4;23,1;21,2;62;52;55;314;3,9;1,5;
2012-09-18;19:00;0;1000,1;1001,8;1000,1;2644,8;33,5;21,2;33,7;32,4;22,6;19,9;55;45;49;302;3,3;1,1;
2012-09-18;20:00;0;999,1;1000,1;999,1;2096,1;34,3;20,8;34,4;33,3;21,5;19,3;49;42;46;221;3,3;,8;
2012-09-18;21:00;0;999;999,1;998,9;1127,6;33,5;19,3;34,3;32,9;21,9;18,3;52;41;43;22;2,9;,4;
2012-09-18;22:00;0;999,3;999,3;999;407,2;30,1;23,6;33,8;30,1;23,7;20;69;43;69;32;1,1;,8;
2012-09-18;23:00;0;1000;1000;999,2;15;27;24,1;30,1;27;25;23,5;85;69;84;46;1,6;1,1;
2012-09-19;00:00;0;1000,8;1000,8;1000;-9999;26,5;23,3;27;26,1;24,2;22,6;88;77;83;102;2,2;,5;
2012-09-19;01:00;0;1002,6;1002,6;1000,8;-9999;26,6;22,8;27;26,3;23,7;22,4;84;77;80;332;5,6;1,4;
2012-09-19;02:00;0;1003,3;1003,3;1002,5;-9999;25,9;23,2;26,6;25,9;23,3;22,4;86;78;85;29;3,6;1,4;
2012-09-19;03:00;0;1003,6;1003,6;1003,3;-9999;25,5;23,6;25,9;25,5;23,7;23,1;90;84;89;158;3,6;,6;
2012-09-19;04:00;0;1003,5;1003,6;1003,4;-9999;24,5;23,2;25,5;24,5;23,6;23,2;93;88;92;63;1,4;,5;
2012-09-19;05:00;0;1003,2;1003,7;1003,2;-9999;24;22,9;24,5;24;23,3;22,7;94;92;94;146;1,6;,6;
2012-09-19;06:00;0;1002,7;1003,2;1002,7;-9999;23,6;22,7;24;23,6;22,9;22,6;95;94;95;32;1,6;,6;
2012-09-19;07:00;0;1002,3;1002,7;1002,3;-9999;23,4;22,5;23,8;23,3;22,9;22,4;95;94;95;176;1,2;,4;
2012-09-19;08:00;0;1002,1;1002,4;1002,1;-9999;23,2;22,1;23,5;23,2;22,7;22,1;95;94;94;328;1,8;,6;
2012-09-19;09:00;0;1002,5;1002,5;1002;-9999;22,7;21,8;23,2;22,7;22,1;21,8;95;94;95;88;1,2;,3;
2012-09-19;10:00;0;1002,5;1002,6;1002,5;-9999;22,7;21,9;22,8;22,5;22;21,6;96;95;95;314;1,3;,5;
2012-09-19;11:00;0;1003;1003;1002,5;43,6;22,5;21,8;22,7;22,4;21,9;21,6;95;95;95;47;,9;,3;
2012-09-19;12:00;0;1003,9;1003,9;1003;582,7;24,4;21,3;24,4;22,5;22,8;21,3;95;83;83;327;3,5;,9;
2012-09-19;13:00;0;1004,6;1004,6;1003,9;1612,8;26,4;21,8;26,5;24,2;22,3;20,8;85;74;76;15;3,8;1,3;
2012-09-19;14:00;0;1004,7;1004,7;1004,5;2337,6;28,3;22,7;28,3;26,4;22,7;21,6;77;68;72;27;5;1,6;
2012-09-19;15:00;0;1004;1004,7;1004;2854,6;30,5;22;30,5;28,3;23,4;21,7;72;60;61;16;3,8;1,5;
2012-09-19;16:00;0;1002,7;1004;1002,7;3188,6;31,9;21,6;32,2;30,4;23,4;21,4;65;53;55;344;3,8;,9;
2012-09-19;17:00;0;1001,3;1002,7;1001,3;3311,9;33,6;21,7;33,7;31,9;23,4;21,3;60;48;50;208;3,6;1,2;
2012-09-19;18:00;0;1000,1;1001,3;1000,1;2048,3;33;23;34;32,3;23,8;20,7;59;46;56;258;3,6;1,2;
2012-09-19;19:00;0;999;1000,1;999;1927,4;33,2;22,2;33,5;32,7;23,5;21,4;58;50;53;185;3,5;1,7;
2012-09-19;20:00;0;998,2;999;998,2;2023,8;33,1;22,7;34,2;33,1;23,8;21,3;57;47;55;169;3,4;1,4;
2012-09-19;21:00;0;998,1;998,2;998;480,7;31,8;23,4;33,1;31,2;25;22,6;69;54;61;207;3;,4;
2012-09-19;22:00;0;998,2;998,3;998,1;471,5;30,6;25,5;32,8;30,5;25,7;22,5;74;57;74;128;1,1;,4;
2012-09-19;23:00;0;998,6;998,6;998,2;28,2;28,7;26,5;30,6;28,7;26,6;24;88;71;88;21;,9;,1;
2012-09-20;00:00;0;999,1;999,1;998,6;-9999;27,1;25,7;28,7;27,1;26,5;25,7;92;88;92;69;1,1;,7;
2012-09-20;01:00;0;999,6;999,6;999,1;-9999;26,6;25,3;27,1;26,4;25,7;24,6;93;89;93;146;1,5;,6;
2012-09-20;02:00;0;1000,5;1000,5;999,6;-9999;26,1;24,8;26,7;26;25,4;24,8;93;92;93;82;1,5;,7;
2012-09-20;03:00;0;1000,8;1000,9;1000,5;-9999;26,1;25;26,2;25,9;25,1;24,8;94;93;94;90;1;,2;
2012-09-20;04:00;0;1000,5;1000,9;1000,5;-9999;25,5;24,4;26,1;25,4;24,9;24,3;94;93;94;9;1,2;,3;
2012-09-20;05:00;0;1000,3;1000,5;1000,3;-9999;25,1;24,1;25,6;25,1;24,6;24;94;93;94;124;1;,6;
2012-09-20;06:00;0;999,8;1000,4;999,7;-9999;24,9;24,1;25,1;24,7;24,2;23,8;95;94;95;135;1,4;,6;
2012-09-20;07:00;0;999,6;999,8;999,6;-9999;25;24;25,2;24,8;24,4;24;95;94;94;280;1,6;,7;
2012-09-20;08:00;0;999,4;999,6;999,3;-9999;24,6;23,5;25;24,6;24;23,3;95;91;94;331;2,1;,8;
2012-09-20;09:00;0;1000;1000;999,3;-9999;24,4;23,3;24,6;24,3;23,7;23,3;95;94;94;317;2;,2;
2012-09-20;10:00;0;1000,6;1000,6;1000;-9999;24,3;23,4;24,6;24,2;23,7;23,2;95;94;95;345;1,8;,8;
2012-09-20;11:00;0;1000,9;1000,9;1000,6;105,3;24,9;23,8;24,9;24,3;23,8;23,4;95;93;94;48;2,3;1;
2012-09-20;12:00;0;1001,8;1001,8;1000,9;660,7;26,7;24;26,7;24,9;24,2;23,5;94;85;85;316;2,1;,9;
2012-09-20;13:00;0;1002,1;1002,1;1001,8;1559,6;28,4;24;28,5;26,6;24,2;23,3;85;75;77;280;2,4;1;
2012-09-20;14:00;0;1002,6;1002,6;1002,1;1784,3;29,4;22,9;29,5;28,2;24,3;22,2;78;66;68;190;3,9;1,8;
2012-09-20;15:00;0;1001,7;1002,6;1001,7;2340,9;31;24,2;31,3;29,3;24,2;22,4;70;62;67;175;3,9;1,6;
2012-09-20;16:00;0;1000,8;1001,7;1000,8;2824,3;32;23,4;32,3;30,7;24,2;22,7;67;59;61;230;4,6;,7;
2012-09-20;17:00;0;999,3;1000,8;999,3;2923,7;33;22,3;33,3;31,8;24,5;21,5;64;51;54;183;4,9;1,6;
2012-09-20;18:00;0;997,7;999,3;997,7;2546,6;34,1;23,1;34,6;32,9;24,2;21,8;60;48;53;127;3,8;1,1;
2012-09-20;19:00;0;996,6;997,7;996,6;2508,3;34,4;22,2;34,9;33,5;23,5;20,9;54;46;49;122;5,1;1,4;
2012-09-20;20:00;0;995,8;996,6;995,8;2099,7;34,6;20,9;34,8;34,3;23,4;20,8;53;44;45;127;5,1;,9;
2012-09-20;21:00;0;995,6;996;995,5;1208,5;33,5;21,9;34,7;33,5;22,5;20,3;53;44;51;118;3,2;,9;
2012-09-20;22:00;0;995,7;995,8;995,6;184,7;30;23,9;33,4;30;24;21,6;70;51;70;125;2,7;,3;
2012-09-20;23:00;0;996,9;996,9;995,7;11,8;28,8;23,7;30;28,6;24,4;22,9;77;68;74;327;4,2;2,3;
2012-09-21;00:00;0;997,4;997,5;996,9;-9999;28,1;25;29;28,1;25,1;23,9;83;74;83;217;5,7;,4;
2012-09-21;01:00;0;998,1;998,1;997,4;-9999;26,8;24,7;28,1;26,8;25,1;24,4;88;83;88;21;1,3;,4;
2012-09-21;02:00;0;999,3;999,3;998,1;-9999;26,1;24,7;26,9;26,1;25;24,6;92;88;92;358;1;,4;
2012-09-21;03:00;0;999,8;999,9;999,3;-9999;25,6;24,5;26,2;25,5;24,9;24,3;94;92;94;38;1,5;,7;
2012-09-21;04:00;0;999,5;1000;999,5;-9999;25,3;24,4;25,6;25,1;24,6;24,1;95;93;95;47;1,7;1,1;
2012-09-21;05:00;0;999,1;999,5;999;-9999;24,7;23,8;25,3;24,7;24,4;23,7;95;94;95;31;1,7;,4;
2012-09-21;06:00;0;998,7;999,1;998,7;-9999;24,6;23,7;24,9;24,5;24;23,6;95;94;95;290;,9;,1;
2012-09-21;07:00;0;998,4;998,8;998,4;-9999;24,1;23,3;24,7;24;23,8;23,1;95;94;95;172;,6;,2;
2012-09-21;08:00;0;998,8;998,8;998,3;-9999;23,8;23;24,2;23,8;23,4;22,9;95;94;95;7;1,2;,3;
2012-09-21;09:00;0;998,9;998,9;998,7;-9999;23,5;22,8;23,9;23,5;23,1;22,7;96;95;96;331;1,1;,2;
2012-09-21;10:00;0;999,5;999,5;998,9;-9999;23,3;22,5;23,5;23;22,8;22,1;96;95;96;181;1,4;,5;
2012-09-21;11:00;0;1000,1;1000,1;999,5;45,6;23,4;22,7;23,4;22,9;22,7;22,2;96;95;96;25;1,2;,2;
2012-09-21;12:00;0;1000,8;1000,8;1000,1;560,7;25,8;24,3;25,8;23,4;24,4;22,7;96;91;92;166;1,3;,4;
2012-09-21;13:00;0;1001,2;1001,2;1000,7;1536,1;27,8;23,7;27,9;25,7;24,3;23,4;92;78;78;239;1,5;,7;
2012-09-21;14:00;0;1001,4;1001,4;1001,2;2273,4;29,6;23,2;29,6;27,8;24,1;23;79;69;69;300;2,8;,9;
2012-09-21;15:00;0;1000,6;1001,4;1000,6;2813,1;31,9;23,5;31,9;29,6;24,4;21,9;71;57;61;52;4,5;2,1;
2012-09-21;16:00;0;999,6;1000,6;999,6;3119,7;33,2;21;33,8;31,5;23,7;20,9;61;47;49;57;6,5;1,5;
2012-09-21;17:00;0;998,4;999,6;998,4;3082,7;34,6;22,7;34,9;33,2;23,1;20,1;52;43;50;121;5,4;1,7;
2012-09-21;18:00;0;997,6;998,4;997,6;2990,4;35;21,9;35,6;34,2;23,3;20,3;52;42;47;137;4,6;2;
2012-09-21;19:00;0;996,7;997,6;996,7;2186,8;34,6;21;35,6;34,1;23,1;20;54;41;45;107;5,1;,8;
2012-09-21;20:00;0;996;996,7;996;1866,8;35,2;20,8;35,5;34,4;22,7;19,7;50;40;43;141;4,9;1,3;
2012-09-21;21:00;0;995,7;996,1;995,7;1222,4;34,2;21,7;35,2;33,9;22,1;19,9;50;41;48;122;4,9;,9;
2012-09-21;22:00;0;995,6;995,7;995,6;373,5;31,3;23,5;34,3;31,3;23,9;20,9;64;45;63;143;3,4;,3;
2012-09-21;23:00;0;996,2;996,2;995,6;4,5;28,4;23,4;31,3;28,4;24,3;23,1;76;62;75;146;1,7;,4;
2012-09-22;00:00;0;997,4;997,4;996,2;-9999;27,1;24,3;28,4;27;24,7;22,5;86;72;85;329;1,3;,4;
2012-09-22;01:00;0;998,1;998,1;997,4;-9999;25,9;23,9;27,1;25,8;24,4;23,7;90;82;89;308;,8;,3;
2012-09-22;02:00;0;998,9;998,9;998,1;-9999;25,7;23,6;26;25,4;24,1;23,5;92;86;88;346;3,2;,7;
2012-09-22;03:00;0;999,2;999,2;998,9;-9999;25;23,4;25,7;25;24;23,3;91;88;91;338;2,1;,7;
2012-09-22;04:00;0;999,3;999,5;999,2;-9999;24,4;23,2;25;24,4;23,6;23,1;93;91;93;35;1,8;,7;
2012-09-22;05:00;0;999,1;999,4;999;-9999;24,1;23;24,5;24,1;23,3;22,8;93;92;93;360;2;,4;
2012-09-22;06:00;0;999;999,2;998,9;-9999;24,1;22,9;24,3;24;23,2;22,8;94;92;93;328;2,3;,4;
2012-09-22;07:00;0;998,9;999,1;998,8;-9999;23,8;22,7;24,1;23,6;22,9;22,5;94;93;94;317;1,8;,5;
2012-09-22;08:00;0;999,1;999,2;998,8;-9999;23,3;22,3;23,8;23,3;22,8;22,3;95;93;94;54;1,1;,8;
2012-09-22;09:00;0;999,5;999,5;999;-9999;23;22,1;23,3;23;22,4;22,1;95;94;95;99;1,8;,2;
2012-09-22;10:00;0;1000;1000;999,5;-9999;22,9;22,1;23,1;22,9;22,2;22;95;95;95;38;1;,5;
2012-09-22;11:00;0;1000,8;1000,8;1000;43,3;23,1;22,2;23,1;22,8;22,3;21,9;95;95;95;105;,9;,3;
2012-09-22;12:00;0;1001,8;1001,8;1000,8;338,7;24,8;23,4;24,8;23,1;23,4;22,2;95;91;92;23;1,2;,4;
2012-09-22;13:00;0;1002,3;1002,3;1001,8;1001,2;27,1;23,5;27,1;24,7;23,9;21,5;92;72;81;343;2,9;1,2;
2012-09-22;14:00;0;1002,5;1002,6;1002,3;1786,3;29,3;23,1;29,3;27;23,5;22,3;81;68;69;6;4;1,6;
2012-09-22;15:00;0;1002;1002,5;1002;2505,4;31,1;22,3;31,1;29,3;23,7;22,2;70;59;60;26;4;1,3;
2012-09-22;16:00;0;1001,3;1002,1;1001,3;2447,2;32,4;23,2;32,4;31,1;23,7;21,5;63;55;58;360;3,2;1,2;
2012-09-22;17:00;0;1000,3;1001,3;1000,3;2909;33,1;24;33,4;32,4;24,1;22;60;52;59;329;3,7;,9;
2012-09-22;18:00;0;999;1000,3;999;1913,7;33,1;23,2;33,5;32,3;24,6;22,8;62;54;56;7;4,4;1,8;
2012-09-22;19:00;0;997,6;999;997,6;2638,9;34,4;22;34,6;33;23,1;20,8;56;46;49;39;5,5;1,1;
2012-09-22;20:00;0;996,1;997,6;996,1;1869,5;34;22,2;34,9;33,1;22,8;20;54;43;50;188;3,5;1,9;
2012-09-22;21:00;0;995,6;996,1;995,5;1302,3;34,8;22,5;34,9;33,8;23;21,3;52;48;49;261;3,5;,5;
2012-09-22;22:00;0;996,6;996,6;995,6;409,4;31,6;24,3;35;31,6;24,5;21,1;65;45;65;61;1,2;,4;
2012-09-22;23:00;0;997,2;997,2;996,5;4,3;28,3;24,7;31,6;28,3;25,7;24;83;65;81;46;1,6;,7;
2012-09-23;00:00;0;998,7;998,7;997,2;-9999;27,5;25,1;28,3;27,3;25,4;24,2;88;81;87;249;1,2;,5;
2012-09-23;01:00;2,4;1001,2;1001,7;998,7;-9999;24,6;22,5;27,5;24,6;25,1;21,5;89;73;88;188;14,4;1,4;
2012-09-23;02:00;,4;1000,5;1001,2;1000,3;-9999;23,6;22,4;24,6;23,6;23,1;22,4;94;88;93;21;5,3;1,3;
2012-09-23;03:00;0;1000,4;1000,6;1000,4;-9999;23,6;22,6;23,9;23,6;22,9;22,3;94;92;94;310;2,8;,7;
2012-09-23;04:00;0;1001,2;1001,2;1000,3;-9999;23,1;22,3;23,6;23,1;22,5;22,2;95;94;95;33;2,2;,6;
2012-09-23;05:00;0;1000,8;1001,2;1000,8;-9999;23,1;22,3;23,3;22,9;22,5;22;95;95;95;240;1,3;,8;
2012-09-23;06:00;0;1000,9;1001;1000,8;-9999;22,9;22,1;23,2;22,9;22,4;22,1;95;95;95;11;1,7;1;
2012-09-23;07:00;0;1000,2;1001;1000,1;-9999;22,8;22,1;22,9;22,8;22,1;22;96;95;96;101;1,7;,3;
2012-09-23;08:00;0;1000,3;1000,6;1000,2;-9999;22,7;21,9;22,9;22,6;22,1;21,9;96;96;96;13;3,3;1,1;
2012-09-23;09:00;0;1000,5;1000,5;1000,2;-9999;22,6;21,8;22,8;22,6;22,1;21,8;96;95;95;359;3,1;1,3;
2012-09-23;10:00;0;1001,4;1001,4;1000,4;-9999;22,3;21,5;22,6;22,3;21,8;21,5;95;95;95;83;3,1;,5;
2012-09-23;11:00;0;1002,2;1002,2;1001,4;57,7;22,6;21,8;22,6;22,2;21,8;21,5;96;95;95;340;1,7;,9;
2012-09-23;12:00;0;1003,2;1003,2;1002,2;490,1;23,6;22,3;23,6;22,6;22,3;21,8;95;92;92;342;1,9;1;
2012-09-23;13:00;0;1004,2;1004,2;1003,2;701,1;25;22,9;25;23,6;23,1;22;92;87;88;160;1,9;,8;
2012-09-23;14:00;0;1004,9;1004,9;1004,2;866,6;25,8;23,2;25,8;25;23,5;22,7;90;84;85;221;4;1,7;
2012-09-23;15:00;0;1004,4;1004,9;1004,4;1256,8;26,2;22,4;26,4;25,5;23,3;22,2;86;78;79;211;6,2;2,9;
2012-09-23;16:00;0;1003,2;1004,4;1003,2;1590,2;27,5;22,5;27,6;26,1;23,2;22,2;80;73;74;225;6,2;2;
2012-09-23;17:00;0;1002,4;1003,2;1002,4;948,2;26,7;22,9;28,1;26,4;23,1;22,2;80;71;79;194;5,8;1,9;
2012-09-23;18:00;0;1001,4;1002,4;1001,4;1302,7;27,6;22,2;27,6;26,5;23,2;21,6;81;71;73;193;4,6;2,9;
2012-09-23;19:00;0;1000,2;1001,4;1000,2;2230,4;29,1;21,7;29,4;27,6;22,7;21;73;62;64;192;5,2;2;
2012-09-23;20:00;0;999,9;1000,2;999,9;1521,1;28,7;22,5;29,7;28,7;22,8;21,2;70;61;69;175;4,9;1,9;
2012-09-23;21:00;0;1000,4;1000,5;999,8;901,1;27,7;22,9;29,7;27,7;23,4;21,7;76;64;75;156;6,9;2,7;
2012-09-23;22:00;0;1000,3;1000,8;1000,1;212;25,2;21,8;27,7;25,1;22,9;21,2;82;75;82;166;9,9;1,5;
2012-09-23;23:00;0;1000,7;1000,8;1000,1;31,4;23,6;22;25,2;23,6;22,2;21,6;91;81;90;101;3,6;,7;
2012-09-24;00:00;0;1000,6;1000,8;1000,6;-9999;23,3;21,9;23,6;23,2;22;21,7;92;90;92;325;2,8;,8;
2012-09-24;01:00;0;1001,2;1001,3;1000,6;-9999;22,8;21,7;23,3;22,8;22;21,6;94;91;93;155;1,5;,5;
2012-09-24;02:00;0;1002,7;1002,7;1001,2;-9999;22,5;21,7;23;22,3;22;21,3;95;93;95;82;1,6;,5;
2012-09-24;03:00;0;1003,1;1003,4;1002,7;-9999;22,7;21,6;23;22,4;22,1;21,5;95;93;93;101;4,5;,7;
2012-09-24;04:00;0;1002,4;1003,1;1002,4;-9999;22,5;21,5;22,7;22,4;21,6;21,3;94;93;94;238;2,5;,4;
2012-09-24;05:00;0;1002,4;1002,6;1002,2;-9999;22,2;21,4;22,5;21,9;21,6;21,1;95;94;95;359;2,1;1;
2012-09-24;06:00;0;1002,2;1002,4;1002,1;-9999;21,7;20,9;22,2;21,7;21,3;20,9;95;95;95;55;1,7;,7;
2012-09-24;07:00;0;1001,8;1002,2;1001,8;-9999;21,7;21;21,9;21,6;21,1;20,9;96;95;95;15;1,5;,8;
2012-09-24;08:00;0;1001,7;1001,8;1001,7;-9999;21,9;21;22;21,7;21,2;20,9;96;95;95;346;1,5;,4;
2012-09-24;09:00;0;1001,4;1001,7;1001,3;-9999;21,3;20,6;21,9;21,3;21;20,5;96;95;96;119;1,9;,5;
2012-09-24;10:00;0;1001,6;1001,6;1001,3;-9999;21,5;20,8;21,5;21,2;20,9;20,4;96;95;96;18;1,3;,6;
2012-09-24;11:00;0;1002,3;1002,3;1001,6;82,7;22,1;21,4;22,1;21,4;21,4;20,7;96;96;96;88;1;,3;
2012-09-24;12:00;0;1003,2;1003,2;1002,3;420,3;23,4;22,5;23,4;22,1;22,5;21,3;96;95;95;186;1,5;,8;
2012-09-24;13:00;0;1003,4;1003,5;1003,1;728,2;23,9;22;23,9;23,4;22,5;21,8;95;89;89;207;3,3;1,5;
2012-09-24;14:00;0;1003,6;1003,7;1003,3;2020,7;25,7;21,7;25,7;23,8;22,4;21,5;89;78;79;229;3,1;,7;
2012-09-24;15:00;0;1003,4;1003,7;1003,4;1996,8;27,2;21,8;27,2;25,6;22,3;21,4;80;71;72;16;2,2;,6;
2012-09-24;16:00;0;1002,4;1003,4;1002,4;3227,7;29,6;20,2;29,7;27,3;22,6;20;73;57;57;206;3,7;2;
2012-09-24;17:00;0;1001,3;1002,4;1001,3;3330,9;31,1;19,1;31,3;29,4;21,2;19,1;60;49;49;193;4,6;1,9;
2012-09-24;18:00;0;999,9;1001,3;999,9;3125;31,5;21;31,9;30,7;21,8;19,3;57;49;54;254;5,1;1,7;
2012-09-24;19:00;0;998,6;999,9;998,6;2698,1;32,1;21,1;32,2;31,3;22,7;20,5;59;51;52;172;4,5;1,9;
2012-09-24;20:00;0;998,1;998,6;998;2027,5;32,1;20,8;32,8;32;22;20,1;55;48;51;169;4,1;1,6;
2012-09-24;21:00;0;997,8;998,1;997,7;1350,7;32,1;21,4;32,5;31,9;21,9;20,6;55;50;53;160;3,7;1,2;
2012-09-24;22:00;0;998,6;998,6;997,8;517,8;28,6;22,8;32,4;28,6;23,3;21,1;71;52;71;24;7,2;3;
2012-09-24;23:00;0;999,7;999,7;998,6;7;26;23,1;28,6;26;23,1;22,4;84;71;84;19;7,8;2,2;
2012-09-25;00:00;0;1000,5;1000,5;999,5;-9999;25,2;22,4;26;25,2;23,1;22,4;85;83;84;31;5,4;,6;
2012-09-25;01:00;0;1001,4;1001,4;1000,5;-9999;24,6;22,8;25,2;24,6;22,9;22,4;90;84;90;94;2,7;,3;
2012-09-25;02:00;0;1002,1;1002,1;1001,4;-9999;24,1;22,6;24,6;24,1;22,9;22,6;92;90;92;2;1,1;,7;
2012-09-25;03:00;0;1002,1;1002,4;1002,1;-9999;23,9;22,4;24,1;23,8;22,8;22,4;93;91;91;45;1,5;,7;
2012-09-25;04:00;0;1001,8;1002,1;1001,8;-9999;23,6;22,5;24;23,6;22,6;22;94;90;93;96;2;,5;
2012-09-25;05:00;0;1001,5;1001,8;1001,5;-9999;23,1;22;23,6;23,1;22,5;22;93;92;93;336;2;,8;
2012-09-25;06:00;0;1001,3;1001,6;1001,3;-9999;23;22,1;23,1;23;22,1;21,9;94;93;94;341;1,9;,8;
2012-09-25;07:00;0;1001,1;1001,3;1001,1;-9999;23,1;22,1;23,1;22,8;22,2;21,8;95;94;95;293;1,9;,4;
2012-09-25;08:00;0;1001,3;1001,3;1001,1;-9999;22,6;21,7;23,1;22,5;22,2;21,7;95;94;95;51;1,4;,8;
2012-09-25;09:00;0;1001,7;1001,7;1001,3;-9999;22,7;21,9;22,7;22,5;21,9;21,6;95;95;95;311;1,2;,5;
2012-09-25;10:00;0;1002,3;1002,3;1001,7;-9999;22,7;21,8;22,8;22,4;22;21,5;95;95;95;320;2,5;,8;
2012-09-25;11:00;0;1003,1;1003,1;1002,3;44,5;22,9;22,1;22,9;22,5;22,1;21,7;95;95;95;35;1,6;,5;
2012-09-25;12:00;0;1003,9;1003,9;1003,1;424,1;24;22,5;24,2;22,9;23;22,1;95;91;91;357;2,9;,9;
2012-09-25;13:00;0;1004,4;1004,4;1003,9;1510,6;26,1;22,6;26,1;24;22,8;22,1;92;81;81;306;3,6;1,5;
2012-09-25;14:00;0;1005;1005;1004,4;1682,4;27;22,7;27,4;26,1;23,2;22,3;82;75;77;324;3,2;1,8;
2012-09-25;15:00;0;1004,5;1005;1004,5;2474,9;29,3;22,7;29,6;27;23,1;22;78;64;68;298;4,2;1,5;
2012-09-25;16:00;0;1003,7;1004,5;1003,7;2842,7;30,6;22,6;30,6;29,3;23,2;21,2;68;60;63;242;4,2;1,4;
2012-09-25;17:00;0;1002,4;1003,7;1002,4;3055,6;31,4;21,9;31,4;30,5;22,9;21,8;63;57;57;204;4,4;2,3;
2012-09-25;18:00;0;1001,2;1002,4;1001,2;3242,9;32,3;21,1;32,7;31,4;22,9;20,7;59;50;52;258;4,4;1,7;
2012-09-25;19:00;0;999,7;1001,2;999,7;2324,9;32,9;20,3;33,2;31,5;22;20,1;58;47;48;359;4,1;,7;
2012-09-25;20:00;0;998,2;999,7;998,2;1596,3;32,1;21,4;33,2;32,1;22,4;20,5;55;48;53;328;2,7;1,3;
2012-09-25;21:00;0;997,3;998,2;997,2;1139,9;31,1;23;32,4;31,1;23;21,6;62;53;62;345;4,1;1,6;
2012-09-25;22:00;0;997,1;997,3;997;219,3;28,1;23,2;31,1;28,1;23,3;22,4;75;61;75;2;4,3;1;
2012-09-25;23:00;0;998,1;998,1;997,1;9,1;26,4;23,7;28,1;26,4;23,7;22,7;85;74;85;72;2,2;,6;
2012-09-26;00:00;0;999,5;999,5;998,1;-9999;25,6;23,7;26,4;25,6;24,2;23,5;90;85;90;44;,9;,6;
2012-09-26;01:00;0;1000,5;1000,5;999,5;-9999;25,2;23,6;25,6;25,2;24,1;23,6;92;89;91;282;1,9;,2;
2012-09-26;02:00;0;1002;1002;1000,5;-9999;24,8;23,4;25,2;24,7;23,7;23,3;92;90;92;342;2,4;1,2;
2012-09-26;03:00;0;1003;1003;1002;-9999;24,9;23,2;24,9;24,5;23,6;23;93;91;91;330;2,4;,7;
2012-09-26;04:00;0;1002,9;1003;1002,8;-9999;24,3;23;24,9;24,3;23,4;23;93;91;93;341;1,9;,6;
2012-09-26;05:00;0;1002,3;1002,9;1002,3;-9999;24,2;23,1;24,3;24,1;23,2;22,9;94;93;94;74;3,5;1,3;
2012-09-26;06:00;,2;1001,3;1002,3;1001,3;-9999;24;22,9;24,5;24;23,3;22,8;94;92;94;57;3,5;,5;
2012-09-26;07:00;0;1001,1;1001,3;1001;-9999;23,7;22,8;24,1;23,6;23,1;22,7;95;93;95;302;1,8;,4;
2012-09-26;08:00;0;1001,4;1001,4;1001;-9999;23,6;22,7;23,9;23,5;23,1;22,6;95;94;95;70;1,2;,7;
2012-09-26;09:00;0;1001,5;1001,5;1001,2;-9999;23,5;22,6;24;23,4;23,2;22,5;95;94;95;77;1,4;,8;
2012-09-26;10:00;18,8;1002,8;1002,8;1001,5;-9999;23,6;22,9;23,9;23,5;23,1;22,7;96;95;96;165;5,9;2,2;
2012-09-26;11:00;5,8;1003,1;1003,8;1002,7;,5;21,9;21,2;23,7;21,9;23;21,2;96;95;96;34;6,4;1,4;
2012-09-26;12:00;2,4;1004,3;1004,3;1003,1;9,1;21,7;21;22,1;21,6;21,5;20,8;96;95;96;300;2,8;,8;
2012-09-26;13:00;1,8;1004,8;1004,9;1004,3;48,2;21,6;20,9;21,9;21,5;21,2;20,8;96;95;96;116;1,8;,3;
2012-09-26;14:00;0;1005,8;1006;1004,8;138,2;21,9;21,1;22,1;21,6;21,3;20,9;96;95;95;205;1,3;,6;
2012-09-26;15:00;,4;1006;1006,1;1005,8;528,5;23;21,8;23,1;21,9;22,2;21;96;92;93;236;2,6;1,1;
2012-09-26;16:00;0;1005,1;1006;1005,1;969,1;23,8;21,9;24;22,9;22,6;21,6;94;88;89;228;2,6;1;
2012-09-26;17:00;0;1002,9;1005,1;1002,9;1639,4;25,5;22,5;25,6;23,8;23,1;21,8;92;83;84;205;2,7;1,3;
2012-09-26;18:00;0;1001,3;1002,9;1001,3;2569,3;27;22,9;27,1;25,4;23,4;22,2;85;76;78;209;3,5;1,5;
2012-09-26;19:00;0;1000,1;1001,3;1000,1;1913,1;28,5;23,1;28,5;27;24,3;22,3;80;71;73;238;3,1;1,2;
2012-09-26;20:00;0;999,7;1000,1;999,7;1292,3;28,5;24,3;28,7;28,1;24,3;22,3;78;69;78;233;3,4;1,2;
2012-09-26;21:00;0;1000;1000,1;999,7;756,3;28;23,6;28,8;28;24,4;23,2;78;73;77;264;2,8;,7;
2012-09-26;22:00;0;1001,1;1001,1;1000;284;27;23,8;28,1;26,9;24,5;23,6;84;77;83;206;5,2;2;
2012-09-26;23:00;,8;1003,2;1003,2;1001,1;8;24,4;22,3;26,9;24,4;24,4;22,2;90;83;88;152;7,5;3;
2012-09-27;00:00;,4;1003,6;1003,7;1003,1;-9999;23,3;22,1;24,4;23,1;22,4;21,3;93;88;93;333;7,5;,9;
2012-09-27;01:00;1,6;1004,1;1004,3;1003,6;-9999;23;22;23,4;22,9;22,3;21,8;95;92;94;145;2;,4;
2012-09-27;02:00;0;1004,1;1004,4;1004,1;-9999;22,9;22;23;22,8;22,1;21,8;95;94;95;94;1,1;,4;
2012-09-27;03:00;0;1004,5;1004,5;1004,1;-9999;22,7;21,8;23;22,7;22,1;21,8;95;94;95;66;1,3;,4;
2012-09-27;04:00;0;1004,5;1004,6;1004,4;-9999;23,1;22,1;23,2;22,7;22,3;21,8;95;94;94;304;2,4;,5;
2012-09-27;05:00;0;1004,6;1004,7;1004,4;-9999;22,6;21,9;23;22,6;22,1;21,8;95;94;95;5;1,8;,7;
2012-09-27;06:00;0;1003,9;1004,6;1003,9;-9999;22,8;22;23;22,6;22,2;21,9;96;95;95;289;1,1;,5;
2012-09-27;07:00;0;1003,6;1003,9;1003,5;-9999;23,5;22,6;23,5;22,8;22,7;22;96;94;95;238;2,5;,9;
2012-09-27;08:00;0;1003,2;1003,6;1003,2;-9999;23,6;22,8;23,6;23,5;22,8;22,6;96;95;96;219;3,4;1,8;
2012-09-27;09:00;,2;1003,2;1003,3;1003,2;-9999;23,7;22,7;23,7;23,6;22,8;22,7;96;94;94;217;3,9;1,9;
2012-09-27;10:00;0;1003,7;1003,7;1003,2;-9999;23,5;22,5;23,7;23,5;22,7;22,5;94;94;94;218;5,6;2,6;
2012-09-27;11:00;0;1004,9;1004,9;1003,7;50,2;23,4;22,1;23,6;23,3;22,6;22,1;94;92;92;201;5,5;2,5;
2012-09-27;12:00;0;1006,2;1006,2;1004,9;149,3;23,4;21,8;23,5;23,4;22,2;21,8;93;91;91;223;5,4;2,1;
2012-09-27;13:00;0;1006,9;1006,9;1006,2;387,9;23,8;21,7;24;23,3;22,3;21,5;92;87;88;190;5,6;2,5;
2012-09-27;14:00;0;1007,1;1007,1;1006,9;517,2;24,2;22,2;24,4;23,8;22,3;21,6;89;86;89;202;4,6;2,4;
2012-09-27;15:00;0;1006,8;1007,2;1006,8;533,9;24,4;22,1;24,7;24,2;22,6;21,8;89;86;87;219;5,4;2,5;
2012-09-27;16:00;0;1006;1006,8;1006;1001,5;25,5;22,1;25,5;24,3;22,5;21,5;87;80;82;205;5,4;1,7;
2012-09-27;17:00;0;1004,7;1006;1004,7;1398,9;26,7;21,8;26,9;25,4;22,9;21,6;85;74;75;230;3,2;,8;
2012-09-27;18:00;0;1002,8;1004,7;1002,8;1927,6;28;22,5;28,1;26,4;22,8;21,5;80;70;72;201;3,4;1,4;
2012-09-27;19:00;0;1001,6;1002,8;1001,6;2368;29,3;22,1;29,5;28;22,9;21,5;73;64;65;335;3,5;1;
2012-09-27;20:00;0;1000,8;1001,6;1000,8;1730;29;23;30,2;28,8;23,6;21,5;71;64;70;248;5,6;1,5;
2012-09-27;21:00;0;1001,4;1001,4;1000,7;153,1;25,3;22,6;29;25,3;23,4;22,4;86;69;85;231;7,1;1,8;
2012-09-27;22:00;0;1001,5;1001,6;1001,4;145,8;25;23,3;25,4;25;23,6;22,5;91;85;90;226;4,3;1,1;
2012-09-27;23:00;,6;1002,5;1002,5;1001,4;3,9;24,4;23,1;25,1;24,4;23,7;23,1;93;90;93;294;1,8;,4;
2012-09-28;00:00;0;1003,7;1003,7;1002,5;-9999;24,2;23,2;24,4;24,1;23,3;22,9;94;93;94;280;1,9;,5;
2012-09-28;01:00;,2;1004,4;1004,6;1003,7;-9999;24,2;23,3;24,2;24;23,3;23,1;95;94;95;318;2,4;1;
2012-09-28;02:00;0;1005,6;1005,6;1004,4;-9999;23,9;23,1;24,1;23,9;23,2;23;95;94;95;64;2,4;,5;
2012-09-28;03:00;0;1005,6;1005,8;1005,6;-9999;23,9;23,2;24,1;23,9;23,2;23,1;95;95;95;41;1,4;,7;
2012-09-28;04:00;0;1005,1;1005,8;1005;-9999;22,8;21,5;24;22,8;23,2;21,4;96;91;93;26;4,6;1,2;
2012-09-28;05:00;,2;1004,8;1005,3;1004,8;-9999;22,6;21,7;22,8;22,4;21,7;21,4;95;93;95;359;4,1;,8;
2012-09-28;06:00;0;1004;1004,8;1003,9;-9999;22,4;21,6;22,6;22,4;21,7;21,5;95;94;95;313;1,9;,8;
2012-09-28;07:00;0;1004,1;1004,1;1003,7;-9999;22,3;21,4;22,5;22,3;21,7;21,4;95;95;95;37;1,7;,6;
2012-09-28;08:00;,6;1004,4;1004,4;1004;-9999;22,5;21,8;22,6;22,3;21,8;21,4;96;95;95;341;1,4;,8;
2012-09-28;09:00;,6;1004,1;1004,5;1004,1;-9999;22,6;21,8;22,7;22,5;22;21,8;96;95;95;314;1,9;,7;
2012-09-28;10:00;,2;1004,7;1004,7;1004,1;-9999;22,6;21,8;22,6;22,5;21,9;21,6;95;95;95;84;1,5;,3;
2012-09-28;11:00;0;1005,1;1005,1;1004,7;38,2;22,7;21,7;22,8;22,5;22;21,7;96;95;95;324;1,2;,5;
2012-09-28;12:00;1;1005,5;1005,5;1005,1;228,2;23,2;22,3;23,2;22,7;22,4;21,8;95;94;95;118;1,1;,6;
2012-09-28;13:00;0;1005,6;1005,6;1005,4;1057,5;24,7;22,4;24,7;23,3;23,5;22,2;95;87;87;164;3,2;1,5;
2012-09-28;14:00;0;1005,8;1005,8;1005,6;1684,8;26;22,6;26;24,6;23;21,9;88;80;81;161;3,2;1,3;
2012-09-28;15:00;0;1005,2;1005,9;1005,2;2918;28,1;22,8;28,3;26;23,5;21,7;83;68;73;190;3,5;1,5;
2012-09-28;16:00;0;1004,4;1005,2;1004,4;2422,6;28,4;22,9;28,7;27,9;23,7;22;78;69;72;153;4,3;1,3;
2012-09-28;17:00;0;1003,1;1004,4;1003,1;2545,1;29,4;22,7;30,2;28,4;24,3;21,4;73;61;67;154;4,7;1,3;
2012-09-28;18:00;0;1001,7;1003,1;1001,7;2293,2;30,1;21,7;30,9;29,4;23,8;21,5;70;59;61;44;3,4;,9;
2012-09-28;19:00;0;1000,6;1001,7;1000,6;2249,1;30,4;21,9;31,2;29,9;23,8;20,9;68;57;61;69;3,4;1;
2012-09-28;20:00;0;999,7;1000,6;999,7;2013,6;31,3;21,2;32;30,4;24;20,5;64;53;55;284;3,1;,9;
2012-09-28;21:00;0;999,9;999,9;999,6;1433,8;30,9;22;31,6;30,9;22,9;20,6;61;53;59;222;3,4;1,1;
2012-09-28;22:00;0;1000,7;1000,7;999,9;398,8;28,2;23,1;31,2;28,2;23,9;21,9;75;58;74;248;6,1;1,5;
2012-09-28;23:00;0;1001,8;1001,8;1000,7;11,6;26,7;24;28,2;26,7;24,2;23,2;85;74;85;302;3,6;,5;
2012-09-29;00:00;0;1002,9;1002,9;1001,8;-9999;25;22,1;26,6;25;24,1;22;89;81;84;350;5,2;,7;
2012-09-29;01:00;0;1003,8;1003,8;1002,6;-9999;24,2;22,3;25;24,1;22,4;21,7;89;83;89;158;2,2;,4;
2012-09-29;02:00;4,4;1004,8;1004,9;1003,9;-9999;23,4;22,3;24,4;23,4;22,7;21,5;94;85;94;35;2,8;1,4;
2012-09-29;03:00;2,2;1005,9;1006,2;1004,6;-9999;22,7;21,7;23,5;22,7;22,6;21,5;95;92;94;117;8,7;1,9;
2012-09-29;04:00;4;1004,9;1005,9;1004,9;-9999;22,1;21,2;22,8;21,8;21,7;20,5;95;92;94;201;5,8;,7;
2012-09-29;05:00;,2;1003,9;1004,9;1003,9;-9999;21,9;21,1;22,1;21,9;21,3;20,9;95;94;95;332;1,7;1,2;
2012-09-29;06:00;,2;1002,6;1003,9;1002,6;-9999;21,8;20,9;21,9;21,7;21,1;20,7;95;94;95;311;2;,4;
2012-09-29;07:00;0;1002,9;1003;1002,5;-9999;21,9;21,2;21,9;21,7;21,2;20,7;95;94;95;289;1,5;,5;
2012-09-29;08:00;,2;1003,2;1003,2;1002,8;-9999;22,2;21,3;22,2;21,9;21,5;21,1;96;95;95;232;2,7;,9;
2012-09-29;09:00;0;1003,7;1003,7;1003,2;-9999;21,9;21;22,2;21,9;21,3;21;95;94;95;333;2,8;,7;
2012-09-29;10:00;0;1004,3;1004,3;1003,6;-9999;21,9;21,1;22;21,9;21,3;20,9;95;94;95;140;1,6;,8;
2012-09-29;11:00;0;1004,8;1004,8;1004,3;45,5;22,3;21,5;22,3;21,9;21,5;21,1;95;95;95;175;2,1;,8;
2012-09-29;12:00;0;1005,5;1005,5;1004,8;399,7;22,6;21,2;22,7;22,2;21,8;21,1;95;91;92;180;1,6;,9;
2012-09-29;13:00;0;1006,1;1006,1;1005,5;759,3;23,3;21,2;23,5;22,6;21,8;20,8;93;87;88;66;1,9;,5;
2012-09-29;14:00;0;1006,5;1006,5;1006,1;982,3;24,5;21,6;24,6;23,3;22,8;20,9;90;84;84;45;2,8;1;
2012-09-29;15:00;0;1006,2;1006,5;1006,1;1672,1;25,7;21,9;25,8;24,5;22,3;21,2;85;78;79;334;2,3;,7;
2012-09-29;16:00;0;1005,5;1006,2;1005,5;1732;26,7;22,3;27;25,7;23,5;21,8;83;76;77;86;2,3;,9;
2012-09-29;17:00;0;1004,3;1005,5;1004,3;2334,7;28,1;22,4;28,6;26,6;23,4;22;81;69;71;351;2,2;1;
2012-09-29;18:00;0;1002,8;1004,3;1002,8;2819,7;29,6;23;30,1;28,1;23,6;21,2;73;60;68;150;2,8;1;
2012-09-29;19:00;0;1001,5;1002,8;1001,5;2393,4;30,2;21,6;30,3;29,2;24,5;21;73;59;60;160;4;1,6;
2012-09-29;20:00;0;1000,2;1001,5;1000,1;2019,1;30,7;22,2;30,9;30;22,9;20,8;65;56;61;125;3,9;,6;
2012-09-29;21:00;0;999,6;1000,2;999,5;1363,5;30,3;22,3;31,3;30,1;23,1;21,6;66;59;62;155;3,2;,9;
2012-09-29;22:00;0;1000;1000;999,6;371,8;28,8;23,2;30,4;28,8;24,1;21,5;74;59;72;142;1,8;,5;
2012-09-29;23:00;0;1000,6;1000,6;1000;17,7;26,6;24,3;28,8;26,6;25;23,3;87;72;87;19;1;,5;
2012-09-30;00:00;0;1001,9;1001,9;1000,6;-9999;25,6;24,1;26,6;25,6;24,5;24,1;92;87;92;84;,9;,6;
2012-09-30;01:00;0;1003,4;1003,4;1001,9;-9999;25,1;23,9;25,6;25;24,2;23,6;93;91;93;67;2;,9;
2012-09-30;02:00;15,6;1004,8;1005,4;1003,4;-9999;22,6;21,8;25,1;22,6;23,9;21,7;96;85;95;79;14,5;1,4;
2012-09-30;03:00;3;1004,8;1005,2;1004,8;-9999;22,7;22;22,7;22,4;22;21,6;96;95;96;201;3,8;,8;
2012-09-30;04:00;2,8;1004,4;1004,9;1004,4;-9999;22,8;22,1;22,8;22,7;22,1;21,9;96;95;96;128;1,9;,5;
2012-09-30;05:00;1,2;1003,3;1004,4;1003,3;-9999;22,8;22;22,9;22,7;22,2;22;96;95;95;216;2,2;1,3;
2012-09-30;06:00;0;1002,5;1003,3;1002,5;-9999;22,6;21,8;22,8;22,6;22;21,7;95;94;95;342;3,9;,6;
2012-09-30;07:00;,2;1002,4;1002,5;1002,1;-9999;22,3;21,5;22,6;22,3;21,8;21,5;96;95;96;45;1,2;,6;
2012-09-30;08:00;0;1002,2;1002,4;1002,1;-9999;22,3;21,6;22,3;22,2;21,6;21,5;96;96;96;74;2,6;,5;
2012-09-30;09:00;0;1002,3;1002,4;1002,1;-9999;22,1;21,4;22,3;22,1;21,6;21,4;96;96;96;77;1,4;,4;
2012-09-30;10:00;0;1002,9;1002,9;1002,3;-9999;22,1;21,4;22,2;22;21,5;21,4;96;96;96;67;1,3;,5;
2012-09-30;11:00;0;1003,4;1003,4;1002,9;82,6;22,3;21,6;22,3;22;21,6;21,4;96;96;96;32;1,1;,5;
2012-09-30;12:00;0;1004,1;1004,1;1003,4;435,2;22,7;21,8;22,7;22,3;22;21,6;96;94;95;350;2,4;1;
2012-09-30;13:00;0;1004,8;1004,8;1004,1;915,9;23,6;21,4;23,6;22,7;22,2;21,1;95;87;87;348;2;,9;
2012-09-30;14:00;0;1005,5;1005,5;1004,7;671,4;24,3;21,8;24,3;23,4;21,9;21,2;88;85;86;196;1,7;,5;
2012-09-30;15:00;0;1005,2;1005,7;1005,2;1488,5;25,8;22,1;25,9;24,2;22,8;21,4;87;79;80;195;3,1;1;
2012-09-30;16:00;0;1004,6;1005,2;1004,6;2035,5;27,1;22,6;27,1;25,5;23,2;21,7;84;73;76;205;5;2,4;
2012-09-30;17:00;0;1003,6;1004,6;1003,6;2297,4;28,5;22,2;28,7;27,1;23,2;21,9;78;69;69;239;3,9;1,2;
2012-09-30;18:00;0;1002,2;1003,6;1002,2;2377;28,9;22,4;29,5;28,4;23,2;22;72;66;68;256;3,8;1,4;
2012-09-30;19:00;0;1000,5;1002,2;1000,5;2714,1;30,4;22,7;30,6;28,9;23,4;21,6;71;61;64;260;3,7;1,5;
2012-09-30;20:00;0;999,2;1000,5;999,2;1728,4;29,5;23,3;30,7;29,5;23,3;21,7;69;60;69;298;3,8;1;
2012-09-30;21:00;0;998,6;999,2;998,4;779,8;29;23,2;30,1;28,9;23,9;22,4;75;64;71;321;3,2;,7;
2012-09-30;22:00;0;999,2;999,2;998,4;495,6;28,3;23,7;29,7;28,3;24,2;22,8;77;69;76;339;2,8;1,2;
2012-09-30;23:00;4;999,7;1000,2;999,2;34,7;24,6;23,3;28,3;24,6;24,2;22,6;93;76;92;348;6;1,8;
2012-10-01;00:00;0;1001,3;1001,4;999,7;-9999;24,1;23;24,6;24,1;23,3;22,8;94;92;94;310;3,3;,8;
2012-10-01;01:00;0;1002;1002;1001,2;-9999;24;22,9;24,1;23,8;23,2;22,7;95;93;94;266;1,5;,4;
2012-10-01;02:00;0;1002,6;1002,6;1002;-9999;23,6;22,7;24;23,6;23;22,7;95;93;95;17;1,7;,9;
2012-10-01;03:00;0;1002,9;1003;1002,6;-9999;23,6;22,7;23,7;23,5;22,8;22,7;95;95;95;6;2,2;,3;
2012-10-01;04:00;0;1002,6;1003,1;1002,6;-9999;23,4;22,6;23,6;23,4;22,7;22,6;95;95;95;25;1,8;,9;
2012-10-01;05:00;0;1001,6;1002,6;1001,6;-9999;23,6;22,8;23,7;23,3;22,9;22,5;96;95;95;295;1,8;,2;
2012-10-01;06:00;0;1000,9;1001,6;1000,9;-9999;23,2;22,4;23,6;23,1;22,8;22,3;96;95;96;64;1,4;,7;
2012-10-01;07:00;0;1000,4;1000,9;1000,4;-9999;23;22,3;23,2;23;22,4;22,2;96;96;96;54;1,5;,8;
2012-10-01;08:00;0;1000,5;1000,6;1000,4;-9999;23;22,3;23,1;22,9;22,4;22,2;96;95;95;43;2,4;,4;
2012-10-01;09:00;0;1000,7;1000,8;1000,5;-9999;22,7;21,9;23;22,7;22,3;21,9;96;95;95;29;1,7;1;
2012-10-01;10:00;0;1001,3;1001,3;1000,7;-9999;22,9;22,2;23;22,6;22,2;21,9;96;95;95;329;1,5;,3;
2012-10-01;11:00;0;1002,3;1002,3;1001,3;50,5;23,3;22,5;23,4;22,8;22,6;22;96;95;95;336;1,1;,4;
2012-10-01;12:00;0;1003,3;1003,3;1002,3;500,8;24,4;22,9;24,6;23,2;23,4;22,4;95;91;91;289;1,7;,7;
2012-10-01;13:00;0;1004,1;1004,1;1003,3;1449,6;26,2;23,3;26,2;24,4;23,5;22,6;92;83;84;292;3,5;1,7;
2012-10-01;14:00;0;1004,6;1004,6;1004,1;1657,9;27;23;27,2;25,9;23,6;22,5;85;76;79;329;3,6;1,5;
2012-10-01;15:00;0;1004,2;1004,6;1004,2;2453,1;28,9;22,6;29,1;27;24;21,9;81;66;69;244;3,6;1;
2012-10-01;16:00;0;1003,3;1004,2;1003,3;2555,2;29,6;22,7;30,1;28,9;23,6;22,3;72;65;66;298;3,6;,9;
2012-10-01;17:00;0;1001,5;1003,3;1001,5;2982;31,4;22,7;31,5;29,6;23,7;21,8;70;58;60;265;3,2;1,2;
2012-10-01;18:00;0;999,8;1001,5;999,8;1877,2;30,2;23,2;31,8;30;24,2;21,1;71;54;66;271;3,7;1,1;
2012-10-01;19:00;0;998,2;999,8;998,2;2109,5;31,8;20,3;32,2;30,1;24;20,3;69;51;51;228;3,7;1,1;
2012-10-01;20:00;0;997,4;998,2;997,4;1905,2;32,8;21,7;32,8;31,4;23,2;20,3;60;50;52;310;3,4;,9;
2012-10-01;21:00;0;997,8;997,8;997,2;1187,1;28;23,3;33,2;28;23,8;19,9;76;47;76;29;5,3;2,3;
2012-10-01;22:00;0;998,5;998,5;997,8;118,6;26,5;23,6;27,9;26,4;23,8;23,2;85;76;84;360;5,2;,9;
2012-10-01;23:00;0;999,8;999,8;998,5;2,1;26;23,7;26,6;26;24,2;23,5;89;84;87;299;2,3;,6;
2012-10-02;00:00;0;1000,7;1000,7;999,8;-9999;25,3;23,5;26,1;25,3;23,9;23,2;90;86;90;261;2,6;,4;
2012-10-02;01:00;0;1001;1001;1000,6;-9999;25;23,2;25,4;25;23,7;22,6;90;86;90;291;2,7;,8;
2012-10-02;02:00;0;1002;1002;1001;-9999;24,6;23;25;24,6;23,3;23;92;89;91;246;2,7;,6;
2012-10-02;03:00;0;1002,5;1002,5;1002;-9999;24,2;22,9;24,6;24,2;23,2;22,7;92;90;92;308;1,7;,7;
2012-10-02;04:00;0;1002,5;1002,7;1002,4;-9999;24,2;22,6;24,3;24;23,1;22,6;94;91;91;196;3,4;1,9;
2012-10-02;05:00;0;1001,5;1002,5;1001,5;-9999;24,2;23;24,3;24,1;23,1;22,6;93;91;93;265;4,1;,5;
2012-10-02;06:00;0;1000,7;1001,5;1000,7;-9999;23,9;22,7;24,2;23,9;23;22,7;94;93;94;270;1,8;,5;
2012-10-02;07:00;0;1000,2;1000,7;1000,1;-9999;23,4;22,5;23,8;23,4;22,8;22,5;94;93;94;65;1,3;,4;
2012-10-02;08:00;0;1000,3;1000,3;1000,2;-9999;23,2;22,4;23,5;23,2;22,5;22,4;95;94;95;26;1,5;1;
2012-10-02;09:00;0;1000,5;1000,5;1000,3;-9999;23,1;22,3;23,2;23,1;22,5;22,2;95;95;95;322;1,4;,7;
2012-10-02;10:00;0;1001;1001;1000,5;-9999;23;22,2;23,1;22,9;22,3;22,2;96;95;96;235;1,3;,5;
2012-10-02;11:00;0;1001,8;1001,8;1001;36,7;23,2;22,5;23,4;22,9;22,7;22,1;96;96;96;199;2;,7;
2012-10-02;12:00;0;1003,3;1003,3;1001,9;241,3;23,5;22,4;23,5;23,2;22,8;22,2;96;93;94;198;2,6;,8;
2012-10-02;13:00;0;1003,9;1004;1003,3;1228,6;24,9;22;25;23,5;22,7;21,7;94;82;84;216;2,7;1,2;
2012-10-02;14:00;0;1003,9;1004;1003,9;2260,4;27,2;21,7;27,3;24,9;22,8;20,8;84;71;72;237;2,8;,9;
2012-10-02;15:00;0;1003,4;1003,9;1003,4;2706,8;28,9;22,6;28,9;27,2;22,8;21,2;72;67;69;305;3,4;1,4;
2012-10-02;16:00;0;1002,5;1003,4;1002,5;3055,9;30,3;23,2;30,5;28,9;23,5;22,5;71;64;66;318;3,4;1,2;
2012-10-02;17:00;0;1001,5;1002,5;1001,5;2778,2;31;23,9;31,6;30,3;24,9;22,6;70;61;66;13;3,4;,8;
2012-10-02;18:00;0;1000,2;1001,5;1000,2;1852,9;31,8;22,9;32;30,8;24,4;22,4;69;58;60;234;3,5;1,5;
2012-10-02;19:00;0;999;1000,2;999;2729,4;32,4;21,7;32,7;31,8;23,7;21,7;62;53;54;216;4,2;1,4;
2012-10-02;20:00;0;998;999;998;1918,5;30,9;22,9;33,4;30,9;23,5;21,3;64;50;62;342;5,2;2,4;
2012-10-02;21:00;5,6;998,9;999,6;998;410,6;24,1;23,1;30,9;24,1;23,8;22,5;94;62;94;314;11,1;1,9;
2012-10-02;22:00;,2;998,4;998,9;998,2;47,9;23,8;22,6;24,2;23,6;23,1;22,1;94;91;93;76;4,7;,4;
2012-10-02;23:00;0;999;999;998,2;4;23,6;22,5;24;23,6;23,1;22,4;95;92;93;163;2,6;,7;
2012-10-03;00:00;0;1000,5;1000,5;999;-9999;23,5;22,6;23,9;23,4;22,8;22,4;95;93;95;50;1,5;,7;
2012-10-03;01:00;0;1000,4;1000,6;1000,4;-9999;23,4;22,5;23,6;23,4;22,7;22,5;95;94;95;6;1,8;,9;
2012-10-03;02:00;0;1001,2;1001,2;1000,4;-9999;23,4;22,5;23,5;23,3;22,6;22,4;95;94;95;328;2,4;,6;
2012-10-03;03:00;0;1001,5;1001,7;1001,2;-9999;23,1;22,3;23,4;23;22,5;22,2;95;95;95;136;2,1;,4;
2012-10-03;04:00;0;1000,9;1001,5;1000,8;-9999;22,9;22,1;23,2;22,9;22,5;22;96;95;95;316;1,6;,5;
2012-10-03;05:00;0;1001,4;1001,4;1000,9;-9999;22,9;22,2;23,1;22,6;22,4;21,8;96;95;95;35;2;,5;
2012-10-03;06:00;0;1001,2;1001,7;1001,1;-9999;23;22,2;23,3;22,9;22,4;22,1;96;94;95;70;2,4;,8;
2012-10-03;07:00;,6;1001,7;1001,8;1001,1;-9999;23,3;22,5;23,3;23;22,5;22,2;96;94;95;132;3,9;,7;
2012-10-03;08:00;1;1001,6;1001,7;1001,2;-9999;23,2;22,4;23,3;23,1;22,6;22,3;96;95;95;349;2,3;1,2;
2012-10-03;09:00;1,2;1001,4;1002;1001,4;-9999;23;22,2;23,3;23;22,5;22,1;96;95;95;348;4,1;1,8;
2012-10-03;10:00;0;1001,8;1001,9;1001,4;-9999;23;22,1;23,1;23;22,2;22,1;95;95;95;343;4,7;1;
2012-10-03;11:00;0;1002,4;1002,4;1001,8;70,3;23,1;22,3;23,1;22,9;22,3;22,1;95;95;95;46;2,6;,6;
2012-10-03;12:00;0;1003,4;1003,4;1002,4;589,3;24;22,5;24;23,1;22,6;22,1;95;90;91;8;1,5;,8;
2012-10-03;13:00;0;1003,8;1003,9;1003,4;1554,3;25,8;22,4;26;24;23,1;22;92;81;81;42;2,7;1,2;
2012-10-03;14:00;0;1003,7;1003,8;1003,7;2326,5;28,2;24,5;28,2;25,8;24,5;22,5;84;75;81;62;4,1;1,9;
2012-10-03;15:00;0;1003,4;1003,7;1003,4;2777;29,9;23,5;30,1;28,1;24,8;22,8;81;67;69;52;3,6;1,2;
2012-10-03;16:00;0;1002,6;1003,4;1002,6;2969;30,6;25;30,9;29,7;25;21,8;72;60;72;350;4;1,3;
2012-10-03;17:00;0;1001,7;1002,6;1001,7;2792,5;31,2;20,6;31,8;30,3;24,5;20,6;72;53;53;174;4;1,8;
2012-10-03;18:00;0;1000,3;1001,7;1000,3;2827,4;32,7;23,1;32,9;31,1;25,1;21;64;53;57;206;3,4;,9;
2012-10-03;19:00;0;998,7;1000,3;998,7;2320,6;32,5;23,2;33;32,4;24,8;21,7;65;53;58;117;3,7;1;
2012-10-03;20:00;0;998;998,7;998;1261,3;31,7;24,3;32,9;31,7;24,4;21,6;65;53;65;206;3,3;,8;
2012-10-03;21:00;0;997,9;998;997,7;477,7;29,5;24,6;31,8;29,5;25,6;23,7;75;65;75;315;3;1,6;
2012-10-03;22:00;0;998,7;998,7;997,9;223;28,1;24,5;29,5;28,1;25;24,1;81;75;81;323;3;,7;
2012-10-03;23:00;0;999,2;999,2;998,5;7,4;26,5;24,6;28,1;26,5;24,8;24;89;80;89;128;1,8;,9;
2012-10-04;00:00;0;1000,1;1000,2;999,2;-9999;26;23,7;26,6;26;25;22,8;92;82;87;2;5,7;,5;
2012-10-04;01:00;0;1001,1;1001,1;1000;-9999;25,2;23,8;26;25,2;24,1;23,6;92;86;92;54;1,6;1;
2012-10-04;02:00;0;1001,6;1001,7;1001,1;-9999;24,7;23,7;25,3;24,7;24,1;23,7;94;92;94;53;1,6;,9;
2012-10-04;03:00;0;1002;1002;1001,6;-9999;24,6;23,7;24,9;24,6;23,9;23,6;95;94;94;324;1,6;,6;
2012-10-04;04:00;0;1001,6;1002;1001,6;-9999;24,6;23,5;24,7;24,4;23,8;23,4;95;94;94;321;1,7;,6;
2012-10-04;05:00;0;1001,2;1001,6;1001,1;-9999;24,3;23,5;24,7;24,3;23,7;23,4;95;94;95;61;1,3;,7;
2012-10-04;06:00;0;1000,9;1001,2;1000,8;-9999;24,3;23,4;24,4;24,3;23,5;23,3;95;94;95;180;1,3;,9;
2012-10-04;07:00;0;1000,6;1000,9;1000,5;-9999;23,9;23;24,3;23,9;23,4;23;95;95;95;56;1,2;,3;
2012-10-04;08:00;0;1000,6;1000,7;1000,4;-9999;23,9;23,1;24;23,8;23,3;23;96;95;95;96;1,6;,6;
2012-10-04;09:00;,2;1000,8;1001;1000,6;-9999;24,1;22,7;24,4;23,9;23,6;22,7;96;92;92;178;3,5;1,2;
2012-10-04;10:00;7,6;1001,7;1002,4;1000,7;-9999;23,5;22,5;24,1;23,5;23,2;22,4;95;91;94;149;5,6;1,6;
2012-10-04;11:00;1,6;1002,9;1002,9;1001,4;32,4;23,5;22,7;23,6;23,3;22,9;22,4;96;94;95;79;4;1,1;
2012-10-04;12:00;1;1003,9;1003,9;1002,8;84,6;23,7;23;23,7;23,5;23;22,7;96;95;96;14;2,6;,9;
2012-10-04;13:00;0;1004,2;1004,2;1003,8;195,2;23,9;22,8;24;23,6;23;22,5;96;93;93;214;3,2;1,7;
2012-10-04;14:00;0;1004,3;1004,3;1004;1247;24,9;22,2;25,1;23,5;22,8;21,7;93;85;85;194;4,1;1,2;
2012-10-04;15:00;0;1004,4;1004,6;1004,3;1977,7;26,9;23;27;24,8;23,3;21,7;86;77;80;212;3,2;1,5;
2012-10-04;16:00;0;1003,2;1004,4;1003,2;1407,4;27,6;22,8;27,7;26,7;23,8;22,6;82;75;75;207;3,2;1,4;
2012-10-04;17:00;0;1002,1;1003,2;1002,1;2678,8;29,4;23,4;29,6;27,6;23,9;22,4;78;66;70;231;3,4;1,3;
2012-10-04;18:00;0;1000,2;1002;1000,2;2584,3;30,1;22,2;30,1;29;23,9;21,6;73;62;63;226;4,3;1,5;
2012-10-04;19:00;0;998,3;1000,2;998,3;2474,7;30,3;23,4;30,7;29,8;24,1;21,8;69;61;67;206;3,9;2,3;
2012-10-04;20:00;0;997,4;998,3;997,3;1910,9;30,7;23,2;30,9;30,1;24,4;22,5;70;61;64;94;3,9;1;
2012-10-04;21:00;0;996,7;997,6;996,7;1370,3;30,8;23,6;31,3;30,4;24,5;22,4;68;61;66;167;2,5;,6;
2012-10-04;22:00;0;997,5;997,5;996,7;297,2;28,7;24,9;30,9;28,7;25,6;22,7;82;63;80;311;1,4;,5;
2012-10-04;23:00;0;998,1;998,1;997,4;5,3;26,9;25;28,7;26,9;25,6;24,6;90;79;89;66;1;,2;
2012-10-05;00:00;0;999,7;999,7;998,1;-9999;26,4;25,1;27;26,4;25,5;24,9;93;89;93;91;1,2;,7;
2012-10-05;01:00;0;1000,5;1000,5;999,7;-9999;26,1;25;26,6;26,1;25,4;24,9;94;92;94;41;1,1;,7;
2012-10-05;02:00;0;1001,3;1001,3;1000,5;-9999;26;24,8;26,2;26;25,1;24,5;94;91;93;257;1,6;,5;
2012-10-05;03:00;0;1001,4;1001,6;1001,3;-9999;25,7;24,7;26;25,4;24,7;24,4;95;93;94;241;1,4;,4;
2012-10-05;04:00;0;1000,8;1001,4;1000,8;-9999;25,3;24,3;25,8;25,2;24,8;24,2;95;94;94;218;1;,4;
2012-10-05;05:00;0;1000;1000,8;1000;-9999;25,1;24,1;25,5;25,1;24,5;24,1;95;93;94;213;1,8;,5;
2012-10-05;06:00;0;999,6;1000;999,5;-9999;25,6;24,3;25,6;25,1;24,5;24,1;95;92;93;239;2,9;,7;
2012-10-05;07:00;0;999,2;999,6;999,2;-9999;25,3;24,1;25,6;25,3;24,3;23,8;93;91;93;238;4,1;,9;
2012-10-05;08:00;0;999,3;999,4;999,2;-9999;25,3;24;25,4;25,2;24,1;23,8;93;92;92;230;2,9;1,1;
2012-10-05;09:00;0;999,7;999,7;999,3;-9999;25,2;24;25,4;25,2;24,1;23,7;93;92;93;229;3,2;,9;
2012-10-05;10:00;0;1000,5;1000,5;999,7;-9999;24,9;23,8;25,2;24,9;23,9;23,7;94;92;94;224;2,1;,9;
2012-10-05;11:00;0;1001,2;1001,2;1000,5;45,5;25,1;23,8;25,1;24,9;23,9;23,7;94;92;93;209;2,7;1,5;
2012-10-05;12:00;0;1001,5;1001,5;1001,2;285,9;25,5;23,7;25,5;25;23,9;23,5;93;90;90;207;3,5;1,8;
2012-10-05;13:00;0;1002,4;1002,4;1001,5;645,1;26;23,4;26;25,3;23,8;23,4;91;85;85;296;3,6;,5;
2012-10-05;14:00;0;1002,4;1002,6;1002,4;1466,4;27,7;23,7;27,8;26;24,1;23,1;85;77;79;298;3,4;,9;
2012-10-05;15:00;0;1002,1;1002,5;1002,1;2102;28,9;23,5;29,2;27,6;24,1;23;81;70;73;159;2,5;,7;
2012-10-05;16:00;0;1001;1002,1;1001;1870,2;29,7;24,1;29,9;28,9;24,4;23,3;76;69;72;170;3,3;1,6;
2012-10-05;17:00;,2;999,6;1001;999,6;718,5;27,7;24,8;29,8;27,7;25,3;23,6;86;71;84;145;4,6;1,4;
2012-10-05;18:00;0;998,7;999,6;998,7;696;26,2;22,9;28;26,2;25,7;22,9;88;81;82;344;5,6;2,3;
2012-10-05;19:00;0;997,8;998,7;997,8;498,1;26,4;23,8;26,4;25,8;24,1;22,9;88;82;85;323;5,6;,6;
2012-10-05;20:00;0;996,9;997,8;996,8;582,8;26,7;24,3;26,7;26,3;24,3;23,2;87;83;87;157;1,6;,5;
2012-10-05;21:00;0;996,6;996,9;996,5;473,8;27,2;24,8;27,2;26,6;25;23,8;88;83;87;107;1,8;,6;
2012-10-05;22:00;0;996,7;996,7;996,5;166,9;26,3;24,6;27,2;26,3;25;24,4;90;87;90;149;2,1;,8;
2012-10-05;23:00;0;996,7;996,9;996,3;,3;25,9;24,7;26,3;25,8;24,8;24,5;94;90;93;182;1,7;,9;
2012-10-06;00:00;0;997,4;997,4;996,7;-9999;25,3;24,3;25,9;25,3;24,8;24,3;94;93;94;72;1,7;,6;
2012-10-06;01:00;0;998,5;998,5;997,4;-9999;25;24,1;25,3;25;24,4;24;95;94;94;195;1;,4;
2012-10-06;02:00;0;998,7;998,7;998,3;-9999;24,5;23,7;25;24,5;24,1;23,6;95;94;95;68;,8;,3;
2012-10-06;03:00;0;998,7;998,9;998,6;-9999;24,2;23,4;24,6;24,2;23,8;23,4;95;95;95;137;1,3;,7;
2012-10-06;04:00;0;998,6;998,8;998,6;-9999;23,8;23;24,3;23,8;23,5;23;96;95;95;68;1,9;,7;
2012-10-06;05:00;0;998,8;998,9;998,6;-9999;23,5;22,8;24;23,5;23,3;22,7;96;95;96;79;1,3;,7;
2012-10-06;06:00;0;998,2;998,8;998,2;-9999;23,5;22,8;23,8;23,5;23,1;22,7;96;96;96;65;1,2;,3;
2012-10-06;07:00;0;998,3;998,4;998,2;-9999;23,7;23;23,9;23,5;23,1;22,8;96;96;96;180;1,4;,5;
2012-10-06;08:00;,2;998,5;998,6;998,3;-9999;23,9;23,2;24,1;23,7;23,4;23;96;96;96;332;2,4;,9;
2012-10-06;09:00;,4;998,3;998,7;998,2;-9999;23,9;23,2;24,1;23,8;23,3;23,1;96;96;96;56;2,1;,4;
2012-10-06;10:00;0;998,8;998,8;998,2;-9999;23,8;23,1;24;23,8;23,3;23,1;96;96;96;30;1;,3;
2012-10-06;11:00;0;999,7;999,7;998,8;72,9;23,8;23,1;23,9;23,6;23,2;22,9;96;96;96;34;1;,8;
2012-10-06;12:00;0;1000,6;1000,6;999,7;752,6;25,5;23,2;25,6;23,8;24;23,1;96;87;87;237;1,3;,7;
2012-10-06;13:00;0;1000,8;1000,9;1000,6;1675,3;27,2;23,9;27,2;25,3;24;22,8;89;80;82;181;2,9;1,5;
2012-10-06;14:00;0;1000,8;1001;1000,8;2383,9;29,8;24;29,9;27,2;25,3;23,3;83;70;71;102;3,3;1;
2012-10-06;15:00;0;1000,7;1000,9;1000,7;2854,5;31,1;24;31,4;29,8;24,4;22,5;73;60;66;91;5;1,3;
2012-10-06;16:00;0;999,7;1000,7;999,7;3074,9;32,1;22,5;32,2;31,1;24,3;22,2;68;56;57;156;5,7;1,6;
2012-10-06;17:00;0;998,2;999,7;998,2;3239,7;33,3;22,9;33,4;32,1;24,7;22,5;63;53;54;141;5,8;1,6;
2012-10-06;18:00;0;996,6;998,2;996,6;3075,2;33,7;22,9;34,1;33,3;24,2;22,1;59;50;53;78;6,7;1,4;
2012-10-06;19:00;0;995;996,6;995;2662,3;33,9;23,5;34,3;33,4;23,7;21,7;56;49;55;110;6;1,6;
2012-10-06;20:00;0;994,4;995;994,3;2008,1;33,5;22,5;34,2;33,4;23,9;21,7;56;49;53;113;6;1,4;
2012-10-06;21:00;0;994,4;994,4;994,3;1325;32,8;22,2;33,9;32,7;23,3;21,5;57;50;54;117;5;1,3;
2012-10-06;22:00;0;994,7;994,8;994,4;335,2;30,5;23,5;32,9;30,5;23,9;22,2;68;54;66;132;4,2;,6;
2012-10-06;23:00;0;995,9;995,9;994,7;6,7;27,7;24;30,5;27,7;24;22,5;81;66;81;76;2,9;,7;
2012-10-07;00:00;0;996,3;996,3;995,9;-9999;26,7;22,3;27,9;26,7;24,2;21,9;82;71;77;45;7;1,6;
2012-10-07;01:00;0;997,3;997,4;996,2;-9999;25,5;22,8;26,7;25,4;22,8;21,9;85;77;85;337;3;,5;
2012-10-07;02:00;0;998;998;997,3;-9999;24,8;22,9;25,5;24,7;23,4;22,4;91;84;89;244;1,6;,4;
2012-10-07;03:00;0;998,9;998,9;998;-9999;24,3;23;25;24,3;23,5;22,6;92;88;92;101;2,3;,6;
2012-10-07;04:00;0;999;999,3;998,8;-9999;24,1;23;24,4;23,8;23,1;22,6;94;92;94;206;1,6;,6;
2012-10-07;05:00;0;998,5;999;998,5;-9999;23,6;22,6;24,1;23,5;23;22,5;95;93;94;188;1,7;,2;
2012-10-07;06:00;0;998,5;998,5;998,4;-9999;23,4;22,5;23,6;23,2;22,7;22,3;95;94;95;339;2,1;,9;
2012-10-07;07:00;0;998,8;998,8;998,5;-9999;23,2;22,2;23,5;23;22,4;22,1;95;93;94;289;2,1;,6;
2012-10-07;08:00;0;998,4;998,8;998,3;-9999;22,8;22;23,2;22,7;22,2;21,9;95;94;95;43;1,8;,3;
2012-10-07;09:00;0;998,5;998,5;998,2;-9999;23;22,2;23;22,6;22,2;21,8;96;95;95;353;2,3;,8;
2012-10-07;10:00;0;999,2;999,2;998,5;-9999;22,7;21,9;23,1;22,6;22,2;21,6;95;94;95;338;2,3;,8;
2012-10-07;11:00;0;1000,1;1000,1;999,2;109;23,6;22,6;23,6;22,5;22,6;21,7;95;94;94;310;1,8;,3;
2012-10-07;12:00;0;1001,5;1001,5;1000,1;686,5;25,5;23,1;25,7;23,6;23,6;22,3;94;85;87;211;2,1;1,2;
2012-10-07;13:00;0;1002,3;1002,3;1001,5;1367,5;27,9;23,3;27,9;25,5;23,5;21,9;87;75;76;309;2,4;,6;
2012-10-07;14:00;0;1002,5;1002,5;1002,2;1727;28,8;23,5;28,9;27,8;24,1;22,2;77;70;73;339;2,7;1,1;
2012-10-07;15:00;0;1002,3;1002,5;1002,2;2437,6;30,3;24;30,6;28,7;24,4;22,9;73;67;69;287;3;1,2;
2012-10-07;16:00;0;1001,1;1002,3;1001,1;2454,5;31,3;23,3;31,6;30,2;24,6;23,3;70;62;63;218;4;2,1;
2012-10-07;17:00;,4;999,4;1001,1;999,4;2314,2;31,8;23,5;32;29,6;25,8;22,6;80;59;61;198;4,2;1;
2012-10-07;18:00;0;998,6;999,4;998,4;2845,1;30,8;23,6;33;30,8;24;21,6;66;52;66;353;4,6;1,9;
2012-10-07;19:00;8,6;998,8;999,1;998,1;421,9;25,8;23,7;30,7;24,4;24,6;22,5;92;66;88;226;12,5;2,2;
2012-10-07;20:00;0;997,2;998,8;997,2;152,7;24,9;23,2;25,8;24,8;23,8;22,2;92;84;90;299;5,2;1;
2012-10-07;21:00;0;998,2;998,3;997,2;90,9;24,5;22,5;25;24,4;23,7;22,3;92;87;89;320;2,6;,6;
2012-10-07;22:00;0;999;999;998,1;44,6;24,2;22,8;24,5;24,2;23;22,2;92;88;92;1;2;,7;
2012-10-07;23:00;0;999,3;999,3;999;-9999;23,8;22,9;24,2;23,7;22,9;22,3;95;90;95;65;1,5;,7;
2012-10-08;00:00;0;1000,3;1000,3;999,3;-9999;23,7;22,8;24;23,7;23;22,7;95;94;95;8;1,4;,3;
2012-10-08;01:00;0;1001,3;1001,4;1000,3;-9999;23,5;22,7;23,7;23,4;22,9;22,6;95;95;95;86;1,1;,5;
2012-10-08;02:00;0;1002,7;1002,7;1001,3;-9999;23,6;22,8;23,6;23,3;22,8;22,5;96;95;95;274;1,6;,6;
2012-10-08;03:00;0;1003,2;1003,2;1002,7;-9999;23,3;22,5;23,6;23,3;22,8;22,4;95;95;95;268;1,6;,5;
2012-10-08;04:00;0;1003;1003,2;1003;-9999;23,2;22,2;23,4;23,2;22,6;22,1;95;94;94;264;3,1;,6;
2012-10-08;05:00;0;1002,4;1003;1002,4;-9999;22,8;21,6;23,2;22,8;22,2;21,6;94;93;93;290;2,8;,7;
2012-10-08;06:00;0;1001,6;1002,4;1001,6;-9999;22,6;21,7;23;22,6;21,9;21,5;95;93;95;323;2,2;,5;
2012-10-08;07:00;0;1001,5;1001,7;1001,5;-9999;22,3;21,6;22,6;22,3;21,9;21,5;96;95;96;236;1;,4;
2012-10-08;08:00;0;1001,7;1001,7;1001,4;-9999;22,1;21,4;22,3;22,1;21,6;21,3;96;95;96;290;1;,3;
2012-10-08;09:00;0;1002;1002;1001,6;-9999;21,9;21,2;22,1;21,9;21,4;21,2;96;96;96;122;,9;,3;
2012-10-08;10:00;0;1002,5;1002,5;1002;-9999;21,7;21,1;22,1;21,6;21,5;20,9;96;96;96;289;,9;,3;
2012-10-08;11:00;0;1003,8;1003,8;1002,5;86,3;22,3;21,7;22,3;21,6;21,7;20,9;96;96;96;244;1,1;,4;
2012-10-08;12:00;0;1004,5;1004,5;1003,8;469,9;22,9;21,8;23;22,3;22,1;21,6;96;93;93;227;2,7;1,2;
2012-10-08;13:00;0;1005,1;1005,1;1004,5;914,4;23,9;22;24,1;22,9;22,3;21,6;94;87;89;241;3,5;1,3;
2012-10-08;14:00;0;1005,7;1005,7;1005;879,7;24,5;22,3;24,5;23,8;22,6;21,8;91;86;87;207;3,6;1,9;
2012-10-08;15:00;0;1005,3;1005,7;1005,3;1328,6;25,5;22,7;25,6;24,5;22,7;21,9;88;82;84;213;3,5;1,8;
2012-10-08;16:00;0;1004,2;1005,4;1004,2;1151,7;25,9;22,7;26,1;25,2;23,2;22,2;86;81;83;208;4,2;1,8;
2012-10-08;17:00;0;1003,2;1004,2;1003,2;966,8;26,5;22,8;26,6;25,7;23,2;22,2;84;79;80;219;3,4;1,6;
2012-10-08;18:00;0;1002,8;1003,2;1002,8;688,9;26,5;23,1;26,9;26,4;23,5;22,6;83;78;82;277;3,4;1;
2012-10-08;19:00;0;1001,9;1002,8;1001,9;527,3;26,7;23,3;26,7;26,4;23,5;22,8;83;80;82;252;3,4;,9;
2012-10-08;20:00;0;1001,1;1001,9;1001;1155,8;26,9;23,4;27,4;26,7;23,7;22,9;82;77;81;215;4,6;2,2;
2012-10-08;21:00;0;1000,9;1001,1;1000,7;787,7;26,9;23,2;27,1;26,7;23,7;23;82;79;80;186;4,4;1,3;
2012-10-08;22:00;0;1000,9;1000,9;1000,5;290,4;26,2;23,1;27;26,2;23,8;22,9;84;80;84;199;3,7;1,2;
2012-10-08;23:00;0;1001,4;1001,4;1000,9;12,5;24,9;23,5;26,2;24,8;23,6;23,1;92;83;92;33;2,4;,5;
2012-10-09;00:00;0;1001,5;1001,5;1001,1;-9999;24,4;23,3;24,9;24,4;23,7;23,3;94;92;94;146;1,2;,7;
2012-10-09;01:00;0;1001,8;1002;1001,5;-9999;24,2;23,2;24,4;24,1;23,4;23,1;95;94;94;279;1,3;,6;
2012-10-09;02:00;0;1002,8;1002,8;1001,8;-9999;23,6;22,8;24,2;23,5;23,2;22,5;95;94;95;44;1,8;1,3;
2012-10-09;03:00;0;1002,9;1002,9;1002,7;-9999;23,4;22,6;23,8;23,4;23;22,6;95;95;95;161;1,8;,4;
2012-10-09;04:00;0;1002,5;1003;1002,5;-9999;22,9;22;23,4;22,9;22,6;22;96;95;95;118;1,2;,4;
2012-10-09;05:00;0;1002;1002,5;1002;-9999;22,9;22,1;23;22,9;22,3;22,1;96;95;96;19;1;,3;
2012-10-09;06:00;0;1002;1002;1001,7;-9999;22,7;22;22,9;22,6;22,1;21,8;96;95;96;263;,8;,3;
2012-10-09;07:00;0;1001,9;1002,1;1001,9;-9999;22,7;22;22,8;22,5;22,1;21,7;96;95;96;249;1,3;,6;
2012-10-09;08:00;0;1002,1;1002,2;1001,9;-9999;23,2;22,4;23,2;22,6;22,5;21,8;96;95;95;250;2,3;,7;
2012-10-09;09:00;0;1002,5;1002,6;1002,1;-9999;23,3;22,5;23,4;23,1;22,6;22,3;96;95;95;298;2,3;,5;
2012-10-09;10:00;0;1003,1;1003,2;1002,5;-9999;23,1;22,2;23,3;23,1;22,5;21,9;95;93;94;15;2,7;,6;
2012-10-09;11:00;0;1003,7;1003,7;1003;72,8;23,4;22,6;23,4;23;22,6;22,1;95;94;95;14;1,8;,7;
2012-10-09;12:00;0;1004,7;1004,7;1003,7;278,1;24,4;23,1;24,4;23,4;23,2;22,6;95;92;92;253;1,7;,4;
2012-10-09;13:00;0;1005,1;1005,1;1004,6;591,5;25,7;23,7;25,7;24,4;23,7;23,1;93;88;89;224;2,2;,8;
2012-10-09;14:00;0;1005,3;1005,3;1005,1;685,7;26,1;23,8;26,1;25,4;24;23,5;91;87;87;224;2,6;1,2;
2012-10-09;15:00;0;1004,5;1005,3;1004,5;1898,8;28,3;23,1;28,4;26;24;22,6;88;74;74;275;3,3;1,4;
2012-10-09;16:00;0;1003,5;1004,5;1003,5;2790,4;29,4;23,3;29,5;28,1;23,9;22,6;76;68;70;255;5,4;1,4;
2012-10-09;17:00;0;1002,2;1003,5;1002,2;1922,9;30,1;23,3;30,2;29,2;24;22,5;73;65;67;244;3,6;1,2;
2012-10-09;18:00;0;1001,1;1002,2;1001,1;1710,4;30,3;23,7;30,7;29,4;24,5;22,8;71;63;68;282;3,7;1,2;
2012-10-09;19:00;8,4;999,7;1001,1;999,7;1026,5;27,6;26;30,3;26,1;26,7;23,4;94;67;91;21;5,5;1;
2012-10-09;20:00;0;999,5;999,7;999,3;1643,2;29,1;24,6;29,1;27,4;26,5;23,9;93;74;77;315;3,3;1,3;
2012-10-09;21:00;0;998,5;999,6;998,4;1090,6;29,6;24,8;29,6;28,8;25,3;23,9;80;72;76;241;3,3;1,2;
2012-10-09;22:00;0;998,5;998,6;998,4;475,3;28,8;24,7;29,7;28,8;25,1;23,9;80;71;79;265;2,9;,5;
2012-10-09;23:00;0;998,5;998,5;998,3;19,6;26,8;25;28,8;26,8;25,1;24,7;90;79;90;321;1,6;,8;
2012-10-10;00:00;0;999,4;999,4;998,4;-9999;25,9;24,7;26,8;25,8;25;24,4;93;89;93;38;1,6;1;
2012-10-10;01:00;0;1001;1001;999,4;-9999;25,5;24,3;25,9;25,4;24,7;24,2;94;93;93;42;2;1,1;
2012-10-10;02:00;0;1001,2;1001,2;1001;-9999;25,1;24;25,5;25,1;24,3;24;94;93;94;317;1,8;,4;
2012-10-10;03:00;0;1001,7;1001,8;1001,2;-9999;24,7;23,8;25,1;24,6;24,2;23,6;95;94;95;315;1,4;,5;
2012-10-10;04:00;0;1001;1001,7;1001;-9999;24,5;23,6;24,7;24,4;23,9;23,5;95;94;95;317;2,2;,6;
2012-10-10;05:00;0;1000,2;1001;1000,2;-9999;23,9;23,2;24,5;23,8;23,6;23;96;94;96;14;1,2;,5;
2012-10-10;06:00;0;1000;1000,2;1000;-9999;23,4;22,6;23,9;23,4;23,1;22,6;96;95;96;24;1,8;1;
2012-10-10;07:00;0;999,7;1000;999,6;-9999;23,5;22,8;23,6;23,4;22,8;22,6;96;95;96;328;1,9;,6;
2012-10-10;08:00;0;999,3;999,7;999,3;-9999;23,3;22,5;23,6;23,1;22,9;22,3;96;95;95;213;1,5;,2;
2012-10-10;09:00;0;999,6;999,6;999,3;-9999;23,2;22,5;23,3;23,1;22,6;22,3;96;95;96;20;1,7;,7;
2012-10-10;10:00;0;1000,7;1000,7;999,6;-9999;23,5;22,7;23,6;23,2;22,9;22,5;96;96;96;76;2,4;,9;
2012-10-10;11:00;,2;1002;1002;1000,7;65,8;23,8;23;23,8;23,5;23;22,7;96;95;95;21;2,4;,7;
2012-10-10;12:00;0;1002,6;1002,6;1002;414,5;24,7;23,4;24,7;23,7;23,5;22,8;95;92;93;326;2,1;,8;
2012-10-10;13:00;0;1002,5;1002,8;1002,5;1305,2;26,8;23,6;26,9;24,6;24,2;23,3;93;82;83;222;3,1;,8;
2012-10-10;14:00;0;1002,3;1002,5;1002,3;2367;29,4;23,7;29,4;26,6;24,3;23;84;70;71;71;2,8;,7;
2012-10-10;15:00;0;1001,6;1002,4;1001,6;2532,2;30;24,3;30,3;29;24,8;22,9;75;68;71;175;3,4;1,9;
2012-10-10;16:00;0;1000,3;1001,6;1000,3;2513,1;30,8;23,6;30,9;29,9;24,7;23,4;73;65;65;219;3,4;,7;
2012-10-10;17:00;0;998,9;1000,3;998,9;3024,4;31,9;22,7;32,6;30,8;24,3;22,4;68;56;58;69;3,4;1;
2012-10-10;18:00;0;997,7;998,9;997,7;1842,2;32,6;24,4;32,6;31;24,9;22,8;68;58;62;309;2,8;1,1;
2012-10-10;19:00;,2;997;997,7;996,8;2586,8;27,7;23,5;33,2;27,7;25,5;22,1;78;53;78;37;6,8;3;
2012-10-10;20:00;,4;996,1;997;996,1;543,7;27,4;24,2;27,7;26,8;24,9;22,6;86;76;83;31;5,5;1,4;
2012-10-10;21:00;0;996,6;996,6;996,1;234,3;26,5;24,1;27,4;26,5;24,6;23,5;86;81;86;306;5,4;1,1;
2012-10-10;22:00;0;996,5;996,6;996,3;79,4;25,8;24;26,5;25,7;24,2;23,7;91;85;90;258;2,6;,7;
2012-10-10;23:00;0;997,4;997,4;996,5;2,5;25;23,7;25,8;25;23,9;23,5;93;88;93;29;1,7;,8;
2012-10-11;00:00;0;998;998;997,4;-9999;24,6;23,5;25;24,5;23,8;23,4;95;92;93;355;1,7;,5;
2012-10-11;01:00;0;998,5;998,5;998;-9999;24,4;23,3;24,6;24,2;23,5;23,2;95;93;94;192;2,7;,5;
2012-10-11;02:00;0;998,7;998,8;998,5;-9999;23,8;22,9;24,4;23,8;23,4;22,9;95;94;95;25;1,2;,5;
2012-10-11;03:00;0;999;999;998,7;-9999;23,8;23;23,8;23,6;23;22,8;95;95;95;248;1,7;,5;
2012-10-11;04:00;0;998,7;999,1;998,7;-9999;23,6;22,7;23,9;23,6;23;22,7;95;95;95;319;1;,6;
2012-10-11;05:00;0;998,2;998,7;998,1;-9999;23,3;22,5;23,7;23,2;22,9;22,4;96;95;95;146;1,4;,7;
2012-10-11;06:00;0;997,7;998,2;997,7;-9999;23,2;22,4;23,4;23;22,7;22,3;96;95;96;11;1,6;,8;
2012-10-11;07:00;0;997,4;997,8;997,3;-9999;22,9;22,2;23,3;22,7;22,5;22;96;95;96;52;1,6;1;
2012-10-11;08:00;0;997,2;997,4;997,2;-9999;22,8;22,1;23,1;22,7;22,4;21,9;96;95;96;10;1,6;,6;
2012-10-11;09:00;0;997,8;997,8;997,2;-9999;22,5;21,8;22,9;22,5;22,2;21,8;96;96;96;28;1,4;,4;
2012-10-11;10:00;0;998,6;998,6;997,8;-9999;22,7;22,1;22,8;22,2;22,1;21,5;96;95;96;317;1;,7;
2012-10-11;11:00;0;999,4;999,4;998,6;81,1;23,2;22,5;23,3;22,5;22,5;21,8;96;95;96;158;1,4;,4;
2012-10-11;12:00;0;1000,1;1000,1;999,3;279,5;24,4;23,4;24,4;23,1;23,5;22,3;96;94;94;57;2,4;,9;
2012-10-11;13:00;0;1000,7;1000,7;1000,1;1368,1;27,5;24,3;27,5;24,4;24,8;23,3;95;82;83;30;3,2;,9;
2012-10-11;14:00;0;1001,4;1001,4;1000,7;2167;30;24,3;30;27,5;25;23,4;84;71;72;152;4,2;1;
2012-10-11;15:00;0;1000,6;1001,5;1000,6;2518,1;31,3;24,6;31,4;29,5;25,6;23,6;76;66;68;137;3,7;1,1;
2012-10-11;16:00;0;999,6;1000,6;999,6;2818;31,6;23,6;31,9;30,8;25,3;22,6;70;59;63;159;3,7;1,5;
2012-10-11;17:00;0;998,7;999,6;998,6;3040,9;32,6;23,3;33;31,6;24,5;22,5;64;54;58;150;4,4;1,2;
2012-10-11;18:00;0;997,5;998,7;997,5;899,3;28,2;22,5;32,8;28,1;24,8;21,5;73;55;72;160;6,8;1,3;
2012-10-11;19:00;0;997,3;997,5;997,1;684,6;27,2;22,5;28,4;27,2;23,2;21,7;76;67;75;146;4,1;1,8;
2012-10-11;20:00;0;996,9;997,6;996,8;214,6;25,7;22,6;27,2;25,7;23,4;22,4;85;75;83;191;7;1,8;
2012-10-11;21:00;0;996,3;996,9;996;283,1;25,8;22,9;25,9;25,6;23,5;22,4;87;82;84;90;3,3;,6;
2012-10-11;22:00;0;996,1;996,3;996;268,8;25,4;23,1;26,1;25,4;23,7;22,5;88;82;87;88;1,9;,6;
2012-10-11;23:00;0;998,1;998,1;996,1;6,8;25,2;23,4;25,4;25;23,5;22,9;90;87;90;217;2,9;,5;
2012-10-12;00:00;0;999,5;999,5;998;-9999;25;23,4;25,3;24,9;23,6;23,3;92;89;91;257;2,7;,8;
2012-10-12;01:00;0;1000,2;1000,2;999,5;-9999;24,6;23;25;24,6;23,5;23;92;90;91;166;2,6;1,2;
2012-10-12;02:00;0;1000,5;1000,6;1000;-9999;24,6;23,1;24,8;24,5;23,3;23;92;90;91;104;4,1;,7;
2012-10-12;03:00;0;1000,4;1000,5;1000,3;-9999;24,2;23;24,6;24,2;23,3;23;93;91;93;89;2,4;,3;
2012-10-12;04:00;0;1000,2;1000,6;1000,2;-9999;24,2;23;24,3;23,9;23,2;22,9;95;93;93;202;2,9;1,6;
2012-10-12;05:00;0;999,7;1000,2;999,7;-9999;24;22,8;24,2;24;23;22,7;93;92;93;206;3,9;1,2;
2012-10-12;06:00;0;999,1;999,7;999;-9999;23,8;22,7;24;23,8;22,8;22,6;94;93;93;202;3,5;2;
2012-10-12;07:00;0;998,6;999,1;998,6;-9999;23,7;22,6;23,9;23,7;22,7;22,6;94;93;94;184;3,5;,9;
2012-10-12;08:00;0;998,9;998,9;998,6;-9999;23,1;22,2;23,7;23,1;22,6;22,2;95;94;95;152;1,8;,4;
2012-10-12;09:00;0;999,4;999,4;999;-9999;23,1;22,3;23,3;23,1;22,5;22,2;96;95;95;201;1,8;,9;
2012-10-12;10:00;0;1000,5;1000,5;999,4;-9999;23,3;22,3;23,4;23,1;22,5;22,3;95;94;94;214;3,3;,8;
2012-10-12;11:00;0;1001,6;1001,6;1000,5;79,9;23,3;22,2;23,3;23,1;22,3;22,2;95;94;94;162;3,3;1;
2012-10-12;12:00;0;1003;1003;1001,6;496;24,4;22,3;24,4;23,2;22,6;22;94;88;88;94;2,7;,6;
2012-10-12;13:00;0;1003,8;1003,8;1003;1317,5;26,5;23;26,5;24,3;23,2;22,3;90;80;81;208;2,3;,7;
2012-10-12;14:00;0;1003,7;1003,9;1003,7;2399,2;27,9;22,2;28;26,4;23,2;22;81;70;71;178;4,5;2,1;
2012-10-12;15:00;0;1003,1;1003,7;1003,1;3003,9;29,7;22,3;29,9;27,9;22,8;20,9;73;60;65;153;5,1;2;
2012-10-12;16:00;0;1002,1;1003,1;1002,1;3113,1;30,3;23;30,7;29,5;23,6;21,4;67;60;65;155;5,4;2,1;
2012-10-12;17:00;0;1000,4;1002,1;1000,4;2952,5;31,7;22,9;31,7;30,1;24,1;21,9;67;57;60;175;4,9;2;
2012-10-12;18:00;0;998,9;1000,4;998,9;1902,3;31,2;23,1;31,7;30,5;23,6;21,8;64;56;62;176;4,9;1,4;
2012-10-12;19:00;0;997,7;998,9;997,7;2304,5;32,3;21,1;32,4;31,2;23,2;21,1;63;52;52;202;3,5;1,4;
2012-10-12;20:00;0;997;997,7;997;2032,3;32,7;21,4;32,8;32,3;22,9;20,7;57;50;51;217;5;1,8;
2012-10-12;21:00;0;997,4;997,5;997;1269,4;32,1;22;32,8;31,9;22,9;21;58;51;55;199;4;1,1;
2012-10-12;22:00;0;997,7;997,7;997,3;368,5;29,6;23,9;32,1;29,6;24,2;21;72;54;72;99;3,3;,4;
2012-10-12;23:00;0;998,8;998,8;997,7;8,5;27,2;23,9;29,6;27,2;24,5;23,8;84;72;82;135;1,5;,3;
2012-10-13;00:00;0;1000,4;1000,4;998,8;-9999;27,3;22,9;27,3;26,9;24,7;22,9;88;77;77;163;4,4;1,8;
2012-10-13;01:00;0;1001,4;1001,4;1000,4;-9999;26,7;23,1;27,3;26,7;23,3;22,9;82;77;81;191;5,6;2,3;
2012-10-13;02:00;0;1001,3;1001,4;1001,2;-9999;26,1;23,1;26,7;26,1;23,3;22,8;84;79;84;170;4,7;,7;
2012-10-13;03:00;0;1001,6;1001,8;1001,3;-9999;25,5;23,1;26,1;25,5;23,5;23;87;84;86;208;2,4;,9;
2012-10-13;04:00;0;1001,4;1001,6;1001,4;-9999;24,8;23,2;25,5;24,7;23,3;23;91;86;91;136;2,4;,3;
2012-10-13;05:00;0;1000,9;1001,4;1000,9;-9999;24,9;23,2;24,9;24,7;23,4;22,9;92;89;90;224;2;,8;
2012-10-13;06:00;0;1000,7;1001;1000,7;-9999;24,4;23,3;24,9;24,4;23,4;23,1;93;90;93;354;1,8;,9;
2012-10-13;07:00;0;1000,6;1000,8;1000,6;-9999;24,4;23,2;24,4;24,3;23,3;23;94;93;93;339;1,7;,6;
2012-10-13;08:00;0;1000,5;1000,6;1000,5;-9999;24,4;23,4;24,4;24,2;23,4;23,1;94;93;94;295;1,3;,4;
2012-10-13;09:00;0;1000,6;1000,6;1000,5;-9999;24,6;22,8;24,6;24,4;23,3;22,8;94;90;90;223;2,5;1,2;
2012-10-13;10:00;,2;1001;1001;1000,6;-9999;24,2;23;24,6;24,2;23,2;22,8;93;90;93;191;5,2;2,5;
2012-10-13;11:00;4,6;1001,7;1001,7;1001;19,8;24;23,2;24,2;23,8;23,2;22,7;95;93;95;294;5,1;,4;
2012-10-13;12:00;,2;1003;1003;1001,7;73,1;24,4;23,5;24,4;24;23,5;23,1;95;94;95;171;2,1;,7;
2012-10-13;13:00;,6;1003,6;1003,6;1003;164,6;24,7;23,4;24,7;24,4;23,6;23,2;95;92;93;188;3;1,3;
2012-10-13;14:00;2,6;1004,1;1004,1;1003,6;283,5;24,8;23,7;24,8;24,6;23,8;23,4;94;93;94;212;2,8;1;
2012-10-13;15:00;,2;1004;1004,2;1004;296,2;25,1;23,9;25,2;24,8;24,1;23,5;94;92;93;167;2;,8;
2012-10-13;16:00;,2;1003,2;1004;1003,2;445,1;25,6;24,4;25,7;25;24,4;23,5;94;91;93;94;2,2;,6;
2012-10-13;17:00;0;1001,7;1003,1;1001,7;563,1;25,8;24;26;25,5;24,9;23,8;94;89;90;101;2;,5;
2012-10-13;18:00;0;1000,3;1001,7;1000,3;550,5;24,5;23,3;25,9;24,2;24,5;22,7;93;89;93;81;4,7;1,8;
2012-10-13;19:00;0;999,6;1000,3;999,6;1131,6;25,9;23,6;25,9;24,4;23,9;22,5;93;86;87;93;4,2;1,3;
2012-10-13;20:00;0;999,4;999,6;999,4;780,3;25,7;23,4;26;25,5;23,9;23,1;90;86;87;54;4;1,5;
2012-10-13;21:00;0;999,5;999,7;999,4;596,6;25,7;23,4;26;25,6;24;23,1;89;85;87;83;3,5;1;
2012-10-13;22:00;0;999,1;999,5;998,9;324,5;25,1;23,3;25,7;25,1;23,7;23,1;90;87;90;68;3,5;1;
2012-10-13;23:00;0;999,2;999,2;998,9;9,4;24,3;23,3;25,1;24,3;23,5;23,2;94;90;94;90;2,2;,4;
2012-10-14;00:00;0;1000,3;1000,3;999,2;-9999;24,2;23,2;24,5;24,1;23,5;23,1;95;94;94;316;1,6;,8;
2012-10-14;01:00;0;1001,2;1001,2;1000,3;-9999;23,7;22,8;24,2;23,6;23,2;22,8;95;94;95;20;1,6;,7;
2012-10-14;02:00;0;1001,7;1001,9;1001,1;-9999;23,5;22,7;23,7;23,5;22,9;22,7;95;95;95;46;1,2;,5;
2012-10-14;03:00;0;1002,2;1002,2;1001,7;-9999;23,2;22,4;23,5;23,1;22,8;22,3;96;95;95;1;1,3;,8;
2012-10-14;04:00;0;1001,7;1002,2;1001,7;-9999;23,1;22,4;23,2;23;22,5;22,3;96;95;96;345;1,5;,8;
2012-10-14;05:00;0;1001,2;1001,7;1001,2;-9999;22,9;22,2;23,1;22,8;22,4;22;96;95;96;65;1,4;,4;
2012-10-14;06:00;0;1000,6;1001,2;1000,6;-9999;22,6;22;23;22,6;22,3;21,9;96;96;96;63;1,3;,9;
2012-10-14;07:00;0;1000,4;1000,6;1000,4;-9999;22,8;22,2;22,8;22,6;22,2;22;96;96;96;57;1,4;,7;
2012-10-14;08:00;0;1000,5;1000,5;1000,3;-9999;22,7;22;23;22,7;22,3;22;96;96;96;349;3;1,3;
2012-10-14;09:00;0;1000,8;1000,8;1000,5;-9999;22,6;21,9;22,7;22,5;22,1;21,8;96;96;96;360;2,9;,8;
2012-10-14;10:00;0;1001,2;1001,2;1000,7;-9999;22,5;21,8;22,7;22,4;22,1;21,8;96;96;96;349;1,8;,6;
2012-10-14;11:00;0;1001,9;1001,9;1001,2;86,8;22,7;22,1;22,7;22,4;22,1;21,7;96;96;96;27;1,8;,7;
2012-10-14;12:00;0;1002,6;1002,6;1001,9;764,5;24,1;23,1;24,1;22,7;23,3;22,1;96;94;94;311;2,6;,9;
2012-10-14;13:00;0;1003,1;1003,1;1002,6;1295,2;25,5;22,7;25,6;24;23,3;22,6;94;84;84;22;3;1,2;
2012-10-14;14:00;0;1003;1003,2;1003;1897,7;27,1;23,1;27,1;25,4;23,5;22,5;87;77;79;297;3,4;1,4;
2012-10-14;15:00;0;1002,8;1003;1002,8;2095;28,2;22,1;28,7;26,9;23,6;22,1;80;69;70;312;4,2;1,3;
2012-10-14;16:00;0;1001,9;1002,8;1001,9;2653,9;29,7;23,6;29,7;28,1;23,7;21,4;72;62;70;356;4,2;1,2;
2012-10-14;17:00;0;1000,9;1001,9;1000,9;1963,9;30;23,1;30,3;29,3;24,1;22;71;63;67;18;3,4;1,2;
2012-10-14;18:00;0;1000;1000,9;1000;1735,6;29,9;23;30,3;29,6;24,4;22,4;73;65;67;7;3,1;1,3;
2012-10-14;19:00;0;998,6;1000;998,6;1605;30,7;23,8;30,7;29,4;24,7;22,9;73;63;67;68;3;1,2;
2012-10-14;20:00;0;997,5;998,6;997,5;1865,9;31;23,5;31,8;30,4;24,8;22,4;68;59;64;37;2,5;1,1;
2012-10-14;21:00;0;996,6;997,5;996,6;778,9;29,5;24,2;31;29,5;24,5;22,6;74;62;73;57;2,7;1,3;
2012-10-14;22:00;0;997,5;997,5;996,6;160,8;27,6;24,2;29,5;27,6;24,8;23,9;82;73;82;66;3,7;1,2;
2012-10-14;23:00;0;998,6;998,6;997,5;5,8;26,6;24,9;27,7;26,5;24,9;23,8;90;82;90;105;1,9;,3;
2012-10-15;00:00;0;999,2;999,2;998,6;-9999;25,9;24,6;26,6;25,8;24,9;24;93;89;93;308;1,5;,4;
2012-10-15;01:00;0;999,7;999,7;999,2;-9999;25,5;24,2;26;25,5;24,7;24,1;93;91;93;73;1,3;,4;
2012-10-15;02:00;0;1000,4;1000,4;999,7;-9999;25,2;24;25,5;25,2;24,3;24;94;93;94;119;1;,5;
2012-10-15;03:00;0;1000,6;1000,6;1000,4;-9999;25,1;24;25,2;25,1;24,2;24;94;94;94;53;1,3;,5;
2012-10-15;04:00;0;1000,7;1000,7;1000,6;-9999;25;24;25,1;24,8;24,2;23,8;95;94;94;280;1,4;,6;
2012-10-15;05:00;0;1000,1;1000,7;1000,1;-9999;25,2;24,1;25,2;24,9;24,3;23,9;95;94;94;287;1,4;,5;
2012-10-15;06:00;0;999,5;1000,1;999,5;-9999;24,9;23,8;25,2;24,9;24,1;23,8;94;93;94;318;1,3;,5;
2012-10-15;07:00;0;998,9;999,5;998,9;-9999;24,6;23,6;24,9;24,6;23,9;23,6;94;94;94;77;1,3;,2;
2012-10-15;08:00;0;998,6;998,9;998,5;-9999;24,3;23,4;24,6;24,3;23,8;23,4;95;94;95;36;,9;,7;
2012-10-15;09:00;0;998,6;998,7;998,5;-9999;24,3;23,5;24,3;24,1;23,5;23,3;95;95;95;202;1;,6;
2012-10-15;10:00;0;999,1;999,1;998,6;-9999;23,9;23,2;24,3;23,9;23,5;23,1;96;95;95;60;1,1;,4;
2012-10-15;11:00;0;999,9;999,9;999,1;132,3;24,7;23,9;24,7;23,9;23,9;23,1;96;95;95;105;1,2;,4;
2012-10-15;12:00;0;1000,8;1000,8;999,9;615,2;25,9;24;25,9;24,7;24;23,2;95;89;89;48;2;,9;
2012-10-15;13:00;0;1001,5;1001,5;1000,8;1053,9;27,2;23;27,4;25,8;24,2;22,9;90;77;78;32;1,7;,7;
2012-10-15;14:00;0;1001,8;1001,8;1001,5;2138,1;29;23,2;29;27,1;23,3;22,3;79;68;71;14;2,5;1,2;
2012-10-15;15:00;0;1001,2;1001,8;1001,2;1756,6;30;23,7;30;28,8;24,2;22,3;73;67;69;357;2,7;,9;
2012-10-15;16:00;0;1000,3;1001,2;1000,3;1883,3;30,9;23,6;30,9;29,1;24,3;22,8;75;65;65;296;2,6;,9;
2012-10-15;17:00;,8;999,2;1000,3;999,2;1954,5;28,5;25,1;31,8;28,4;25,1;21,8;82;58;82;174;4,2;1,5;
2012-10-15;18:00;0;997,4;999,2;997,4;3035,1;32,5;23,9;32,7;28,3;25;21,6;82;55;60;233;4,2;1,3;
2012-10-15;19:00;0;995,6;997,4;995,6;2660,6;33,4;22,2;33,7;32,3;24;21,8;61;51;52;221;3,8;1,4;
2012-10-15;20:00;0;995,1;995,6;995,1;2043,3;33,2;22,2;33,5;32,9;23,5;21,8;57;51;53;191;3,8;1,8;
2012-10-15;21:00;0;995;995,2;995;1294,9;32,9;22,1;33,4;32,8;23,3;21,9;56;51;53;179;3,4;1,4;
2012-10-15;22:00;0;995,4;995,4;994,8;428,5;31,1;24,4;32,9;31,1;25;21,5;70;52;67;194;4,4;,8;
2012-10-15;23:00;0;996,4;996,4;995,4;10,8;27,5;22,5;31,1;27,5;25;22,3;77;67;74;71;5,1;,7;
2012-10-16;00:00;0;997,1;997,1;996,4;-9999;26,5;23,6;27,5;26,5;24;21,5;85;71;84;305;1,9;,7;
2012-10-16;01:00;0;997,7;997,7;997,1;-9999;25,9;22,9;26,5;25,8;23,8;22,2;88;80;83;268;2,5;,7;
2012-10-16;02:00;0;999,1;999,1;997,7;-9999;24,9;23,1;25,9;24,9;23,3;22,4;91;82;90;45;2,5;1,5;
2012-10-16;03:00;0;999,4;999,5;999,1;-9999;24,6;23,2;25,3;24,6;23,4;22,5;92;86;92;1;2,5;,4;
2012-10-16;04:00;0;999,4;999,5;999,3;-9999;24,6;23,3;24,8;24,5;23,5;23,1;93;92;93;235;1,6;,4;
2012-10-16;05:00;0;998,6;999,4;998,6;-9999;24,1;23,1;24,6;23,9;23,4;22,8;95;92;94;82;1,4;,2;
2012-10-16;06:00;0;998,1;998,6;998,1;-9999;23,7;22,8;24,1;23,7;23,1;22,8;95;94;95;72;1,4;,6;
2012-10-16;07:00;0;998,2;998,2;998;-9999;23,4;22,6;23,8;23,4;22,9;22,5;95;95;95;183;1,2;,3;
2012-10-16;08:00;0;997,9;998,2;997,9;-9999;23,9;23,2;23,9;23,2;23,2;22,4;96;95;96;197;2,5;1,3;
2012-10-16;09:00;0;997,6;997,9;997,6;-9999;23,5;22,7;23,9;23,3;23,2;22,5;96;95;95;350;2,5;,6;
2012-10-16;10:00;0;998,2;998,2;997,6;-9999;23;22,3;23,5;22,9;22,7;22,1;96;95;96;139;1,4;,7;
2012-10-16;11:00;0;999,4;999,4;998,2;72;23,5;22,7;23,5;23;22,7;22,3;96;95;96;95;2;,5;
2012-10-16;12:00;0;999,7;999,7;999,3;723,2;26,4;23,9;26,4;23,5;23,9;22,8;96;84;86;155;1,7;,6;
2012-10-16;13:00;0;1000,4;1000,4;999,7;1696,6;28,2;23;28,5;26,4;23,7;22,4;86;71;73;208;4,4;1,2;
2012-10-16;14:00;0;1000,7;1000,7;1000,4;2256,6;30,7;24,3;30,8;28,2;24,9;22,4;74;65;69;113;2,9;1,1;
2012-10-16;15:00;0;1000,4;1000,7;1000,4;2304,1;30,9;25;31,8;30,3;25,2;23,5;73;63;71;93;4,3;1,4;
2012-10-16;16:00;0;999,6;1000,4;999,6;3051,3;32,1;24,3;32,4;30,9;25,3;23,2;72;60;64;61;4,1;,9;
2012-10-16;17:00;0;998,5;999,6;998,5;2353,2;32;25;33,2;31;26,1;22,6;72;55;67;44;4,2;1,8;
2012-10-16;18:00;0;997;998,5;997;3565,5;32,5;24,1;34;32;26;22,9;68;54;61;70;5,1;1,3;
2012-10-16;19:00;0;996,1;997,1;996,1;2932,9;31,7;23,8;32,8;30,8;25,2;23;71;57;63;342;6,6;1,5;
2012-10-16;20:00;0;995,9;996,2;995,4;1464,3;31,5;24,3;32,3;31,5;24,4;22,5;66;58;66;252;3,6;,7;
2012-10-16;21:00;0;995,1;995,9;994,8;381,6;29,7;25,4;31,5;29,5;25,5;24,2;78;66;77;33;1,9;,6;
2012-10-16;22:00;0;994,8;995,1;994,5;221,4;28,7;25,6;29,8;28,7;25,7;24,8;84;75;84;78;1,9;,4;
2012-10-16;23:00;0;996,3;996,3;994,8;3,2;27,5;25,1;28,7;27,5;26;25;89;84;87;354;2;,8;
2012-10-17;00:00;0;997,2;997,2;996,3;-9999;26,6;25,3;27,5;26,6;25,5;25,1;93;87;92;63;1,7;1;
2012-10-17;01:00;0;998,5;998,6;997,2;-9999;26,5;25,2;26,7;26,5;25,5;25,1;93;92;93;165;1,8;,6;
2012-10-17;02:00;0;998,8;998,8;998,5;-9999;25,9;24,8;26,5;25,9;25,3;24,8;94;93;94;52;1,6;,6;
2012-10-17;03:00;0;998,8;999;998,8;-9999;25,7;24,7;26,1;25,7;25,1;24,6;94;94;94;175;1,2;,3;
2012-10-17;04:00;0;999;999,1;998,8;-9999;25,4;24,4;25,8;25,4;24,8;24,4;95;93;94;359;3,2;,7;
2012-10-17;05:00;0;998,8;999,2;998,8;-9999;25,2;24;25,4;25,1;24,4;23,9;94;93;93;89;1,9;,4;
2012-10-17;06:00;0;998,5;998,9;998,3;-9999;25;23,5;25,2;24,9;24;23,4;94;92;92;356;4,1;1,2;
2012-10-17;07:00;0;998,7;998,7;998,1;-9999;24,5;23,1;25;24,5;23,5;23,1;92;91;92;350;4;1,5;
2012-10-17;08:00;,6;998,8;998,9;998,6;-9999;24;22,7;24,6;24;23,2;22,7;93;91;92;322;4,9;1,1;
2012-10-17;09:00;0;999,8;999,8;998,7;-9999;23,9;22,7;24;23,8;22,9;22,6;94;92;93;230;3,6;,7;
2012-10-17;10:00;4,6;1000,7;1000,7;999,8;-9999;23,6;22,8;23,8;23,4;22,8;22,4;95;92;95;273;3,1;,7;
2012-10-17;11:00;3,8;1001,1;1001,3;1000,7;109;23,9;23,2;23,9;23,5;23,2;22,7;96;95;95;291;1,8;,7;
2012-10-17;12:00;0;1001,6;1001,6;1001,1;618,1;24,6;23;24,9;23,9;23,8;23;95;91;91;269;2,1;,9;
2012-10-17;13:00;0;1002,1;1002,1;1001,6;956;25,2;22,5;25,5;24,6;23,7;22,5;92;85;85;316;3,2;1,3;
2012-10-17;14:00;0;1002,3;1002,4;1002,1;1825,8;26,9;23,3;26,9;25,1;23,5;22,2;86;78;81;350;3,7;1,5;
2012-10-17;15:00;0;1002,2;1002,3;1002,2;2345,1;28,4;23;28,4;26,9;23,7;22,4;81;72;73;264;3,5;,6;
2012-10-17;16:00;0;1001;1002,2;1000,9;2609,9;29,2;24;29,7;28,4;24,3;22,8;75;70;74;175;3,9;2,3;
2012-10-17;17:00;0;999,8;1001;999,8;2910,9;31,8;25,4;31,8;29,1;25,5;23,3;77;67;69;319;4,4;,9;
2012-10-17;18:00;0;998,8;999,8;998,8;2991,4;31,4;23,2;32;31;24,9;23,2;69;61;62;307;4,2;1,8;
2012-10-17;19:00;0;997,7;998,8;997,7;2498,8;32,1;22,5;32,4;31,4;24,9;21,9;66;55;57;310;4,2;1,2;
2012-10-17;20:00;0;996,8;997,7;996,7;1319,5;31,8;24,3;32,4;31,8;24,8;22,3;65;56;64;266;2,7;,7;
2012-10-17;21:00;0;997;997,1;996,6;683,1;30,7;25,5;31,9;30,7;25,7;23,9;74;63;74;65;2,2;,2;
2012-10-17;22:00;37;998,8;998,8;997;62,2;24,3;23,5;30,7;24,3;26,1;22,9;95;73;95;19;10,2;2,2;
2012-10-17;23:00;41,4;999,4;999,7;998,8;,9;23,1;22,4;24,3;22,4;23,4;21,5;96;94;96;219;7,5;1,1;
2012-10-18;00:00;1,6;998,8;999,4;998,8;-9999;23,1;22,5;23,5;23,1;22,9;22,4;96;96;96;91;3,6;,6;
2012-10-18;01:00;,4;999,7;999,7;998,8;-9999;23,2;22,5;23,3;23,1;22,7;22,5;96;96;96;13;2;1,1;
2012-10-18;02:00;0;1000,5;1000,5;999,6;-9999;23,1;22,5;23,3;23,1;22,7;22,4;96;96;96;70;2;,6;
2012-10-18;03:00;0;1001,3;1001,3;1000,5;-9999;23,3;22,7;23,4;23,1;22,7;22,5;96;96;96;123;2,2;,5;
2012-10-18;04:00;0;1000,7;1001,3;1000,7;-9999;23,4;22,8;23,4;23,2;22,8;22,6;96;96;96;302;1,3;,4;
2012-10-18;05:00;0;1000,3;1000,7;1000,3;-9999;23,2;22,6;23,5;23,1;22,9;22,5;96;96;96;141;1,7;,7;
2012-10-18;06:00;0;999,6;1000,3;999,6;-9999;23,3;22,6;23,3;23,1;22,7;22,5;96;96;96;199;1,7;,3;
2012-10-18;07:00;,2;999,7;999,7;999,4;-9999;23,1;22,4;23,4;23,1;22,8;22,4;96;96;96;79;1,4;,3;
2012-10-18;08:00;0;999,6;999,7;999,5;-9999;22,9;22,3;23,1;22,9;22,5;22,3;96;96;96;351;,9;,2;
2012-10-18;09:00;0;999,6;999,7;999,6;-9999;22,9;22,2;22,9;22,7;22,3;22,1;96;96;96;295;,7;,4;
2012-10-18;10:00;0;1000,2;1000,3;999,6;-9999;22,6;22;22,9;22,6;22,3;22;96;96;96;81;1,9;,3;
2012-10-18;11:00;0;1001;1001;1000,2;111,4;23,1;22,4;23,1;22,4;22,4;21,8;96;96;96;114;,7;,4;
2012-10-18;12:00;0;1001,8;1001,8;1001;588,1;24,9;23,9;25;22,9;24,1;22,3;96;94;94;225;1,1;,4;
2012-10-18;13:00;0;1002,8;1002,8;1001,8;1029,3;25,6;23,4;25,7;24,7;24,1;23,2;94;87;88;198;4;2,4;
2012-10-18;14:00;0;1003,6;1003,6;1002,8;989,6;25,8;23,2;25,9;25,5;23,8;23,1;89;85;85;211;4,9;2,5;
2012-10-18;15:00;0;1003,5;1003,7;1003,5;1180,2;26,3;23,5;26,5;25,8;23,9;23,1;88;84;85;200;4,9;2,7;
2012-10-18;16:00;0;1002,1;1003,5;1002,1;3050,8;28,6;23,9;28,6;26,3;24,3;23,1;86;74;76;198;5,1;2;
2012-10-18;17:00;0;1000,9;1002,1;1000,9;2424,2;29,5;23,8;29,5;28,3;24,2;22,6;76;68;71;200;4,7;2,5;
2012-10-18;18:00;0;999,4;1000,9;999,4;2031,7;29,1;23,7;30;29,1;24;22,1;75;64;73;48;4,7;1,4;
2012-10-18;19:00;0;998,6;999,4;998,6;880,9;27,2;24,1;29;27;24,3;22,9;85;73;83;314;4,5;1,7;
2012-10-18;20:00;0;998,2;998,6;998,2;784,3;26,9;23,2;27,4;26,8;24,2;23,2;84;79;80;292;4;1,1;
2012-10-18;21:00;0;998,6;998,7;998,2;508,7;26;22,3;26,9;26;23,7;22,2;85;79;80;261;3,1;,6;
2012-10-18;22:00;0;998,5;998,7;998,1;228,5;25,5;23,3;26,1;25,5;23,4;22,3;88;80;88;202;2,4;,8;
2012-10-18;23:00;0;998,8;998,8;998,4;2,6;24,5;22,9;25,5;24,4;23,4;22,8;91;87;91;313;2,1;,9;
2012-10-19;00:00;0;1000,2;1000,2;998,8;-9999;24,1;22,9;24,5;24,1;23,1;22,8;93;91;93;76;2,5;,7;
2012-10-19;01:00;0;1001,1;1001,1;1000,2;-9999;24,3;23,1;24,4;24;23,2;22,9;94;93;93;288;1,1;,4;
2012-10-19;02:00;0;1001,7;1001,7;1001,1;-9999;23,9;22,9;24,3;23,9;23,2;22,9;94;93;94;354;1,6;,7;
2012-10-19;03:00;0;1002,4;1002,4;1001,7;-9999;24;23,1;24;23,7;23,2;22,7;95;94;95;126;1,6;,4;
2012-10-19;04:00;0;1001,8;1002,5;1001,8;-9999;23,4;22,6;24;23,4;23,1;22,6;95;95;95;74;1,2;,7;
2012-10-19;05:00;0;1001,1;1001,8;1001,1;-9999;23,3;22,5;23,5;23,3;22,8;22,5;96;95;95;328;1,6;1,1;
2012-10-19;06:00;0;1000,2;1001,1;1000,2;-9999;22,9;22,2;23,3;22,8;22,5;22,1;96;95;96;16;1,6;,5;
2012-10-19;07:00;0;1000;1000,2;999,9;-9999;22,7;22;22,9;22,6;22,1;21,9;96;96;96;69;1,3;,6;
2012-10-19;08:00;0;999,8;1000,1;999,8;-9999;22,6;21,9;22,9;22,5;22,2;21,8;96;96;96;70;1,2;,5;
2012-10-19;09:00;0;999,7;999,8;999,5;-9999;22,7;22,1;22,7;22,3;22,1;21,7;96;96;96;63;1,5;,8;
2012-10-19;10:00;0;1000,1;1000,1;999,7;-9999;23,1;22,5;23,2;22,7;22,5;22,1;96;96;96;60;1,5;,5;
2012-10-19;11:00;0;1000,7;1000,7;1000,1;111,3;23,5;22,7;23,6;22,9;22,9;22,2;96;95;95;57;1,3;,4;
2012-10-19;12:00;0;1001,8;1001,8;1000,7;485,9;24,4;23,1;24,6;23,5;23,7;22,7;96;92;92;137;2,6;,8;
2012-10-19;13:00;0;1002,3;1002,3;1001,8;1024,1;25,6;22,8;25,7;24,4;23,4;22,5;93;84;84;44;2,5;,8;
2012-10-19;14:00;0;1002,5;1002,5;1002,3;1420,5;27;22,6;27,1;25,5;23,5;22,5;85;77;77;34;1,7;,5;
2012-10-19;15:00;0;1002,1;1002,5;1002,1;1994,9;28,2;23,7;28,2;27;23,7;22,6;79;74;77;343;2,3;1,1;
2012-10-19;16:00;0;1001,1;1002,1;1001,1;1966,1;29,1;23,9;29,5;28;24;23;77;70;73;80;2,4;,9;
2012-10-19;17:00;0;999,5;1001,1;999,5;1724,1;29,6;23,2;29,9;29,1;24,5;23;74;68;69;110;2,5;,7;
2012-10-19;18:00;0;998,1;999,5;998,1;1760,2;30;23,6;30,2;29,5;24,7;22,7;74;66;69;311;2,5;,7;
2012-10-19;19:00;0;996,3;998,1;996,3;2439,6;31,2;23,5;32;30;24,4;22,7;71;58;64;182;3,3;1,1;
2012-10-19;20:00;0;996,3;996,3;995,9;2372,7;30,9;23,7;31,4;30,4;23,8;21,4;67;57;66;352;5,1;,8;
2012-10-19;21:00;0;996,3;996,3;995,9;1591,8;29,9;22,7;30,9;29,6;23,4;21,6;67;58;65;177;4,3;2,1;
2012-10-19;22:00;0;996,8;996,9;996,3;538,1;29;24,2;30;29;24,4;22,5;76;65;75;79;3,7;,7;
2012-10-19;23:00;0;997,5;997,5;996,8;17,7;26;23,7;28,9;26;24,4;22,8;87;72;87;78;4,3;,7;
2012-10-20;00:00;0;999;999;997,5;-9999;25,6;23,2;26,1;25,5;24;22,8;89;84;86;81;3,7;,7;
2012-10-20;01:00;0;1000,1;1000,1;999;-9999;25;23,1;25,6;25;23,4;23,1;91;86;89;54;2,1;,8;
2012-10-20;02:00;0;1000,5;1000,5;1000,1;-9999;24,6;22,9;25;24,5;23,2;22,7;91;89;90;98;3,5;,7;
2012-10-20;03:00;0;1000,6;1000,6;1000,3;-9999;24,3;22,5;24,6;24,3;22,9;22,4;91;89;90;78;2,6;1,1;
2012-10-20;04:00;0;1000,5;1000,6;1000,5;-9999;24,1;22,8;24,4;24;22,8;22,4;92;89;92;27;2,6;,4;
2012-10-20;05:00;0;1000,1;1000,5;1000;-9999;23,9;22,7;24,2;23,9;23;22,6;94;92;93;175;1,1;,2;
2012-10-20;06:00;0;999,6;1000,1;999,6;-9999;23,6;22,5;23,9;23,6;22,8;22,5;94;93;94;335;1,2;,7;
2012-10-20;07:00;0;999,1;999,6;999,1;-9999;23,4;22,4;23,6;23,3;22,6;22,3;95;94;94;328;1,5;,8;
2012-10-20;08:00;0;999,5;999,5;999,1;-9999;23,3;22,3;23,4;23,2;22,4;22,2;95;94;94;342;2,3;,9;
2012-10-20;09:00;0;999,5;999,6;999,4;-9999;23,3;22,3;23,4;23,2;22,3;22,2;94;94;94;346;2,2;,7;
2012-10-20;10:00;0;1000;1000;999,6;-9999;23,2;22,3;23,3;23,2;22,4;22,2;95;94;94;29;2;,5;
2012-10-20;11:00;0;1000,7;1000,7;1000;123,3;23,8;22,6;23,8;23,1;22,6;22,2;95;93;93;11;1,5;,6;
2012-10-20;12:00;0;1001,5;1001,5;1000,7;731,7;25,4;22,7;25,4;23,8;23,1;22,4;93;84;85;341;2,2;,8;
2012-10-20;13:00;0;1002;1002;1001,5;1792,1;27,1;23,1;28;25,4;23,6;22,2;85;72;79;142;2,9;1;
2012-10-20;14:00;0;1002,6;1002,6;1002;1796,2;27,5;23;28,2;27,1;24;22,3;80;72;76;165;3,2;1,6;
2012-10-20;15:00;0;1002,4;1002,7;1002,4;1364,5;28,2;23,5;28,2;27,5;23,9;22,7;78;73;76;173;3,4;1,9;
2012-10-20;16:00;0;1001,4;1002,4;1001,4;1994;29,3;23,9;29,4;28,2;24,6;23;79;71;73;163;3,4;1,4;
2012-10-20;17:00;0;999,7;1001,4;999,7;2889,3;30,6;23;30,6;29,1;24,4;22,7;74;64;64;173;4;1,8;
2012-10-20;18:00;0;998,1;999,7;998,1;3213,6;31,5;23,1;32,1;30,5;24;22,4;66;58;61;113;4,1;1,1;
2012-10-20;19:00;0;996,7;998,1;996,6;2369,1;32;22,6;32,2;31,2;24,3;21,7;65;54;57;218;3;1;
2012-10-20;20:00;0;995,7;996,7;995,7;1258,6;29,3;23,4;32;29,3;24;22,1;71;58;71;238;6,2;1,2;
2012-10-20;21:00;0;995,4;995,7;995,4;416,1;28,4;23,8;29,3;28,2;24,1;22,8;78;70;76;328;3;1,1;
2012-10-20;22:00;0;996,2;996,2;995,3;192,1;26,9;23,8;28,6;26,9;24,4;23;85;72;83;332;2,1;,9;
2012-10-20;23:00;0;997;997;996,2;1,5;26;24,4;26,9;26;24,4;23,5;91;82;91;334;2,1;,5;
2012-10-21;00:00;0;998,5;998,5;996,9;-9999;25,5;23,9;26,1;25,5;24,5;23,9;91;90;91;19;2,6;,8;
2012-10-21;01:00;0;999,7;999,7;998,5;-9999;25,4;24,2;25,6;25,4;24,2;23,8;93;90;93;238;2,7;1;
2012-10-21;02:00;0;1000,2;1000,2;999,7;-9999;25;23,4;25,5;25;24,1;23,4;93;91;91;298;2,9;,5;
2012-10-21;03:00;0;1000,4;1000,4;1000,1;-9999;24,7;23,6;25,1;24,6;23,7;23,4;94;91;94;44;2,2;1;
2012-10-21;04:00;0;999,5;1000,4;999,5;-9999;24,6;23,5;24,7;24,5;23,6;23,5;94;94;94;110;2,2;,6;
2012-10-21;05:00;0;998,6;999,5;998,6;-9999;24,2;23,4;24,6;24,1;23,6;23,3;95;94;95;214;1,6;,3;
2012-10-21;06:00;0;998;998,6;997,9;-9999;23,8;23;24,2;23,7;23,4;22,8;95;95;95;268;1,3;,6;
2012-10-21;07:00;0;997,8;998;997,6;-9999;23,5;22,8;23,8;23,4;23,1;22,5;96;95;95;89;1,5;,2;
2012-10-21;08:00;0;998;998;997,8;-9999;23,7;22,9;23,7;23,3;22,9;22,6;96;95;96;3;1,5;,5;
2012-10-21;09:00;0;998,4;998,4;998;-9999;23,8;23,1;23,9;23,5;23,2;22,7;96;95;96;331;1,8;,6;
2012-10-21;10:00;0;999,2;999,2;998,4;-9999;23,8;23,1;23,9;23,7;23,1;22,9;96;95;95;319;1,4;,7;
2012-10-21;11:00;0;999,7;999,7;999,2;41,2;23,8;22,9;23,9;23,7;23,1;22,8;95;95;95;44;1,8;,6;
2012-10-21;12:00;0;1000,5;1000,5;999,7;371,1;24,7;23,2;24,7;23,8;23,4;22,9;95;91;91;340;1,4;,7;
2012-10-21;13:00;0;1001,3;1001,3;1000,5;1141,7;26,6;23,2;26,7;24,7;23,4;22,5;91;80;82;191;1,9;,7;
2012-10-21;14:00;0;1001,5;1001,5;1001,2;2592,3;28,6;22,4;28,6;26,6;23,8;22,2;83;69;69;193;4,1;1,6;
2012-10-21;15:00;0;1001,1;1001,5;1001,1;2064,7;29,5;22,2;30,1;28,5;23,3;22,1;71;64;65;221;3;1,2;
2012-10-21;16:00;0;1000,4;1001,1;1000,4;1714,4;30,5;23,6;30,6;29,5;24;22,1;71;63;67;192;2,8;,8;
2012-10-21;17:00;0;999,1;1000,4;999,1;1683,1;30,6;23,3;30,8;29,9;24,3;22,7;71;63;65;298;2,1;,7;
2012-10-21;18:00;0;997,5;999,1;997,5;2878,7;32;22,4;32;30,5;23,9;21,6;67;56;57;287;3,1;,7;
2012-10-21;19:00;0;995,7;997,5;995,7;2776,3;32,6;22,7;32,8;31,9;23,5;21,3;59;52;56;241;3,9;1,6;
2012-10-21;20:00;0;995,2;995,7;995,1;2010,4;32,8;22,4;33,4;32,3;23,1;21,4;57;51;54;213;3,9;1,3;
2012-10-21;21:00;0;995,5;995,8;995,2;504,1;28,2;23,4;32,8;28,2;24,1;22,4;77;55;75;90;6,4;,6;
2012-10-21;22:00;0;997,2;997,2;995,5;85,4;26,7;22,5;28,2;26,7;23,7;22,1;81;73;78;84;4,8;1,5;
2012-10-21;23:00;8,8;997;997,2;996,8;3,7;24;23,1;26,7;23,6;23,2;22,1;95;76;95;84;6,3;1,2;
2012-10-22;00:00;0;998,2;998,2;997;-9999;23,9;22,9;24;23,8;23,1;22,8;95;94;94;69;3,2;1,6;
2012-10-22;01:00;0;998,5;998,7;998,2;-9999;23,9;22,9;24,1;23,9;23,1;22,8;95;94;94;357;3,1;,5;
2012-10-22;02:00;0;998,1;998,5;998;-9999;23,6;22,8;24;23,5;23,1;22,7;95;94;95;280;1,7;,4;
2012-10-22;03:00;,2;998,5;998,5;998;-9999;23,3;22,5;23,7;23,3;22,9;22,5;96;95;95;125;1,4;,5;
2012-10-22;04:00;0;998,9;999;998,5;-9999;23,3;22,5;23,4;23,2;22,7;22,4;96;95;95;358;2,3;,8;
2012-10-22;05:00;0;998;998,9;998;-9999;23,5;22,5;23,5;23,3;22,6;22,4;95;94;94;320;2,3;,9;
2012-10-22;06:00;0;997,4;998;997,4;-9999;23,3;22,5;23,5;23,3;22,6;22,4;95;94;95;119;1,7;,4;
2012-10-22;07:00;0;997,1;997,4;997;-9999;23,6;22,8;23,7;23,3;22,9;22,5;96;95;95;233;1,7;,7;
2012-10-22;08:00;0;997,3;997,3;997;-9999;23,3;22,3;23,7;23,3;22,9;22,3;95;94;94;287;2,3;,3;
2012-10-22;09:00;0;997,6;997,6;997,3;-9999;23,1;22,3;23,3;23,1;22,4;22,2;95;94;95;43;1,6;,2;
2012-10-22;10:00;0;998,8;998,8;997,6;-9999;23,1;22,4;23,2;23;22,5;22,2;96;95;96;317;,6;,1;
2012-10-22;11:00;0;999,6;999,6;998,8;68,9;23,3;22,5;23,3;23,1;22,6;22,4;96;95;96;44;1,6;1,1;
2012-10-22;12:00;0;1000,2;1000,2;999,6;568,8;24,6;23,3;24,6;23,3;23,3;22,5;96;90;93;359;2,2;,9;
2012-10-22;13:00;0;1000,6;1000,6;1000,2;1057,5;25,5;23,1;25,7;24,6;23,6;22,7;92;86;86;10;2,7;,8;
2012-10-22;14:00;0;1000,4;1000,7;1000,4;2417,4;28,4;22,5;28,4;25,5;23,9;22,2;87;71;71;292;2,7;1;
2012-10-22;15:00;0;999,8;1000,4;999,8;2946,5;29,9;22,4;30,2;28,2;23,7;22,2;73;63;64;357;4;1,9;
2012-10-22;16:00;0;998,4;999,8;998,4;3348,7;31,2;22,1;31,4;29,8;23,9;21,7;70;58;58;273;4,7;1,2;
2012-10-22;17:00;0;997,1;998,4;997,1;3039;32,2;22,4;32,4;31,2;23,6;21,4;62;53;56;31;3,8;1,2;
2012-10-22;18:00;0;995,9;997,1;995,9;2707,7;33,5;22,4;33,6;32,2;23,9;21,5;61;50;52;224;3,8;1,3;
2012-10-22;19:00;0;995,1;995,9;995,1;1570,2;32,3;23,7;33,9;31,7;24,4;22,3;64;52;60;185;3,8;1,5;
2012-10-22;20:00;0;994,7;995,1;994,7;1400,1;32,3;23,7;33,1;32,1;23,9;22,3;61;53;60;190;2,9;1,3;
2012-10-22;21:00;0;994,5;994,7;994,4;592,3;31,6;23,2;32,3;31,3;25,7;22,4;71;58;61;318;2,2;,5;
2012-10-22;22:00;0;994,1;994,5;994,1;356,6;29,7;23,3;32,8;29,7;24,9;21,9;70;54;69;22;,9;,4;
2012-10-22;23:00;0;994,4;994,4;994,1;,8;27,7;25,7;29,7;27,7;26,2;23,4;89;69;89;85;,9;,4;
2012-10-23;00:00;0;995,3;995,3;994,4;-9999;26,7;24,9;27,7;26,7;25,8;24,9;91;89;90;317;1,2;,7;
2012-10-23;01:00;0;996,6;996,6;995,3;-9999;26,2;24,9;26,7;26,1;25,3;24,6;93;89;93;316;1;,6;
2012-10-23;02:00;0;997,5;997,6;996,6;-9999;26;24,8;26,4;25,8;25,1;24,5;94;91;94;347;1,1;,4;
2012-10-23;03:00;0;997,6;997,8;997,5;-9999;25,4;24,4;26;25,4;25,1;24,3;95;93;94;39;1;,5;
2012-10-23;04:00;0;997,7;997,9;997,6;-9999;25,1;24;25,5;25,1;24,5;24;95;94;94;338;1,1;,3;
2012-10-23;05:00;0;997,1;997,7;997,1;-9999;24,7;23,7;25,1;24,7;24,1;23,7;95;94;94;2;2,2;,6;
2012-10-23;06:00;0;996,5;997,1;996,5;-9999;24,4;23,4;24,8;24,3;23,8;23,3;95;94;95;135;1,3;,6;
2012-10-23;07:00;0;996,3;996,5;996,3;-9999;24,1;23,3;24,4;24;23,5;23,2;95;95;95;91;1,1;,2;
2012-10-23;08:00;0;996,4;996,4;996,3;-9999;23,8;22,9;24,1;23,8;23,3;22,9;95;95;95;79;,8;,5;
2012-10-23;09:00;0;996,5;996,5;996,3;-9999;23,6;22,8;23,8;23,5;23,1;22,7;96;95;95;33;1,3;,5;
2012-10-23;10:00;0;997,4;997,4;996,5;-9999;23,6;22,9;23,8;23,4;23;22,6;96;95;96;317;4,3;,9;
2012-10-23;11:00;0;998,4;998,4;997,3;89,8;24;22,8;24,1;23,6;23,2;22,8;96;93;93;27;4,8;1,2;
2012-10-23;12:00;0;999,4;999,4;998,4;415,2;25;23,1;25;24;23,3;22,5;93;88;89;131;2,8;,7;
2012-10-23;13:00;0;999,1;999,6;999,1;1232,5;26,4;22,2;26,5;25;23,4;21,9;90;77;78;186;2,3;,8;
2012-10-23;14:00;0;999;999,2;999;1661,7;28,1;23,3;28,1;26,3;23,6;21,8;80;72;75;181;2,5;,7;
2012-10-23;15:00;0;998,5;999;998,5;1315,2;28,7;23,5;28,9;27,8;24,6;22,9;80;72;74;156;2,2;,8;
2012-10-23;16:00;0;997,4;998,5;997,4;2452;30,8;23,2;30,9;28,7;24,7;23,2;76;64;64;40;2,4;1;
2012-10-23;17:00;0;996,4;997,4;996,4;2917,2;33;23,9;33;30,7;24,8;23,1;66;59;59;82;2,5;,7;
2012-10-23;18:00;0;995,4;996,4;995,4;2282,3;32,4;23,8;33,6;32,4;25,3;23,2;65;56;61;269;3;1,1;
2012-10-23;19:00;0;994,6;995,4;994,6;1325,3;31,7;24,7;32,8;31,7;25,4;23,1;69;58;66;174;2,6;1,3;
2012-10-23;20:00;0;994;994,6;994;1373,3;32,4;23,7;32,9;31,5;25,1;23,1;69;58;60;21;2,5;,7;
2012-10-23;21:00;0;993,3;994;993,3;1182,5;32,7;23,9;33,1;32,4;24,6;22,7;62;56;60;305;1,6;,7;
2012-10-23;22:00;0;993,3;993,3;993,2;375,2;30,3;24,3;32,8;30,3;25;22,8;71;56;71;342;1,3;,7;
2012-10-23;23:00;0;993,9;993,9;993,2;2,1;27,9;25,2;30,3;27,9;25,6;23,8;86;70;85;347;1,5;,8;
2012-10-24;00:00;0;995,2;995,2;993,9;-9999;27,2;25,5;27,9;27;25,5;24,6;91;83;90;227;1,7;,3;
2012-10-24;01:00;0;996,5;996,5;995,2;-9999;26,2;24,9;27,2;26,1;25,4;24,8;93;89;93;12;,8;,4;
2012-10-24;02:00;0;997,2;997,2;996,5;-9999;25,7;24,6;26,2;25,7;24,9;24,4;93;92;93;345;,8;,1;
2012-10-24;03:00;0;997,4;997,5;997,2;-9999;25,5;24,5;25,8;25,3;24,8;24,3;95;93;94;89;1,2;,4;
2012-10-24;04:00;0;997,7;997,7;997,4;-9999;25,3;24,3;25,5;25,2;24,5;24,2;95;94;94;58;,9;,2;
2012-10-24;05:00;0;997,2;997,7;997,2;-9999;25,2;24,3;25,4;24,8;24,5;23,9;95;94;95;92;1,3;,5;
2012-10-24;06:00;0;997,2;997,4;997,1;-9999;25;24,1;25,3;24,9;24,5;24;95;95;95;190;1,1;,6;
2012-10-24;07:00;0;997,1;997,4;997,1;-9999;25;24,2;25;24,7;24,3;23,8;96;94;95;4;1,1;,2;
2012-10-24;08:00;0;997,4;997,5;997;-9999;25,1;24;25,1;24,3;24,3;23,4;96;94;94;33;4,9;1,1;
2012-10-24;09:00;0;997,6;997,6;997,2;-9999;24,5;23,7;25,2;24,5;24,2;23,5;95;94;95;42;2,4;,4;
2012-10-24;10:00;0;998,6;998,6;997,6;-9999;23,9;22,6;24,5;23,8;23,7;22,4;95;91;92;344;4,2;,9;
2012-10-24;11:00;0;999,1;999,1;998,6;93,4;24,3;23,2;24,3;23,9;23,2;22,6;94;92;93;354;2,4;,8;
2012-10-24;12:00;0;999,9;999,9;999,1;757,2;26,2;22,8;26,3;24,3;23,3;22,4;93;81;81;345;2,7;,9;
2012-10-24;13:00;0;1000,2;1000,2;999,9;1666,4;29,4;23;29,5;26,2;24,3;22,5;82;68;68;60;2,5;,4;
2012-10-24;14:00;0;1000,1;1000,2;1000,1;2355,8;31,5;24,3;31,5;29,3;25;23;71;65;66;113;3,3;1,3;
2012-10-24;15:00;0;999,8;1000,2;999,8;2718,5;32,2;24,5;32,4;31,4;25,1;23,3;67;59;64;184;3,9;1,9;
2012-10-24;16:00;0;998,5;999,8;998,5;3141,1;33,8;22,9;33,9;32,2;25,7;22,8;66;52;53;94;5,2;1,3;
2012-10-24;17:00;0;997,3;998,5;997,3;2677,9;34,9;23,8;35;33,2;24,3;21,8;58;49;53;91;4;1,5;
2012-10-24;18:00;0;995,9;997,3;995,9;2224,8;34,6;23,1;35,2;33,4;24,9;21,6;61;47;51;87;4,4;1,3;
2012-10-24;19:00;0;994,8;995,9;994,8;2605,6;35,1;21,1;35,6;34,6;23,7;20,6;52;43;44;101;5,7;1,5;
2012-10-24;20:00;0;994,1;994,8;994;1949;34,9;22;35,5;34,6;22,9;20,6;50;43;47;111;4,2;1,3;
2012-10-24;21:00;0;993,6;994,1;993,6;1206;33,9;22,2;35,4;33,9;23,2;20,8;54;43;50;103;3,5;,8;
2012-10-24;22:00;0;993,3;993,6;993,3;202,5;30,3;23,5;33,9;30,3;24,1;21,7;69;49;67;83;2,9;,4;
2012-10-24;23:00;0;994;994;993,3;,5;27,8;24,8;30,4;27,8;25,4;23,6;84;67;83;63;1,1;,2;
2012-10-25;00:00;0;995,9;995,9;994;-9999;27,1;23,8;28;27,1;25;23,8;85;79;82;325;4,1;1,4;
2012-10-25;01:00;0;997,1;997,1;995,9;-9999;26,2;23,7;27,1;26,2;24,1;23,7;88;82;86;332;2,5;,9;
2012-10-25;02:00;0;998;998,1;997,1;-9999;25,4;23,6;26,2;25,4;23,9;23,4;91;86;90;332;2,1;,6;
2012-10-25;03:00;0;998,6;998,6;998;-9999;25,1;23,4;25,5;25,1;23,8;23,3;92;88;90;17;1,7;,6;
2012-10-25;04:00;0;998,8;998,8;998,4;-9999;25;23,7;25,1;24,9;23,9;23,4;93;90;93;135;1,3;,4;
2012-10-25;05:00;0;998;998,8;998;-9999;24,6;23,5;25,1;24,5;23,9;23,4;94;92;94;29;1,1;,7;
2012-10-25;06:00;0;997,3;998;997,1;-9999;24,5;23,5;24,6;24,3;23,5;23,2;95;93;94;241;1,2;,5;
2012-10-25;07:00;0;997,1;997,4;997,1;-9999;24,4;23,5;24,5;24,1;23,5;23,1;95;94;95;295;1,6;,4;
2012-10-25;08:00;0;997;997,2;997;-9999;24,1;23,2;24,4;24;23,5;23,1;95;94;95;122;1;,2;
2012-10-25;09:00;0;997,6;997,6;996,9;-9999;23,7;22,8;24,1;23,7;23,2;22,8;95;95;95;20;1,4;,7;
2012-10-25;10:00;0;998,3;998,3;997,6;-9999;23,6;22,7;24;23,6;23,3;22,7;96;95;95;70;2,4;,5;
2012-10-25;11:00;0;999,8;999,8;998,3;90,6;24;23;24;23,5;23;22,7;95;94;94;248;1,4;,5;
2012-10-25;12:00;0;1000,4;1000,5;999,8;604,3;25,6;23,4;25,7;24;23,8;22,8;94;87;88;330;1,6;,8;
2012-10-25;13:00;0;1001,1;1001,2;1000,4;1515,4;28;23,8;28;25,6;23,9;23,2;88;77;78;286;2,2;1;
2012-10-25;14:00;0;1001,3;1001,4;1001,1;2127,2;29,6;24;29,8;28;24,1;23,3;78;69;72;321;3,2;1,5;
2012-10-25;15:00;0;1001;1001,3;1001;2723,7;31,6;22,9;31,7;29,6;24,4;22,8;72;60;60;249;3;1,2;
2012-10-25;16:00;0;1000;1001;1000;3166,8;33,3;23,4;33,3;31,6;24,1;22,3;62;54;56;208;3,7;1,5;
2012-10-25;17:00;0;998,9;1000;998,9;3253,5;34,2;23,1;34,3;32,8;23,7;22,2;58;52;53;220;3,8;1,6;
2012-10-25;18:00;0;997,9;998,9;997,9;2759,4;34,1;22;34,5;33,6;25;22;59;49;50;157;4,2;,6;
2012-10-25;19:00;0;996,3;997,9;996,3;2145,9;34,1;23,4;34,4;33,7;24,8;21,4;59;47;54;204;3,7;1,8;
2012-10-25;20:00;0;996,3;996,5;996,2;1225,1;31,5;25,1;34,5;31,5;25,1;22;69;49;69;297;5,8;1,9;
2012-10-25;21:00;0;997,9;997,9;996,3;408,5;28,7;23,7;31,5;28,6;25,2;23,5;76;68;75;262;7,2;2,3;
2012-10-25;22:00;0;999;999;997,7;143,6;27,3;22,5;28,7;27,3;23,8;22,2;76;70;75;276;6,4;1,1;
2012-10-25;23:00;6,6;999,4;999,7;999;-9999;25,3;24;27,3;25,3;24,3;22,3;93;74;92;297;6,9;,9;
2012-10-26;00:00;,2;999,4;999,4;999;-9999;25,2;23,8;25,4;25,1;24,1;23,5;93;90;92;239;2,6;,7;
2012-10-26;01:00;0;1001,1;1001,1;999,4;-9999;24,7;23,4;25,2;24,7;23,9;23,4;93;92;92;274;2,8;,8;
2012-10-26;02:00;0;1001,2;1001,3;1001;-9999;24,6;23,4;24,9;24,6;23,6;23,2;94;91;93;281;2,8;,5;
2012-10-26;03:00;0;1001,1;1001,3;1001,1;-9999;24,3;23,1;24,6;24,3;23,4;23,1;94;93;93;289;1,9;,5;
2012-10-26;04:00;0;1000,5;1001,3;1000,5;-9999;24,3;23,1;24,5;24,1;23,2;22,9;94;92;94;234;2,2;,8;
2012-10-26;05:00;0;1000;1000,5;999,9;-9999;23,8;22,8;24,3;23,7;23,2;22,6;95;93;95;293;1,9;,6;
2012-10-26;06:00;0;999,8;1000,1;999,7;-9999;23,8;23;24;23,7;23,2;22,8;95;94;95;247;1,6;,4;
2012-10-26;07:00;0;999,6;999,9;999,5;-9999;23,4;22,6;24;23,4;23,2;22,6;95;95;95;176;1,1;,2;
2012-10-26;08:00;0;999,4;999,6;999;-9999;23,4;22,7;23,6;23,3;22,9;22,5;96;95;96;14;2,3;,4;
2012-10-26;09:00;0;1000,5;1000,5;999,4;-9999;23;22,3;23,6;23;22,9;22,3;96;96;96;56;1,5;,7;
2012-10-26;10:00;0;1002,2;1002,2;1000,5;-9999;23,5;22,8;23,5;22,9;22,8;22,2;96;96;96;94;6,4;1,3;
2012-10-26;11:00;1;1001,8;1002,5;1001,8;39,6;23,3;22,4;23,5;23,2;22,8;22,1;96;94;95;293;3,5;1;
2012-10-26;12:00;,4;1002,3;1002,3;1001,5;453,8;23,8;22,5;23,8;23,2;22,8;22,2;95;92;92;226;2,9;,8;
2012-10-26;13:00;0;1003;1003,1;1002,3;1049,7;24,6;22,1;24,8;23,6;22,9;21,6;93;84;86;194;2,6;1;
2012-10-26;14:00;0;1003,3;1003,5;1003;1835,4;26,5;22;26,6;24,5;22,8;21,3;87;75;76;225;2,4;1,1;
2012-10-26;15:00;0;1003,3;1003,5;1003,3;1630,1;27,6;21,5;27,7;26,4;22,7;21,3;78;69;69;118;2,4;,5;
2012-10-26;16:00;0;1002,5;1003,3;1002,5;2742,2;29,8;19,3;29,8;27,4;22,3;18;72;50;53;6;2,5;,9;
2012-10-26;17:00;0;1001,1;1002,5;1001,1;3311,7;30,9;21;31,1;29,8;21,7;18,9;58;52;56;199;3,8;1,7;
2012-10-26;18:00;0;999,9;1001,1;999,9;3077,7;31,7;22,2;32,4;30,9;22,7;20,6;61;53;57;217;4,6;1,9;
2012-10-26;19:00;0;998,8;999,9;998,8;2656,4;32,2;21,8;32,6;31,4;22,5;20,2;58;48;54;220;4;1,2;
2012-10-26;20:00;0;998,4;998,9;998,4;1969;32,2;21;32,7;31,7;22,4;19,4;57;46;52;303;4,3;1,4;
2012-10-26;21:00;0;998;998,4;998;1154,6;31,7;21,6;32,4;31,6;22;19,5;57;47;55;309;3,2;,8;
2012-10-26;22:00;0;998,3;998,3;998;305,8;29;22,4;31,9;29;23,2;20,9;68;52;68;24;1,7;,5;
2012-10-26;23:00;0;998,4;998,4;998,2;1,9;26,4;24;29,2;26,4;24,9;22,4;88;68;87;6;,9;,3;
2012-10-27;00:00;0;999,5;999,5;998,4;-9999;25,7;24,3;26,5;25,4;24,5;23,8;92;87;92;270;,9;,4;
2012-10-27;01:00;0;1000,3;1000,3;999,5;-9999;24,6;23,2;25,7;24,6;24,2;23,2;93;91;92;36;1;,4;
2012-10-27;02:00;0;1000,9;1001;1000,3;-9999;24,4;23,2;24,6;24,3;23,3;23,1;94;92;93;177;1,4;,2;
2012-10-27;03:00;0;1001,1;1001,1;1000,9;-9999;24;22,9;24,5;24;23,4;22,9;94;93;94;347;1,3;,8;
2012-10-27;04:00;0;1000,8;1001,2;1000,8;-9999;23,7;22,9;24,2;23,6;23,2;22,6;95;94;95;15;1,5;,7;
2012-10-27;05:00;0;1000,4;1000,8;1000,4;-9999;23,3;22,5;23,8;23,3;23;22,4;95;94;95;53;1,5;1;
2012-10-27;06:00;0;999,6;1000,4;999,6;-9999;23,5;22,7;23,7;23,2;22,9;22,3;95;94;95;71;1,4;,3;
2012-10-27;07:00;0;999,4;999,7;999,4;-9999;22,8;22;23,5;22,8;22,7;22;95;95;95;100;1;,6;
2012-10-27;08:00;0;999,5;999,5;999,3;-9999;22,7;21,9;23,2;22,7;22,5;21,9;96;95;95;52;1,1;,8;
2012-10-27;09:00;0;999,8;999,8;999,4;-9999;22,4;21,7;23;22,4;22,3;21,6;96;95;96;48;1,7;,5;
2012-10-27;10:00;0;1000,7;1000,7;999,8;-9999;22,4;21,7;22,6;22,1;21,9;21,3;96;95;96;109;1,5;,6;
2012-10-27;11:00;0;1001,4;1001,4;1000,7;91,5;23,5;22,8;23,6;22,4;23;21,9;96;96;96;159;1,3;,3;
2012-10-27;12:00;0;1002,2;1002,2;1001,4;743,5;26,3;23,2;26,3;23,5;24;22,7;96;83;83;173;1,2;,3;
2012-10-27;13:00;0;1002,9;1002,9;1002,2;1726,1;28,1;23,6;28,1;26,1;24,1;22,8;84;76;77;218;2,2;1,2;
2012-10-27;14:00;0;1002,9;1003;1002,9;2392,3;30,2;22,8;30,2;28,1;23,9;22,5;77;64;65;3;2,2;,6;
2012-10-27;15:00;0;1002,5;1003;1002,5;2993,2;31,3;23,5;31,6;30,1;24;22,1;67;59;63;264;3,9;1,3;
2012-10-27;16:00;0;1001,4;1002,5;1001,4;2255,8;32,1;22,4;32,6;30,6;24,1;21,5;68;53;57;222;3,5;1,1;
2012-10-27;17:00;0;1000,6;1001,4;1000,5;2442,1;33,3;23;33,3;32;23,4;21,5;60;52;55;226;3,4;1,4;
2012-10-27;18:00;0;999,1;1000,6;999,1;2674,9;33,6;22,1;34,1;32,6;23,3;21,6;56;49;51;314;3,7;1,1;
2012-10-27;19:00;0;997,8;999,1;997,8;2722,4;34,3;21,4;34,4;33,5;22,9;20,8;53;47;47;339;2,9;1;
2012-10-27;20:00;0;997,1;997,8;997,1;2097,1;34,7;21,8;35,2;34,1;23;21,1;51;45;47;233;3,2;1,3;
2012-10-27;21:00;0;996,9;997,1;996,7;550,4;32;24,4;34,7;32;24,5;21,9;65;47;64;159;3,2;,8;
2012-10-27;22:00;0;997,4;997,4;996,8;144,2;29,7;26,3;32;29,7;26,3;23,7;82;63;82;102;1,6;,7;
2012-10-27;23:00;0;998,4;998,4;997,4;1,3;28,2;25;29,7;28,1;26,3;24,6;84;80;83;99;1,5;,5;
2012-10-28;00:00;0;999,4;999,4;998,4;-9999;28;23,8;28,4;28;26;23,6;88;75;78;185;4,7;1,6;
2012-10-28;01:00;0;1000;1000,1;999,4;-9999;27,1;23,6;28;27,1;23,9;23,4;82;78;81;226;3,6;,5;
2012-10-28;02:00;0;1001,2;1001,2;1000;-9999;26,3;23;27,1;26,3;23,9;22,8;83;78;82;160;2,4;,9;
2012-10-28;03:00;0;1001,3;1001,4;1001,2;-9999;25,5;24;26,3;25,3;24,1;23,2;92;82;92;261;1,7;,3;
2012-10-28;04:00;0;1000,6;1001,3;1000,6;-9999;25,5;23,4;25,7;25,3;24,2;23,4;92;88;88;221;2,9;1,5;
2012-10-28;05:00;0;1000,7;1000,8;1000,6;-9999;24,9;23,3;25,6;24,9;23,5;23,2;91;87;91;210;3,3;,3;
2012-10-28;06:00;0;1000,1;1000,7;1000,1;-9999;24,6;22,9;24,9;24,6;23,3;22,9;91;89;90;219;1,8;,5;
2012-10-28;07:00;0;999,8;1000,1;999,8;-9999;24,2;23;24,7;24,2;23,1;22,6;93;89;93;141;1,5;,2;
2012-10-28;08:00;0;999,7;999,9;999,6;-9999;23,8;22,8;24,2;23,7;23,1;22,8;94;93;94;39;1,3;,7;
2012-10-28;09:00;0;1000;1000;999,5;-9999;23,9;22,9;23,9;23,6;22,9;22,6;95;94;94;18;1,4;,2;
2012-10-28;10:00;0;1000,3;1000,3;999,9;-9999;23,9;22,9;23,9;23,7;22,9;22,7;95;94;94;209;1,6;,4;
2012-10-28;11:00;0;1001,3;1001,3;1000,3;56,9;24,1;23,1;24,1;23,5;23,2;22,6;95;94;94;138;1,4;,4;
2012-10-28;12:00;0;1002,3;1002,3;1001,3;326,3;24,8;22,4;25;24,1;23,7;22,4;94;86;87;111;2,6;,6;
2012-10-28;13:00;0;1002,7;1002,8;1002,3;486,7;26;23,2;26;24,8;23,6;22,4;89;84;84;81;2,6;,5;
2012-10-28;14:00;0;1003,1;1003,1;1002,7;968,8;26,9;22,9;27;26;23,6;22,8;86;78;78;100;3,4;,9;
2012-10-28;15:00;0;1002,6;1003,1;1002,6;833,3;27,2;23,3;27,3;26,8;23,8;22,7;81;77;80;307;2,5;,8;
2012-10-28;16:00;0;1001,9;1002,6;1001,9;1199,2;28,5;23,6;28,5;27,1;23,7;22,9;80;74;75;78;2;,4;
2012-10-28;17:00;0;1000,6;1001,9;1000,6;2225,8;30,9;24;31,1;28,4;24,4;23,2;75;65;67;256;2,9;1,4;
2012-10-28;18:00;0;999,1;1000,6;999,1;2223,9;31,6;23,7;31,6;30;24,5;23,6;72;63;63;199;4,2;1,3;
2012-10-28;19:00;0;997,9;999;997,8;2752,4;31,8;24,4;32,7;31,5;24,4;23;65;58;65;203;5,1;2,7;
2012-10-28;20:00;0;997;997,9;997;1473,8;32;24,7;32,1;30,9;24,7;23,4;69;61;65;201;5,1;1,5;
2012-10-28;21:00;0;996,5;997;996,5;1373,9;32,6;23,6;32,6;32;24,7;23,2;65;59;59;244;3,8;,8;
2012-10-28;22:00;0;996,5;996,5;996,2;383;30,4;24,5;32,6;30,4;25,1;23,1;73;58;71;247;3,3;,8;
2012-10-28;23:00;0;997,8;997,8;996,5;5,8;27,5;23,4;30,4;27,5;25,4;22,6;81;70;78;351;5,2;,9;
2012-10-29;00:00;0;999,3;999,3;997,8;-9999;25,7;21,8;27,6;25,7;23,6;21,8;84;77;79;329;2,9;1,3;
2012-10-29;01:00;0;1000,7;1000,7;999,3;-9999;24,6;22;25,7;24,6;22,1;21,4;85;79;85;356;3,3;1,7;
2012-10-29;02:00;0;1001,8;1001,8;1000,7;-9999;24,3;22,4;24,7;24,3;22,6;22;90;85;89;3;3,8;,5;
2012-10-29;03:00;0;1001,8;1002;1001,8;-9999;24,3;22,8;24,4;24,2;22,8;22,4;91;89;91;248;2,6;,5;
2012-10-29;04:00;0;1001,4;1001,8;1001,3;-9999;23,8;22,5;24,3;23,7;22,8;22,5;93;91;93;165;1,9;1;
2012-10-29;05:00;0;1000,1;1001,4;1000,1;-9999;23,4;22,3;23,8;23,3;22,6;22,2;94;92;94;351;1,8;,8;
2012-10-29;06:00;0;999,3;1000,2;999,3;-9999;23,2;22,3;23,4;23;22,4;22;95;94;95;299;1,9;,8;
2012-10-29;07:00;0;999,3;999,4;999,1;-9999;22,8;22;23,2;22,6;22,3;21,8;95;94;95;6;2;,6;
2012-10-29;08:00;0;999,7;999,7;999,3;-9999;22,4;21,6;22,8;22,3;22;21,5;95;95;95;360;1,5;,7;
2012-10-29;09:00;0;1000,4;1000,4;999,7;-9999;22,2;21,4;22,5;22,2;21,8;21,3;96;95;95;67;1,3;,3;
2012-10-29;10:00;0;1001,2;1001,2;1000,4;-9999;22,1;21,3;22,2;22;21,5;21,3;96;95;96;56;1,3;1,1;
2012-10-29;11:00;0;1001,7;1001,7;1001,1;82;22,8;22;22,8;22,1;22;21,3;96;95;96;35;1,3;,5;
2012-10-29;12:00;0;1002,4;1002,4;1001,7;733,8;24,9;22,3;25,1;22,8;22,7;22,1;96;84;85;339;2,1;,5;
2012-10-29;13:00;0;1002,8;1002,9;1002,4;1662;27,3;22,1;27,5;24,9;23,3;21,9;87;72;73;213;2,6;1,3;
2012-10-29;14:00;0;1002,8;1003;1002,8;2400,7;29,7;23,2;29,7;27,3;23,7;22,2;76;68;68;168;2,9;1,1;
2012-10-29;15:00;0;1002,4;1002,8;1002,4;2398,5;30,9;22,6;30,9;29,6;23,8;22,3;70;62;62;179;3,5;,7;
2012-10-29;16:00;0;1001,5;1002,4;1001,5;3146;32,3;23,1;32,8;30,7;23,9;22,2;66;56;58;151;5,7;2,1;
2012-10-29;17:00;0;1000,4;1001,5;1000,4;2349,8;33,2;23,3;33,6;32,2;24,3;21,8;60;52;56;105;5,7;1,3;
2012-10-29;18:00;0;998,8;1000,4;998,8;2229,6;33,8;22,7;33,9;32,8;23,8;21,6;57;50;52;22;3,9;,9;
2012-10-29;19:00;0;997,1;998,8;997,1;2440;34,5;21;35,1;33,6;23,7;20,5;55;44;45;87;5,1;1,4;
2012-10-29;20:00;0;996,2;997,1;996;1840,6;34,5;22,2;34,5;32,7;23,3;20,6;57;45;49;79;5,3;,8;
2012-10-29;21:00;0;995,5;996,3;995,5;1454,3;33,6;21,9;35,1;33,5;23,2;21;55;45;51;82;4,6;1,1;
2012-10-29;22:00;0;996,6;996,6;995,3;369,7;30,4;22,9;33,9;30,4;23,6;21,9;66;50;64;94;3,7;,6;
2012-10-29;23:00;0;997,2;997,3;996,6;-9999;29,3;23,7;30,5;29,3;23,9;22,8;72;64;72;225;2,4;1,2;
2012-10-30;00:00;0;998,3;998,3;997,2;-9999;27,6;23,8;29,3;27,6;24,4;23,3;81;71;80;356;3,2;,6;
2012-10-30;01:00;0;999,7;999,7;998,3;-9999;26,8;24,4;27,6;26,7;24,5;23,7;87;80;87;157;1,5;,4;
2012-10-30;02:00;0;1000,3;1000,6;999,7;-9999;26,8;24;27;26,7;24,7;24;89;84;85;277;3,3;,5;
2012-10-30;03:00;0;1001;1001,1;1000,3;-9999;26,2;24,2;26,8;26,2;24,4;23,9;90;84;89;304;2,8;,4;
2012-10-30;04:00;0;1000,7;1001;1000,7;-9999;25,4;24,1;26,2;25,4;24,2;23,8;93;88;92;76;2,7;,9;
2012-10-30;05:00;0;999,6;1000,7;999,6;-9999;24,9;23,8;25,4;24,9;24,2;23,7;94;92;94;55;1,9;,8;
2012-10-30;06:00;0;999,4;999,9;999,3;-9999;24,7;23,1;24,9;24,6;23,8;22,9;94;90;91;338;2,6;1,1;
2012-10-30;07:00;0;998,9;999,5;998,9;-9999;24,3;22,4;24,7;24,3;23,1;22,4;91;89;89;340;3,4;1,3;
2012-10-30;08:00;0;999,1;999,1;998,8;-9999;24;22,6;24,3;24;22,6;22,3;92;89;92;79;2,8;,5;
2012-10-30;09:00;0;999,7;999,7;999,1;-9999;23,7;22,4;24;23,7;22,7;22,3;93;91;93;10;1,7;,6;
2012-10-30;10:00;0;1000,7;1000,7;999,7;-9999;23,8;22,6;23,8;23,6;22,7;22,4;93;93;93;323;1,8;,6;
2012-10-30;11:00;0;1001,9;1001,9;1000,7;57,6;24;22,7;24;23,6;22,8;22,5;94;93;93;347;3,1;1,1;
2012-10-30;12:00;0;1002,9;1003,3;1001,9;202,3;24,2;22,6;24,4;23,9;22,9;22,4;93;90;91;33;5,3;2,1;
2012-10-30;13:00;4,6;1004,1;1004,1;1002,4;37,3;23,4;22,5;24,2;23,2;23;22,1;95;91;95;24;5,3;1;
2012-10-30;14:00;0;1003,9;1004,1;1003,5;121,7;23,4;22,4;23,4;23;22,5;21,9;95;93;95;285;3,6;,8;
2012-10-30;15:00;0;1003,8;1003,9;1003,7;327,4;24,1;22,7;24,1;23,4;22,9;22,4;95;92;92;308;3,1;1;
2012-10-30;16:00;0;1002,8;1003,8;1002,8;716,6;24,5;22,6;24,6;24;22,9;22,2;92;89;89;224;3,1;1,3;
2012-10-30;17:00;0;1001,6;1002,8;1001,6;1027,8;25,3;22,6;25,3;24,3;22,8;22;91;83;85;270;2,9;,9;
2012-10-30;18:00;0;999,9;1001,6;999,9;2294,2;26,7;22,2;27,5;25,3;22,8;21,6;85;71;76;316;4,7;1,8;
2012-10-30;19:00;0;999;999,9;999;2477,4;28,6;23,2;28,6;26,6;23,3;22;79;70;72;310;4,9;2,1;
2012-10-30;20:00;0;999,3;999,3;998,8;1641,5;28,7;23,1;28,9;28,3;23,6;22,8;74;70;72;287;5,9;1,8;
2012-10-30;21:00;0;998,8;999,3;998,8;1003,6;28,4;22,9;29;28,3;23,7;22,9;76;70;72;253;4,7;1,4;
2012-10-30;22:00;0;999,6;999,6;998,7;502;27,7;23,7;28,4;27,6;23,8;22,8;79;72;79;233;3,6;,9;
2012-10-30;23:00;,4;1000,3;1000,3;999,4;29,8;26,1;24,1;27,7;25,9;24,4;23,1;90;78;89;208;3,4;,8;
2012-10-31;00:00;0;1000,4;1000,9;1000,3;-9999;25,1;24;26,1;25,1;24,5;24;94;89;94;297;1,6;,5;
2012-10-31;01:00;0;1001,9;1002;1000,3;-9999;24,7;23,6;25,1;24,6;24;23,5;95;93;94;150;2;,5;
2012-10-31;02:00;0;1001,8;1002;1001,4;-9999;24,5;23,5;24,8;24,4;23,7;23,4;94;93;94;301;2,6;,6;
2012-10-31;03:00;0;1002,2;1002,2;1001,7;-9999;24,1;23,2;24,5;24,1;23,5;23,2;95;94;95;101;1,6;,4;
2012-10-31;04:00;,2;1002,3;1002,7;1002,2;-9999;24,2;23,3;24,2;24,1;23,3;23,2;95;95;95;300;1,5;,5;
2012-10-31;05:00;0;1001,3;1002,4;1001,3;-9999;23,8;22,9;24,2;23,8;23,3;22,9;95;95;95;325;1,9;,3;
2012-10-31;06:00;0;1000,7;1001,3;1000,7;-9999;23,8;22,9;23,9;23,6;23,1;22,7;95;95;95;232;1,5;,7;
2012-10-31;07:00;0;1000,3;1000,7;1000,3;-9999;23,8;22,9;23,9;23,8;23;22,8;95;94;94;226;2,2;,9;
2012-10-31;08:00;0;1000,6;1000,6;1000,2;-9999;23,1;22,3;23,8;23,1;22,9;22,3;95;94;95;31;1,8;,3;
2012-10-31;09:00;0;1001,5;1001,5;1000,6;-9999;22,8;22,1;23,2;22,8;22,5;22,1;96;95;96;48;1,5;,7;
2012-10-31;10:00;0;1001,9;1001,9;1001,5;-9999;22,6;21,9;23,1;22,6;22,4;21,9;96;95;96;59;1,3;,9;
2012-10-31;11:00;0;1001,8;1001,9;1001,3;87,4;23,1;22,4;23,1;22,6;22,4;21,9;96;96;96;18;1,2;,4;
2012-10-31;12:00;0;1003;1003;1001,8;576,5;24,5;22,7;24,5;23,1;23,2;22,3;96;90;90;312;1,6;,7;
2012-10-31;13:00;0;1004,1;1004,1;1003;1372,9;25,8;22,6;25,8;24,5;23,1;22,2;91;82;83;334;3;1,4;
2012-10-31;14:00;0;1003,9;1004,2;1003,9;2350,5;27,7;22,6;27,7;25,7;22,9;21,6;83;72;74;289;4,8;1,6;
2012-10-31;15:00;0;1003,8;1004,1;1003,8;2463,9;29;22,6;29;27,5;22,9;21,3;74;67;68;269;4,8;1,4;
2012-10-31;16:00;0;1002,9;1003,8;1002,9;2525,1;30;23,5;30;28,8;23,6;21,9;73;64;68;343;5;1,2;
2012-10-31;17:00;0;1001,7;1002,9;1001,7;1770,9;30,5;23;30,5;29,9;23,8;22,3;68;63;65;293;3,7;1,4;
2012-10-31;18:00;0;1000,4;1001,7;1000,4;2085,6;31,3;22,9;31,3;30,2;23,5;22,1;66;61;61;306;3,8;1,3;
2012-10-31;19:00;0;998,9;1000,4;998,9;1525,9;30,7;22,6;31,3;30,2;23,2;21,8;66;58;62;272;4,3;,8;
2012-10-31;20:00;0;999;999,1;998,5;1614,2;30,2;22,9;31,6;30,2;23,8;21,8;67;57;65;172;3,6;1,4;
2012-10-31;21:00;0;999,4;999,4;999;750,4;30;24,2;30,5;30;24,4;22,4;72;63;71;75;3,1;,7;
2012-10-31;22:00;0;1001,3;1001,3;999,2;218;25,3;21,2;30;25,3;25;21,1;78;69;78;48;11,8;5,3;
2012-10-31;23:00;7,2;1001,3;1001,8;1001,3;-9999;22,7;21,6;25,3;22,6;22,3;21,4;94;78;94;39;11,8;1,3;
2012-11-01;00:00;2,8;1000,8;1001,3;1000,8;-9999;22,7;21,8;22,9;22,6;22;21,5;95;94;95;277;2,8;,4;
2012-11-01;01:00;1;1000,4;1000,8;1000,3;-9999;23,2;22,4;23,2;22,7;22,4;21,8;95;95;95;242;2,2;,7;
2012-11-01;02:00;,4;1001,2;1001,4;1000,4;-9999;23;22,1;23,3;22,9;22,5;21,9;95;94;95;249;2,2;,9;
2012-11-01;03:00;0;1002,1;1002,2;1001,2;-9999;22,9;21,9;23;22,8;22,1;21,9;95;94;95;214;2,1;,8;
2012-11-01;04:00;0;1002,2;1002,2;1001,8;-9999;22,7;21,9;22,9;22,6;22;21,8;95;94;95;83;1,9;,6;
2012-11-01;05:00;0;1001,3;1002,2;1001,3;-9999;22,4;21,7;22,7;22,4;22;21,7;96;95;96;10;2,1;,7;
2012-11-01;06:00;0;1000,8;1001,4;1000,7;-9999;22;21,3;22,4;22;21,6;21,3;96;96;96;69;1,7;,8;
2012-11-01;07:00;0;1000,5;1000,8;1000,4;-9999;22;21,3;22,1;22;21,5;21,3;96;96;96;130;1,3;,3;
2012-11-01;08:00;0;1000,4;1000,5;1000,1;-9999;21,7;21;22;21,7;21,3;21;96;96;96;92;1,5;,3;
2012-11-01;09:00;0;1000,8;1000,8;1000,3;-9999;21,3;20,7;21,7;21,1;21;20,5;96;96;96;37;1,9;,9;
2012-11-01;10:00;0;1001,6;1001,6;1000,8;-9999;21,5;20,9;21,5;21,3;20,9;20,7;96;96;96;54;1,6;,9;
2012-11-01;11:00;0;1002;1002;1001,6;86,6;22,1;21,5;22,1;21,4;21,5;20,8;96;96;96;78;1,7;,3;
2012-11-01;12:00;0;1002,8;1002,8;1002;609,6;22,7;21,8;22,8;22;22,1;21,4;96;95;95;51;2;1,1;
2012-11-01;13:00;0;1003,4;1003,5;1002,8;1501,8;24,9;21;25,1;22,7;22,4;21;95;79;79;107;1,8;,7;
2012-11-01;14:00;0;1003,3;1003,5;1003,3;2399,4;27,5;21,9;27,5;24,8;22,7;20,6;85;69;72;265;2,7;,7;
2012-11-01;15:00;0;1002,9;1003,4;1002,9;2962,8;29,2;22,7;29,2;27,3;23,3;21,1;77;65;68;170;2,7;1;
2012-11-01;16:00;0;1001,5;1002,9;1001,5;3181,5;30,6;22,3;30,9;29,2;23,8;21,3;71;58;62;16;3;1;
2012-11-01;17:00;0;1000,3;1001,5;1000,3;3087,5;31,9;23;32;30,5;23,9;21,5;64;55;59;231;4;1,6;
2012-11-01;18:00;0;999,1;1000,3;999,1;3071,5;32,4;22,8;32,7;31,8;23,8;22,2;62;54;57;199;4,8;2;
2012-11-01;19:00;0;998,1;999,1;998,1;2624,4;33,2;22;33,4;32,1;23,1;21,7;58;51;52;225;4,8;1,5;
2012-11-01;20:00;0;997,7;998,2;997,7;2086,6;32,9;20,6;33,5;32,8;22,4;20,5;54;47;49;187;3,9;1,5;
2012-11-01;21:00;0;997,1;997,8;997,1;1341,8;33,3;20,7;33,5;32,8;22,3;20,3;54;47;48;161;2,6;,6;
2012-11-01;22:00;0;996,4;997,1;996,4;320,8;30,3;21,4;33,5;30,3;23;19,5;62;46;59;159;1,9;,2;
2012-11-01;23:00;0;996,9;996,9;996,4;4,2;27,1;24,5;30,2;27,1;24,9;21,8;86;59;86;59;1;,4;
2012-11-02;00:00;0;997,3;997,3;996,8;-9999;25,8;24;27,1;25,8;24,5;23,6;90;85;90;229;1,2;,2;
2012-11-02;01:00;0;998,3;998,3;997,3;-9999;25;23,5;25,8;24,9;24,1;23,5;92;88;92;37;1,6;,4;
2012-11-02;02:00;0;999,2;999,2;998,3;-9999;24,6;23,3;25;24,4;23,6;23,2;94;90;93;54;1,7;1,3;
2012-11-02;03:00;0;999,8;999,8;999,2;-9999;24,3;23,2;24,6;24,2;23,5;23;94;92;93;25;1,6;,3;
2012-11-02;04:00;0;999,8;1000;999,8;-9999;24,1;23,1;24,3;24;23,3;23;95;93;94;77;1,4;,6;
2012-11-02;05:00;0;999,2;999,8;999,2;-9999;23,9;22,9;24,2;23,9;23,3;22,9;95;94;94;48;1;,3;
2012-11-02;06:00;0;998,6;999,4;998,6;-9999;23,6;22,8;23,9;23,4;23;22,5;95;94;95;27;1;,5;
2012-11-02;07:00;0;998,6;998,6;998,4;-9999;23,2;22,3;23,8;23,2;23;22,2;95;94;94;16;1;,2;
2012-11-02;08:00;0;998,4;998,7;998,4;-9999;22,9;22;23,6;22,9;22,9;22;96;94;95;58;2,1;,4;
2012-11-02;09:00;0;998,8;998,8;998,4;-9999;22,7;21,9;23,2;22,7;22,5;21,8;96;95;95;133;1,3;,7;
2012-11-02;10:00;0;999,4;999,4;998,8;-9999;22,6;21,8;23;22,6;22,3;21,8;96;95;95;14;1,8;,2;
2012-11-02;11:00;0;1000,6;1000,6;999,4;116;23,4;22,7;23,4;22,3;22,7;21,6;96;95;96;72;1,4;,4;
2012-11-02;12:00;0;1002,1;1002,1;1000,6;689,7;25,4;23,2;25,4;23,4;24;22,7;96;87;88;354;2,5;1;
2012-11-02;13:00;0;1003;1003;1002,1;1592;27,9;22,9;27,9;25,4;23,3;22,1;88;72;74;21;3,5;1,5;
2012-11-02;14:00;0;1003,2;1003,2;1003;2049,9;29,1;22,9;29,3;27,7;23,4;22,1;75;66;69;3;5,1;2,2;
2012-11-02;15:00;0;1002,6;1003,2;1002,6;2756,9;30,7;23;30,9;29,1;24;22,5;70;63;64;27;4,8;1,4;
2012-11-02;16:00;0;1001,3;1002,6;1001,3;2842,7;31,3;22,3;32,1;30,5;24,3;22,1;67;58;59;344;4,4;1,4;
2012-11-02;17:00;0;999,7;1001,3;999,7;2499,4;32,1;23,3;32,3;31;24,2;22,2;65;58;60;181;3,3;1,3;
2012-11-02;18:00;0;998,4;999,7;998,4;3159,6;32,8;23,6;33;31,8;24,6;23;64;57;58;332;4,3;1,1;
2012-11-02;19:00;0;997,6;998,4;997,6;2404,7;31,8;23,7;33,7;31,7;24,4;22,6;65;52;63;327;5,1;2,2;
2012-11-02;20:00;0;996,9;997,6;996,9;1750,3;31;24,5;32,3;31;24,8;23,6;70;63;68;9;5,8;1,7;
2012-11-02;21:00;0;997;997;996,5;1153,8;30,4;23,7;31;30,3;24,8;23,7;71;67;68;19;5,4;2,1;
2012-11-02;22:00;0;997,3;997,3;996,9;309,2;28,6;23,7;30,4;28,6;24,3;23,6;75;68;75;33;4,7;1;
2012-11-02;23:00;0;998,1;998,1;997,3;-9999;27,4;24,3;28,6;27,3;24,7;23,7;84;75;84;31;4,3;1,2;
2012-11-03;00:00;0;999;999,1;998,1;-9999;26,2;22,6;27,4;26,2;24,4;22,4;86;79;81;23;2,8;,8;
2012-11-03;01:00;0;999,4;999,4;999;-9999;25;23,1;26,2;25;23,3;22,6;89;81;89;57;2,3;,7;
2012-11-03;02:00;0;1000,5;1000,5;999,4;-9999;24,6;23,1;25,1;24,6;23,3;22,9;91;89;91;351;1,9;,4;
2012-11-03;03:00;0;1000,4;1000,8;1000,4;-9999;24,3;23,2;24,7;24,1;23,2;22,8;94;91;93;267;1,7;,4;
2012-11-03;04:00;0;1000,2;1000,4;1000,1;-9999;24;22,8;24,4;23,7;23,2;22,7;95;92;93;327;2,1;,9;
2012-11-03;05:00;0;999,7;1000,2;999,7;-9999;23,6;22,5;24;23,6;22,8;22,5;95;93;94;333;2,1;,3;
2012-11-03;06:00;0;999,4;999,8;999,4;-9999;23,2;22,4;23,6;23,1;22,6;22,1;95;94;95;76;1,5;,4;
2012-11-03;07:00;0;998,5;999,4;998,5;-9999;22,9;22,1;23,3;22,9;22,5;22;95;95;95;356;,9;,6;
2012-11-03;08:00;0;998,5;998,6;998,3;-9999;22,7;22;23,2;22,5;22,4;21,6;96;94;96;50;1,3;,6;
2012-11-03;09:00;0;999;999;998,5;-9999;22,7;21,9;22,9;22,5;22,2;21,6;96;95;95;246;1;,5;
2012-11-03;10:00;0;1000,2;1000,2;999;-9999;23;22,1;23,1;22,5;22,3;21,7;96;95;95;305;1,3;,5;
2012-11-03;11:00;0;1000,8;1000,8;1000,2;92,4;23,5;22,7;23,5;22,9;22,7;21,9;95;94;95;355;1,7;,7;
2012-11-03;12:00;,2;1001,5;1001,5;1000,8;711,9;25,2;22,7;25,4;23,6;23,4;22,4;96;85;86;5;1,9;,9;
2012-11-03;13:00;0;1002;1002;1001,5;1321,8;27,5;23,7;27,5;25,2;23,7;22,5;86;79;80;323;2,1;,8;
2012-11-03;14:00;0;1002,3;1002,3;1002;1696,4;29,1;22,9;29,3;27,4;23,9;22,5;79;69;69;15;2,4;,9;
2012-11-03;15:00;0;1002,1;1002,4;1002,1;2055,4;30,2;24,6;30,4;29;24,7;22,8;73;65;72;212;3,4;1,4;
2012-11-03;16:00;0;1001,2;1002,1;1001,2;2012,2;30,3;24,5;30,5;29,9;25,3;24,3;76;70;71;222;4;1,6;
2012-11-03;17:00;0;999,8;1001,2;999,8;2185,1;31,1;23,7;31,3;30,2;24,8;23,5;72;64;65;197;3,3;1,1;
2012-11-03;18:00;0;998,6;999,8;998,6;1832,4;31,9;24,6;32,1;31,1;24,9;23,7;68;64;65;195;3,2;1,4;
2012-11-03;19:00;0;997,3;998,6;997,3;1838;32,2;24,7;32,4;31,7;25;24,2;67;63;65;220;3,4;1,5;
2012-11-03;20:00;0;996,7;997,3;996,1;1698,3;32,5;23,8;32,7;31,7;25,1;22,5;66;58;60;227;3,9;1;
2012-11-03;21:00;0;996,8;996,9;995,9;1097,7;31,3;24,2;33,4;31,3;24,4;22,2;66;52;66;249;3,8;,9;
2012-11-03;22:00;0;997;997,1;996,8;48,1;26,8;23,9;31,2;26,8;24,6;22,7;84;65;84;37;6,4;2,4;
2012-11-03;23:00;0;997,2;997,2;996,9;,9;25,9;23,6;26,8;25,8;23,9;23,2;87;84;87;56;5,3;,9;
2012-11-04;00:00;0;998;998;997,2;-9999;25,2;23,7;25,9;25,2;23,7;23,5;91;87;91;74;2,5;,4;
2012-11-04;01:00;0;998,6;998,6;998;-9999;24,9;23,6;25,3;24,8;23,8;23,4;93;90;93;317;1,7;,4;
2012-11-04;02:00;0;1000;1000;998,6;-9999;24,4;23,1;24,9;24,4;23,7;23;93;92;92;168;2,9;1,1;
2012-11-04;03:00;0;1000,5;1000,5;1000;-9999;24;22,7;24,4;23,9;23,1;22,6;93;91;92;101;2;,2;
2012-11-04;04:00;0;1000,2;1000,6;1000,2;-9999;23,4;22,5;24;23,4;22,9;22,4;95;92;94;63;1,3;,3;
2012-11-04;05:00;0;999,6;1000,2;999,6;-9999;23,4;22,3;23,5;23,2;22,6;22,2;95;93;94;118;1,3;,4;
2012-11-04;06:00;0;999,2;999,6;999,2;-9999;23,1;22,1;23,4;23;22,4;22,1;95;94;94;353;3,5;1,6;
2012-11-04;07:00;0;998,9;999,2;998,8;-9999;22,9;22,1;23,2;22,7;22,1;21,7;95;94;95;349;3,5;,6;
2012-11-04;08:00;0;998,5;998,9;998,5;-9999;22,6;21,7;22,9;22,5;22,1;21,6;95;94;95;48;1,9;,2;
2012-11-04;09:00;0;998,9;998,9;998,5;-9999;22,5;21,7;22,6;22,3;21,8;21,4;95;95;95;189;1,1;,5;
2012-11-04;10:00;0;999,7;999,7;998,9;-9999;22,4;21,6;22,6;22,3;21,8;21,5;95;95;95;304;1,5;,4;
2012-11-04;11:00;0;1000,4;1000,4;999,7;109,5;23,3;22;23,3;22;22,1;21,2;96;93;93;353;2,4;,8;
2012-11-04;12:00;0;1001,1;1001,1;1000,4;835,7;25,9;21,8;25,9;23,3;22,6;21;93;77;78;329;1,9;1;
2012-11-04;13:00;0;1002,1;1002,1;1001,1;1667,8;28,6;22;28,7;25,9;22,7;21,9;81;66;68;22;2,9;1,2;
2012-11-04;14:00;0;1001,9;1002,1;1001,9;2386;30,5;21,8;30,9;28,5;22,8;21,5;68;59;60;10;2,9;1;
2012-11-04;15:00;0;1001,4;1001,9;1001,4;2763;31,7;22,3;31,8;30,5;23,5;21,8;64;56;57;210;4,7;1,3;
2012-11-04;16:00;0;1000,3;1001,4;1000,3;2535,9;33,4;23,2;33,5;31,3;23,9;21,7;63;52;55;105;5,1;1,4;
2012-11-04;17:00;0;998,8;1000,4;998,8;1845,8;32,7;21,8;33,5;32,3;23,4;21,1;58;48;53;134;4,7;1,3;
2012-11-04;18:00;0;996,7;998,8;996,7;2300,4;33,2;22,6;34;30,2;23,4;20,7;63;46;54;135;6,2;1,2;
2012-11-04;19:00;0;995,1;996,7;995,1;1764,7;34;21,3;34;32,2;23,9;21;61;47;48;68;3,3;,9;
2012-11-04;20:00;0;995;995,1;994,7;2131,8;34,9;21,5;35,1;33,9;22,6;20,5;50;43;46;124;4,6;1,4;
2012-11-04;21:00;0;995,5;995,5;994,9;1164,2;32,3;22,8;35;32,3;22,9;20,7;58;44;58;108;4,9;,5;
2012-11-04;22:00;0;996,6;996,6;995,4;186,1;29,4;22,1;32,3;29,4;24,4;21,8;67;55;65;175;5,8;1,8;
2012-11-04;23:00;0;997,7;997,7;996,6;,1;28;22,2;29,4;28;22,8;21,9;73;64;71;196;4,1;1,3;
2012-11-05;00:00;0;1000;1000;997,7;-9999;26,4;23,4;28;26,3;23,9;22,1;86;70;84;139;3,9;1,1;
2012-11-05;01:00;0;1000,8;1000,8;1000;-9999;25,4;22;26,8;25,4;23,6;21,6;85;75;81;81;12,1;1,4;
2012-11-05;02:00;,4;1000,5;1000,9;1000,5;-9999;24,5;23,2;25,4;24,4;23,3;21,9;93;81;93;325;4,3;,7;
2012-11-05;03:00;0;1000,1;1000,5;999,9;-9999;24,2;23,1;24,5;24,1;23,3;23;94;93;94;225;2;,6;
2012-11-05;04:00;0;999,5;1000,1;999,5;-9999;23,8;22,7;24,2;23,8;23,1;22,7;94;93;94;349;2,3;,8;
2012-11-05;05:00;0;999,3;999,7;999,3;-9999;23,9;22,8;23,9;23,6;22,8;22,6;94;93;94;301;2,8;,9;
2012-11-05;06:00;0;999,1;999,5;999,1;-9999;23,8;22,8;24,1;23,8;23;22,6;94;93;94;301;2,8;,5;
2012-11-05;07:00;0;999;999,1;998,9;-9999;23,8;22,6;23,9;23,8;22,9;22,6;94;93;93;236;2,5;1,1;
2012-11-05;08:00;0;998,9;999,1;998,8;-9999;23,6;22,6;23,8;23,6;22,7;22,6;94;93;94;211;3,4;1,6;
2012-11-05;09:00;0;999,3;999,3;998,9;-9999;23,6;22,6;23,6;23,4;22,7;22,4;95;94;94;215;3,8;1;
2012-11-05;10:00;0;1000,3;1000,3;999,3;-9999;23,6;22,6;23,6;23,5;22,7;22,5;95;94;94;230;2,5;,9;
2012-11-05;11:00;0;1001,1;1001,1;1000,3;149,7;23,9;22,7;23,9;23,6;22,8;22,5;94;93;93;219;2,7;,9;
2012-11-05;12:00;0;1002,1;1002,1;1001,1;908,2;25,3;22,5;25,3;23,9;23,3;22,3;93;84;85;281;2,8;1;
2012-11-05;13:00;0;1002,5;1002,5;1002,1;1910,9;26,5;22,8;26,7;25,3;23,1;22,5;85;79;80;213;3,8;2,1;
2012-11-05;14:00;0;1002,5;1002,6;1002,4;2493,1;28,4;23,2;28,6;26,3;24;22,8;83;72;74;190;4,6;2,3;
2012-11-05;15:00;0;1002;1002,5;1002;2432,6;29,5;23;29,5;28,1;23,6;22,7;75;68;68;181;4,6;1,1;
2012-11-05;16:00;0;1001;1002;1001;2563;31,1;22,5;31,1;29,3;23,3;22,2;70;60;60;113;3,2;1,2;
2012-11-05;17:00;0;999,6;1001;999,6;2854,2;31,5;22,7;31,8;30,3;23,2;22;63;58;60;166;4,8;1,9;
2012-11-05;18:00;0;998,1;999,6;998,1;2822,6;31,8;22,6;33,2;31,6;23,4;21,3;60;51;58;149;4,8;1,2;
2012-11-05;19:00;0;996,4;998;996,4;2102,8;33,7;21,8;33,7;31,4;23,1;20,8;60;48;50;138;3,2;,9;
2012-11-05;20:00;0;995,9;996,4;995,7;1921,9;32,7;21,5;34;32,7;22,6;20,4;53;46;52;55;3,7;1,6;
2012-11-05;21:00;0;996;996;995,7;1148,4;32,3;21,6;33,7;32,2;22,4;19,7;56;45;53;82;3,1;1;
2012-11-05;22:00;0;997;997;995,9;296,3;30,2;23,4;32,6;30,2;24,2;21,4;70;52;67;70;2,4;,3;
2012-11-05;23:00;6,4;998,7;998,7;997;4,3;23,5;22,4;30,2;23,5;24,7;21,7;94;66;93;29;11,6;2;
2012-11-06;00:00;0;1000;1000;998,7;-9999;23,7;22,6;23,9;23,3;22,9;22,1;94;93;93;324;5,1;1,1;
2012-11-06;01:00;,2;1000,3;1000,3;999,9;-9999;23,3;22;23,7;23,2;22,5;21,8;94;92;93;352;2,9;,8;
2012-11-06;02:00;0;1000,1;1000,5;1000,1;-9999;23,4;22,4;23,5;23,2;22,6;22;95;93;94;327;1,8;,5;
2012-11-06;03:00;0;1000;1000,1;1000;-9999;23,2;22,3;23,4;23,2;22,5;22,2;95;94;95;93;1,3;,5;
2012-11-06;04:00;0;999,6;1000;999,4;-9999;22,9;22,1;23,4;22,9;22,6;22,1;95;95;95;105;1,2;,6;
2012-11-06;05:00;0;999,2;999,6;999,2;-9999;22,8;22;23;22,7;22,3;21,9;96;95;96;39;1,7;1;
2012-11-06;06:00;0;999,1;999,2;999;-9999;22,4;21,6;23;22,4;22,3;21,6;96;95;95;82;1,6;,6;
2012-11-06;07:00;0;998,9;999,1;998,8;-9999;22,5;21,8;22,6;22,3;21,9;21,6;96;95;96;327;1,3;,4;
2012-11-06;08:00;0;999;999;998,9;-9999;22,3;21,5;22,6;22,3;21,9;21,5;96;95;96;27;1;,6;
2012-11-06;09:00;,2;999,6;999,6;999;-9999;22,3;21,6;22,5;22,2;21,9;21,4;96;96;96;349;1,8;,4;
2012-11-06;10:00;0;1000,3;1000,3;999,6;-9999;22,4;21,7;22,6;22,2;21,9;21,5;96;96;96;8;2,3;1,1;
2012-11-06;11:00;0;1000,9;1001;1000,3;131,2;22,9;22,2;22,9;22,4;22,2;21,7;96;96;96;50;2,3;,7;
2012-11-06;12:00;0;1001,7;1001,7;1000,9;509,1;24;23;24;22,9;23;22,2;96;93;94;351;2,3;,8;
2012-11-06;13:00;0;1002,1;1002,1;1001,7;1796,3;26,5;23,2;26,6;24;23,7;22,3;94;81;82;8;2,3;1,2;
2012-11-06;14:00;0;1001,8;1002,1;1001,8;2483,4;28,4;23,9;28,4;26,5;24,1;22,8;83;75;76;343;3,9;1,3;
2012-11-06;15:00;0;1001,3;1001,8;1001,2;2900,3;30,3;23,2;30,4;28,4;24,6;22,8;77;64;66;351;4,2;1,5;
2012-11-06;16:00;0;1000,2;1001,2;1000,2;2245,1;30,3;23,5;31,2;29,7;24,7;22,8;71;64;67;64;3,8;,8;
2012-11-06;17:00;0;999,1;1000,2;999,1;1799;31,6;23,2;31,8;30,3;24,5;23,2;70;61;61;204;3;1,1;
2012-11-06;18:00;0;997,9;999,1;997,8;2919,6;32,4;23,8;33;31,4;24,1;22;65;53;61;195;5,2;1,7;
2012-11-06;19:00;0;996,7;997,9;996,7;2196,6;33,2;22,8;33,7;31,8;24,6;22,1;65;51;55;227;3,9;1,2;
2012-11-06;20:00;0;995,9;996,7;995,9;1534;32,7;22,5;33,5;32,6;23,2;21,2;57;51;55;104;2,8;,6;
2012-11-06;21:00;0;995,5;995,9;995,4;949,2;32,7;22,2;33,3;31,8;24,9;21,5;65;51;54;58;2,2;1,1;
2012-11-06;22:00;0;995,4;995,5;995,2;294,9;30,3;22,3;32,8;30,3;23,3;21,3;63;52;63;54;2,7;,7;
2012-11-06;23:00;0;996,2;996,2;995,4;,7;27,4;24,5;30,3;27,4;25,5;22,4;86;63;84;25;1;,2;
2012-11-07;00:00;0;996,9;996,9;996,2;-9999;26,2;24,5;27,4;26,2;24,9;24,2;91;84;90;16;1,1;,4;
2012-11-07;01:00;0;998,1;998,1;996,9;-9999;25,4;23,7;26,3;25,4;24,7;23,7;92;89;90;43;,9;,6;
2012-11-07;02:00;0;998,8;998,9;998,1;-9999;25,3;23,9;25,7;25,3;24,3;23,7;92;90;92;317;1,2;,4;
2012-11-07;03:00;0;998,7;998,9;998,7;-9999;25;23,7;25,4;25;24,1;23,7;93;92;92;21;1,1;,3;
2012-11-07;04:00;0;999;999,1;998,7;-9999;25;23,9;25,1;24,8;24;23,5;94;92;94;109;2,1;,8;
2012-11-07;05:00;,4;998,7;999;998,5;-9999;24,9;23,8;25,6;24,9;24,3;23,8;94;90;94;355;2,9;,5;
2012-11-07;06:00;0;998,2;998,7;998,2;-9999;24,7;23,8;25,1;24,7;24,3;23,7;95;94;95;83;1,2;,4;
2012-11-07;07:00;0;997,9;998,2;997,8;-9999;24,3;23,4;24,8;24,3;23,9;23,4;95;95;95;42;1,2;,5;
2012-11-07;08:00;0;998;998;997,8;-9999;24,3;23,4;24,6;24,3;23,8;23,4;95;94;95;197;3,5;,6;
2012-11-07;09:00;0;999;999;998;-9999;24,3;23,3;24,3;24;23,4;23,1;95;94;94;8;4,3;1;
2012-11-07;10:00;0;999,6;999,6;999;-9999;23,8;22,7;24,3;23,8;23,3;22,7;95;94;94;317;2,7;,6;
2012-11-07;11:00;,2;1000,4;1000,4;999,6;88,4;24,1;23,2;24,1;23,6;23,3;22,7;95;94;95;132;1,7;1;
2012-11-07;12:00;0;1001;1001;1000,4;744,2;26,3;23,5;26,3;24,1;23,8;23;95;84;84;207;1,9;,9;
2012-11-07;13:00;0;1001,4;1001,4;1001;1680,3;28;23,2;28;26,2;23,7;22,7;85;74;75;278;2,8;1,2;
2012-11-07;14:00;0;1001,5;1001,5;1001,4;2365,7;29,8;21,7;30,2;28;23,9;21,7;77;61;62;206;3,5;1,7;
2012-11-07;15:00;0;1000,9;1001,5;1000,9;2880;31,1;22,8;31,4;29,8;23,6;21,5;65;60;61;195;4,1;1,8;
2012-11-07;16:00;0;999,7;1000,9;999,7;2484,5;32,3;22,4;32,7;31,1;23,7;21,9;64;53;56;203;3,9;1,6;
2012-11-07;17:00;0;998,1;999,7;998,1;2632,7;33,7;22,6;33,9;31,9;23,7;21,7;58;50;53;32;4;,9;
2012-11-07;18:00;0;996,5;998,1;996,5;2705,2;34,7;22;34,7;33,5;23,1;20,6;54;46;48;155;3,4;1,5;
2012-11-07;19:00;0;996,2;996,5;995,9;1552,8;32;22,9;34,9;32;23,6;19,7;59;42;59;80;4,6;1,4;
2012-11-07;20:00;,2;995,8;996,8;995,8;722,7;27,5;23,2;32;27,1;24,9;22,3;86;57;77;14;9,5;2,1;
2012-11-07;21:00;,2;995,5;995,9;995,1;482;27,4;23,5;27,6;27,1;23,7;22,9;80;76;79;220;5,3;1,2;
2012-11-07;22:00;0;995,9;996;995,5;180,2;26,8;23,9;27,5;26,8;24,2;23,3;85;79;84;299;2,2;,5;
2012-11-07;23:00;0;996,4;996,5;995,9;2,4;25,4;23,2;26,8;25,4;24,1;23,2;89;83;88;8;1,8;,4;
2012-11-08;00:00;0;997,3;997,3;996,4;-9999;24,8;23,5;25,3;24,8;23,5;23,1;92;88;92;198;1,5;,4;
2012-11-08;01:00;0;998,5;998,5;997,3;-9999;24,4;23,3;24,8;24,3;23,7;23,2;94;92;94;123;1,8;,7;
2012-11-08;02:00;0;999,2;999,2;998,5;-9999;24,2;23,2;24,4;24;23,4;23;94;93;94;185;1,5;,3;
2012-11-08;03:00;0;999,5;999,6;999,2;-9999;24;23,1;24,3;24;23,4;23;95;94;94;330;1,2;,7;
2012-11-08;04:00;0;999,5;999,6;999,4;-9999;23,9;22,9;24,3;23,9;23,4;22,9;95;94;94;251;1,1;,3;
2012-11-08;05:00;0;998,9;999,6;998,9;-9999;23,6;22,7;24;23,6;23,2;22,6;95;94;95;336;1,2;,7;
2012-11-08;06:00;0;998,3;998,9;998,3;-9999;23,5;22,7;23,7;23,3;22,9;22,4;96;94;95;294;1,1;,3;
2012-11-08;07:00;0;997,9;998,4;997,9;-9999;23,1;22,3;23,5;22,9;22,7;22,1;96;95;96;59;1,4;1,1;
2012-11-08;08:00;0;997,5;997,9;997,5;-9999;22,7;22;23,2;22,7;22,5;21,8;96;95;96;76;1,4;,6;
2012-11-08;09:00;0;997,8;997,8;997,4;-9999;22,6;21,9;22,8;22,5;22,1;21,8;96;95;96;131;1,3;,3;
2012-11-08;10:00;0;999;999;997,8;-9999;22,2;21,5;22,7;22,2;22;21,5;96;95;96;69;1,3;,6;
2012-11-08;11:00;0;1000;1000;999;97,5;23,3;22,6;23,4;22,2;22,7;21,5;96;96;96;355;1,4;,5;
2012-11-08;12:00;0;1001,2;1001,2;1000,1;585,3;25,2;23,7;25,2;23,2;24;22,5;96;91;91;80;1,6;,4;
2012-11-08;13:00;0;1001,6;1001,7;1001,2;1511,4;27;23,6;27,1;25,2;24,1;23,3;91;82;82;357;3,1;1,4;
2012-11-08;14:00;0;1001,5;1001,7;1001,5;2193;29,2;23,5;29,2;27;24,4;23,1;83;71;72;296;3,7;1,2;
2012-11-08;15:00;0;1001;1001,5;1001;2894;30,4;22,7;30,6;29,2;23,9;22,2;73;61;63;321;3,9;1,9;
2012-11-08;16:00;0;999,7;1001;999,7;3021,6;32,4;23;32,4;30,3;23,4;22,2;66;56;58;322;5,3;1,9;
2012-11-08;17:00;0;998,2;999,7;998,2;2693,6;30,8;23,1;32,9;30,7;23,9;21,6;64;54;63;330;6,1;2,1;
2012-11-08;18:00;,4;996,5;998,2;996,5;1289,9;30,5;24,5;31,1;29;26;22,4;83;60;71;214;4,7;1,2;
2012-11-08;19:00;0;995;996,5;995;2703,2;32,7;22,5;33;30,4;25,2;22,5;73;55;55;303;5,2;2;
2012-11-08;20:00;0;995;995,3;994,9;1364,4;30,3;23,3;33,5;30,3;23,8;22,4;66;53;66;324;9;3,3;
2012-11-08;21:00;22;997,1;997,3;995;130,6;24,7;23,8;30,3;24,7;25,1;23,2;95;66;95;23;11;3;
2012-11-08;22:00;2,4;996,8;997,1;996,4;8,3;24,8;23,8;24,9;24,6;23,9;23,5;95;93;94;192;7,1;,9;
2012-11-08;23:00;1,6;998,4;998,4;996,8;-9999;24,6;23,7;24,8;24,6;23,9;23,6;95;94;95;136;2,9;,6;
2012-11-09;00:00;1,6;999,3;999,3;998,4;-9999;24,6;23,8;24,6;24,5;23,8;23,6;95;94;95;118;1,9;,5;
2012-11-09;01:00;,2;999,4;999,4;999,1;-9999;24,3;23,4;24,6;24,3;23,8;23,4;95;95;95;91;1,6;,4;
2012-11-09;02:00;0;999,4;999,4;999,2;-9999;24,1;23,3;24,3;24,1;23,5;23,3;96;95;95;360;1,8;,7;
2012-11-09;03:00;0;999,5;999,7;999,4;-9999;23,9;23,1;24,2;23,8;23,4;23,1;96;95;96;86;1,7;,5;
2012-11-09;04:00;0;999,6;999,7;999,5;-9999;23,8;23;23,9;23,7;23,1;23;96;96;96;151;1,1;,4;
2012-11-09;05:00;0;999;999,6;999;-9999;23,8;23,1;23,8;23,5;23,1;22,8;96;96;96;190;1,4;,4;
2012-11-09;06:00;0;998,2;999;998,2;-9999;23,5;22,8;23,8;23,4;23,1;22,7;96;96;96;2;1;,5;
2012-11-09;07:00;0;997,7;998,2;997,7;-9999;23,5;22,8;23,5;23,4;22,8;22,7;96;96;96;199;1,6;,2;
2012-11-09;08:00;0;997,7;997,7;997,5;-9999;23,5;22,8;23,6;23,4;22,9;22,7;96;96;96;85;,9;,4;
2012-11-09;09:00;0;998,2;998,2;997,7;-9999;23,4;22,7;23,5;23,3;22,8;22,7;96;96;96;179;1;,6;
2012-11-09;10:00;0;998,8;998,8;998,2;-9999;23,4;22,7;23,6;23,3;22,9;22,6;96;96;96;81;1,4;,4;
2012-11-09;11:00;0;999,4;999,5;998,7;69,4;23,4;22,7;23,6;23,3;22,9;22,6;96;96;96;51;1,9;1;
2012-11-09;12:00;0;1000,1;1000,1;999,4;403,9;24,2;23,2;24,2;23,4;23,2;22,6;96;93;94;42;1,9;,5;
2012-11-09;13:00;0;1000,6;1000,6;1000,1;1059;24,9;22,5;25;24,2;23,7;22,3;94;86;87;9;1,7;,9;
2012-11-09;14:00;0;1000,5;1000,6;1000,4;2455,8;27,2;23;27,4;24,9;23,7;22,3;89;77;78;352;2,5;1,2;
2012-11-09;15:00;0;1000;1000,5;1000;2335,8;28,2;23,6;28,4;27,2;24,1;22,7;81;75;76;307;2,6;1,1;
2012-11-09;16:00;0;998,9;1000;998,9;2636,3;29,9;23,4;30,2;28,1;24,6;23,4;78;67;68;172;2,9;,9;
2012-11-09;17:00;0;997,6;998,9;997,6;2948,1;31,2;24,3;31,4;29,9;24,9;23,5;74;64;67;203;3,8;1,9;
2012-11-09;18:00;0;996,2;997,6;996,2;2449,2;32,1;24,1;32,1;30,8;24,9;23,2;70;60;63;204;3,6;1;
2012-11-09;19:00;0;995,4;996,2;995,4;1564,7;31,8;23,6;32,5;31;25,3;23,1;71;59;62;218;4,3;1;
2012-11-09;20:00;2,4;994,7;995,4;994,7;2084,6;29,3;25;33,5;29,3;25;22,6;77;54;77;322;3,3;1,5;
2012-11-09;21:00;0;994,5;994,7;994,5;922,5;30,9;25;30,9;28,3;27,3;24,5;91;71;71;287;3,2;,4;
2012-11-09;22:00;0;994,6;994,6;994,4;238,8;28,8;25,3;31,3;28,8;26,4;24,3;83;68;82;271;1,8;,4;
2012-11-09;23:00;0;995,1;995,1;994,6;,2;27,3;25,8;28,8;27,2;25,9;24,3;92;80;92;207;1,9;,7;
2012-11-10;00:00;0;996,4;996,4;995,1;-9999;26,6;25,2;27,3;26,6;25,9;25,1;93;91;92;283;1,9;,3;
2012-11-10;01:00;0;997,1;997,1;996,4;-9999;26,5;25,4;26,6;26,2;25,4;25;94;92;94;238;1,2;,5;
2012-11-10;02:00;0;997,9;997,9;997,1;-9999;25,8;24,7;26,5;25,7;25,4;24,6;95;93;94;171;2;,3;
2012-11-10;03:00;0;998;998,1;997,8;-9999;25,6;24,5;26,1;25,6;25;24,5;95;93;94;51;3,5;1,6;
2012-11-10;04:00;5,6;997,9;999;997,9;-9999;24,3;23,2;25,7;24,3;24,6;22,7;94;86;94;339;8;1,7;
2012-11-10;05:00;0;997,1;997,9;997,1;-9999;23,4;22,3;24,3;23,4;23,2;22,1;94;91;94;325;5,6;,8;
2012-11-10;06:00;0;996,7;997,1;996,4;-9999;23,1;22,2;23,5;23,1;22,5;22,1;95;93;95;77;1,8;,7;
2012-11-10;07:00;0;996,1;996,7;996,1;-9999;23,2;22,3;23,3;23,1;22,4;22,2;95;94;95;71;3;,4;
2012-11-10;08:00;0;995,9;996,1;995,8;-9999;23,2;22,4;23,3;23,1;22,5;22,2;96;95;95;220;1,6;,6;
2012-11-10;09:00;0;996,6;996,6;995,9;-9999;23,3;22,5;23,4;23,2;22,7;22,5;95;95;95;32;1,4;,6;
2012-11-10;10:00;0;997,3;997,3;996,6;-9999;23,3;22,5;23,4;23,2;22,6;22,4;95;95;95;70;1,8;,6;
2012-11-10;11:00;0;998,3;998,3;997,3;65,7;23,7;22,8;23,7;23,3;22,8;22,5;96;95;95;32;1,3;,5;
2012-11-10;12:00;0;999,1;999,1;998,3;777,9;25,9;23,1;25,9;23,7;23,5;22,8;95;84;85;151;1,6;,6;
2012-11-10;13:00;0;999,7;999,7;999,1;1695,5;28,6;23,2;29;25,9;24,3;22,9;85;71;73;335;1,8;,7;
2012-11-10;14:00;0;999,7;999,8;999,7;2397,3;30,4;23,8;30,4;28,5;24,5;22,8;76;65;68;312;2,4;1,1;
2012-11-10;15:00;0;999,3;999,7;999,3;2271,8;31,1;24,1;31,4;30,4;24,8;23,4;69;63;66;312;3;,9;
2012-11-10;16:00;0;998,3;999,3;998,3;2589,1;31,7;25,5;32,2;31,1;25,5;23,1;70;60;70;293;3,1;1,1;
2012-11-10;17:00;0;997,4;998,3;997,4;2149,4;31,7;23,6;32,7;30,7;25,4;23,1;70;59;62;202;3,4;1,3;
2012-11-10;18:00;,6;996,1;997,4;996,1;2348,2;31,9;25,5;32,7;30,5;26,6;23;80;58;69;226;3,6;1,2;
2012-11-10;19:00;0;994,9;996,1;994,9;2514,7;32,5;23,5;33;30,8;26,7;22,5;77;56;59;177;3;1,5;
2012-11-10;20:00;0;994,7;994,9;994,3;2028,2;33,4;21,9;33,9;32,5;23,9;21,2;61;48;51;140;3;,9;
2012-11-10;21:00;0;994,3;994,7;994,2;1142,7;32,9;23,8;34,1;32,9;24,3;22;60;51;59;355;2,2;,5;
2012-11-10;22:00;0;994,7;995,2;994,3;169;27,9;23,7;33;27,9;25,6;22,4;78;58;78;325;8,6;2;
2012-11-10;23:00;0;995,6;995,6;994,7;-9999;26,3;24,3;27,9;26,2;24,4;23,6;89;78;89;279;3,6;,6;
2012-11-11;00:00;0;996,9;996,9;995,6;-9999;25,5;24,1;26,3;25,5;24,4;23,9;92;88;92;68;1,5;1;
2012-11-11;01:00;0;997,8;997,8;996,9;-9999;25,1;23,8;25,6;25,1;24,2;23,8;93;91;93;111;2,6;,5;
2012-11-11;02:00;0;998,6;998,6;997,8;-9999;25;23,9;25,1;24,8;24,1;23,7;94;93;93;250;1,6;,3;
2012-11-11;03:00;0;998,9;999;998,6;-9999;25;23,9;25,1;24,7;24;23,6;95;93;94;303;1;,4;
2012-11-11;04:00;0;998,3;998,9;998,3;-9999;24,4;23,5;25;24,4;23,9;23,5;95;93;95;44;1,1;,9;
2012-11-11;05:00;0;998,1;998,3;998;-9999;24,2;23,2;24,6;24,2;23,7;23,2;95;94;94;338;1,1;,6;
2012-11-11;06:00;0;997,8;998,1;997,8;-9999;24,5;23,5;24,5;24,1;23,6;23,2;95;94;95;270;2;,5;
2012-11-11;07:00;0;997,4;997,8;997,4;-9999;23,9;23,2;24,5;23,8;23,5;22,8;95;94;95;146;1,4;,6;
2012-11-11;08:00;0;997,4;997,5;997,4;-9999;24,2;23,4;24,3;23,8;23,5;23;96;95;95;255;1;,2;
2012-11-11;09:00;0;997,8;997,8;997,4;-9999;23,6;22,8;24,2;23,6;23,4;22,8;96;95;95;328;1;,4;
2012-11-11;10:00;0;998,2;998,2;997,8;-9999;23,3;22,5;23,8;23,3;23,1;22,5;96;95;95;20;1,6;,6;
2012-11-11;11:00;0;998,9;998,9;998,2;85,6;23,7;23;23,7;23,2;23;22,4;96;95;96;62;1,1;,9;
2012-11-11;12:00;0;999,8;999,8;998,9;652,5;25,7;23,4;25,7;23,7;23,9;23,1;96;87;87;283;1,7;,5;
2012-11-11;13:00;0;1000,3;1000,3;999,8;1456,5;27,2;22,8;27,2;25,5;23,8;22,4;87;75;77;338;2,4;1,1;
2012-11-11;14:00;0;1001;1001;1000,3;2310,3;29,5;23;29,6;27,2;23,4;22,3;77;67;68;85;2,4;,9;
2012-11-11;15:00;0;1001;1001,1;1001;2795,4;31,2;24,6;31,2;29,5;24,8;23;72;67;68;138;3,3;1,1;
2012-11-11;16:00;0;999,9;1001;999,9;3137,5;32,1;22,5;32,5;30,9;25,1;21,6;69;53;57;188;4,4;2,5;
2012-11-11;17:00;0;998,8;999,9;998,8;2695,5;32,9;22,4;33,2;32,1;24,1;21,9;61;53;54;167;4,5;1,7;
2012-11-11;18:00;0;997,4;998,8;997,4;2968,6;33,3;22,5;34,4;32,9;24,9;21,7;60;50;53;188;4,5;2,3;
2012-11-11;19:00;4,4;996,7;997,5;996,5;980;28,7;24,7;33,7;27,8;25,6;22,2;86;53;79;174;6,1;1,2;
2012-11-11;20:00;0;996,8;997,3;996,7;216;25,8;23,4;28,7;25,7;25,5;22,4;88;76;87;158;8,8;1,5;
2012-11-11;21:00;0;996,7;996,9;996,3;169;25,8;22,7;26;25,7;23,4;22,7;87;83;83;214;3,7;1,1;
2012-11-11;22:00;0;996,7;996,8;996,5;70,3;25,3;23,5;25,9;25,3;23,7;22,6;90;83;89;117;2,5;,6;
2012-11-11;23:00;0;996,6;996,8;996,4;-9999;24,9;23,3;25,3;24,8;23,9;22,9;93;89;91;331;2,9;,5;
2012-11-12;00:00;0;997,5;997,5;996,6;-9999;24,2;23,1;24,9;24,2;23,6;22,8;94;90;94;62;1,6;,8;
2012-11-12;01:00;0;998,1;998,1;997,5;-9999;23,9;22,9;24,2;23,9;23,1;22,9;94;94;94;74;1,5;,8;
2012-11-12;02:00;0;998,7;998,8;998,1;-9999;23,9;23;24;23,8;23;22,8;95;93;95;327;1,4;,6;
2012-11-12;03:00;0;999,1;999,1;998,7;-9999;23,8;22,8;24,1;23,7;23,1;22,7;95;94;94;316;2,3;1,2;
2012-11-12;04:00;0;1000;1000;999,1;-9999;23,8;22,7;24;23,7;22,8;22,6;94;93;94;358;2,6;,6;
2012-11-12;05:00;0;999,9;1000,2;999,9;-9999;23,7;22,8;23,8;23,7;22,9;22,7;95;94;95;140;1,8;,2;
2012-11-12;06:00;0;999,4;999,9;999,4;-9999;23,8;23;23,8;23,7;23;22,8;95;95;95;255;,9;,4;
2012-11-12;07:00;0;999,2;999,4;999,2;-9999;23,6;22,8;23,9;23,6;23,1;22,8;95;95;95;332;,8;,5;
2012-11-12;08:00;0;999,3;999,3;999,2;-9999;23,4;22,6;23,6;23,3;22,8;22,6;96;95;95;93;1,5;,4;
2012-11-12;09:00;0;999,7;999,7;999,3;-9999;23,4;22,7;23,4;23,4;22,7;22,6;96;95;96;40;1,5;,7;
2012-11-12;10:00;0;1000,4;1000,4;999,7;-9999;23,4;22,6;23,5;23,4;22,7;22,6;96;95;95;121;1,2;,3;
2012-11-12;11:00;0;1001,4;1001,4;1000,3;12,9;23,6;22,8;23,6;23,4;22,8;22,6;96;95;96;137;,9;,2;
2012-11-12;12:00;0;1002,3;1002,3;1001,4;138,5;24,2;23,2;24,2;23,6;23,3;22,8;96;94;94;153;1,2;,4;
2012-11-12;13:00;0;1002,8;1002,8;1002,3;489,9;25,2;23,7;25,2;24,2;23,8;23,2;95;91;91;163;1,8;1,1;
2012-11-12;14:00;0;1003;1003;1002,8;1167,8;26,2;23;26,3;25,1;24;22,7;91;82;82;225;2,9;1,3;
2012-11-12;15:00;0;1002,4;1003;1002,4;1854;27,8;23,2;27,9;26,2;24;23;85;75;76;228;3,8;1;
2012-11-12;16:00;0;1001,9;1002,4;1001,9;1630,1;28,1;23,6;28,4;27,7;24,4;23,1;80;75;77;211;3,9;1,7;
2012-11-12;17:00;0;1001;1001,9;1001;1571,6;29;23,3;29;28;24;23;78;70;72;205;4;2,2;
2012-11-12;18:00;0;999,8;1001;999,8;2161,9;29,4;23,6;30,1;29;24,2;23;73;67;71;164;3,9;1,6;
2012-11-12;19:00;0;998;999,8;998;2777,2;30,5;23,6;31,1;29,2;24,2;22,7;72;62;67;203;4,2;2,1;
2012-11-12;20:00;0;996,9;998;996,9;1810,1;29,9;24;31;29,9;24,6;23,1;71;64;71;175;4;1,5;
2012-11-12;21:00;0;996,4;996,9;996,4;575,1;28,9;23,9;30,7;28,9;24,9;23,1;77;65;75;222;3,8;1,7;
2012-11-12;22:00;0;996,8;996,8;996,4;166,6;27,1;23,8;28,9;27,1;24,4;23,6;83;75;82;219;7,1;2,2;
2012-11-12;23:00;0;997,5;997,5;996,8;9;26,2;23,8;27,2;26,2;24;23,6;86;82;86;226;5,3;1,3;
2012-11-13;00:00;0;999,2;999,2;997,5;-9999;25,1;23,7;26,3;25,1;23,9;23,6;92;86;92;8;2,5;,4;
2012-11-13;01:00;0;1000,4;1000,4;999,2;-9999;24,9;23,7;25,1;24,7;23,9;23,5;93;92;93;247;1;,6;
2012-11-13;02:00;0;1001;1001;1000,4;-9999;24,4;23,4;25;24,3;23,8;23,2;94;92;94;304;1,9;,4;
2012-11-13;03:00;0;1001,2;1001,3;1001;-9999;24;23,1;24,4;24;23,6;23;95;94;95;344;1,1;,4;
2012-11-13;04:00;0;1000,8;1001,2;1000,8;-9999;23,8;22,9;24,1;23,7;23,2;22,8;95;94;95;27;1,1;,4;
2012-11-13;05:00;0;999,9;1000,8;999,9;-9999;23,6;22,8;23,8;23,4;22,9;22,6;96;95;95;208;1,1;,2;
2012-11-13;06:00;0;999,5;999,9;999,4;-9999;23;22,2;23,6;23;22,8;22,2;96;95;95;258;1,4;,2;
2012-11-13;07:00;0;999,8;999,8;999,4;-9999;23;22,2;23,3;22,8;22,6;22;96;95;95;39;2,1;,4;
2012-11-13;08:00;,2;999,5;999,8;999,5;-9999;23,1;22,4;23,3;22,9;22,6;22;96;95;96;356;1,2;,5;
2012-11-13;09:00;0;1000;1000;999,5;-9999;22,9;22,1;23,2;22,8;22,5;22,1;96;95;96;50;1,2;,8;
2012-11-13;10:00;0;1000,4;1000,4;1000;-9999;22,7;22;23;22,6;22,2;21,8;96;95;96;82;1,3;,7;
2012-11-13;11:00;0;1000,9;1000,9;1000,4;93,5;23,3;22,6;23,4;22,7;22,7;22;96;96;96;19;1,6;,4;
2012-11-13;12:00;0;1001,5;1001,5;1000,9;673,2;25,8;23,3;25,8;23,3;24;22,6;96;86;86;166;1;,4;
2012-11-13;13:00;0;1001,8;1001,8;1001,5;1572,1;27,6;23,3;27,7;25,7;24,1;23,1;87;77;77;193;2,9;1,3;
2012-11-13;14:00;0;1001,8;1001,9;1001,7;2132,6;28,9;23,4;29,1;27,4;24,3;23,2;81;71;72;217;3,8;1,6;
2012-11-13;15:00;0;1001,7;1002;1001,7;2079,3;30,2;23,6;30,2;28,6;24;22,2;75;63;68;193;3,8;1,7;
2012-11-13;16:00;0;1000,9;1001,7;1000,9;2177;30,6;22,7;31;29,7;24,5;22,5;72;63;63;309;3,6;,7;
2012-11-13;17:00;0;999,9;1000,9;999,9;3259,5;32,6;22,5;32,6;30,6;23,5;21,9;63;55;55;207;4,4;1,8;
2012-11-13;18:00;0;998,1;999,9;998,1;3306,8;33,5;21,3;33,5;32,2;23,1;20,8;58;48;49;219;4,4;1,2;
2012-11-13;19:00;0;996,3;998,1;996,3;2737,2;33,9;21,5;34,4;33,2;21,9;19,5;51;43;48;266;3,7;1,4;
2012-11-13;20:00;0;995,8;996,3;995,7;2017,2;30;23;34,4;30;23,3;20,2;66;44;66;22;7,1;3,1;
2012-11-13;21:00;0;996,7;996,7;995,8;286,7;28,3;23,4;30;28;23,8;22,9;77;66;75;5;7,1;1,2;
2012-11-13;22:00;0;997,4;997,4;996,7;73,7;26,5;23,3;28,4;26,5;24,2;23,1;83;74;83;202;5,2;1,9;
2012-11-13;23:00;0;998;998;997,2;-9999;26;23,5;26,5;25,9;23,7;22,9;87;82;87;244;3,8;,5;
2012-11-14;00:00;0;998,8;998,8;998;-9999;25,4;23,8;26;25,4;23,8;23,4;91;86;91;94;1,7;,5;
2012-11-14;01:00;0;1000,4;1000,4;998,8;-9999;25,2;23,8;25,5;25,1;23,9;23,6;92;91;92;357;2,5;1,1;
2012-11-14;02:00;0;1000,7;1000,7;1000,4;-9999;24,8;23,6;25,2;24,8;23,8;23,5;94;90;93;23;2,3;1,1;
2012-11-14;03:00;0;1001;1001,2;1000,7;-9999;24,6;23,5;25,1;24,6;23,8;23,4;94;92;94;130;1,5;,5;
2012-11-14;04:00;0;1001,4;1001,4;1001;-9999;24,7;23,6;24,8;24,6;23,8;23,5;94;93;93;225;2;,9;
2012-11-14;05:00;0;1000,9;1001,4;1000,9;-9999;24,7;23,4;24,9;24,7;23,7;23,3;93;92;92;192;2;1;
2012-11-14;06:00;0;999,9;1000,9;999,9;-9999;24,6;23,4;24,8;24,6;23,6;23,2;94;92;93;320;2,7;,5;
2012-11-14;07:00;0;999,1;999,9;999,1;-9999;24,4;23,3;24,7;24,4;23,6;23,3;94;93;94;211;2,2;1,2;
2012-11-14;08:00;0;999,2;999,2;999,1;-9999;24,3;23,3;24,4;24,3;23,4;23,2;94;93;94;223;3;,9;
2012-11-14;09:00;0;999,5;999,5;999,2;-9999;24,3;23,1;24,4;24,2;23,3;23;94;93;93;233;3,5;1,1;
2012-11-14;10:00;0;1000,1;1000,1;999,5;-9999;24,2;22,9;24,3;24,1;23,2;22,9;94;93;93;239;3,6;1,4;
2012-11-14;11:00;0;1001,2;1001,2;1000,1;80,8;24,5;23;24,5;24,1;23,2;22,9;93;91;92;239;3,9;1,2;
2012-11-14;12:00;0;1002,2;1002,2;1001,2;540,8;25,5;22,7;25,6;24,4;23,2;22,5;92;84;84;265;3,8;,9;
2012-11-14;13:00;0;1002,7;1002,7;1002,2;1429,4;27,8;23,2;27,8;25,4;23,4;22,5;85;75;76;261;3;1,3;
2012-11-14;14:00;0;1003,3;1003,3;1002,7;1453,1;28,5;23,1;28,6;27,3;23,8;22,9;81;72;73;296;3,3;1,2;
2012-11-14;15:00;0;1002,9;1003,3;1002,9;1525,3;28,5;23,6;28,6;28,1;23,7;22,5;76;71;75;273;3,3;1,2;
2012-11-14;16:00;0;1001,8;1002,9;1001,8;1738,8;29,6;23,2;29,8;28,4;23,9;23;75;68;69;298;2,9;,8;
2012-11-14;17:00;0;1000,6;1001,8;1000,6;2389,2;30,6;23;30,6;29,2;24;22,3;72;62;64;199;3,1;,9;
2012-11-14;18:00;0;999,1;1000,6;999,1;2313,7;30,8;23,5;31,6;30,1;24,5;21,7;69;56;65;312;7;2,3;
2012-11-14;19:00;0;998,2;999,1;998,1;2555,3;28,9;23,9;30,8;28,9;24,3;22,5;75;65;74;261;7,7;1,9;
2012-11-14;20:00;0;997,2;998,2;997,1;1226,4;27,8;23;28,9;27,8;23,9;22,7;75;71;75;240;5;1,3;
2012-11-14;21:00;0;996,3;997,2;996,3;1078,7;28,6;22,8;28,6;27,8;23,5;22,8;76;71;71;288;3,4;,9;
2012-11-14;22:00;0;996,9;996,9;996,2;366,1;27,4;23,6;28,5;27,4;23,8;22,8;80;71;80;329;2,2;1;
2012-11-14;23:00;0;997,2;997,2;996,9;13,4;25,7;23,2;27,4;25,7;23,7;23,1;86;80;86;346;3,2;,6;
2012-11-15;00:00;0;998,3;998,3;997,2;-9999;25,3;23,4;25,7;25,3;23,7;23,2;90;86;89;291;1,7;,2;
2012-11-15;01:00;0;999,7;999,7;998,3;-9999;24,8;23,3;25,3;24,8;23,6;23,3;92;89;92;34;1,6;,9;
2012-11-15;02:00;0;1000,3;1000,3;999,7;-9999;24,9;23,3;25;24,8;23,6;23,2;92;91;91;351;2;,6;
2012-11-15;03:00;0;999,8;1000,3;999,8;-9999;24,5;23,4;24,9;24,4;23,6;23,2;94;91;94;39;1,6;,9;
2012-11-15;04:00;0;999,5;999,8;999,5;-9999;24,4;23,2;24,7;24,3;23,6;23,2;94;93;93;69;1,6;,3;
2012-11-15;05:00;0;999,6;999,6;999,4;-9999;24,4;23,3;24,5;24,3;23,5;23,1;94;93;94;202;1,3;,4;
2012-11-15;06:00;0;999;999,6;999;-9999;24,5;23,4;24,7;24,3;23,7;23,2;94;93;94;223;1,1;,4;
2012-11-15;07:00;0;998,4;998,9;998,4;-9999;24,4;23,5;24,7;24,1;23,6;23,2;95;93;94;276;1,7;,5;
2012-11-15;08:00;0;998,1;998,4;998,1;-9999;24,2;23,4;24,5;24;23,5;23;95;94;95;265;1;,5;
2012-11-15;09:00;0;998,8;998,8;998,1;-9999;23,9;23;24,2;23,9;23,4;23;95;95;95;338;1,1;,6;
2012-11-15;10:00;0;999,4;999,4;998,8;-9999;23,9;23,1;24;23,8;23,2;23;95;95;95;325;1,1;,4;
2012-11-15;11:00;0;999,8;999,8;999,4;87,4;24,2;23,1;24,2;23,7;23,2;22,9;95;94;94;196;1;,5;
2012-11-15;12:00;0;1000,6;1000,6;999,8;574,8;25,7;23,6;25,7;24,2;23,8;23,1;94;88;88;331;1,8;,9;
2012-11-15;13:00;0;1001;1001;1000,6;924,5;26,6;23,2;26,6;25,5;23,8;23,1;89;81;81;303;2,2;1;
2012-11-15;14:00;0;1001,3;1001,3;1001;1422,2;28;23,3;28;26,6;23,8;22,8;82;76;76;7;2,7;1,1;
2012-11-15;15:00;0;1000,7;1001,3;1000,7;2510,3;29,5;23,7;29,9;28;24,4;23,1;78;69;71;285;3,4;1,3;
2012-11-15;16:00;0;999,5;1000,7;999,5;3050,8;31,4;23,4;31,6;29,5;24,2;22,9;71;61;63;264;3,6;1,3;
2012-11-15;17:00;0;998;999,5;998;3264,3;32,8;22,1;32,8;31,2;24;21,4;63;51;53;199;4,3;1,6;
2012-11-15;18:00;0;996,3;998;996,3;3407,7;35;24,7;35;32,7;24,8;20,8;57;48;55;118;3,8;,8;
2012-11-15;19:00;0;995,1;996,3;995,1;1283,6;32,2;22,6;35,1;31,3;24,1;21,6;65;48;57;40;4,2;1,2;
2012-11-15;20:00;0;994,7;995,1;994,7;1010,5;29,7;24,4;32,4;29,6;24,7;22,2;74;55;74;14;4,7;1,2;
2012-11-15;21:00;0;995,2;995,3;994,6;536,2;29;23,6;30,3;29;24,7;23,3;75;67;73;33;3,3;1,1;
2012-11-15;22:00;0;996,3;996,3;995,1;183,3;28,1;25,1;29,1;28,1;25,2;23;84;70;84;109;3,2;,3;
2012-11-15;23:00;0;997,2;997,2;996,3;-9999;25,8;23,5;28;25,8;25,1;23,3;88;80;87;66;5,7;1,1;
2012-11-16;00:00;0;998,3;998,3;997,2;-9999;25,8;23,7;25,8;25,6;23,7;23,3;89;87;88;140;2,9;,5;
2012-11-16;01:00;0;999,1;999,1;998,3;-9999;25,4;23,6;25,8;25,4;23,8;23,4;90;88;90;147;1,8;,6;
2012-11-16;02:00;0;999,5;999,5;999,1;-9999;25,1;23,8;25,4;25;23,9;23,6;93;90;93;157;1,8;,3;
2012-11-16;03:00;0;999,3;999,5;999,2;-9999;24,6;23,5;25,1;24,6;23,8;23,5;94;92;94;329;1,4;,8;
2012-11-16;04:00;0;999,5;999,6;999,2;-9999;24,6;23,6;24,6;24,3;23,6;23,3;95;94;94;16;1,8;,6;
2012-11-16;05:00;0;999,2;999,6;999,2;-9999;24,5;23,5;24,6;24,4;23,7;23,4;95;94;94;326;1,5;,5;
2012-11-16;06:00;0;998,6;999,2;998,6;-9999;24,3;23,4;24,6;24,3;23,6;23,4;95;94;95;38;1,6;,9;
2012-11-16;07:00;0;998,2;998,6;998,2;-9999;24,4;23,3;24,6;24,3;23,7;23,3;95;93;94;37;1,4;,3;
2012-11-16;08:00;0;997,8;998,2;997,8;-9999;24,3;23,3;24,5;24,3;23,6;23,3;95;94;95;40;1,2;,6;
2012-11-16;09:00;0;998,3;998,3;997,8;-9999;24,2;23,1;24,3;24,1;23,3;23,1;95;94;94;19;2,4;,6;
2012-11-16;10:00;0;999,3;999,3;998,3;-9999;24,2;23,1;24,4;24,1;23,4;23,1;94;93;94;349;1,6;,7;
2012-11-16;11:00;0;1000,1;1000,1;999,3;63,1;24,4;23,3;24,4;24,1;23,4;23,1;94;94;94;63;1,2;,4;
2012-11-16;12:00;0;1001,3;1001,3;1000,1;202,1;25,3;23,9;25,3;24,5;24;23,4;94;92;92;218;3,8;1,7;
2012-11-16;13:00;1,8;1001,9;1001,9;1001,3;261,9;24,7;23,3;25,3;24,7;24;23,1;93;90;92;207;6;3,6;
2012-11-16;14:00;0;1002,1;1002,2;1001,9;749,7;25;22,6;25;24,3;23,5;22,4;93;86;87;217;7,5;3,6;
2012-11-16;15:00;0;1002,5;1002,7;1002,1;709,1;25,3;22,4;25,5;24,9;22,8;22,2;87;83;84;212;7,5;2,7;
2012-11-16;16:00;1,8;1001,8;1002,5;1001,7;269,4;25;23,5;25,6;25;23,8;22,3;92;83;91;314;4,9;,7;
2012-11-16;17:00;,2;1000,7;1001,8;1000,7;613,5;25,3;23,3;25,3;24,9;24;23;93;89;89;309;2,6;,7;
2012-11-16;18:00;0;998,5;1000,7;998,5;1367,6;26,4;22,4;26,4;25,1;24;22,4;90;79;79;211;2,4;,9;
2012-11-16;19:00;,2;997,2;998,5;997,2;2826,9;29,3;22,6;29,4;26,2;24,1;22,1;82;66;68;161;2,7;1,2;
2012-11-16;20:00;0;996;997,2;996;2103,2;29,7;23,3;30,3;29,1;24,3;22,5;74;65;69;60;2,9;1,3;
2012-11-16;21:00;0;995,5;996;995,2;1232,4;29,6;24,2;30,4;29,2;24,3;22,5;73;64;73;77;3,4;1,3;
2012-11-16;22:00;0;996;996,1;995,5;335;27,8;24,8;29,7;27,8;24,8;23,8;83;71;83;30;3,3;,7;
2012-11-16;23:00;0;997,3;997,3;996;4,7;26,5;24,7;27,8;26,4;24,9;24,4;91;82;90;360;2,3;1;
2012-11-17;00:00;0;998,3;998,3;997,3;-9999;25,8;24,6;26,5;25,8;24,9;24,6;93;90;93;10;2,3;,5;
2012-11-17;01:00;0;999,8;999,8;998,3;-9999;25,4;24,4;25,8;25,4;24,6;24,3;94;93;94;340;2;,6;
2012-11-17;02:00;0;1000,9;1000,9;999,8;-9999;24,8;23,8;25,4;24,8;24,3;23,8;94;94;94;97;2,2;,3;
2012-11-17;03:00;0;1000,9;1001,1;1000,9;-9999;24,9;23,9;25;24,7;24,1;23,8;95;94;94;321;1,6;,9;
2012-11-17;04:00;0;1000,7;1001;1000,7;-9999;24,4;23,6;24,9;24,4;23,9;23,5;95;94;95;158;1,6;,5;
2012-11-17;05:00;0;999,9;1000,7;999,9;-9999;24,5;23,7;24,5;24,3;23,7;23,4;95;95;95;130;1,3;,4;
2012-11-17;06:00;0;999,6;999,9;999,6;-9999;24,6;23,8;24,7;24,5;23,9;23,7;95;95;95;346;1,7;,5;
2012-11-17;07:00;0;999,3;999,6;999,3;-9999;24,8;24;24,8;24,6;24;23,8;95;95;95;219;2;,7;
2012-11-17;08:00;0;999,2;999,3;999,2;-9999;24,7;23,8;24,9;24,7;24,1;23,8;95;94;95;155;3,1;,5;
2012-11-17;09:00;0;999,3;999,3;999;-9999;24,3;23,5;24,7;24,3;23,8;23,5;95;95;95;24;1;,3;
2012-11-17;10:00;0;1000;1000;999,3;-9999;23,9;23,1;24,3;23,9;23,5;23,1;96;95;96;61;,9;,6;
2012-11-17;11:00;0;1000,9;1000,9;1000;61,8;24,3;23,6;24,3;23,9;23,6;23,1;96;96;96;49;1;,2;
2012-11-17;12:00;0;1001,3;1001,3;1000,9;651,2;26;23,5;26,2;24,3;24,3;23,5;96;86;86;120;1,6;,6;
2012-11-17;13:00;0;1001,9;1001,9;1001,3;1108,3;27,3;23,7;27,4;25,9;24,3;23,6;89;81;81;41;2,1;,8;
2012-11-17;14:00;0;1001,9;1002;1001,9;1554,3;28,9;24,5;28,9;27,2;24,6;23,4;83;76;77;194;2,7;,7;
2012-11-17;15:00;0;1001,8;1002;1001,7;2686,1;30,6;23,5;31;29;25,2;23,2;78;65;66;96;3,8;1,1;
2012-11-17;16:00;0;1001,2;1001,8;1001,2;2620,7;31;24,4;31,5;30,4;25,1;22,8;71;62;68;190;4,3;1,1;
2012-11-17;17:00;0;1000,3;1001,2;1000,3;1943,5;31,9;23,7;32;30,6;25,3;23,2;72;60;62;120;3,9;1,4;
2012-11-17;18:00;0;998,7;1000,3;998,7;1848;31,9;23,5;32,8;30,8;24,7;23,1;69;60;61;25;4,4;1,2;
2012-11-17;19:00;0;997,6;998,7;997,6;2403,1;31,9;23,6;32,2;30,2;24,6;21,1;68;56;62;24;6,5;1,4;
2012-11-17;20:00;0;996,7;997,6;996,6;1267,4;32,5;23,4;32,8;31,8;24,4;22,6;65;57;59;183;3,2;,8;
2012-11-17;21:00;0;997,2;997,3;996,6;1044,7;29,5;23,8;33;29,5;24,6;22,5;72;58;71;44;6;1,4;
2012-11-17;22:00;0;997,7;997,7;997,2;235,9;29,1;25,2;29,9;29,1;25,2;23,8;80;71;80;130;2,1;,5;
2012-11-17;23:00;,4;999;999;997,7;5;26,6;24;29,1;26,6;25,4;23,8;87;77;86;89;7;,9;
2012-11-18;00:00;0;1000,1;1000,2;999;-9999;25,9;23,9;26,6;25,8;24,2;23,6;90;84;89;46;3;,6;
2012-11-18;01:00;0;1000,8;1001;1000,1;-9999;25,2;23,8;25,9;25,2;24,3;23,7;93;89;92;33;1,5;,6;
2012-11-18;02:00;0;1001,1;1001,1;1000,6;-9999;24,8;23,8;25,2;24,8;24;23,8;94;92;94;44;1;,4;
2012-11-18;03:00;0;1001,5;1001,6;1001,1;-9999;24,6;23,6;25;24,6;24;23,6;94;94;94;341;1,3;,8;
2012-11-18;04:00;0;1001;1001,6;1001;-9999;24,6;23,6;24,8;24,5;23,8;23,5;95;93;94;315;1,4;,5;
2012-11-18;05:00;0;1000,2;1000,9;1000,2;-9999;24,4;23,5;24,7;24,3;23,8;23,4;95;94;95;330;1;,4;
2012-11-18;06:00;0;999,5;1000,1;999,4;-9999;24,4;23,5;24,6;24,2;23,7;23,3;95;94;95;326;1;,6;
2012-11-18;07:00;0;999,4;999,5;999,3;-9999;24,3;23,5;24,5;24,2;23,6;23,3;95;94;95;266;1,2;,4;
2012-11-18;08:00;0;999,6;999,6;999,3;-9999;24,5;23,6;24,5;24,2;23,7;23,3;95;95;95;222;1,8;,8;
2012-11-18;09:00;0;1000,3;1000,3;999,6;-9999;24,3;23,4;24,5;24,3;23,6;23,4;95;94;95;266;2,4;,4;
2012-11-18;10:00;0;1001,1;1001,1;1000,3;-9999;24,3;23,4;24,3;24,2;23,5;23,3;95;95;95;311;1,4;,5;
2012-11-18;11:00;0;1001,8;1001,8;1001,1;35,4;24,6;23,7;24,6;24,3;23,7;23,4;95;94;94;217;1,5;,4;
2012-11-18;12:00;0;1002,4;1002,4;1001,8;280,2;25,1;23,5;25,1;24,6;23,8;23,3;94;90;91;184;2;,9;
2012-11-18;13:00;0;1002,6;1002,6;1002,4;705,7;25,6;23,1;25,6;25;23,7;22,9;92;86;86;175;2,1;1;
2012-11-18;14:00;0;1002,3;1002,7;1002,3;1100,8;27,1;23,4;27,1;25,6;23,9;23;87;80;80;209;2;,6;
2012-11-18;15:00;0;1002;1002,3;1002;1509,5;28,4;24,3;28,6;27,1;25;23,2;82;74;78;67;3,4;1,5;
2012-11-18;16:00;0;1001,5;1002;1001,5;2083;29,3;24,2;29,6;28,3;24,6;23,1;79;70;74;218;3,7;1,4;
2012-11-18;17:00;0;1000,5;1001,5;1000,5;2522,2;30,6;24,1;30,6;29,2;24,9;23,5;75;66;69;241;3,1;1;
2012-11-18;18:00;0;998,8;1000,5;998,8;2611,2;31,2;23,5;31,7;30,5;24,7;23,1;69;62;64;120;3,5;,9;
2012-11-18;19:00;0;997,2;998,8;997,2;2134;32,3;24,1;32,5;30,8;24,6;23,6;68;60;62;179;3,3;1,5;
2012-11-18;20:00;0;996,3;997,2;996,3;1564,7;31,7;23,8;33,2;31,1;24,7;23;68;56;63;41;3,6;1,5;
2012-11-18;21:00;0;996,3;996,3;996,2;1377,8;32,3;23,3;32,7;31,7;23,9;22,8;63;57;59;16;3,2;1;
2012-11-18;22:00;0;996,7;996,7;996,2;157,6;29,7;24,8;32,3;29,7;25,2;23,4;76;59;75;266;3,7;,4;
2012-11-18;23:00;0;998,6;998,6;996,7;1,8;27,8;24,8;29,7;27,7;25,4;24,7;87;75;84;48;5,4;2,3;
2012-11-19;00:00;6,6;999,8;1000;998,6;-9999;25,1;23,9;27,8;24,9;24,8;22,8;93;76;93;91;5,5;,6;
2012-11-19;01:00;0;1000,7;1000,7;999,6;-9999;24,5;23,2;25,3;24,5;24,3;22,9;95;91;93;239;2,9;,7;
2012-11-19;02:00;,2;1001,1;1001,1;1000,6;-9999;24,4;23,5;24,6;24,4;23,7;23,2;95;93;95;315;2,3;1,3;
2012-11-19;03:00;0;1001,3;1001,4;1000,9;-9999;24,4;23,4;24,5;24,3;23,5;23,2;95;94;94;295;3,3;,5;
2012-11-19;04:00;0;1001,3;1001,3;1000,9;-9999;24,5;23,6;24,6;24,2;23,6;23,3;95;94;95;190;1,6;,9;
2012-11-19;05:00;0;1001,1;1001,4;1001,1;-9999;24,7;23,8;24,8;24,5;23,9;23,6;95;94;95;241;3,9;1,3;
2012-11-19;06:00;0;1000,1;1001,1;1000,1;-9999;24,6;23,7;24,7;24,6;23,9;23,6;95;94;95;262;3,3;,7;
2012-11-19;07:00;0;999,8;1000,1;999,7;-9999;24,4;23,6;24,7;24,4;23,8;23,5;95;94;95;64;2,4;,2;
2012-11-19;08:00;0;999,4;999,8;999,3;-9999;24,3;23,6;24,6;24,3;23,7;23,5;95;95;95;45;,9;,5;
2012-11-19;09:00;0;999,4;999,5;999,3;-9999;24,3;23,5;24,4;24,2;23,7;23,5;96;95;96;71;1,3;,7;
2012-11-19;10:00;0;999,8;999,8;999,4;-9999;24,3;23,6;24,4;24,3;23,7;23,6;96;96;96;56;1,8;,3;
2012-11-19;11:00;0;1000,8;1000,8;999,8;71,6;24,6;23,9;24,6;24,1;23,9;23,4;96;96;96;100;,7;,3;
2012-11-19;12:00;0;1001,7;1001,7;1000,8;478,2;25,4;23,8;25,6;24,6;24,3;23,8;96;91;91;333;1,6;,6;
2012-11-19;13:00;0;1002;1002;1001,7;1068,9;26,5;24;26,5;25,4;24,2;23;91;82;86;212;2,4;1,4;
2012-11-19;14:00;0;1001,9;1002;1001,9;1807,8;28,1;23,6;28,1;26,4;24,6;23,5;87;76;76;331;3,5;,7;
2012-11-19;15:00;0;1001,3;1001,9;1001,3;2350,1;29,9;23,7;30,2;28,1;24,9;23,4;79;69;69;180;3,2;1,2;
2012-11-19;16:00;0;1000,1;1001,3;1000,1;2414;30,5;24,2;30,6;29,7;25;23,7;74;68;69;258;3,2;,9;
2012-11-19;17:00;0;998,9;1000,1;998,9;2488,6;31,4;25;31,7;30,2;25;23,2;72;64;69;172;3,4;1,3;
2012-11-19;18:00;,4;997,6;998,9;997,6;1265,5;29;25,6;32;29;25,6;23,3;82;62;82;311;4;1,1;
2012-11-19;19:00;0;996,1;997,6;996,1;2322,9;32,5;24,2;32,5;28,7;26,4;23,1;86;60;62;250;2,8;1,1;
2012-11-19;20:00;0;995,3;996,1;995,3;1861,8;33,7;23,6;33,7;32;24,4;22,3;63;55;56;226;2,6;,6;
2012-11-19;21:00;0;995,9;995,9;995,3;1248,9;31,3;24,6;33,8;31,3;24,6;22;68;52;68;155;4,5;2,1;
2012-11-19;22:00;0;996,5;996,5;995,9;377,1;28,7;23,6;31,3;28,7;25,7;23,3;80;68;74;57;4,5;1,8;
2012-11-19;23:00;0;996,5;996,7;996,4;2,1;26,6;23,2;28,7;26,6;24,3;22,7;82;73;82;318;3,8;1,1;
2012-11-20;00:00;0;997,2;997,2;996,5;-9999;25,6;23,4;26,6;25,5;23,5;22,8;88;81;88;63;2,7;,7;
2012-11-20;01:00;0;998,1;998,1;997,2;-9999;25,2;23,6;25,6;25,2;23,7;23,2;91;87;91;174;1,5;,6;
2012-11-20;02:00;0;999;999;998,1;-9999;25,3;24;25,3;24,9;24;23,4;93;91;92;212;1,5;,7;
2012-11-20;03:00;0;999,6;999,6;999;-9999;25,6;24,1;25,6;25,2;24,2;23,7;93;91;92;193;2,5;,9;
2012-11-20;04:00;0;999,5;999,8;999,5;-9999;25,8;23,6;26;25,6;24,3;23,6;92;87;88;208;5;2,5;
2012-11-20;05:00;0;998,8;999,6;998,8;-9999;25,6;23,5;25,8;25,5;23,7;23,4;89;88;89;209;5,3;2,2;
2012-11-20;06:00;0;998,3;998,8;998,3;-9999;25,6;24,1;25,7;25,6;24,2;23,6;92;88;91;214;5,3;1,6;
2012-11-20;07:00;0;998,4;998,4;998;-9999;25,4;24,2;25,6;25,4;24,2;23,9;93;91;93;60;3,4;1,4;
2012-11-20;08:00;,2;997,8;998,4;997,5;-9999;25,2;24,2;25,4;25,2;24,4;24;94;93;94;145;2,7;,3;
2012-11-20;09:00;0;998,7;998,7;997,8;-9999;25;24,1;25,2;24,9;24,3;24;95;94;95;59;1,5;,8;
2012-11-20;10:00;0;999,5;999,5;998,7;-9999;24,8;23,9;25,1;24,8;24,2;23,9;95;95;95;11;2,5;1;
2012-11-20;11:00;0;999,6;999,7;999,3;155,7;25,1;23,8;25,1;24,6;24;23,5;95;92;93;88;2,5;,2;
2012-11-20;12:00;0;1000,6;1000,6;999,6;777,8;26,3;22,8;26,3;25,1;24,2;22,8;93;81;81;218;2,7;1,5;
2012-11-20;13:00;0;1001,3;1001,3;1000,6;1162,1;27,5;23,4;27,5;26,3;24;23;84;78;78;169;3;1,3;
2012-11-20;14:00;0;1001,5;1001,5;1001,3;1318,4;28,4;24;28,5;27,4;24,2;23,2;81;76;77;227;3,4;,8;
2012-11-20;15:00;0;1001,1;1001,5;1001,1;1801,8;29,4;23,9;29,4;28,2;24,4;23,3;80;71;72;247;3,5;1,2;
2012-11-20;16:00;0;1000;1001,1;1000;2618,6;30,4;24;30,6;29,2;24,5;23,1;74;66;68;306;3,2;1,1;
2012-11-20;17:00;0;998,5;1000;998,5;3461,4;32,3;23,6;32,3;30,4;24,7;23,4;71;59;60;192;4;1,8;
2012-11-20;18:00;0;997,4;998,5;997,4;2289,7;32;23,6;32,7;31,5;24,6;22,9;66;58;61;163;3,7;,5;
2012-11-20;19:00;0;996,3;997,4;996,3;1993,6;32,8;23,3;32,8;32;23,8;22,4;62;55;57;222;2,3;,9;
2012-11-20;20:00;0;995,5;996,3;995,5;1573,8;33,2;21,4;33,4;32,1;23,7;21,1;59;50;50;52;5;,9;
2012-11-20;21:00;0;994,8;995,5;994,8;1139;32,3;21,7;33,3;32,3;22,4;20,6;56;48;54;42;3,3;1,3;
2012-11-20;22:00;0;994,8;994,8;994,6;361,3;30,4;23,2;32,4;30,4;23,4;21,8;66;54;66;38;2,7;,3;
2012-11-20;23:00;0;995,8;995,8;994,8;3,5;27,7;24,9;30,4;27,7;25,1;23,2;85;66;85;74;1;,6;
2012-11-21;00:00;0;996,7;996,7;995,8;-9999;26,9;25,1;27,7;26,8;25,2;24,1;90;84;90;159;1,2;,6;
2012-11-21;01:00;0;997,6;997,6;996,7;-9999;26,2;24,6;26,9;26,2;25;24,6;91;89;91;240;1,2;,2;
2012-11-21;02:00;0;998,2;998,2;997,6;-9999;25,6;24,2;26,2;25,6;24,6;24,2;93;91;92;360;,7;,2;
2012-11-21;03:00;0;998,4;998,4;998,2;-9999;25,6;24,5;25,8;25,5;24,5;24,2;94;92;93;260;1,1;,6;
2012-11-21;04:00;0;997,9;998,4;997,9;-9999;25,2;24,1;25,7;25,1;24,6;24;94;92;94;259;1,5;,7;
2012-11-21;05:00;0;997,7;998;997,7;-9999;24,8;23,8;25,2;24,7;24,2;23,7;95;94;94;62;1,5;,4;
2012-11-21;06:00;0;997,4;997,8;997,4;-9999;24,5;23,6;24,8;24,5;23,9;23,6;95;94;95;54;1,3;,9;
2012-11-21;07:00;0;997,5;997,5;997,4;-9999;24,3;23,4;24,7;24,3;23,9;23,4;95;95;95;352;1,3;,3;
2012-11-21;08:00;0;997,5;997,5;997,4;-9999;24,4;23,6;24,4;24;23,6;23,1;95;95;95;338;1;,5;
2012-11-21;09:00;0;997,8;997,8;997,5;-9999;24;23,2;24,4;23,9;23,6;23;96;94;95;67;1,1;,5;
2012-11-21;10:00;0;998,6;998,6;997,8;-9999;23,7;22,9;24;23,7;23,2;22,9;95;95;95;340;1;,3;
2012-11-21;11:00;0;999,1;999,1;998,6;90,6;24,1;23,2;24,3;23,5;23,5;22,7;96;95;95;90;,8;,2;
2012-11-21;12:00;0;999,7;999,7;999,1;617,2;27;25;27;24,1;25;23,2;95;88;89;155;,9;,3;
2012-11-21;13:00;0;1000,1;1000,1;999,7;1429,4;28,3;24,3;28,3;26,6;24,8;23,8;89;79;79;218;2,9;1,2;
2012-11-21;14:00;0;999,9;1000,2;999,9;1954,6;29,9;24,4;29,9;28,1;24,8;23,9;81;72;72;277;2,7;,9;
2012-11-21;15:00;0;999,6;1000;999,6;1995,5;30,4;24,1;30,8;29,8;25,4;23,8;76;67;69;132;3,1;1,2;
2012-11-21;16:00;0;999,2;999,6;999,2;2293,7;32,7;24,1;32,7;30,2;24,9;22,6;71;58;61;125;3,8;1,3;
2012-11-21;17:00;0;998,4;999,2;998,4;2302,2;32,3;22,6;33,8;32,1;24,4;22,3;63;53;57;347;4,4;1;
2012-11-21;18:00;0;997;998,4;997;1631,7;32,6;23;33;32,1;24,6;22,5;64;56;57;10;2,6;,8;
2012-11-21;19:00;0;995,6;997;995,6;2220;32,5;24,1;34,6;32,4;24,7;21,8;61;48;61;44;3,9;1,6;
2012-11-21;20:00;0;994,6;995,6;994,6;1729,6;34;22,4;34;32,4;24,3;20,8;62;48;51;74;4;1,2;
2012-11-21;21:00;0;994,7;994,8;994,6;730,8;32,4;24,7;34,1;32,1;24,7;21,7;64;49;64;36;4;,4;
2012-11-21;22:00;0;995,1;995,2;994,7;270,9;30,1;23,7;32,4;30,1;25;23,3;70;62;69;15;1,7;,4;
2012-11-21;23:00;0;995,8;995,8;995,1;4,3;28,2;25,2;30,1;28,2;25,5;23,8;84;68;84;271;1,1;,1;
2012-11-22;00:00;0;997,3;997,3;995,8;-9999;27,6;25,7;28,2;27,5;25,8;24,7;90;83;89;189;2,1;,4;
2012-11-22;01:00;0;998,1;998,1;997,3;-9999;26,5;24,8;27,7;26,5;25,9;24,8;91;88;90;26;,9;,3;
2012-11-22;02:00;0;998,5;998,5;998,1;-9999;25,9;24,6;26,5;25,9;25;24,5;93;90;93;53;1,1;,9;
2012-11-22;03:00;0;999;999;998,5;-9999;25,7;24,4;25,9;25,6;24,6;24,3;93;92;93;131;1,1;,3;
2012-11-22;04:00;0;999,1;999,2;998,8;-9999;25,7;24,5;25,9;25,6;24,7;24,3;94;92;93;142;,9;,2;
2012-11-22;05:00;0;998,7;999,1;998,7;-9999;25,6;24,6;26;25,4;24,9;24,3;94;92;94;168;1,5;,4;
2012-11-22;06:00;0;998,1;998,7;998,1;-9999;25,3;24,2;25,8;25,3;24,8;24;95;92;94;209;1,5;,5;
2012-11-22;07:00;0;997,6;998,1;997,6;-9999;25,3;24,3;25,3;25,1;24,3;24;94;93;94;252;1,7;,5;
2012-11-22;08:00;0;997,6;997,6;997,4;-9999;24,7;23,8;25,3;24,6;24,2;23,7;95;94;95;189;1,1;,2;
2012-11-22;09:00;0;998,2;998,2;997,5;-9999;25,2;24,3;25,2;24,6;24,3;23,7;95;94;95;232;1,6;1;
2012-11-22;10:00;0;998,9;998,9;998,2;-9999;25,1;24,1;25,3;25;24,3;24;95;94;94;276;1,6;,6;
2012-11-22;11:00;0;999,8;999,8;998,9;68,3;25,1;24,1;25,2;24,8;24,1;23,7;94;92;94;208;2,1;,5;
2012-11-22;12:00;0;1001;1001;999,8;424,1;26,4;24,2;26,4;25,1;24,5;24,1;94;88;88;234;2,3;,8;
2012-11-22;13:00;0;1001,6;1001,6;1001;1196;27,5;23,7;27,6;26,3;24,5;23,6;88;80;80;210;3,8;1,8;
2012-11-22;14:00;0;1001,7;1001,7;1001,5;1680;28,7;23,7;28,8;27,4;24,2;23,5;81;74;74;219;4;1,5;
2012-11-22;15:00;0;1001,5;1001,8;1001,5;2232,8;30,4;24;30,5;28,7;24,4;23,2;76;67;69;219;4,4;1,8;
2012-11-22;16:00;0;1000,8;1001,5;1000,8;3013,6;31,4;24;31,4;30;24,5;23,3;72;64;65;202;4,9;1,4;
2012-11-22;17:00;0;999,9;1000,8;999,9;2727,4;32,2;22,7;32,8;31,4;24,5;22,6;67;57;57;165;4,9;1,6;
2012-11-22;18:00;0;998,4;999,9;998,4;2222,3;32,1;23,7;32,9;31,6;24,3;22,6;65;56;61;194;4;2;
2012-11-22;19:00;0;997;998,4;997;1895,6;32,5;22,9;32,7;31,8;24,1;22,6;63;56;57;268;3,5;,9;
2012-11-22;20:00;0;996,1;997;996,1;1127,9;32,1;22,7;32,7;31,9;23,6;22;61;54;58;173;2,4;,7;
2012-11-22;21:00;0;996;996,1;996;701,4;32,2;22,2;32,3;31,5;24,4;22,1;66;55;56;244;1,6;,2;
2012-11-22;22:00;0;996,3;996,3;996;226,3;29,3;26;32,2;29,3;26;22,2;82;56;82;56;1,2;,6;
2012-11-22;23:00;0;996,8;996,8;996,3;1;27,7;26;29,3;27,7;26,3;25,7;91;82;91;62;1,2;1;
2012-11-23;00:00;0;997,4;997,4;996,8;-9999;26,8;25,4;27,7;26,8;26;25,2;92;90;92;48;1,3;,6;
2012-11-23;01:00;0;998,5;998,5;997,4;-9999;26,7;25,4;26,8;26,5;25,5;25,1;93;92;93;211;1;,5;
2012-11-23;02:00;0;999,4;999,4;998,5;-9999;26,1;24,9;26,7;26,1;25,4;24,9;94;92;93;65;1,1;,4;
2012-11-23;03:00;0;999,4;999,5;999,3;-9999;25,8;24,7;26,2;25,8;25,2;24,7;94;93;94;145;1;,2;
2012-11-23;04:00;0;999,6;999,6;999,3;-9999;25,9;24,9;25,9;25,6;24,9;24,6;95;94;95;226;1,3;,7;
2012-11-23;05:00;0;999,2;999,6;999,2;-9999;25,5;24,6;26;25,2;25;24;95;93;95;196;1,3;,4;
2012-11-23;06:00;0;998,6;999,2;998,6;-9999;25,1;24,3;25,5;25;24,6;24,1;95;94;95;73;1;,7;
2012-11-23;07:00;0;998,3;998,6;998,2;-9999;24,5;23,5;25,1;24,5;24,3;23,5;95;94;94;71;1;,4;
2012-11-23;08:00;0;998,4;998,4;998,2;-9999;24,1;23,2;24,7;24,1;23,9;23,2;96;94;95;12;1;,6;
2012-11-23;09:00;0;998,6;998,6;998,4;-9999;24,2;23,5;24,4;24;23,6;23,1;96;95;96;32;1;,3;
2012-11-23;10:00;0;999,2;999,2;998,6;-9999;23,8;23,1;24,2;23,7;23,4;22,9;96;95;95;61;1;,5;
2012-11-23;11:00;0;999,7;999,7;999,2;82,6;24,3;23,5;24,3;23,7;23,5;23;96;95;96;61;1;,7;
2012-11-23;12:00;0;1000,6;1000,6;999,7;519,6;26,5;25;26,5;24,3;25,2;23,5;96;91;92;68;1,1;,5;
2012-11-23;13:00;0;1001,2;1001,2;1000,6;1149;28,6;25,2;28,6;26,5;25,4;24,3;92;81;82;99;1,7;,6;
2012-11-23;14:00;0;1001;1001,2;1001;2087,6;30,3;24,2;30,3;28,5;25,1;24,2;81;70;70;202;2;1;
2012-11-23;15:00;0;1000,5;1001;1000,5;1993;31,1;24,7;31,2;30,3;25,3;23,5;73;66;69;223;2,9;1,1;
2012-11-23;16:00;0;999,6;1000,5;999,6;1644,9;31,5;24,5;31,8;30,7;25,5;23,1;73;62;67;167;2,8;1,1;
2012-11-23;17:00;0;998,7;999,6;998,7;1894,9;32,4;24,1;32,7;31,5;24,9;23,6;67;61;62;270;2,7;1,3;
2012-11-23;18:00;0;997,4;998,7;997,4;2291,4;33,3;23,6;33,8;32,2;24,4;22,9;62;54;57;203;4,2;1,5;
2012-11-23;19:00;0;996,2;997,4;996,2;1502,8;33,2;22,7;34,3;32,2;24;21,3;60;49;54;321;4,2;1;
2012-11-23;20:00;0;995,5;996,2;995,5;1680,9;33,1;21,7;34,6;33,1;24;21,6;58;48;51;36;3;1,3;
2012-11-23;21:00;0;995,2;995,6;995,2;1039;32,6;22,9;33,3;32,5;23,1;21,6;57;51;57;42;3,2;1,6;
2012-11-23;22:00;0;995,4;995,4;995,2;334,3;30,6;24,6;32,6;30,6;24,7;22,8;70;56;70;64;3;,7;
2012-11-23;23:00;0;996,3;996,3;995,4;6,7;28,3;25,8;30,6;28,3;25,8;24,6;86;70;86;116;1,5;,6;
2012-11-24;00:00;0;997,2;997,2;996,3;-9999;27,2;25,3;28,3;27,2;25,8;24,8;89;84;89;70;,8;,4;
2012-11-24;01:00;0;998,2;998,2;997,2;-9999;26,9;25,2;27,2;26,7;25,5;24,9;91;89;91;207;,7;,4;
2012-11-24;02:00;0;998,6;998,7;998,2;-9999;26;24,7;26,9;26;25,3;24,7;93;91;93;79;,9;,4;
2012-11-24;03:00;0;998,9;998,9;998,6;-9999;25,6;24,5;26,1;25,5;24,9;24,4;94;92;94;51;1;,3;
2012-11-24;04:00;0;998,7;999;998,7;-9999;25,3;24,2;25,7;25,3;24,6;24,1;94;93;94;353;,5;,3;
2012-11-24;05:00;0;998,5;998,7;998,5;-9999;25,1;24,1;25,3;24,9;24,2;23,9;95;94;94;321;1;,3;
2012-11-24;06:00;0;998,2;998,5;998,2;-9999;24,5;23,6;25,1;24,4;24,1;23,5;95;94;95;8;1;,7;
2012-11-24;07:00;0;997,8;998,2;997,8;-9999;24,4;23,5;24,7;24,3;23,9;23,4;95;94;95;330;1,3;,7;
2012-11-24;08:00;0;997,8;997,8;997,7;-9999;24,2;23,3;24,5;24,2;23,7;23,3;95;94;94;37;1,6;,5;
2012-11-24;09:00;0;997,8;997,8;997,6;-9999;24;23,2;24,2;23,8;23,4;22,9;96;94;96;62;1;,5;
2012-11-24;10:00;0;998,5;998,5;997,8;-9999;24;23,2;24,1;23,8;23,3;23;96;95;95;292;,8;,2;
2012-11-24;11:00;0;999;999;998,5;88,1;24,3;23,6;24,3;23,5;23,6;22,6;96;94;96;42;1,1;,5;
2012-11-24;12:00;0;1000;1000;999;544;26,4;24,3;26,4;24,3;24,8;23,7;96;88;88;55;1,5;,6;
2012-11-24;13:00;0;1000,3;1000,6;1000;1332,9;29;24;29,1;26,4;25;23,2;88;74;74;126;2,8;1,1;
2012-11-24;14:00;0;1000,6;1000,6;1000,3;2130,9;31,4;22,8;31,7;29;24,8;22,6;76;59;61;88;4,1;1,2;
2012-11-24;15:00;0;1000,4;1000,7;1000,4;2644;33,2;22,6;33,2;31,1;24;22,2;64;53;54;113;4,3;1,2;
2012-11-24;16:00;0;999,6;1000,4;999,6;3026,3;33,8;22,3;34,9;33,2;23,4;21,2;56;47;51;87;4,9;1,7;
2012-11-24;17:00;0;998,5;999,6;998,5;2473,6;34,2;21,6;35,9;33,8;23,2;20,9;53;43;48;103;5,5;1,1;
2012-11-24;18:00;0;997,4;998,5;997,4;1753,5;34,3;21,4;35,2;33,9;23,4;20,3;54;43;47;109;3,5;,5;
2012-11-24;19:00;0;996,1;997,4;996,1;2145,1;34,4;21,3;36,1;34,3;22,3;19,7;49;39;47;24;3,3;1,3;
2012-11-24;20:00;0;995;996,1;995;1789,6;35,6;20,8;35,8;34,2;21,7;19,3;48;39;42;83;5,8;1,8;
2012-11-24;21:00;0;994,7;995,1;994,6;1123;35,1;21,3;35,6;34,2;22,4;19,6;49;40;45;155;5,8;1;
2012-11-24;22:00;0;994,6;994,7;994,5;380;31,9;22,2;35,1;31,9;22,7;20,7;57;43;57;115;3,1;,2;
2012-11-24;23:00;0;995,5;995,5;994,5;3,9;29,1;23,8;31,9;29,1;23,8;22;73;57;73;75;1,9;,6;
2012-11-25;00:00;0;996,5;996,5;995,5;-9999;27,4;22,7;29,1;27,4;24,1;22,5;78;71;76;103;1,4;,2;
2012-11-25;01:00;0;997,7;997,7;996,5;-9999;26,6;23,9;27,5;26,6;24,2;22,7;85;76;85;50;1;,7;
2012-11-25;02:00;0;998,2;998,2;997,7;-9999;26,1;24;26,6;25,9;24,1;23,6;89;85;88;279;1;,3;
2012-11-25;03:00;0;998,3;998,4;998,2;-9999;25,2;23,8;26,2;25,2;24,2;23,8;92;88;92;30;,9;,4;
2012-11-25;04:00;0;998,6;998,7;998,3;-9999;25,1;23,6;25,5;25;24;23,5;92;91;91;12;,9;,5;
2012-11-25;05:00;0;998,6;998,7;998,4;-9999;25;23,7;25,1;24,9;24;23,6;94;91;93;312;,9;,5;
2012-11-25;06:00;0;998,1;998,6;998;-9999;25,3;23,9;25,3;24,6;23,9;23,4;94;92;92;348;3,6;1;
2012-11-25;07:00;0;997,9;998,1;997,7;-9999;25,4;23,7;25,5;25,2;23,9;23,5;92;89;90;338;3,2;1;
2012-11-25;08:00;0;998,1;998,4;997,9;-9999;25,2;23,7;25,5;25,2;24;23,6;92;90;91;333;2,3;,8;
2012-11-25;09:00;0;998,7;998,7;998,1;-9999;24,7;22,8;25,2;24,7;23,8;22,7;92;88;89;344;4,4;1,9;
2012-11-25;10:00;0;999,3;999,3;998,7;-9999;24,2;22,9;24,7;24,2;23;22,7;93;89;92;249;4,4;,3;
2012-11-25;11:00;0;1000,2;1000,3;999,3;94;24,4;22,9;24,4;23,9;23,1;22,8;94;91;91;159;1,1;,4;
2012-11-25;12:00;0;1000,9;1000,9;1000;745,9;26,4;22,9;26,4;24,3;22,9;22,3;91;81;81;257;2,1;,5;
2012-11-25;13:00;0;1001;1001,1;1000,9;1423,1;28,7;23,5;28,7;26,4;24;22,4;82;73;73;160;2,4;,8;
2012-11-25;14:00;0;1001,1;1001,2;1000,9;2232,3;30,7;22,8;31,1;28,5;23,7;22,3;74;62;63;154;4,5;1,8;
2012-11-25;15:00;0;1000,7;1001,1;1000,7;2449,5;30,7;23,9;31,1;30,5;24,4;23;69;63;67;184;6;2,9;
2012-11-25;16:00;0;999,7;1000,7;999,7;2213,8;31,4;23,9;31,9;30,6;24,6;23,2;70;61;64;164;5,9;1,8;
2012-11-25;17:00;0;997,8;999,7;997,8;2461,4;32,3;23,6;33,8;31,4;24,2;22,7;65;53;60;46;4,7;1,3;
2012-11-25;18:00;0;996,6;997,8;996,6;2491,5;33,7;23,3;34;32;24,2;22,5;62;53;55;188;4,8;2,9;
2012-11-25;19:00;0;995,3;996,6;995,3;2220,7;33,5;24;34;33;24;22,8;58;53;58;183;5,3;2,7;
2012-11-25;20:00;0;995;995,3;994,7;1817,6;33,1;23,2;33,9;33,1;24,4;23,2;59;54;56;186;4,9;2,9;
2012-11-25;21:00;0;994,5;995;994,4;1047,4;32,3;23,9;33,5;32,3;24,5;23,1;61;55;61;24;4,7;1,1;
2012-11-25;22:00;11,8;995,7;996,7;994,5;253;24,6;23;32,3;24;24,1;21,1;91;61;91;295;9,7;2,4;
2012-11-25;23:00;12,8;998,2;998,3;995,7;,4;24,7;23,7;25,2;23,9;23,9;22,8;95;89;94;343;7,7;1,6;
2012-11-26;00:00;0;999,3;999,3;998;-9999;24,3;23,4;24,7;24;23,6;23;95;93;95;274;3,8;,5;
2012-11-26;01:00;0;999,4;999,4;998,9;-9999;24,4;23,4;24,5;24,3;23,6;23,3;95;94;95;166;1,4;,4;
2012-11-26;02:00;0;1000,6;1000,6;999,4;-9999;24,3;23,4;24,4;24,2;23,6;23,3;95;94;95;321;1,6;,7;
2012-11-26;03:00;0;1000,5;1000,7;1000,4;-9999;24,4;23,5;24,6;24,2;23,8;23,4;96;95;95;254;1,6;,4;
2012-11-26;04:00;0;1000,4;1000,6;1000,3;-9999;24,3;23,5;24,4;24,1;23,6;23,3;96;95;95;241;1,1;,4;
2012-11-26;05:00;0;1000,1;1000,5;1000,1;-9999;23,9;23,1;24,4;23,9;23,6;23,1;96;95;95;357;1;,4;
2012-11-26;06:00;0;999,3;1000,1;999,3;-9999;23,9;23,1;24;23,7;23,3;23;96;95;96;329;1;,6;
2012-11-26;07:00;0;999;999,4;998,9;-9999;23,6;22,8;23,9;23,6;23,1;22,8;96;95;96;313;1,5;,2;
2012-11-26;08:00;0;999;999,1;999;-9999;23,3;22,6;23,7;23,3;23;22,6;96;96;96;78;1;,4;
2012-11-26;09:00;0;999,5;999,5;999;-9999;23,1;22,4;23,4;23,1;22,7;22,4;96;96;96;7;1;,1;
2012-11-26;10:00;0;1000,2;1000,2;999,5;-9999;23,1;22,4;23,3;23;22,6;22,3;96;96;96;359;1;,5;
2012-11-26;11:00;0;1000,9;1000,9;1000,2;89,6;23,3;22,6;23,3;22,9;22,6;22,1;96;96;96;110;1,1;,5;
2012-11-26;12:00;0;1001,7;1001,7;1000,9;566,4;24,8;23,1;25;23,3;23,8;22,6;96;90;90;215;2,4;1,1;
2012-11-26;13:00;0;1002,7;1002,7;1001,7;1076,7;26,2;23,1;26,2;24,7;23,5;22,8;91;83;83;204;2,1;,8;
2012-11-26;14:00;0;1003,2;1003,3;1002,7;1864,9;28,4;23,9;28,4;26;24,6;22,4;83;76;77;200;2,5;1,3;
2012-11-26;15:00;0;1002,7;1003,3;1002,7;2387,1;29,4;24,3;29,4;28,1;24,4;23,1;79;72;74;199;3,4;1,7;
2012-11-26;16:00;0;1001,7;1002,7;1001,7;2603,5;30,2;23,9;30,7;29,3;24,9;23,5;76;66;69;211;4,1;1,8;
2012-11-26;17:00;0;1000,2;1001,7;1000,2;2172,6;31,1;24,8;31,3;30,1;24,8;23,2;71;63;70;224;4,1;1,4;
2012-11-26;18:00;0;998,3;1000,2;998,3;2917,2;32,4;23,9;32,6;31,1;25,2;22,5;71;56;61;255;3,8;1,5;
2012-11-26;19:00;0;996,9;998,3;996,9;2487;32,2;22,7;33;32,1;24,1;22,3;62;55;57;337;3,8;1,9;
2012-11-26;20:00;0;996,4;996,9;996,4;2025,2;33,1;22,8;33,2;31,9;23,7;21,7;61;52;55;327;3,7;1,1;
2012-11-26;21:00;13,8;997,8;998,1;996,2;914;23,9;22,5;33,1;23,9;24,8;22,2;92;55;92;37;14,6;4,8;
2012-11-26;22:00;7,8;997,6;997,8;996,9;148,7;24,6;23,7;24,9;23,7;24;22,4;95;92;95;316;14,6;1;
2012-11-26;23:00;0;998,1;998,1;997,4;6,8;24,5;23,8;24,8;24,4;23,9;23,6;95;95;95;161;3;1,1;
2012-11-27;00:00;0;999,1;999,2;998,1;-9999;24,7;23,8;24,9;24,5;24;23,7;96;94;95;202;2,5;1,1;
2012-11-27;01:00;0;1000,4;1000,4;999;-9999;24,6;23,8;24,9;24,3;24;23,5;96;94;95;303;2,2;,6;
2012-11-27;02:00;0;1001,3;1001,4;1000,4;-9999;24,1;23,3;24,6;24,1;23,8;23,3;96;95;96;60;1,9;,6;
2012-11-27;03:00;0;1001,1;1001,3;1001;-9999;24,1;23,3;24,3;24;23,6;23,3;96;95;95;341;2;,4;
2012-11-27;04:00;0;1001,2;1001,2;1000,8;-9999;23,8;23,1;24,1;23,8;23,4;23;96;95;96;107;1,6;,7;
2012-11-27;05:00;0;1000,4;1001,3;1000,4;-9999;23,7;23;24,1;23,7;23,3;22,9;96;95;96;47;2;1,2;
2012-11-27;06:00;0;1000;1000,4;1000;-9999;23,8;23;24;23,7;23,3;23;96;95;96;359;2,2;1;
2012-11-27;07:00;0;999,7;1000,1;999,7;-9999;24,1;23,4;24,2;23,8;23,5;23,1;96;95;96;19;1,6;,5;
2012-11-27;08:00;0;999,5;999,7;999,4;-9999;24,2;23,5;24,3;24;23,6;23,3;96;96;96;201;1,2;,3;
2012-11-27;09:00;0;1000,1;1000,1;999,5;-9999;24,2;22,9;24,7;24,1;24;22,6;96;91;92;212;5,5;1,7;
2012-11-27;10:00;0;1000,4;1000,5;1000;-9999;24;23;24,2;24;23,1;22,8;94;92;94;223;4,1;,9;
2012-11-27;11:00;0;1001,6;1001,6;1000,4;62,2;24;23;24;23,7;23,1;22,8;95;94;94;259;1,7;,4;
2012-11-27;12:00;0;1002,7;1002,7;1001,6;381,4;24,6;22,7;24,7;24;23,3;22,6;94;89;89;227;3,2;1,4;
2012-11-27;13:00;0;1003,4;1003,4;1002,7;882,1;25,6;22,9;25,8;24,6;23,4;22,6;90;84;85;257;3;,9;
2012-11-27;14:00;0;1002,9;1003,4;1002,9;1873,6;27,5;23,1;27,7;25,6;24;22,7;86;76;77;177;3,6;1;
2012-11-27;15:00;0;1002,3;1002,9;1002,3;2116,9;29;23,7;29;27,5;24,2;23,1;80;73;73;225;3,2;1,5;
2012-11-27;16:00;0;1001,5;1002,3;1001,5;2163,2;29,9;22,8;30;28,8;24,4;22,8;76;66;66;350;3,3;1,2;
2012-11-27;17:00;0;999,9;1001,5;999,9;2978,4;31,3;23,2;31,6;29,4;24,7;22,5;74;59;62;241;4,3;1,5;
2012-11-27;18:00;0;998,3;999,9;998,3;2881;31,7;23,4;32;30,8;24,1;22,6;66;59;62;300;3,9;1,5;
2012-11-27;19:00;0;996,9;998,3;996,9;2022,8;30,4;23,3;31,7;29,2;24,1;22,3;72;60;66;323;8,3;1,9;
2012-11-27;20:00;0;995,9;997;995,9;1658,1;31;21,7;31,3;30,3;23,4;21,7;66;57;58;291;4,9;1,3;
2012-11-27;21:00;0;996,2;996,3;995,9;1202,7;30,4;24,5;31,4;30,2;24,7;21,2;72;55;71;240;3,7;1;
2012-11-27;22:00;0;996,6;996,7;996,2;295,3;28,4;25,1;30,9;28,4;25,2;23,9;83;67;83;242;3,5;,7;
2012-11-27;23:00;0;996,7;996,7;996,2;7,6;26,6;24,7;28,4;26,6;25,2;24,7;89;82;89;343;1,5;,4;
2012-11-28;00:00;0;998,1;998,1;996,7;-9999;25,8;24,6;26,6;25,8;25;24,6;93;89;93;41;1,5;,8;
2012-11-28;01:00;1,4;999,5;999,5;998,1;-9999;25,1;23,5;25,8;25;24,7;22,9;94;84;91;350;7;1,3;
2012-11-28;02:00;0;1000,2;1000,2;999,5;-9999;25;23,8;25,2;24,7;23,9;23,5;94;91;93;212;3,2;,8;
2012-11-28;03:00;0;1000,6;1000,7;1000,2;-9999;24,9;24;25;24,7;24;23,6;95;93;95;331;1,3;,2;
2012-11-28;04:00;0;1000,2;1000,6;1000,2;-9999;24,5;23,6;25;24,4;24;23,3;95;93;94;348;1,5;,7;
2012-11-28;05:00;0;999,7;1000,2;999,7;-9999;24,4;23,5;24,6;24,4;23,6;23,3;94;94;94;340;2,2;,9;
2012-11-28;06:00;0;998,5;999,7;998,5;-9999;24,1;23,2;24,6;24,1;23,6;23,2;95;94;95;360;2,2;,8;
2012-11-28;07:00;0;998;998,5;998;-9999;24;23,1;24,2;23,9;23,3;23;95;94;95;325;2;,6;
2012-11-28;08:00;0;997,9;998,1;997,9;-9999;23,9;23,1;24,1;23,8;23,2;23;95;95;95;3;1,2;,6;
2012-11-28;09:00;0;998,2;998,2;997,9;-9999;23,8;22,9;24,3;23,8;23,5;22,9;96;95;95;104;1,3;,4;
2012-11-28;10:00;0;998,9;998,9;998,2;-9999;23,7;23;23,9;23,6;23,2;22,8;96;95;96;39;1,4;,4;
2012-11-28;11:00;0;999,5;999,5;998,9;89,1;24,1;23,3;24,1;23,5;23,3;22,8;96;95;96;19;1,8;,7;
2012-11-28;12:00;0;1000;1000;999,5;651,7;25,3;23,7;25,3;24,1;23,8;23,3;96;91;91;360;3,3;,8;
2012-11-28;13:00;0;1000,5;1000,5;1000;1291,6;26,6;24;26,6;25,3;24,2;23,4;91;83;85;6;3,5;1,3;
2012-11-28;14:00;0;1001,2;1001,2;1000,5;1870,8;28,4;23,7;28,6;26,4;24,5;23,2;87;75;75;35;4,5;1,5;
2012-11-28;15:00;0;1000,9;1001,3;1000,9;2784,2;29,8;23,6;29,9;28,4;24,7;22,9;77;67;69;13;4,6;2,1;
2012-11-28;16:00;0;999,8;1000,9;999,8;2964,5;31,3;22,7;31,7;29,8;24,2;22,3;70;58;60;44;4,6;1,4;
2012-11-28;17:00;0;998,9;999,8;998,9;2599,7;32;22,7;32;31,1;24,2;21,6;65;55;58;16;4,6;1,2;
2012-11-28;18:00;0;998,1;998,9;998,1;2824,7;32,6;22,2;33;31,8;23,7;22,2;61;54;54;32;4,5;1,9;
2012-11-28;19:00;0;996,9;998,1;996,9;2337,4;32,4;22,3;33,1;32,1;24;21,9;61;53;55;55;3,9;1,6;
2012-11-28;20:00;0;996,3;996,9;996,3;1941,2;32,5;23,3;33,5;32,4;23,8;22;60;51;58;325;3,6;1,7;
2012-11-28;21:00;0;996,2;996,3;996,2;785,9;31,1;24,3;32,7;31,1;24,8;22,8;69;56;67;9;3,3;,9;
2012-11-28;22:00;0;996,3;996,3;996,1;232,7;29,9;25,4;31,1;29,9;25,7;24,2;77;67;77;38;1,9;,6;
2012-11-28;23:00;0;996,5;996,5;996,3;10,3;28;26;29,9;28;26,6;25,1;90;76;89;37;1,3;,6;
2012-11-29;00:00;0;997;997;996,5;-9999;26,8;25,3;28;26,8;26;25,1;92;89;92;8;2;,7;
2012-11-29;01:00;0;997,7;997,7;997;-9999;26,4;24,9;26,9;26,4;25,3;24,8;92;89;91;8;1,9;,4;
2012-11-29;02:00;0;998,4;998,4;997,7;-9999;26;24,6;26,4;25,9;25;24,6;93;91;92;31;1,6;,8;
2012-11-29;03:00;0;998,8;998,8;998,4;-9999;25,6;24,5;26;25,5;24,7;24,4;94;92;94;16;1,3;,3;
2012-11-29;04:00;0;998,9;999;998,8;-9999;25,3;24,3;25,6;25,3;24,5;24,2;94;94;94;175;,7;,3;
2012-11-29;05:00;0;998,7;999;998,7;-9999;24,9;23,9;25,5;24,9;24,5;23,9;95;94;94;103;,9;,5;
2012-11-29;06:00;0;998,1;998,7;998;-9999;24,9;24;25,1;24,8;24,2;23,9;95;94;95;1;,9;,3;
2012-11-29;07:00;0;997,8;998,1;997,8;-9999;25;24,2;25,1;24,6;24,3;23,7;96;95;95;118;,9;,3;
2012-11-29;08:00;0;997,8;997,9;997,7;-9999;24,4;23,6;25;24,4;24,2;23,4;95;94;95;46;,9;,6;
2012-11-29;09:00;0;998,3;998,3;997,8;-9999;24,3;23,5;24,6;24;23,8;23,3;96;95;96;295;1;,2;
2012-11-29;10:00;0;999,2;999,2;998,3;-9999;23,9;23,2;24,3;23,9;23,5;23,1;96;95;95;88;,8;,4;
2012-11-29;11:00;0;999,9;999,9;999,2;47,2;24,4;23,6;24,6;23,9;23,9;23,2;96;95;95;159;,9;,7;
2012-11-29;12:00;0;1001,2;1001,2;999,9;263;25,9;24,9;25,9;24,3;25;23,4;96;94;95;72;1,1;,6;
2012-11-29;13:00;0;1001,8;1001,8;1001,2;429,7;27;25,5;27;25,9;25,5;24,9;95;90;92;118;1,6;,4;
2012-11-29;14:00;0;1002,2;1002,2;1001,8;343,3;26,7;25;27,1;26,6;25,5;24,7;92;89;90;114;3,2;,7;
2012-11-29;15:00;,2;1001,4;1002,2;1001,3;232;26,1;24,3;26,8;25,9;25,2;24,1;91;89;90;98;4,1;,5;
2012-11-29;16:00;,6;1000,2;1001,4;1000,2;557,4;25,5;23,8;26,2;25,5;25;23,7;93;89;90;149;3,1;,8;
2012-11-29;17:00;0;1000,2;1000,3;1000;1266,2;26,8;24,1;27;25,2;24,8;23,2;92;84;85;151;3,2;1,2;
2012-11-29;18:00;0;998,7;1000,2;998,7;2170,7;28,6;24,4;28,6;26,8;24,8;23,7;86;77;78;59;2,9;,6;
2012-11-29;19:00;0;997,8;998,7;997,8;2306,6;30,8;24,3;30,8;28,6;25,4;24,1;79;68;68;22;3,9;,7;
2012-11-29;20:00;1,2;996,8;998,1;996,8;634,5;26,2;24,5;30,9;25,9;24,7;23;92;66;90;123;6,6;,7;
2012-11-29;21:00;0;996,1;996,8;995,7;617,8;26,5;24,4;26,8;26,1;25,3;24,3;93;87;88;337;3;1,3;
2012-11-29;22:00;0;996,6;996,6;996,2;247,2;26;24,6;26,6;26;24,9;24,1;92;88;92;37;3,3;1,1;
2012-11-29;23:00;0;997,1;997,1;996,6;6,5;25;23,8;26;25;24,6;23,8;94;91;93;40;2,3;,5;
2012-11-30;00:00;0;998;998;997;-9999;24,4;23,4;25;24,4;23,9;23,4;94;93;94;7;1,8;,2;
2012-11-30;01:00;0;999,1;999,1;997,9;-9999;23,9;23;24,5;23,9;23,5;23;95;94;95;25;1,6;,9;
2012-11-30;02:00;0;999,5;999,5;999,1;-9999;23,9;23;23,9;23,8;23,1;22,9;95;95;95;46;2;,8;
2012-11-30;03:00;0;999,7;999,9;999,5;-9999;23,5;22,7;23,9;23,5;23;22,7;95;95;95;302;1,7;,4;
2012-11-30;04:00;0;999,9;999,9;999,7;-9999;23;22,2;23,5;23;22,7;22,2;96;95;96;93;,8;,3;
2012-11-30;05:00;0;999,4;999,9;999,4;-9999;23;22,3;23,1;22,9;22,4;22,2;96;95;96;317;1,2;,6;
2012-11-30;06:00;0;998,6;999,4;998,6;-9999;22,7;22;23;22,5;22,3;21,7;96;95;96;219;1,1;,5;
2012-11-30;07:00;0;998;998,6;998;-9999;22,3;21,6;22,7;22,2;22;21,4;96;95;96;40;1,9;,6;
2012-11-30;08:00;0;998;998,1;997,8;-9999;22,2;21,5;22,5;22,1;21,9;21,4;96;95;96;341;1,6;,8;
2012-11-30;09:00;0;998,4;998,6;998;-9999;22,2;21,5;22,2;22;21,5;21,3;96;96;96;10;2,3;1,3;
2012-11-30;10:00;0;999,1;999,1;998,4;-9999;22,3;21,6;22,4;22;21,8;21,3;96;96;96;192;2,3;,3;
2012-11-30;11:00;0;1000,1;1000,1;999,1;65,1;22,7;22;22,7;22;22;21,3;96;96;96;357;2,5;,9;
2012-11-30;12:00;0;1001,2;1001,2;1000;306,1;23,6;22,5;23,6;22,7;22,7;22;96;94;94;340;2,2;,7;
2012-11-30;13:00;0;1001,8;1001,8;1001,2;797,8;24,9;23;24,9;23,5;23,2;22,5;95;89;89;8;3;1,3;
2012-11-30;14:00;0;1001,5;1001,8;1001,5;2335,4;28,9;23,7;28,9;24,9;24,2;22,6;90;73;74;47;3,4;1,1;
2012-11-30;15:00;0;1000,9;1001,5;1000,9;2812,5;31,1;23,9;31,2;28,7;24,4;22,5;75;64;66;59;2,9;1;
2012-11-30;16:00;0;999,8;1000,9;999,8;3078,1;32,5;23,1;32,6;30,8;24;21,8;67;54;58;147;3,9;1,2;
2012-11-30;17:00;0;998,6;999,8;998,6;3095,9;33,5;23;33,9;32,4;23,7;21,2;59;48;54;84;5,4;1,3;
2012-11-30;18:00;0;997;998,6;997;3012,9;33,9;20,5;34,1;32,9;22,5;19,7;54;43;45;213;4,1;1,5;
2012-11-30;19:00;0;995,5;997;995,5;2519,6;33,9;21,6;34,8;33,4;24;20,5;59;45;49;305;3,3;1;
2012-11-30;20:00;,2;994,6;995,5;994,6;1401,6;31,1;24,9;34,9;30,9;25,9;21,1;74;46;70;116;4,4;1,7;
2012-11-30;21:00;1,6;994,8;994,9;994,6;966,2;27,3;22,5;31,4;27,2;26,1;22,3;86;64;75;3;8,3;3;
2012-11-30;22:00;,2;994,7;994,8;994,4;232,8;26,6;24;27,7;26,3;24,7;22,2;90;75;86;349;8,3;1,3;
2012-11-30;23:00;0;995,3;995,4;994,6;21,6;25,6;24,1;26,6;25,6;24,7;23,7;93;85;92;64;3;,9;
2012-12-01;00:00;0;996,2;996,2;995,3;-9999;25,3;24,1;25,8;25,3;24,3;23,7;93;89;93;136;1,6;,6;
2012-12-01;01:00;0;996,9;996,9;996,2;-9999;24,9;23,8;25,5;24,9;24,4;23,7;94;93;94;44;1,5;,3;
2012-12-01;02:00;0;997,8;997,9;996,9;-9999;25;23,9;25,1;24,7;24;23,6;94;93;94;135;1,4;,7;
2012-12-01;03:00;0;998,5;998,5;997,8;-9999;25,4;24,2;25,5;24,8;24,3;23,7;95;93;93;36;2,4;,5;
2012-12-01;04:00;0;999,1;999,2;998,5;-9999;25;23,9;25,5;25;24,4;23,9;94;92;94;64;2;,6;
2012-12-01;05:00;0;998,7;999,6;998,7;-9999;25,2;23,9;25,5;25;24,3;23,8;94;92;92;134;4,1;,7;
2012-12-01;06:00;,6;998,3;998,7;998,3;-9999;24,7;23,4;25,2;24,7;23,9;23,3;94;91;92;212;3,3;2;
2012-12-01;07:00;,6;998,3;998,6;998,3;-9999;24,3;23,1;24,7;24,2;23,5;22,8;94;91;93;266;4,4;,9;
2012-12-01;08:00;0;998,1;998,3;998;-9999;24;22,8;24,3;24;23,3;22,8;94;93;93;257;3,1;,9;
2012-12-01;09:00;,6;998,7;998,7;998;-9999;23,7;22,6;24;23,7;23;22,4;94;93;94;222;3,7;,8;
2012-12-01;10:00;,8;999,2;999,4;998,5;-9999;23,4;22,6;23,8;23,4;22,8;22,4;95;94;95;16;4,5;1;
2012-12-01;11:00;3,6;1000,3;1000,3;999,2;3,5;23,3;22,5;23,5;23,2;22,6;22,3;95;95;95;186;2,3;,4;
2012-12-01;12:00;1,2;1001,1;1001,1;1000,3;50,6;23,3;22,5;23,4;23,3;22,7;22,4;96;95;95;131;2;,6;
2012-12-01;13:00;,6;1002,3;1002,3;1001,1;174,6;23,7;22,8;23,8;23,3;23;22,4;95;94;95;189;4,8;2,8;
2012-12-01;14:00;20,2;1002,8;1002,8;1002,3;110;23,2;22,4;23,7;23,1;22,7;22,3;96;94;96;211;7;2,7;
2012-12-01;15:00;3,8;1003;1003,4;1002,8;169,6;23,5;22,6;23,5;23,1;22,6;22,3;96;94;94;208;6;2,3;
2012-12-01;16:00;,8;1000,7;1003;1000,7;395,3;23,7;22,8;23,7;23,4;22,8;22,4;95;94;94;151;5,8;2,1;
2012-12-01;17:00;0;1000;1000,8;1000;360,7;23,8;22,8;23,9;23,4;22,9;21,9;95;91;94;71;6,2;1,5;
2012-12-01;18:00;,2;997,4;1000,5;996,6;313,4;23,5;22,2;24;23,5;23,1;22,2;95;92;93;76;7,6;2;
2012-12-01;19:00;0;997,6;998,6;996,5;305,2;23,6;22,3;24;23,4;23;22;94;92;92;38;6,8;2,1;
2012-12-01;20:00;,2;997,6;997,6;996,8;252,6;23,7;22,6;23,9;23,6;22,9;22,1;94;91;94;314;5,6;1,2;
2012-12-01;21:00;0;997,2;997,7;996,5;148,6;23,3;22,1;23,8;23,3;22,8;22,1;94;93;93;68;4,1;1,8;
2012-12-01;22:00;0;998,4;998,5;997,2;45,3;23,4;22,4;23,5;23,3;22,6;22,1;95;93;94;180;4,1;,9;
2012-12-01;23:00;0;997,7;998,5;997,5;-9999;23,2;22,4;23,4;23,1;22,5;22,3;95;94;95;225;3,8;,7;
2012-12-02;00:00;0;999;999;997,7;-9999;22,9;22,2;23,2;22,9;22,4;22,2;96;95;95;295;1,6;,6;
2012-12-02;01:00;0;999,3;999,3;998,9;-9999;22,9;22;22,9;22,7;22,2;22;96;95;95;227;4;,4;
2012-12-02;02:00;0;999,6;999,6;999,1;-9999;22,7;22;22,9;22,6;22,1;21,9;96;95;96;301;1,3;,5;
2012-12-02;03:00;0;999;999,6;999;-9999;22,5;21,8;22,7;22,4;22;21,7;96;96;96;322;1,6;,4;
2012-12-02;04:00;0;999,2;999,2;999;-9999;22,4;21,7;22,6;22,4;21,9;21,7;96;96;96;3;1,5;,7;
2012-12-02;05:00;0;999,1;999,2;998,9;-9999;22,4;21,7;22,6;22,3;21,9;21,7;96;96;96;120;1,2;,2;
2012-12-02;06:00;,2;999,1;999,3;999,1;-9999;22,3;21,7;22,4;22,2;21,7;21,6;96;96;96;109;1;,3;
2012-12-02;07:00;0;998,5;999,1;998,5;-9999;22,4;21,8;22,8;22,2;22,1;21,6;96;96;96;337;1,3;,6;
2012-12-02;08:00;0;998,4;998,5;998,3;-9999;22,4;21,8;22,5;22,3;21,9;21,7;96;96;96;172;1,2;,4;
2012-12-02;09:00;0;998,6;998,7;998,4;-9999;22,7;22,1;22,7;22,3;22,1;21,6;96;96;96;192;2,3;1,2;
2012-12-02;10:00;0;999;999;998,5;-9999;22,7;22;22,7;22,5;22,1;21,8;96;96;96;197;1,9;,8;
2012-12-02;11:00;0;999,6;999,6;999;36;22,5;21,8;22,7;22,4;22;21,7;96;96;96;42;2;1,2;
2012-12-02;12:00;0;1000,7;1000,7;999,6;344,7;23,5;22,6;23,5;22,5;22,7;21,8;96;94;95;65;2;,5;
2012-12-02;13:00;0;1001,2;1001,2;1000,7;600,8;24,3;22,6;24,4;23,4;23,4;22,5;95;90;90;347;1,6;,6;
2012-12-02;14:00;0;1001,3;1001,5;1001,2;1650,9;25,8;23,2;26,3;24,3;23,6;21,2;90;77;86;83;2,8;1,2;
2012-12-02;15:00;0;1000,8;1001,3;1000,8;2592,5;27,6;22,2;27,6;25,5;23,4;21,2;87;70;73;162;2,9;1,1;
2012-12-02;16:00;0;999,8;1000,8;999,8;3162,4;28,6;23,1;29,3;27,2;23,7;21,3;75;66;72;189;3,4;1,5;
2012-12-02;17:00;0;999,2;999,8;999,2;2360,3;29,8;23,2;30;28,4;24,3;22,6;74;65;68;147;3,9;1;
2012-12-02;18:00;0;998,4;999,2;998,4;2592,7;31;22,7;31;29,6;23,8;21,9;70;60;62;290;3,4;1;
2012-12-02;19:00;0;997,7;998,4;997,7;2067,7;31,2;22,6;31,5;30,2;24,1;22,2;69;60;60;203;3,3;1,2;
2012-12-02;20:00;0;997,1;997,7;997,1;1790,8;30,7;24,1;31,2;30,5;24,8;22,8;71;60;68;40;3,7;2;
2012-12-02;21:00;0;996,7;997,1;996,6;1247,4;30,7;23,4;31;30,4;24,5;23,2;70;64;65;64;3,7;1,3;
2012-12-02;22:00;0;997,3;997,3;996,7;170,2;27,9;24,9;30,8;27,9;25;23,4;83;65;83;145;3,2;,3;
2012-12-02;23:00;0;997,4;997,4;997;-9999;26,9;24,4;27,9;26,9;25;24,2;88;83;86;252;2,2;,5;
2012-12-03;00:00;0;998,4;998,4;997,4;-9999;25,7;24,2;26,9;25,7;24,7;24,2;92;86;92;149;1,2;,5;
2012-12-03;01:00;0;998,6;998,8;998,4;-9999;25,2;24,2;25,8;25,1;24,6;24,1;95;92;94;31;2,5;1,3;
2012-12-03;02:00;0;999,2;999,2;998,5;-9999;25,4;24,1;25,4;25,2;24,2;24;94;93;93;179;2,7;,8;
2012-12-03;03:00;0;999,4;999,4;999,1;-9999;24,6;23,7;25,4;24,5;24,1;23,5;95;92;95;68;2,3;1,2;
2012-12-03;04:00;0;999,3;999,5;999,3;-9999;24,6;23,4;24,7;24,4;23,7;23,4;95;93;93;68;3,3;1,7;
2012-12-03;05:00;0;999,4;999,6;999,2;-9999;24,4;23,1;24,6;24,3;23,4;23,1;93;92;93;339;3,3;,4;
2012-12-03;06:00;0;999,1;999,4;999,1;-9999;23,8;22,9;24,4;23,7;23,3;22,8;95;93;95;217;1;,3;
2012-12-03;07:00;0;998,5;999,1;998,5;-9999;23,4;22,6;23,8;23,4;23;22,6;95;95;95;191;1,3;,7;
2012-12-03;08:00;0;998,2;998,5;998,1;-9999;23,2;22,4;23,5;23,1;22,7;22,4;96;95;95;154;1,3;,4;
2012-12-03;09:00;0;998,4;998,4;998,2;-9999;23;22,2;23,3;23;22,5;22,2;96;95;95;48;1,5;,7;
2012-12-03;10:00;0;998,8;998,8;998,4;-9999;23,2;22,5;23,2;22,9;22,5;22,1;96;95;96;54;1,4;,7;
2012-12-03;11:00;0;999,3;999,3;998,8;71,7;23,6;22,8;23,6;23,1;22,8;22,3;96;95;96;92;1,2;,3;
2012-12-03;12:00;0;1000,6;1000,6;999,3;472,9;25;23;25;23,6;23,2;22,8;96;89;89;67;2,4;1;
2012-12-03;13:00;0;1000,9;1000,9;1000,6;1375;27,4;23,2;27,4;25;23,6;22,4;89;77;78;79;2,9;,8;
2012-12-03;14:00;0;1000,9;1001;1000,9;2309;30;23,1;30,6;27,4;23,9;21,1;80;59;67;74;3,6;1,2;
2012-12-03;15:00;0;1000,4;1000,9;1000,4;2791,8;31,5;24,4;31,5;30;24,4;21,6;67;59;66;91;4,7;1,3;
2012-12-03;16:00;0;999,7;1000,4;999,7;2939,8;31,5;22,4;32,1;30,9;24,1;21,8;66;57;59;68;5,8;1,2;
2012-12-03;17:00;0;998,8;999,7;998,8;2290;31,1;22,8;32,8;30,9;23,7;21,5;63;52;62;343;4,2;1,5;
2012-12-03;18:00;0;997,5;998,8;997,5;2307,5;32,9;23,7;33,1;31;24,6;21,7;67;53;58;183;4,2;1,1;
2012-12-03;19:00;0;996,3;997,5;996,3;1868,7;32,4;22,7;33,6;31,6;24,3;22,2;64;52;57;175;3,6;,8;
2012-12-03;20:00;0;995,9;996,3;995,9;2187;32,4;23,9;33,5;32,4;24,6;22,3;62;53;61;81;3,4;,9;
2012-12-03;21:00;0;995,3;995,9;995,3;981,6;31,3;22,6;32,4;30,2;24;22,3;70;60;60;61;4,5;,8;
2012-12-03;22:00;0;995,4;995,4;995,3;515,4;30,9;24,8;31,5;30,9;24,9;22,3;70;58;70;79;1,8;,5;
2012-12-03;23:00;0;995,9;995,9;995,4;14,8;27,9;25,3;30,9;27,9;25,4;24,4;86;70;86;42;1,3;,6;
2012-12-04;00:00;0;997,2;997,2;995,9;-9999;26,5;25;27,9;26,5;25,5;24,9;91;86;91;87;1,2;,4;
2012-12-04;01:00;0;998,1;998,1;997,2;-9999;26,3;24,9;26,5;26,1;25;24,5;92;91;92;168;1,6;,4;
2012-12-04;02:00;0;998,3;998,3;998,1;-9999;25,5;24,4;26,4;25,4;25;24,3;94;91;94;51;1,2;,7;
2012-12-04;03:00;0;998,9;998,9;998,3;-9999;25,2;24,1;25,6;25,2;24,4;24;94;92;94;131;1,2;,5;
2012-12-04;04:00;0;998,9;999,1;998,9;-9999;24,7;23,7;25,2;24,7;24,2;23,7;95;94;94;48;1,5;,6;
2012-12-04;05:00;0;998,9;999;998,9;-9999;24,5;23,5;24,9;24,5;23,9;23,5;95;94;94;230;1;,3;
2012-12-04;06:00;0;998,2;998,9;998,2;-9999;24;23,1;24,5;24;23,5;23,1;95;94;95;54;1,1;,6;
2012-12-04;07:00;0;998,1;998,2;998;-9999;23,9;23,1;24,1;23,7;23,2;22,8;96;95;95;48;3,5;1,9;
2012-12-04;08:00;0;998,1;998,1;997,8;-9999;23,8;22,8;24;23,7;23;22,7;95;94;94;215;3,5;,4;
2012-12-04;09:00;0;998,7;998,7;998,1;-9999;23,4;22,5;23,8;23,3;22,8;22,4;95;94;95;128;1,3;,3;
2012-12-04;10:00;0;998,8;998,9;998,7;-9999;23,4;22,4;23,5;23,1;22,6;22,3;95;94;94;77;2,6;,6;
2012-12-04;11:00;0;999,4;999,4;998,8;45,9;23,8;22,7;23,8;23,3;22,7;22,3;95;93;93;90;2,7;,6;
2012-12-04;12:00;0;1000,3;1000,3;999,4;721,8;26,5;22,6;26,6;23,8;23,2;22,1;93;79;79;39;2,9;1,4;
2012-12-04;13:00;0;1000,8;1000,8;1000,3;1250,6;28,1;23,2;28,1;26,2;23,8;22,1;84;74;75;313;2,5;,6;
2012-12-04;14:00;0;1000,9;1000,9;1000,7;2097,4;30,9;23,1;30,9;28;24,2;22,5;76;63;63;91;3,2;1,2;
2012-12-04;15:00;0;1000,4;1000,9;1000,4;2225,6;31,1;23,5;31,9;30,5;24,2;22,5;68;60;64;35;4,6;1,1;
2012-12-04;16:00;0;999,8;1000,4;999,8;2134,2;31,5;23,8;32,7;30,5;24,6;21,9;69;53;64;336;3,3;1,4;
2012-12-04;17:00;0;998,9;999,8;998,9;1774,8;30,6;22,9;32;30,4;25,3;22,9;74;61;64;303;4,1;,8;
2012-12-04;18:00;0;997,9;998,9;997,9;2623,8;31,2;24,7;33,4;30,6;25,1;22,1;70;53;69;62;4,2;,6;
2012-12-04;19:00;0;996,2;997,9;996,2;1756,1;33,8;22,6;33,8;30,8;25,3;22,1;71;52;52;275;2;,7;
2012-12-04;20:00;0;995,6;996,2;995,6;1337;33,6;21,2;33,9;30,8;24,5;21,2;69;48;48;294;2,6;,7;
2012-12-04;21:00;0;995,5;995,6;995,3;1428,3;33,5;22,7;34,1;33,5;22,7;20,9;53;47;53;9;1,7;,8;
2012-12-04;22:00;,4;996,3;996,3;995,3;307,2;25,5;23,7;33,5;25,5;24,2;22;90;51;90;44;10,7;3,8;
2012-12-04;23:00;,2;996,5;996,7;996,3;16,6;25,6;24,3;25,6;25,4;24,4;23,7;93;90;93;247;7,9;,9;
2012-12-05;00:00;0;997,6;997,6;996,5;-9999;24,9;23,7;25,7;24,9;24,5;23,5;94;92;93;94;2,8;,4;
2012-12-05;01:00;0;998,2;998,2;997,6;-9999;25;23,8;25,1;24,8;23,9;23,5;94;92;93;179;1,3;,8;
2012-12-05;02:00;0;998,8;998,8;998,1;-9999;24,6;23,5;25;24,6;23,8;23,5;94;93;94;32;1,3;,2;
2012-12-05;03:00;0;999,3;999,3;998,8;-9999;24,6;23,6;24,8;24,4;23,9;23,4;95;94;94;89;1,1;,3;
2012-12-05;04:00;0;999,4;999,4;999,3;-9999;24,8;23,8;24,8;24,5;23,9;23,6;95;94;95;165;1,3;,2;
2012-12-05;05:00;0;998,7;999,4;998,7;-9999;24,6;23,6;24,8;24,6;23,9;23,6;95;94;95;10;2,6;1,3;
2012-12-05;06:00;0;997,9;998,7;997,9;-9999;24,7;23,8;24,8;24,6;23,9;23,6;95;94;95;251;2,6;,9;
2012-12-05;07:00;0;997,6;997,9;997,5;-9999;24,6;23,6;24,7;24,5;23,8;23,6;95;94;95;106;2,4;,6;
2012-12-05;08:00;0;997,5;997,6;997,2;-9999;24,5;23,6;24,6;24,5;23,7;23,5;95;94;95;32;1,2;,5;
2012-12-05;09:00;0;998,1;998,1;997,4;-9999;24,4;23,5;24,6;24,2;23,7;23,3;95;94;95;351;2,9;,8;
2012-12-05;10:00;0;998,8;998,8;998,1;-9999;24,4;23,6;24,5;24,4;23,6;23,4;95;94;95;311;2,4;,8;
2012-12-05;11:00;0;999,6;999,6;998,8;32,2;24,7;23,7;24,7;24,4;23,8;23,5;95;94;94;306;2,1;,4;
2012-12-05;12:00;0;1000,9;1000,9;999,6;213,6;25,5;24,5;25,5;24,7;24,5;23,8;94;93;94;103;1,4;,6;
2012-12-05;13:00;6;1001,1;1001,6;1000,9;423,7;24,8;23,1;26,2;24,2;24,8;21;94;82;90;281;6,7;1,5;
2012-12-05;14:00;,4;1001,8;1001,8;1001,1;998,9;26,5;23,9;27;24,9;25;23,3;93;85;86;106;3,8;,5;
2012-12-05;15:00;11,4;1001,1;1002,1;1001,1;430,8;25,6;24,2;26,7;24,8;25,2;23,4;94;86;92;274;4;,4;
2012-12-05;16:00;0;999,2;1001,1;999,2;1802,9;27,2;23,4;27,2;25,4;24,3;22,9;93;80;80;267;2;,6;
2012-12-05;17:00;0;997,9;999,2;997,9;3264,1;29,5;23;29,6;27,2;25;22,9;83;67;68;279;4,3;1,3;
2012-12-05;18:00;1,6;996,7;997,9;996,7;2201,9;29,3;25,1;30,6;28,4;25,6;22,8;83;62;78;149;3,1;,6;
2012-12-05;19:00;0;995,3;996,7;995,3;1954,5;30,9;24,7;31,5;29,3;25,9;23;81;62;70;194;2;,7;
2012-12-05;20:00;0;995,1;995,3;994,8;247;28,6;25,4;30,9;28,6;25,7;23,8;83;67;83;195;2,4;,6;
2012-12-05;21:00;0;995,6;995,6;995,1;166,6;27,7;24,4;28,7;27,7;26,3;24,4;88;82;82;220;4,2;2,5;
2012-12-05;22:00;0;995,8;995,8;995,5;178,8;27;24,1;27,7;27;25,1;24,1;88;82;84;207;4,2;1,6;
2012-12-05;23:00;0;996,8;996,8;995,8;10,3;26,1;23,9;27;26,1;24,6;23,7;89;83;88;222;3,7;,7;
2012-12-06;00:00;0;997,2;997,2;996,7;-9999;25,4;23,7;26,1;25,3;24,2;23,3;91;87;91;196;3,2;1,4;
2012-12-06;01:00;0;998,9;998,9;997,2;-9999;25;23,5;25,4;24,9;23,7;23,1;93;88;91;221;2,4;,3;
2012-12-06;02:00;0;999,9;999,9;998,9;-9999;24,7;23,6;25;24,7;23,8;23,2;94;91;94;11;5,9;1,5;
2012-12-06;03:00;5,8;999,5;1000,3;999,3;-9999;23,7;22,5;24,9;23,7;23,6;21,6;94;83;93;194;5,9;1,7;
2012-12-06;04:00;1,6;999,3;999,6;999;-9999;23;21,8;23,7;23;22,7;21,8;95;92;93;290;6,2;,7;
2012-12-06;05:00;,4;998,7;999,3;998,7;-9999;22,7;21,8;23;22,7;22;21,8;95;93;95;15;2,5;,9;
2012-12-06;06:00;0;999,4;999,5;998,6;-9999;22,5;21,6;22,7;22,5;21,9;21,6;95;94;95;331;3,3;1,3;
2012-12-06;07:00;,6;998,3;999,6;998,3;-9999;22,3;21,3;22,5;22,3;21,7;21,3;95;94;94;353;6,7;1,5;
2012-12-06;08:00;,6;997,3;998,3;997,1;-9999;21,9;21,1;22,3;21,8;21,4;20,6;95;92;95;114;-9999;,8;
2012-12-06;09:00;0;996,7;997,5;996,7;-9999;22,1;21,3;22,1;21,7;21,4;20,8;96;94;96;115;4,1;,5;
2012-12-06;10:00;0;998;998;996,6;-9999;22,2;21,4;22,3;22;21,5;21,2;96;95;96;325;2,8;1;
2012-12-06;11:00;0;1000,1;1000,1;998;16;22,1;21,1;22,4;22;21,7;21,1;96;94;94;326;4,3;1,3;
2012-12-06;12:00;,2;1001,1;1001,1;1000,1;126,8;22,3;21,4;22,3;22;21,5;21;95;94;95;319;3,6;,7;
2012-12-06;13:00;,2;1001,4;1001,5;1001,1;399,6;22,9;22;22,9;22,2;22;21,3;95;93;94;350;1,5;,9;
2012-12-06;14:00;0;1001,8;1001,9;1001,4;1134,1;24,4;21,8;24,6;22,9;22,9;21,6;94;84;86;106;2,5;,9;
2012-12-06;15:00;0;1001;1001,8;1001;905,6;24,5;21,8;24,9;24,3;22,8;21,6;89;84;85;328;2,5;,8;
2012-12-06;16:00;0;1000,2;1001;1000,2;1028,9;25,3;22,5;25,6;24,5;22,6;21,7;87;80;84;207;2,9;1,5;
2012-12-06;17:00;0;998,9;1000,2;998,9;1590,5;26,2;22,5;26,3;25,2;23,2;22,1;86;79;80;206;3,1;1,4;
2012-12-06;18:00;0;998;998,9;998;2689,7;27,9;22,2;28;26,2;23,6;21,7;81;71;71;180;3,6;1;
2012-12-06;19:00;0;997,4;998;997,3;2181;29,1;22,6;29,1;27,5;23,2;21,1;74;67;68;235;2,9;1,2;
2012-12-06;20:00;0;996,5;997,4;996,5;2009,6;29,6;23;29,8;28,6;23,6;22;73;64;68;161;3,6;1;
2012-12-06;21:00;0;996,6;996,6;996,2;1553,2;29,7;23,5;30,1;29,3;24,1;22,1;72;65;70;99;2,5;,7;
2012-12-06;22:00;0;997;997;996,5;599,8;28,1;24,8;29,8;28,1;24,8;23,4;83;69;83;98;2,6;,5;
2012-12-06;23:00;0;998,6;998,6;997;34,5;24,4;21,2;28,1;24,4;24,7;20,8;88;76;83;82;15;5;
2012-12-07;00:00;,2;999,2;999,2;998,5;-9999;23,5;22,4;24,4;23,5;22,5;21,2;94;83;93;97;15;,8;
2012-12-07;01:00;0;998,6;999,2;998,6;-9999;22,8;21,6;23,5;22,8;22,3;21,5;93;92;93;79;5,3;1,6;
2012-12-07;02:00;0;998,4;998,6;998,2;-9999;22,5;21,4;22,8;22,5;21,6;21,4;94;93;93;78;5;1,2;
2012-12-07;03:00;0;998,3;998,5;998,3;-9999;22,5;21,5;22,7;22,4;21,6;21,3;94;93;94;47;3;1;
2012-12-07;04:00;0;997,8;998,3;997,8;-9999;22,7;21,6;22,7;22,4;21,6;21,3;94;93;94;196;2,1;,6;
2012-12-07;05:00;0;997,2;997,8;997,2;-9999;22,3;21,5;22,7;22,3;21,6;21,4;95;93;95;96;1,6;,2;
2012-12-07;06:00;0;997;997,2;996,9;-9999;22,3;21,5;22,5;22,3;21,6;21,4;95;94;95;316;,9;,4;
2012-12-07;07:00;0;996,6;997;996,5;-9999;22,1;21,4;22,3;22,1;21,5;21,3;96;95;95;337;1,5;,3;
2012-12-07;08:00;0;996,6;996,7;996,6;-9999;22;21,2;22,1;21,9;21,4;21,1;96;95;96;126;1,7;,5;
2012-12-07;09:00;0;997,2;997,2;996,5;-9999;22;21,2;22,1;21,8;21,3;21;96;95;95;184;2,2;,9;
2012-12-07;10:00;0;997,8;997,8;997,2;-9999;21,6;20,8;22,1;21,6;21,3;20,8;95;95;95;89;2,2;,7;
2012-12-07;11:00;0;998,4;998,4;997,8;66,8;21,9;21,1;21,9;21,6;21,1;20,8;96;95;96;56;2;,8;
2012-12-07;12:00;0;998,9;999;998,3;642,7;24,4;21,8;24,4;21,9;22,2;21,1;96;85;85;275;1,8;,4;
2012-12-07;13:00;0;999,6;999,6;998,9;1448,3;26,3;21,8;26,4;24,5;22,9;21,5;86;76;76;96;2;,9;
2012-12-07;14:00;0;999,7;999,7;999,6;1282,8;26,1;22,5;26,8;26,1;23,2;21,7;83;75;80;139;2,8;,7;
2012-12-07;15:00;0;999;999,7;999;938,5;26,3;22,1;26,3;25,5;23,5;22,1;86;78;78;105;2,3;,7;
2012-12-07;16:00;0;998;999;998;2232,3;28,4;23,4;28,7;26,2;24,4;22;83;73;74;222;3,6;1,6;
2012-12-07;17:00;0;997,3;998;997,3;2353,5;28,9;22,9;29,2;28,2;24,1;22,7;77;69;70;136;4;1;
2012-12-07;18:00;0;996,4;997,3;996,3;3265,6;30,6;21,9;30,8;28,9;23,9;21,4;73;59;60;192;4,7;1,4;
2012-12-07;19:00;0;995,6;996,4;995,6;2947,7;31,7;20,7;31,9;30,4;22,7;20,2;63;51;52;213;3,6;1,8;
2012-12-07;20:00;0;995,4;995,6;995,4;2161,1;31,8;21,2;32,3;31,3;22,5;20,6;58;51;54;51;3,7;,6;
2012-12-07;21:00;0;995,7;995,7;995,4;1261,6;31,8;23,1;32;31,4;23,1;21,1;60;53;60;216;3,6;1,1;
2012-12-07;22:00;0;996,1;996,1;995,7;397,4;29,8;24,6;31,8;29,8;24,6;21,9;73;57;73;151;2,4;,5;
2012-12-07;23:00;0;996,8;996,8;996,1;14;27,3;24,5;29,8;27,3;25,8;24,1;86;73;85;61;1,9;,9;
2012-12-08;00:00;0;997,4;997,4;996,8;-9999;26,3;24,3;27,3;26,2;24,9;24;89;83;89;86;1,6;,3;
2012-12-08;01:00;0;998,5;998,5;997,4;-9999;25,6;24,1;26,3;25,6;24,6;24,1;92;89;91;228;1,2;,3;
2012-12-08;02:00;0;999,2;999,2;998,5;-9999;25,2;24,1;25,6;25,1;24,2;23,9;94;91;93;261;,9;,3;
2012-12-08;03:00;0;999,1;999,2;999,1;-9999;24,7;23,7;25,2;24,5;24;23,5;95;93;94;211;1,2;,2;
2012-12-08;04:00;0;999,2;999,2;999;-9999;24,2;23,3;24,8;24,1;23,8;23,2;95;94;95;50;1,3;,8;
2012-12-08;05:00;0;998,8;999,2;998,8;-9999;24;23;24,4;23,9;23,5;22,9;95;94;95;340;1,3;,4;
2012-12-08;06:00;,2;998,5;999,1;998,5;-9999;23,9;22,4;24,2;23,7;23,3;22;96;89;91;144;4,3;,8;
2012-12-08;07:00;,2;998,2;998,7;998,2;-9999;24,1;23,1;24,3;23,9;23,3;22,4;94;91;94;323;2,1;,6;
2012-12-08;08:00;0;998,4;998,4;998,2;-9999;23,7;22,8;24,1;23,7;23,1;22,8;95;94;95;20;2,4;1;
2012-12-08;09:00;0;998,6;998,6;998,3;-9999;23,4;22,5;23,7;23,4;22,8;22,5;95;95;95;54;2,6;,8;
2012-12-08;10:00;0;999,6;999,6;998,6;-9999;23,1;22,3;23,4;23,1;22,5;22,3;96;95;96;106;1,3;,5;
2012-12-08;11:00;0;1000,8;1000,8;999,6;110,8;23,9;23;23,9;23;23;22,3;96;95;95;72;1;,4;
2012-12-08;12:00;0;1001,7;1001,7;1000,8;568,2;25,8;23,5;25,9;23,9;23,9;23;95;86;87;150;,9;,5;
2012-12-08;13:00;0;1001,7;1001,8;1001,6;1445,8;27,5;23,3;27,7;25,8;23,9;22,7;88;76;78;104;2,2;,7;
2012-12-08;14:00;0;1001,4;1001,7;1001,4;2198,8;29,5;24,2;29,5;27,6;24,3;23,1;78;70;73;189;3,3;1,3;
2012-12-08;15:00;0;1001,2;1001,5;1001,2;2716,9;31;23,7;31,6;29,3;25,2;23,6;75;64;65;141;4,7;1,8;
2012-12-08;16:00;0;1000,7;1001,2;1000,7;3097;32,1;23,5;32,6;30,8;24,6;23;68;58;61;96;5,4;1,4;
2012-12-08;17:00;0;999,9;1000,7;999,9;2645,3;32,9;24,2;33,2;31,4;25;22,8;67;56;61;77;5,2;1,8;
2012-12-08;18:00;0;998,8;999,9;998,8;2947;33,3;23;33,7;32,8;24,6;22,8;61;53;55;104;5,2;1,5;
2012-12-08;19:00;0;997,6;998,8;997,6;2295,6;33,7;23,2;33,9;33,2;24,3;21,9;59;50;54;83;4,6;1,3;
2012-12-08;20:00;0;996,7;997,6;996,7;1897,1;33,3;22;34,1;33;23,6;21,5;56;48;52;86;5,7;1,9;
2012-12-08;21:00;0;996,4;996,7;996,3;1229,1;33,2;22,6;33,5;32,2;23,3;21,6;59;51;54;108;5,7;,9;
2012-12-08;22:00;0;996,5;996,5;996,3;448,1;30,5;22,4;33,2;30,5;23,1;21,8;62;52;62;78;3,5;,9;
2012-12-08;23:00;0;996,9;996,9;996,5;4,5;27,7;24,1;30,5;27,7;24,3;22,2;81;62;81;33;1,7;,6;
2012-12-09;00:00;0;997,9;997,9;996,9;-9999;26,5;23,9;27,7;26,3;24,3;23;88;80;86;14;1;,5;
2012-12-09;01:00;0;998,9;999;997,9;-9999;25,8;24;26,5;25,7;24,4;23,6;90;85;90;60;1,5;,8;
2012-12-09;02:00;0;999,7;999,7;998,9;-9999;25,2;23,8;25,8;25,2;24;23,6;92;88;92;27;1,5;,4;
2012-12-09;03:00;0;1000,2;1000,2;999,7;-9999;25,3;23,9;25,4;25;24,2;23,6;94;91;92;261;1,5;,3;
2012-12-09;04:00;0;1000;1000,3;999,9;-9999;24,7;23,6;25,3;24,6;23,9;23,4;94;92;94;21;1,1;,2;
2012-12-09;05:00;0;999,9;1000,1;999,9;-9999;24,6;23,5;24,7;24,4;23,7;23,4;94;94;94;4;1,1;,2;
2012-12-09;06:00;0;999,3;999,9;999,3;-9999;24,2;23,2;24,6;24,2;23,5;23,2;95;94;94;65;1;,4;
2012-12-09;07:00;0;999,2;999,4;999,2;-9999;24;23,1;24,3;23,9;23,5;23;95;94;95;223;1,6;,3;
2012-12-09;08:00;0;999;999,2;998,9;-9999;24,2;23,3;24,2;23,8;23,4;22,8;95;94;95;9;1,1;,5;
2012-12-09;09:00;0;999,5;999,5;999;-9999;24,4;23,6;24,8;24,1;23,9;23,1;95;93;95;333;2,3;,5;
2012-12-09;10:00;0;1000,3;1000,3;999,4;-9999;24,3;23,4;24,7;24,2;23,9;23,3;95;94;95;94;1,6;,9;
2012-12-09;11:00;1;1001;1001;1000,2;130,9;25,3;24,4;25,3;24,3;24,4;23,5;96;95;95;349;1,8;,7;
2012-12-09;12:00;,8;1002;1002,4;1001;614,1;26,6;25,1;26,7;25,2;25,4;24,3;95;91;91;241;2,6;1,1;
2012-12-09;13:00;0;1002,9;1003;1002;756,5;26,7;24,8;27;26,5;25,3;24,3;92;88;90;272;3,6;,9;
2012-12-09;14:00;0;1003;1003,1;1002,9;493,9;26,6;24,7;27;26,6;25,1;24,4;90;87;89;224;2,9;1,3;
2012-12-09;15:00;0;1002,3;1003;1002,3;1553,2;28,3;24,3;28,3;26,5;25;24,3;89;79;79;199;2,5;,8;
2012-12-09;16:00;0;1001,4;1002,3;1001,4;2786,4;30,1;23,8;30,1;28,3;25,4;23,6;81;69;69;277;4,1;1;
2012-12-09;17:00;0;1000,4;1001,4;1000,4;2646,7;31,8;25;31,9;30;25,4;23,5;72;65;67;252;5,1;1;
2012-12-09;18:00;0;998,8;1000,4;998,7;2228,9;31,8;24,1;32,2;31;25,1;23,7;69;61;64;207;4,1;1,7;
2012-12-09;19:00;0;997,3;998,8;997,3;1330,9;31,3;24,6;32,1;31,2;25,2;23,3;70;60;68;149;3,3;,9;
2012-12-09;20:00;0;996,7;997,4;996,7;608,1;31,1;24,8;31,3;30,6;26,4;23,7;77;65;69;148;2;,7;
2012-12-09;21:00;0;996,9;996,9;996,6;795,5;30,1;26,3;31,6;30,1;26,6;25,2;80;69;80;148;2,2;,6;
2012-12-09;22:00;0;997,2;997,2;996,6;303;29,1;25,8;30,1;29,1;26,6;25,5;84;78;82;189;2,1;1,2;
2012-12-09;23:00;0;997,5;997,6;997,1;16,6;27,7;25,9;29,2;27,7;26,2;25,6;90;82;90;156;2,3;,6;
2012-12-10;00:00;0;998,3;998,3;997,5;-9999;27,1;25,9;27,7;27,1;26;25,6;93;90;93;155;1,3;,5;
2012-12-10;01:00;0;999,8;999,8;998,3;-9999;26,8;25,7;27,1;26,8;25,9;25,6;94;92;93;253;1,1;,3;
2012-12-10;02:00;0;1000,5;1000,6;999,8;-9999;26,6;24,8;26,8;26,6;25,7;24,8;94;90;90;227;3,2;1,5;
2012-12-10;03:00;0;1000,4;1000,5;1000,3;-9999;26,3;24,7;26,6;26,3;24,8;24,7;91;89;91;219;3,6;1;
2012-12-10;04:00;0;1000,4;1000,4;1000,2;-9999;25,9;24,5;26,3;25,9;24,8;24,5;92;90;92;229;2,7;1,1;
2012-12-10;05:00;0;1000,1;1000,4;999,8;-9999;25,9;24,2;25,9;25,8;24,5;24,1;92;90;90;201;3,2;1,3;
2012-12-10;06:00;13,2;999,2;1000,5;999,2;-9999;23,3;21,8;25,9;22,7;24,3;20,7;94;88;91;219;7,4;2,2;
2012-12-10;07:00;8,4;999,2;999,3;998,7;-9999;22,8;22,1;23,3;22,4;22,1;20,8;96;88;96;53;5,8;2,4;
2012-12-10;08:00;,6;998,2;999,2;997,9;-9999;22,8;22,1;22,9;22,6;22,2;21,8;96;95;96;273;6,4;1,3;
2012-12-10;09:00;0;998,5;998,5;997,9;-9999;22,9;22,3;22,9;22,8;22,3;22,1;96;96;96;306;2,3;,8;
2012-12-10;10:00;0;999,5;999,5;998,5;-9999;23;22,2;23;22,8;22,3;22,1;96;95;95;303;2,5;,6;
2012-12-10;11:00;0;999,9;999,9;999,3;61,5;23,4;22,7;23,4;22,9;22,7;22,1;96;95;96;335;1,7;,6;
2012-12-10;12:00;0;1001;1001;999,9;374,3;24,2;22,8;24,2;23,3;23,3;22,6;96;92;92;205;1,4;,4;
2012-12-10;13:00;0;1001,5;1001,5;1001;1087,8;25,5;22,4;25,9;24,1;23,6;21,9;93;81;83;354;1,8;,5;
2012-12-10;14:00;0;1002,2;1002,2;1001,5;1616,8;27;22,7;27,1;25,6;23,7;22,4;85;77;77;348;2,3;,7;
2012-12-10;15:00;0;1001,7;1002,2;1001,7;1613,3;27,7;23,3;27,9;27;23,9;22,6;82;75;77;8;2,6;,9;
2012-12-10;16:00;0;1000,8;1001,7;1000,8;1921,4;29,1;23,9;29,2;27,7;24,2;23,3;79;72;74;38;2;,8;
2012-12-10;17:00;0;999,8;1000,8;999,8;2296,3;30,3;24,1;30,4;28,9;24,8;22,4;77;67;69;27;2,8;,6;
2012-12-10;18:00;0;998,5;999,8;998,5;2070;30,6;25,1;31,2;29,6;25,2;23,3;74;64;73;357;3,2;1,3;
2012-12-10;19:00;0;996,8;998,5;996,8;2352,1;30,9;23,4;31,3;30,3;25,1;23,3;73;64;64;355;3,6;1,2;
2012-12-10;20:00;0;995,9;996,8;995,9;1754;31,5;24,6;31,6;30,6;25,2;23,3;71;62;67;312;2,8;1,1;
2012-12-10;21:00;0;996,1;996,2;995,9;962,2;31;25,2;31,8;30,9;25,2;23,3;72;63;71;352;2,2;,8;
2012-12-10;22:00;0;996,1;996,1;995,9;451,8;29,7;25,2;31;29,7;25,8;24,1;78;68;77;340;1,7;,5;
2012-12-10;23:00;0;996,5;996,5;996,1;19,4;27,4;25,3;29,7;27,4;25,9;24,9;88;76;88;25;1,5;1;
2012-12-11;00:00;0;997,1;997,1;996,5;-9999;26,8;25,3;27,5;26,7;25,7;24,9;92;88;92;6;1,9;1,2;
2012-12-11;01:00;0;998;998;997,1;-9999;26,4;25,1;26,8;26,4;25,3;25;93;91;92;285;2,6;,3;
2012-12-11;02:00;0;998,8;998,8;998;-9999;25,7;24,5;26,4;25,7;25,1;24,5;93;92;93;316;1,6;,4;
2012-12-11;03:00;0;998,9;999;998,7;-9999;25,3;24,4;25,8;25,2;24,6;24,2;95;93;95;78;1;,5;
2012-12-11;04:00;0;998,5;998,9;998,5;-9999;25;24;25,4;25;24,5;24;95;94;94;18;1;,2;
2012-12-11;05:00;0;998,2;998,7;998,2;-9999;24,7;23,8;25;24,7;24,1;23,8;95;94;95;56;1;,2;
2012-12-11;06:00;0;997,9;998,2;997,9;-9999;24,7;23,9;24,7;24,5;23,9;23,7;95;95;95;155;1,4;,6;
2012-12-11;07:00;0;997,2;997,9;997,2;-9999;24,8;24,1;25;24,6;24,3;23,7;96;94;96;229;1,2;,3;
2012-12-11;08:00;0;997,1;997,2;997;-9999;24,9;24,1;25,2;24,8;24,4;23,9;96;94;95;73;1,2;,6;
2012-12-11;09:00;0;997,7;997,7;997,1;-9999;24,7;23,8;25,1;24,7;24,3;23,8;96;95;95;68;,9;,3;
2012-12-11;10:00;0;998,5;998,5;997,7;-9999;24,7;23,9;25;24,6;24,3;23,8;96;95;95;159;1,7;1;
2012-12-11;11:00;0;999,1;999,2;998,5;26,3;24,8;24;25;24,6;24,1;23,8;95;95;95;284;1,7;,3;
2012-12-11;12:00;0;999,8;999,8;999,1;311,6;25,9;24,4;25,9;24,8;24,4;24;95;91;91;165;1,1;,5;
2012-12-11;13:00;0;1000,3;1000,4;999,7;978,8;26,9;23,9;27;25,9;24,5;23,5;91;82;84;205;2,4;1,4;
2012-12-11;14:00;0;1000,6;1000,6;1000,3;1641,1;28,1;24;28,1;26,9;24,6;23,4;84;78;78;163;3,1;,8;
2012-12-11;15:00;0;1000;1000,6;1000;1760,3;29,3;24,4;29,4;27,8;24,9;23,6;81;72;75;109;2,6;1,2;
2012-12-11;16:00;0;999,2;1000;999,2;2383,1;30;24,2;30,9;29,3;25,2;22,6;76;65;71;147;3,6;1,1;
2012-12-11;17:00;0;998,3;999,2;998,3;2039,3;31,1;23,1;31,2;30;25,6;22,9;76;61;62;196;4,1;,8;
2012-12-11;18:00;0;996,7;998,3;996,7;2604,6;31,8;22,9;32,3;30,7;24,9;22,4;68;57;59;14;2,7;1;
2012-12-11;19:00;0;995;996,7;995;2561,2;32,6;23,3;32,8;31,3;24,7;22,7;68;57;58;242;3,5;1,1;
2012-12-11;20:00;0;994,2;995;994,1;1449,4;31,7;23,6;32,7;31,6;25;23,1;68;57;62;150;3;1,4;
2012-12-11;21:00;0;994,4;994,5;994,2;1007,4;31,3;24,8;32,3;31,3;25,8;23;72;59;69;159;3,5;1,2;
2012-12-11;22:00;0;994,3;994,7;994,3;470;30,8;25,6;32,5;30,7;25,6;23,8;74;62;74;194;2,1;,4;
2012-12-11;23:00;0;995,1;995,1;994,2;14,2;28;26;30,8;28;26,4;24,5;90;74;89;56;1,7;,8;
2012-12-12;00:00;0;995,8;995,8;995,1;-9999;27,1;25,7;28;27,1;26;25,5;92;89;92;132;1,7;,6;
2012-12-12;01:00;0;997,2;997,2;995,8;-9999;26,7;25,3;27,1;26,7;25,9;25,2;93;91;92;352;1,9;,2;
2012-12-12;02:00;0;998,1;998,2;997,2;-9999;26;24,6;26,7;26;25,2;24,6;94;91;92;75;3;1,5;
2012-12-12;03:00;0;998,5;998,5;998;-9999;25,6;24,3;26,3;25,6;24,8;24,2;93;90;93;59;3;,5;
2012-12-12;04:00;0;998,3;998,6;998,2;-9999;25,2;24,1;25,6;25,2;24,6;24,1;94;93;93;347;,9;,5;
2012-12-12;05:00;0;997,9;998,4;997,9;-9999;25,4;24,3;25,6;25,2;24,4;24,1;94;92;94;11;2,2;,6;
2012-12-12;06:00;0;997,6;997,9;997,6;-9999;25,3;24,4;25,4;25,1;24,4;24,2;95;94;95;17;1,6;,8;
2012-12-12;07:00;34,2;997,7;998,3;997,5;-9999;24,5;23,7;25,4;24,4;24,4;23,6;96;93;96;171;6,5;1,3;
2012-12-12;08:00;6;997,7;998,1;997,5;-9999;23,9;23,2;24,5;23,9;23,8;23,2;96;96;96;146;4,7;,9;
2012-12-12;09:00;1,4;997,9;997,9;997,3;-9999;24;23,3;24;23,8;23,4;23,1;96;96;96;21;2,4;,8;
2012-12-12;10:00;1,2;998,9;999;997,9;-9999;24;23,3;24,2;24;23,5;23,2;96;96;96;292;3,4;,9;
2012-12-12;11:00;2,6;1000,1;1000,1;998,9;,4;24;23,2;24,1;23,9;23,5;23,2;96;96;96;263;4,8;1,8;
2012-12-12;12:00;23,8;1001,1;1001,1;1000,2;13,7;23,2;22,6;24;23,1;23,2;22,4;96;95;96;180;5,6;,8;
2012-12-12;13:00;3,2;1001,2;1001,3;1000,7;69,7;23,8;23,2;23,8;23,2;23,2;22,6;96;96;96;243;3,4;,4;
2012-12-12;14:00;0;1001,8;1001,8;1001,2;418;24,1;23,2;24,2;23,8;23,5;23,1;96;95;95;211;3,9;2,2;
2012-12-12;15:00;0;1001,5;1001,9;1001,5;648,1;24,6;23,2;24,6;24,1;23,6;22,7;95;91;92;215;3,9;1,7;
2012-12-12;16:00;0;1000,6;1001,5;1000,6;1048;25,3;22,8;25,4;24,5;23,6;22,8;93;86;86;233;2,6;1,2;
2012-12-12;17:00;0;999,6;1000,6;999,6;1291,2;25,8;23;26;25,3;23,7;22,8;88;84;84;231;3,5;1,2;
2012-12-12;18:00;0;998,2;999,6;998,2;1074;26,3;23;26,5;25,8;23,6;22,6;86;81;82;333;2,3;,8;
2012-12-12;19:00;0;996,6;998,2;996,6;1018;26,9;23,1;27;26,3;23,7;22,8;85;78;80;276;1,5;,7;
2012-12-12;20:00;0;995,9;996,6;995,9;806,8;27,1;23,7;27,4;26,8;24,4;23,3;85;80;82;281;1,9;,4;
2012-12-12;21:00;0;995,4;995,9;995,2;679,6;27,2;24,2;27,3;27;24,3;23,5;84;81;84;337;1,5;,7;
2012-12-12;22:00;0;995,3;995,4;995,1;304,6;26,7;24,6;27,3;26,7;24,7;24;88;83;88;17;1,6;,3;
2012-12-12;23:00;0;996;996;995,3;17,3;26;24,6;26,8;25,9;25;24,5;92;88;92;275;1,2;,4;
2012-12-13;00:00;0;997;997;996;-9999;25,7;24,3;26;25,7;24,7;24,3;93;92;92;203;1,6;,8;
2012-12-13;01:00;0;998;998;997;-9999;25,5;24,4;25,7;25,3;24,5;24,2;94;92;94;197;2,4;,6;
2012-12-13;02:00;0;998,6;998,6;998,1;-9999;25;24;25,6;25;24,5;24;94;93;94;150;1,9;,7;
2012-12-13;03:00;0;999;999,2;998,6;-9999;24,9;24;25,1;24,8;24,2;23,9;95;94;95;233;1,4;,8;
2012-12-13;04:00;0;998,8;999;998,8;-9999;24,5;23,7;24,9;24,5;24,1;23,7;95;95;95;146;1,5;,6;
2012-12-13;05:00;0;998,3;998,9;998,3;-9999;24,6;23,8;24,7;24,4;23,9;23,6;96;95;96;249;1,5;,7;
2012-12-13;06:00;0;998;998,3;998;-9999;24,1;23,3;24,6;24,1;23,8;23,3;96;95;95;297;1,9;,4;
2012-12-13;07:00;0;997,6;998;997,6;-9999;24;23,2;24,2;24;23,4;23,2;96;95;95;229;1,4;,2;
2012-12-13;08:00;0;997,8;997,8;997,5;-9999;24;23,3;24,2;24;23,5;23,2;96;95;96;234;2,3;,6;
2012-12-13;09:00;0;998,2;998,2;997,8;-9999;23,7;22,9;24;23,7;23,3;22,9;96;95;96;172;1,8;,4;
2012-12-13;10:00;0;998,7;998,7;998,1;-9999;23,6;22,9;23,7;23,3;22,9;22,6;96;96;96;147;1,2;,5;
2012-12-13;11:00;0;999,2;999,2;998,7;44,3;24;23,3;24;23,5;23,3;22,8;96;96;96;77;1,3;,2;
2012-12-13;12:00;0;1000;1000;999,2;460,7;25,2;24,1;25,2;24;24,3;23,3;96;93;94;70;1,5;,5;
2012-12-13;13:00;0;1000,4;1000,4;1000;1092,3;26,4;23,1;26,8;25,1;24,3;23,1;93;81;82;174;2,3;,9;
2012-12-13;14:00;0;1000,5;1000,7;1000,4;1328,9;28,3;23;28,6;26,4;24,5;23;86;73;73;152;3;,8;
2012-12-13;15:00;0;1000,1;1000,5;1000,1;1135,4;27,9;24,1;28,4;27,6;25;23;84;73;80;44;3;,6;
2012-12-13;16:00;0;999,6;1000,1;999,6;2199,9;28,9;24,3;29,7;27,9;24,5;23,5;80;70;76;312;2,9;1;
2012-12-13;17:00;0;998,5;999,6;998,5;2449,5;31,1;23,8;31,1;28,9;25;23,2;77;64;65;222;2,2;1;
2012-12-13;18:00;0;997;998,5;997;2056,6;30,1;25,1;31,7;29,9;26,1;22,8;80;61;75;25;5;,6;
2012-12-13;19:00;0;995,8;997;995,7;1247;30,6;24,6;30,6;29,8;26,1;23,8;79;67;71;183;2,9;1,9;
2012-12-13;20:00;0;994,5;995,8;994,5;1535,5;30,1;23,9;31,2;30,1;25,2;23,3;73;63;70;161;2,9;1,2;
2012-12-13;21:00;0;994,6;994,7;994,4;535;29,7;25,1;30,1;29,6;25,2;24,2;77;70;76;197;2,2;,6;
2012-12-13;22:00;0;994,9;994,9;994,6;220,6;28,6;25,7;29,7;28,6;25,8;25;85;76;84;181;2,3;,5;
2012-12-13;23:00;0;996,1;996,1;994,9;16,8;27,5;25,8;28,7;27,4;26;25,5;91;84;91;270;1,1;,5;
2012-12-14;00:00;0;997,1;997,1;996,1;-9999;26,9;25,5;27,5;26,8;25,9;25,4;93;90;92;100;2,1;,3;
2012-12-14;01:00;,6;997,9;998;997,1;-9999;24,8;23,3;26,9;24,7;25,4;22,4;93;82;92;57;5,5;,6;
2012-12-14;02:00;0;998,8;998,9;997,9;-9999;24,4;23,3;24,8;24,4;23,6;23,2;94;92;94;300;2,5;,5;
2012-12-14;03:00;0;999,5;999,6;998,8;-9999;24,4;23,1;24,5;24,3;23,5;23;95;92;92;17;3;1,5;
2012-12-14;04:00;2,4;999,1;999,6;999;-9999;23,4;22,2;24,4;23,4;23,3;22,2;95;92;93;345;4,5;1,1;
2012-12-14;05:00;,6;999,5;999,5;999,1;-9999;23,3;22,6;23,5;23,3;22,6;22,2;95;93;95;92;3,1;,7;
2012-12-14;06:00;1,2;998,2;999,5;998,2;-9999;23,4;22,5;23,4;23,3;22,6;22,4;96;95;95;265;3;,8;
2012-12-14;07:00;,2;997,6;998,2;997,5;-9999;23,4;22,6;23,4;23,2;22,6;22,2;95;94;95;232;2,1;,7;
2012-12-14;08:00;0;998;998;997,6;-9999;23,3;22,4;23,6;23,3;22,8;22,4;96;94;95;350;3,1;1,4;
2012-12-14;09:00;0;997,7;998,1;997,6;-9999;23,5;22,7;23,5;23,3;22,7;22,4;96;95;96;288;3,1;,6;
2012-12-14;10:00;0;998,3;998,3;997,7;-9999;23,5;22,7;23,5;23,4;22,8;22,6;96;95;95;213;3,3;1,5;
2012-12-14;11:00;0;999,6;999,6;998,3;14,5;23,7;23;23,8;23,5;23;22,7;95;95;95;224;2,8;1,1;
2012-12-14;12:00;0;1001;1001;999,6;140,7;23,8;22,8;23,8;23,6;23,1;22,6;95;94;95;215;2,6;1,2;
2012-12-14;13:00;,2;1001,9;1001,9;1001;248;24;23;24,1;23,7;23,1;22,6;95;93;94;182;2,2;,8;
2012-12-14;14:00;,2;1002,6;1002,6;1001,9;358,4;24,2;22,9;24,5;24;23,5;22,8;94;93;93;135;2,1;,9;
2012-12-14;15:00;,2;1002,4;1002,7;1002,4;516;25,1;23,6;25,2;24,2;24;23;95;92;92;96;2,2;,9;
2012-12-14;16:00;0;1001,8;1002,4;1001,8;777,9;25,3;23,7;25,3;24,7;24;23,1;93;90;91;130;3,2;,9;
2012-12-14;17:00;0;1000,9;1001,8;1000,9;1391,2;25,9;23,7;26;25;23,7;22,2;91;83;87;122;3,2;1;
2012-12-14;18:00;0;999,6;1000,9;999,6;1598,5;26,7;22,5;26,8;25,8;23,6;21,9;88;77;78;209;2,8;1,2;
2012-12-14;19:00;0;998,5;999,6;998,5;874,7;26,2;23;26,9;25,9;23,4;22,4;85;78;83;149;2,6;1;
2012-12-14;20:00;0;997,7;998,5;997,7;729,6;26,3;22,7;26,3;25,8;23,6;22,4;86;81;81;137;3;,7;
2012-12-14;21:00;0;996,7;997,7;996,7;728,5;26,1;23,1;26,6;26,1;23,6;22,7;85;80;84;107;2,7;,8;
2012-12-14;22:00;0;996,9;996,9;996,7;225,5;25,3;23,7;26,1;25,3;23,8;23,2;91;84;91;47;2,5;,9;
2012-12-14;23:00;0;998,2;998,2;996,9;7,4;24,7;23,6;25,3;24,7;23,7;23,3;94;90;94;6;1,4;,8;
2012-12-15;00:00;0;998,5;998,6;998,2;-9999;24,2;23;24,7;24,2;23,6;23;94;92;93;50;2,1;,9;
2012-12-15;01:00;0;999;999;998,6;-9999;23,8;22,8;24,3;23,8;23,1;22,8;94;92;94;44;2;1;
2012-12-15;02:00;0;999,4;999,4;999;-9999;23,6;22,7;23,8;23,5;22,8;22,6;95;94;95;12;2,1;,5;
2012-12-15;03:00;0;999,8;999,8;999,4;-9999;23,2;22,5;23,6;23,1;22,7;22,3;96;95;95;73;1,5;,5;
2012-12-15;04:00;0;1000,2;1000,3;999,8;-9999;23,3;22,5;23,4;23,2;22,6;22,4;96;95;95;97;1;,2;
2012-12-15;05:00;0;999,7;1000,2;999,6;-9999;23;22,3;23,3;23;22,4;22,2;96;95;96;22;,6;,3;
2012-12-15;06:00;0;998,7;999,7;998,7;-9999;22,5;21,8;23;22,5;22,3;21,8;96;95;96;77;1,6;,8;
2012-12-15;07:00;0;998,4;998,7;998,3;-9999;22,2;21,5;22,7;22,1;22;21,4;96;96;96;130;1,8;,3;
2012-12-15;08:00;0;998,2;998,5;998,2;-9999;22,4;21,8;22,4;21,8;21,8;21,2;96;96;96;113;1,8;,4;
2012-12-15;09:00;0;998,2;998,3;998,1;-9999;22,9;22,1;23,1;22,4;22,4;21,8;96;96;96;82;3,2;,9;
2012-12-15;10:00;0;998,4;998,4;998,2;-9999;22,4;21,8;22,9;22,4;22,1;21,7;96;96;96;79;2,8;,8;
2012-12-15;11:00;0;999,2;999,2;998,4;32,2;22,9;22,3;22,9;22,2;22,3;21,5;96;96;96;102;1,6;,3;
2012-12-15;12:00;0;1000,2;1000,2;999,2;382,9;23,8;22,9;23,8;22,9;22,9;22,2;96;94;95;72;1,8;,8;
2012-12-15;13:00;0;1000,9;1000,9;1000,2;693,8;24,9;23,4;24,9;23,8;23,5;22,7;95;90;91;84;3,6;1;
2012-12-15;14:00;0;1001,3;1001,3;1000,9;795,2;24,9;22,7;25;24,6;23,3;22,5;91;87;88;78;4,1;1,7;
2012-12-15;15:00;0;1001,2;1001,4;1001,1;848,4;25,4;22,6;25,5;24,9;23,3;22,3;89;83;85;68;3,5;1,1;
2012-12-15;16:00;0;1000,5;1001,2;1000,5;1577,3;27,1;23,2;27,1;25,3;23,2;22;86;75;79;88;2,7;1,2;
2012-12-15;17:00;0;999,7;1000,5;999,7;2267,1;28,6;22,3;28,8;26,8;23,7;21,7;81;68;69;129;3,3;1,2;
2012-12-15;18:00;0;999;999,7;999;2279,7;28,9;22,7;29,2;28,3;23,5;22;75;67;69;170;3,3;1,1;
2012-12-15;19:00;0;998,3;999;998,3;1125,3;29,2;23,7;29,3;28,6;24,4;22,6;76;68;72;217;3,1;,5;
2012-12-15;20:00;0;997,6;998,3;997,6;1026,5;28,9;24,3;29,3;28,7;24,3;22,9;77;70;76;177;2,2;1;
2012-12-15;21:00;0;997,2;997,6;997,1;1465,4;29,8;22,4;30,3;29;24,3;21,8;76;62;65;128;3,3;1,2;
2012-12-15;22:00;0;997,2;997,3;997,1;619,2;28,3;23,8;30,2;28,3;23,9;22,2;77;63;77;101;2,5;,5;
2012-12-15;23:00;0;997,4;997,4;997,2;32,1;26,1;24,1;28,3;26,1;24,2;23,6;88;76;88;70;1,9;,5;
2012-12-16;00:00;0;998,4;998,4;997,4;-9999;25,1;23,6;26,1;25,1;24;23,4;92;88;92;59;1,5;,8;
2012-12-16;01:00;0;999,2;999,2;998,4;-9999;24,4;23,2;25,1;24,4;23,7;23;93;91;93;163;2;,2;
2012-12-16;02:00;0;999,7;999,7;999,2;-9999;24;22,5;24,4;23,9;23,2;22,5;94;92;92;62;2,6;1,7;
2012-12-16;03:00;0;1000;1000;999,7;-9999;23,5;22,4;24;23,5;22,7;22,3;94;91;94;28;2,6;1;
2012-12-16;04:00;0;999,5;1000;999,5;-9999;23,1;22,2;23,5;22,9;22,4;22,1;95;94;95;60;2,1;,7;
2012-12-16;05:00;0;999;999,5;999;-9999;22,7;21,9;23,1;22,6;22,3;21,7;95;94;95;11;1,8;,4;
2012-12-16;06:00;0;998,5;999;998,5;-9999;22,5;21,8;22,7;22,3;22;21,5;96;95;96;313;1,2;,5;
2012-12-16;07:00;,2;998,4;998,5;998,4;-9999;22,2;21,4;22,6;22,1;21,8;21,3;96;95;96;41;2,1;,4;
2012-12-16;08:00;0;998,1;998,4;998,1;-9999;21,6;20,9;22,2;21,6;21,4;20,9;96;95;96;64;1,8;1;
2012-12-16;09:00;0;998,5;998,5;998,1;-9999;21,6;20,9;21,8;21,6;21,1;20,9;96;96;96;187;1,8;,2;
2012-12-16;10:00;0;999,1;999,1;998,4;-9999;21,6;20,9;21,6;21,3;20,9;20,7;96;96;96;347;1,5;1;
2012-12-16;11:00;0;999,5;999,5;999,1;36,8;21,6;21;21,6;21,4;21;20,7;96;96;96;39;1,5;,4;
2012-12-16;12:00;0;1000,5;1000,5;999,5;402,6;24,3;22,6;24,3;21,6;22,7;21;96;90;90;33;2,1;,9;
2012-12-16;13:00;0;1000,7;1000,7;1000,4;1567,5;26,5;22,6;26,8;24,3;23,5;22,1;90;79;79;68;3,3;1,1;
2012-12-16;14:00;0;1000,8;1000,9;1000,7;2127,3;28,6;23,2;28,7;26,4;24,1;22,2;81;70;72;44;3,9;1,2;
2012-12-16;15:00;0;1000,2;1000,8;1000,2;2765,5;30,1;22,9;30,3;28,6;24,3;22,3;75;65;65;69;3,6;1,2;
2012-12-16;16:00;0;999,3;1000,2;999,3;3171,9;31;22,5;31,1;29,6;24;22;70;59;61;81;3,6;1,1;
2012-12-16;17:00;0;998,3;999,3;998,3;3098,4;31,8;21,9;32,5;31;23,9;21,9;64;54;56;349;3;1,2;
2012-12-16;18:00;0;997,4;998,3;997,4;2164,5;31,9;22,3;32,9;31,3;23,9;21,8;62;55;57;205;4,6;1,7;
2012-12-16;19:00;0;996,6;997,4;996,6;2877,7;33,3;22,1;33,7;31,8;23,4;21,7;60;50;52;263;4,6;1,5;
2012-12-16;20:00;0;996,2;996,6;996,2;2190,2;33,7;22,2;34;32,9;22,7;21,2;55;47;51;216;3,7;1,5;
2012-12-16;21:00;0;995,9;996,2;995,9;1442,7;32,5;23,1;33,9;32,5;23,3;21;59;48;58;339;2,8;1,5;
2012-12-16;22:00;0;995,9;996;995,8;540,4;30,8;24,8;32,5;30,8;24,8;21,5;70;55;70;82;2,7;,4;
2012-12-16;23:00;0;996,3;996,3;995,8;18,5;27,6;25,5;30,8;27,6;25,8;24,4;88;70;88;49;1,5;,7;
2012-12-17;00:00;0;997,1;997,1;996,3;-9999;26,1;24,5;27,6;26,1;25,5;24,5;91;88;91;44;1,5;,8;
2012-12-17;01:00;0;997,8;997,8;997,1;-9999;25,7;24,4;26,1;25,6;24,5;24,2;93;90;93;57;1,1;,4;
2012-12-17;02:00;0;998,4;998,4;997,8;-9999;25,2;23,5;25,8;25,1;24,5;23,5;94;90;90;55;2,7;,8;
2012-12-17;03:00;0;999;999;998,4;-9999;24,8;23,7;25,2;24,6;23,7;23,4;94;90;94;212;1,4;,3;
2012-12-17;04:00;0;999;999,2;999;-9999;24,4;23,5;24,8;24,4;23,8;23,5;94;93;94;123;1;,6;
2012-12-17;05:00;0;998,7;999;998,7;-9999;24,1;23,2;24,4;24,1;23,5;23,2;95;94;94;198;1;,2;
2012-12-17;06:00;0;998,3;998,7;998,3;-9999;23,6;22,8;24,2;23,6;23,3;22,7;95;94;95;79;,6;,4;
2012-12-17;07:00;0;998,1;998,3;998;-9999;23,7;22,8;23,8;23,4;22,9;22,5;96;94;94;346;2,2;,7;
2012-12-17;08:00;0;998,3;998,3;998,1;-9999;23,3;22,4;23,7;23,1;22,7;22,3;96;94;95;15;2,8;,7;
2012-12-17;09:00;0;998,4;998,4;998,3;-9999;22,6;21,9;23,3;22,6;22,4;21,9;95;95;95;65;1,8;,8;
2012-12-17;10:00;0;998,9;998,9;998,4;-9999;22,7;21,9;22,9;22,6;22,2;21,9;96;95;95;16;1,4;,5;
2012-12-17;11:00;0;999,3;999,3;998,9;42,6;23,1;22,4;23,1;22,4;22,4;21,6;96;95;96;1;1,4;,3;
2012-12-17;12:00;0;1000,2;1000,2;999,3;426;25,2;22,9;25,2;23,1;23;22,4;96;86;87;324;1,3;,7;
2012-12-17;13:00;0;1000,6;1000,6;1000,2;1439,8;27,5;23,1;27,8;25,2;23,3;22,2;87;75;77;334;2,9;1,4;
2012-12-17;14:00;0;1000,4;1000,6;1000,3;2099,7;29,6;23,2;29,7;27,5;24;22,5;79;67;69;93;3,2;1,4;
2012-12-17;15:00;0;999,8;1000,4;999,8;2351,6;30,1;24;31,1;29,5;24,1;22,5;71;62;70;43;3,9;1,4;
2012-12-17;16:00;0;999;999,8;999;3169,7;32,1;23,4;32,3;30,1;24,3;22,7;71;58;60;61;4,5;1,8;
2012-12-17;17:00;0;998,1;999;998,1;2701,2;32,1;22,1;32,8;31,3;24,1;22;65;54;56;38;5,6;1,5;
2012-12-17;18:00;0;996,9;998,1;996,9;3087,9;33,7;22,6;34,1;32;23,8;20,9;59;49;52;213;3,6;1,6;
2012-12-17;19:00;0;995,8;996,9;995,8;2665,1;34,3;21,6;34,4;32,9;23,6;20,2;55;44;48;335;3,2;1;
2012-12-17;20:00;0;995;995,8;995;1953,4;34;22,4;34,3;33,3;23,6;20,9;57;46;51;144;3,2;1,3;
2012-12-17;21:00;0;994,3;995;994,3;1389,2;34,1;20,9;34,3;33,5;23,5;20,8;54;46;46;310;2,8;,5;
2012-12-17;22:00;0;994,5;994,5;994,2;542,9;31,6;23,8;34,6;31,6;24,1;20,9;64;46;63;53;1,6;,3;
2012-12-17;23:00;0;995,2;995,2;994,5;10,7;28,5;25;31,6;28,4;25,3;23,4;81;63;81;7;1;,4;
2012-12-18;00:00;0;996,4;996,4;995,2;-9999;26,7;24,2;28,5;26,7;25,4;24,2;87;81;86;64;1,2;,8;
2012-12-18;01:00;0;997,4;997,4;996,4;-9999;26,1;24,5;26,8;26,1;24,8;24,1;91;86;91;32;1,1;,2;
2012-12-18;02:00;0;998,1;998,3;997,4;-9999;26,2;23,3;26,4;25,8;24,6;23,1;92;82;84;67;4,6;1,1;
2012-12-18;03:00;0;998,6;998,6;998;-9999;25,7;23,3;26,3;25,5;23,7;23;88;82;87;338;2,8;1;
2012-12-18;04:00;0;998,2;998,6;998,2;-9999;25,7;23,8;25,9;25,5;23,9;23;90;85;89;252;1,8;,6;
2012-12-18;05:00;2,6;998,8;999;998,2;-9999;25,1;23,5;25,8;25,1;23,7;22,4;91;82;91;155;6,8;2;
2012-12-18;06:00;2,2;997,5;998,8;997,5;-9999;24,5;23,6;25,1;24,4;23,8;23,2;95;91;95;331;3,6;1,4;
2012-12-18;07:00;0;997,3;997,5;997,1;-9999;24;22,9;24,5;24;23,6;22,9;95;94;94;346;3;,9;
2012-12-18;08:00;0;996,8;997,4;996,8;-9999;23,8;22,6;24,1;23,8;23;22,5;94;92;93;270;4,2;1;
2012-12-18;09:00;0;997,5;997,5;996,8;-9999;23,4;22,6;23,9;23,4;22,7;22,5;95;92;95;64;2,7;,6;
2012-12-18;10:00;0;998,4;998,4;997,5;-9999;23,5;22,8;23,5;23,4;22,8;22,5;96;95;96;260;1,7;,4;
2012-12-18;11:00;0;999,1;999,1;998,4;88,1;23,9;23,1;23,9;23,5;23,1;22,7;96;95;95;47;1,5;,9;
2012-12-18;12:00;0;1000,3;1000,4;999,1;246;24,4;23,2;24,5;23,9;23,7;23;95;93;93;353;3;,9;
2012-12-18;13:00;0;1000,5;1000,7;1000,3;1218,2;26;23;26;24,4;23,7;22,7;93;83;83;2;4,4;1,4;
2012-12-18;14:00;0;1000,8;1000,8;1000,3;1648,5;27,3;23,4;27,3;26;23,6;22,7;84;77;79;333;4,2;1,9;
2012-12-18;15:00;0;1000,6;1000,8;1000,6;1989,5;28,8;23,9;28,8;27,3;23,9;22,2;79;71;75;13;4;1,3;
2012-12-18;16:00;0;999,7;1000,6;999,7;2594,2;29;22,8;29,4;28,3;24,7;22,7;78;69;69;341;4,5;1,8;
2012-12-18;17:00;0;998,3;999,7;998,3;2578,4;30,4;22,9;30,7;28,8;24,6;21,9;74;63;64;290;4,1;1,1;
2012-12-18;18:00;0;997,1;998,3;997,1;2436,1;31;23,9;31,4;29,9;24,4;22,3;72;62;66;300;3,3;1,2;
2012-12-18;19:00;0;995,6;997,1;995,6;2076,3;31,3;23,9;31,3;30,3;24,6;23,1;68;63;65;296;3;1,1;
2012-12-18;20:00;0;994,9;995,6;994,8;1689;31,6;23,8;32;31,3;25;23,3;67;61;63;248;2,9;1;
2012-12-18;21:00;0;994,5;994,9;994,5;755,7;30,5;24;31,6;30,5;24,8;23,6;71;63;68;305;2,4;,8;
2012-12-18;22:00;0;995,2;995,2;994,5;340,7;29,9;24,6;30,6;29,9;25;23,8;74;67;74;229;1,8;,8;
2012-12-18;23:00;0;995,8;995,8;995,2;24,7;28;25,1;30;28;25,6;24,6;85;74;84;284;1,4;,3;
2012-12-19;00:00;0;997,1;997,1;995,7;-9999;27,5;25,2;28;27,5;25,4;25,1;88;84;87;297;3,4;,7;
2012-12-19;01:00;0;997,9;997,9;997,1;-9999;27,3;24,9;27,7;27,2;25,2;24,7;88;85;87;230;2,8;1,2;
2012-12-19;02:00;,4;999,1;999,1;997,8;-9999;26,8;24,9;27,3;26,8;24,9;24,6;90;86;90;197;4,7;2,1;
2012-12-19;03:00;25,4;998,8;999,9;998,8;,7;22,7;21,9;26,8;22,6;25,1;21,7;96;86;95;96;8;1;
2012-12-19;04:00;1,6;998,5;998,8;998,2;-9999;23,2;22,3;23,2;22,7;22,5;22;96;95;95;204;2,7;,8;
2012-12-19;05:00;,4;998,2;998,8;998,2;-9999;22,7;21,8;23,2;22,7;22,4;21,8;95;95;95;306;2,6;,8;
2012-12-19;06:00;,2;998,1;998,2;997,6;-9999;22,9;22,1;22,9;22,6;22,1;21,7;95;94;95;132;2,5;,5;
2012-12-19;07:00;21,6;998,6;999,1;997,9;-9999;22,3;21,7;22,9;22,3;22,2;21,6;96;95;96;35;6,4;1,4;
2012-12-19;08:00;14,6;997,6;998,6;997,5;-9999;22,5;21,8;22,6;22,3;21,9;21,6;96;96;96;113;2,7;,8;
2012-12-19;09:00;,6;998,5;998,5;997,4;-9999;22,6;22;22,7;22,4;22,1;21,9;96;96;96;140;2,3;,9;
2012-12-19;10:00;2,4;999,2;999,2;998,5;-9999;22,7;22;22,8;22,6;22,2;22;96;96;96;320;2,4;,7;
2012-12-19;11:00;,8;999,6;999,7;999,2;8,2;22,8;22,2;22,8;22,6;22,2;22;96;96;96;205;2,4;1;
2012-12-19;12:00;0;1000,7;1000,7;999,6;164,1;22,9;22,2;23;22,7;22,3;22;96;96;96;222;2,7;,8;
2012-12-19;13:00;0;1002;1002;1000,7;418;23,5;22,3;23,5;22,9;22,6;22,1;96;93;93;216;4,2;1,7;
2012-12-19;14:00;0;1002;1002,2;1002;1442,8;25;22,4;25;23,3;22,8;21,8;93;83;85;262;3,6;1,5;
2012-12-19;15:00;0;1001,5;1002;1001,5;1542,6;25,7;23,4;25,8;25;23,4;21,8;87;80;87;335;3,7;1,8;
2012-12-19;16:00;0;1000,8;1001,5;1000,8;2438,2;27;23;27,2;25,7;23,9;22;89;74;79;322;4,3;1,8;
2012-12-19;17:00;0;999,9;1000,8;999,9;2177,1;28,4;22,6;28,5;26,9;23,8;22,3;80;71;71;269;3,1;1,1;
2012-12-19;18:00;0;998,8;999,9;998,8;1269,1;28,2;23,1;28,5;27,6;24;22,6;79;71;74;313;3,1;,8;
2012-12-19;19:00;0;997,6;998,8;997,6;2902,3;30;24;30,2;28,1;24;22,6;75;65;70;279;4,8;1,7;
2012-12-19;20:00;0;997;997,6;997;2004;30,1;23;30,5;29,4;24,6;21,6;72;62;66;223;3,8;1,8;
2012-12-19;21:00;0;996,5;997,1;996,5;1449,7;30,2;22,6;30,5;29,7;23,8;21,9;70;61;64;266;3,8;,9;
2012-12-19;22:00;0;996,7;996,8;996,4;578,8;29,4;23,4;30,4;29,4;23,9;21,9;72;61;70;16;2,1;,5;
2012-12-19;23:00;0;997,3;997,4;996,6;108,5;27,4;24,7;29,4;27,4;25,3;23,1;88;70;85;172;1,8;,7;
2012-12-20;00:00;1,8;998,9;998,9;997,2;-9999;25;23,8;27,4;25;25,1;23,7;94;85;93;103;6,6;1,3;
2012-12-20;01:00;2,4;999;999,3;998,8;-9999;24,5;23,6;25;24,4;23,8;23,4;95;93;95;348;4,6;,9;
2012-12-20;02:00;2,4;999,8;999,8;999;-9999;24,2;23,4;24,5;24,2;23,7;23,3;95;95;95;73;1,9;,8;
2012-12-20;03:00;0;999,2;999,9;999,2;-9999;24;23,1;24,3;24;23,5;23,1;96;95;95;30;1,9;,5;
2012-12-20;04:00;0;998,9;999,2;998,9;-9999;23,7;23;24;23,7;23,2;23;96;95;96;61;1,8;1;
2012-12-20;05:00;0;998,5;998,9;998,5;-9999;23,6;22,9;23,8;23,6;23;22,9;96;96;96;41;1,9;,7;
2012-12-20;06:00;0;998,1;998,5;998,1;-9999;23,4;22,7;23,6;23,4;22,9;22,7;96;96;96;28;1,8;,6;
2012-12-20;07:00;,2;997,6;998,1;997,6;-9999;23,3;22,6;23,4;23,2;22,7;22,5;96;96;96;325;1,2;,7;
2012-12-20;08:00;0;997,7;997,8;997,6;-9999;22,8;22,1;23,3;22,8;22,6;22,1;96;96;96;91;1,6;,3;
2012-12-20;09:00;0;997,9;997,9;997,6;-9999;22,5;21,9;22,9;22,5;22,2;21,9;96;96;96;102;,8;,2;
2012-12-20;10:00;0;998,6;998,6;997,9;-9999;22,3;21,6;22,5;22,2;21,9;21,5;96;96;96;275;1,2;,3;
2012-12-20;11:00;0;999,3;999,3;998,6;41,6;22,5;21,9;22,5;22,2;21,9;21,6;96;96;96;295;1,3;,3;
2012-12-20;12:00;0;1000,1;1000,1;999,2;378,7;24,1;23;24,1;22,5;23;22;96;93;94;340;1,6;,8;
2012-12-20;13:00;0;1000,6;1000,6;1000,1;1259,2;25,4;22,9;25,4;24,1;23,4;22,3;94;84;86;354;3,5;1,2;
2012-12-20;14:00;0;1000,8;1000,8;1000,6;1765,4;27;22,8;27;25,4;24;22,5;87;78;78;325;3,5;,9;
2012-12-20;15:00;0;1000,8;1000,9;1000,7;1717;27,9;22,7;28,4;26,9;23,9;22,1;80;72;73;337;2;,8;
2012-12-20;16:00;0;999,9;1000,8;999,9;2379,8;28,9;22,6;29,3;27,8;23,7;22,2;76;68;69;298;3,6;1,2;
2012-12-20;17:00;,4;999;999,9;999;2322,5;29,3;25,4;30,3;28,8;25,4;22,5;79;64;79;56;3,6;,9;
2012-12-20;18:00;,2;997,2;999;997,2;2685,5;31;22,5;31;28,4;26,2;21,4;87;59;61;85;2,6;,6;
2012-12-20;19:00;0;996,4;997,2;996,4;2884,9;32,4;22,3;32,6;31;23,7;21,4;62;55;55;137;2,4;,9;
2012-12-20;20:00;0;996;996,4;995,9;2437;29,3;23,1;32,5;29,3;23,8;21,4;70;52;70;47;7,7;3,5;
2012-12-20;21:00;5;996,5;996,5;996;753,1;25,4;24,1;29,3;25,3;24,5;22,6;92;69;92;83;8,3;1,9;
2012-12-20;22:00;0;996,8;996,9;996,5;40,9;24,9;23,7;25,5;24,9;24,3;23,7;94;92;93;96;6;,6;
2012-12-20;23:00;1,4;997,2;997,3;996,8;-9999;24,5;23,4;24,9;24,4;23,7;23,2;94;92;94;62;2,3;,2;
2012-12-21;00:00;,4;997,5;997,6;997,2;-9999;24,4;23,5;24,6;24,3;23,7;23,3;95;94;95;351;1,6;,7;
2012-12-21;01:00;0;998,8;998,8;997,5;-9999;24,3;23,5;24,6;24,1;23,8;23,3;95;95;95;21;1,6;,5;
2012-12-21;02:00;0;999,3;999,3;998,7;-9999;23,8;23;24,3;23,8;23,5;23;95;95;95;76;1,2;,4;
2012-12-21;03:00;0;999,6;999,6;999,3;-9999;23,7;22,9;23,8;23,6;23;22,8;96;95;95;153;,8;,3;
2012-12-21;04:00;0;999,4;999,7;999,3;-9999;23,5;22,8;23,7;23,4;23;22,6;96;95;96;255;1,1;,8;
2012-12-21;05:00;0;999,3;999,5;999,1;-9999;23,1;22,5;23,6;23;22,8;22,2;96;95;96;181;1,6;,2;
2012-12-21;06:00;0;998,6;999,3;998,6;-9999;22,8;22,1;23,1;22,8;22,4;22,1;96;96;96;95;1,1;,6;
2012-12-21;07:00;0;997,8;998,6;997,8;-9999;22,6;22;22,9;22,6;22,2;22;96;96;96;32;1,1;,5;
2012-12-21;08:00;0;997,6;997,8;997,5;-9999;22,4;21,8;22,7;22,4;22;21,8;96;96;96;112;1,1;,5;
2012-12-21;09:00;0;997,9;997,9;997,6;-9999;22,4;21,8;22,5;22,3;21,9;21,7;96;96;96;28;,9;,4;
2012-12-21;10:00;0;998,6;998,6;997,9;-9999;22,1;21,5;22,4;22,1;21,8;21,5;96;96;96;74;1,1;,6;
2012-12-21;11:00;0;999,7;999,7;998,6;33,6;22,4;21,8;22,4;22,1;21,8;21,5;96;96;96;39;1,4;1;
2012-12-21;12:00;0;1001;1001;999,7;305,4;23,2;22,6;23,3;22,4;22,6;21,8;97;96;96;346;1,4;,6;
2012-12-21;13:00;0;1001,4;1001,4;1001;883;24,7;23,1;24,7;23,2;23,4;22,6;96;91;91;198;2,4;1,4;
2012-12-21;14:00;0;1001,5;1001,5;1001,4;1138;26,3;23,4;26,3;24,6;23,6;22,5;91;83;84;111;2,4;,9;
2012-12-21;15:00;0;1001,4;1001,6;1001,4;1822,9;27,4;23;27,7;26,2;24;22,3;86;75;77;154;3;1,4;
2012-12-21;16:00;0;1001;1001,5;1001;1702;28;23,2;28,4;27,3;24;22,8;81;74;75;220;2,9;1,1;
2012-12-21;17:00;0;1000,1;1001;1000,1;2503,4;29,7;22,4;30,1;28;24,5;22,4;78;65;65;172;2,5;,9;
2012-12-21;18:00;0;998,5;1000,1;998,5;2073,6;29,9;22,7;30,7;29,5;24,2;22,2;71;63;66;223;4,2;2,1;
2012-12-21;19:00;0;997,1;998,5;997,1;2224,4;29,7;24,3;31,5;29,7;24,6;21,4;73;56;73;217;5,4;2,9;
2012-12-21;20:00;0;996,5;997,1;996,5;671,2;28,1;24,3;29,7;27,7;24,5;23,4;81;71;80;224;5,1;1,1;
2012-12-21;21:00;0;996,3;996,5;996,2;1202,5;30,1;22,9;30,1;28;24,8;22,4;80;65;65;271;3,1;,9;
2012-12-21;22:00;0;996,6;996,6;996,3;822,2;29,5;24;30,5;29,5;24,4;22,7;72;65;72;40;2;,9;
2012-12-21;23:00;,8;998;998;996,6;79,5;24,5;22,7;29,5;24,5;25,5;22,5;90;72;90;179;8;1,1;
2012-12-22;00:00;,2;998,6;998,6;997,7;-9999;24,2;23,2;24,5;24,1;23,3;22,3;94;89;94;151;2,7;,4;
2012-12-22;01:00;,2;998,9;999;998,5;-9999;23,9;23;24,3;23,9;23,4;23;95;94;95;3;2,4;1,1;
2012-12-22;02:00;0;999,7;999,7;998,9;-9999;23,9;23;24;23,9;23,1;23;95;94;95;41;3;,8;
2012-12-22;03:00;0;1000,2;1000,2;999,7;-9999;23,9;23;24;23,8;23,2;23;95;95;95;97;1,6;,3;
2012-12-22;04:00;0;999,8;1000,3;999,8;-9999;23,9;23,1;24;23,8;23,2;22,9;95;95;95;255;1,2;,4;
2012-12-22;05:00;0;999,4;999,8;999,4;-9999;23,8;23;23,9;23,6;23,1;22,8;96;95;96;239;1;,2;
2012-12-22;06:00;0;999,2;999,4;999,2;-9999;23,5;22,8;23,8;23,4;23;22,7;96;95;96;99;1;,3;
2012-12-22;07:00;0;998,8;999,2;998,8;-9999;23,8;23,1;23,8;23,5;23,1;22,9;96;96;96;207;1,6;,5;
2012-12-22;08:00;0;998,6;998,8;998,5;-9999;23,7;23;24;23,7;23,3;22,9;96;95;96;160;1,7;,5;
2012-12-22;09:00;0;998,9;998,9;998,6;-9999;23,4;22,7;23,8;23,4;23;22,7;96;96;96;71;1;,5;
2012-12-22;10:00;0;999,3;999,3;998,8;-9999;23,4;22,7;23,6;23,4;22,9;22,7;96;96;96;31;1,2;,8;
2012-12-22;11:00;0;1000,2;1000,2;999,3;55,2;23,6;22,9;23,6;23,4;22,9;22,7;96;96;96;52;1,2;,8;
2012-12-22;12:00;0;1001,1;1001,1;1000,2;317,7;24,2;23,4;24,2;23,5;23,4;22,9;96;95;95;47;1,1;,6;
2012-12-22;13:00;0;1001,8;1001,8;1001,1;649,6;25,3;23,4;25,3;24,2;24;22,9;95;88;89;76;1;,4;
2012-12-22;14:00;0;1001,9;1001,9;1001,8;1267,9;26,6;23,6;26,6;25;23,9;22,8;91;83;83;279;2,2;,8;
2012-12-22;15:00;7,8;1001,8;1002,2;1001,8;927,2;25,7;24,3;26,8;25,5;24,7;22,7;93;81;92;44;2,9;1;
2012-12-22;16:00;1,8;1001,5;1001,8;1001,4;597,1;24,9;23,4;26,1;24,9;25;23,2;94;90;92;116;8,2;1,9;
2012-12-22;17:00;,4;1001;1001,5;1001;474,2;23,9;22,6;24,9;23,8;23,3;22,5;94;91;93;129;8,2;1,1;
2012-12-22;18:00;0;999,8;1001;999,8;664,1;24,3;22,4;24,3;23,8;23,1;22,4;94;89;89;134;4;,8;
2012-12-22;19:00;0;998,4;999,8;998,4;766,9;25;22,7;25;24,3;23,1;22,4;92;87;87;157;2,1;,6;
2012-12-22;20:00;0;997,5;998,4;997,5;723,5;25,5;23,4;25,6;24,8;23,6;22,4;89;86;88;95;2,8;,9;
2012-12-22;21:00;0;997,1;997,7;997,1;501,9;25,2;22,9;25,5;25,1;23,7;22,6;90;86;87;53;3,2;1;
2012-12-22;22:00;0;997,7;997,7;997,1;180,7;25;23,6;25,4;25;23,7;22,8;92;87;92;113;1,8;,3;
2012-12-22;23:00;0;998,5;998,5;997,7;14,5;23,9;22,4;25;23,8;23,6;22,2;93;90;92;118;2,8;,6;
2012-12-23;00:00;0;999,8;999,8;998,5;-9999;23,7;22,5;23,9;23,7;22,5;22,2;93;91;93;99;1,8;,5;
2012-12-23;01:00;0;1000,3;1000,3;999,8;-9999;23,7;22,6;23,8;23,6;22,7;22,3;94;92;94;340;1,8;,3;
2012-12-23;02:00;0;1000,7;1000,7;1000,2;-9999;23,5;22,5;23,7;23,4;22,6;22,4;95;93;94;280;1;,3;
2012-12-23;03:00;0;1001,1;1001,1;1000,7;-9999;23,3;22,5;23,5;23,2;22,6;22,4;95;94;95;209;1,2;,5;
2012-12-23;04:00;0;1001,2;1001,3;1001,1;-9999;23,5;22,6;23,5;23,2;22,6;22,4;95;95;95;203;1,8;1,1;
2012-12-23;05:00;0;1000,7;1001,2;1000,7;-9999;23,5;22,6;23,7;23,5;22,8;22,5;95;94;95;291;2,8;,3;
2012-12-23;06:00;,2;1000,2;1000,7;1000,2;-9999;23,3;22,4;23,6;23,3;22,8;22,4;95;95;95;318;1,2;,6;
2012-12-23;07:00;0;1000,2;1000,3;1000,1;-9999;22,8;22,1;23,3;22,8;22,5;22,1;96;95;96;46;1;,6;
2012-12-23;08:00;0;1000,1;1000,2;1000;-9999;22,7;22,1;22,8;22,7;22,1;22;96;96;96;65;1,5;,7;
2012-12-23;09:00;0;1000,1;1000,1;1000;-9999;22,6;22;22,8;22,6;22,1;22;96;96;96;32;1,8;,8;
2012-12-23;10:00;0;1000,8;1000,8;1000,1;-9999;22,4;21,8;22,6;22,4;22;21,8;96;96;96;40;1,7;,7;
2012-12-23;11:00;0;1001,4;1001,4;1000,8;29,9;22,3;21,7;22,4;22,3;21,8;21,7;96;96;96;44;1,4;,7;
2012-12-23;12:00;0;1002;1002;1001,4;278,7;22,9;22,2;22,9;22,3;22,2;21,7;96;96;96;326;1,3;,5;
2012-12-23;13:00;0;1002,5;1002,5;1002;952,1;24,1;21,6;24,5;22,9;23,3;21,6;96;86;86;309;1,8;,5;
2012-12-23;14:00;0;1002,5;1002,6;1002,4;2182,7;27,3;23;27,3;24,1;23,8;21,3;87;73;77;124;2;,7;
2012-12-23;15:00;0;1002,3;1002,5;1002,3;2882,6;28,1;22,5;28,3;26,8;23,5;21,4;78;71;72;212;2,9;1,3;
2012-12-23;16:00;0;1001,9;1002,3;1001,9;2403,8;29,4;22,8;29,4;27,7;23,2;22,2;75;66;68;240;3,9;1,4;
2012-12-23;17:00;0;1001;1001,9;1001;3147,4;30;22,7;30,4;28,9;23,2;21,7;69;61;65;273;3,8;1,1;
2012-12-23;18:00;0;999,7;1001;999,7;3183;31,8;22,8;32;30;23,5;21,7;65;57;59;264;4,3;1,4;
2012-12-23;19:00;0;998,2;999,7;998,2;2210,2;31,7;21,8;32;30,9;23,6;21,3;65;53;56;294;3,6;1;
2012-12-23;20:00;0;996,9;998,2;996,9;2272,8;31,9;21,8;32,4;31,6;22,8;21;59;51;55;316;3,4;1,4;
2012-12-23;21:00;0;996,3;996,9;996,3;1088,7;30,6;23,2;32,2;29,7;23,7;20,5;68;50;65;316;3,1;,8;
2012-12-23;22:00;0;996,3;996,5;996,1;433,5;30,2;24,3;30,9;30;24,8;22,9;71;64;71;277;1,7;,4;
2012-12-23;23:00;0;997,6;997,6;996,3;26,3;27,1;24,2;30,2;27,1;24,9;23,5;86;71;84;11;2,5;1,2;
2012-12-24;00:00;0;998,6;998,6;997,6;-9999;26,6;23,7;27,1;26,5;24,5;23,5;86;83;84;323;3,1;,5;
2012-12-24;01:00;0;1000,4;1000,4;998,6;-9999;25,7;24,2;26,6;25,7;24,4;23,6;92;84;91;108;3,5;,7;
2012-12-24;02:00;0;1001;1001;1000,4;-9999;25,7;23,4;25,8;25,4;24,2;22,9;91;85;87;220;4,2;,8;
2012-12-24;03:00;,2;1001,2;1001,2;1000,8;-9999;24,7;23,3;25,7;24,7;23,5;22,9;92;86;92;162;2,3;,4;
2012-12-24;04:00;0;1001;1001,3;1000,9;-9999;24,6;23,6;24,7;24,5;23,6;23,3;94;92;94;196;1,2;,5;
2012-12-24;05:00;0;1000,8;1001;1000,7;-9999;24,3;23,4;24,6;24,3;23,6;23,3;95;93;95;76;3,9;1,3;
2012-12-24;06:00;0;999,8;1000,8;999,8;-9999;24;22,9;24,3;24;23,4;22,7;95;92;94;332;7,2;1,3;
2012-12-24;07:00;0;1000,1;1000,4;999,7;-9999;23,8;22,6;24;23,8;23;22,6;94;93;93;288;4,1;,9;
2012-12-24;08:00;2,6;999,3;1000,4;999,3;-9999;23,3;22,5;23,8;23,3;22,7;22,3;95;93;95;309;3,3;1,2;
2012-12-24;09:00;0;1000,2;1000,2;999,3;-9999;23,1;22,3;23,3;23,1;22,5;22,3;95;95;95;67;2,7;,5;
2012-12-24;10:00;,6;1001;1001,1;1000,2;-9999;23,2;22,5;23,3;23,1;22,6;22,3;96;95;95;139;1,7;,4;
2012-12-24;11:00;2,8;1001,5;1001,5;1000,8;4,1;23,3;22,5;23,3;23,2;22,6;22,4;96;95;96;245;1,3;,5;
2012-12-24;12:00;0;1002,6;1002,7;1001,5;126,9;23,4;22,5;23,5;23,2;22,7;22,4;96;95;95;82;1,7;,4;
2012-12-24;13:00;0;1002,8;1002,8;1002,6;422,4;24,2;23,3;24,3;23,4;23,4;22,5;95;94;94;11;2,3;,8;
2012-12-24;14:00;0;1003;1003,1;1002,8;1033,2;25,5;23,3;25,5;24,2;23,6;22,8;94;87;88;283;2,9;,8;
2012-12-24;15:00;0;1002,7;1003,1;1002,7;2242,3;27,1;22,6;27,3;25,3;23,8;22,5;88;76;76;351;2,9;1,1;
2012-12-24;16:00;0;1001,9;1002,7;1001,9;2010,8;28,3;22,7;28,3;27,1;24;22,7;79;72;72;212;3,4;1,6;
2012-12-24;17:00;0;1000,6;1001,9;1000,6;2780,4;29,4;23,4;29,5;28,3;23,8;21,8;74;65;70;317;3,3;,9;
2012-12-24;18:00;1;999,5;1000,6;999,5;2543,3;28,6;23,6;29,5;27;25,3;23,1;88;69;75;329;5,2;2,3;
2012-12-24;19:00;0;998,1;999,5;998,1;2642,6;28;24,3;28,7;27,7;25,1;23,5;82;74;80;317;5,8;2;
2012-12-24;20:00;0;997,2;998,2;997,2;1544,1;27,5;23,7;28,4;27,5;24,7;23,2;82;75;79;1;5,3;1,4;
2012-12-24;21:00;0;997;997,2;997;324,2;26,5;24,1;27,7;26,5;24,4;23,9;87;80;87;5;2,9;,8;
2012-12-24;22:00;0;996,9;997;996,8;225,8;26,2;24,2;26,6;26,2;24,6;23,8;89;86;89;24;2;,6;
2012-12-24;23:00;0;998;998;996,9;27,7;25,6;24,4;26,2;25,6;24,4;24;93;88;93;64;2,3;,7;
2012-12-25;00:00;0;998,7;998,7;998;-9999;25,2;23,9;25,6;25,2;24,4;23,9;93;92;93;25;2,3;,9;
2012-12-25;01:00;0;999,7;999,7;998,7;-9999;24,9;23,7;25,2;24,9;23,9;23,7;93;92;93;358;2,8;1;
2012-12-25;02:00;0;1000,7;1000,7;999,7;-9999;24,6;23,5;25;24,6;23,8;23,5;94;92;94;34;2,8;,6;
2012-12-25;03:00;0;1001,1;1001,1;1000,7;-9999;24,4;23,6;24,7;24,4;23,7;23,4;95;94;95;75;3,4;1,2;
2012-12-25;04:00;0;1000,9;1001,1;1000,8;-9999;24,5;23,5;24,6;24,4;23,6;23,4;95;94;94;340;3,4;,5;
2012-12-25;05:00;0;1000,4;1000,9;1000,4;-9999;24,4;23,5;24,5;24,3;23,6;23,3;95;94;95;356;1,2;,4;
2012-12-25;06:00;0;1000,2;1000,5;1000,2;-9999;24,2;23,3;24,4;24,1;23,5;23,3;95;95;95;344;2;,7;
2012-12-25;07:00;,2;999,6;1000,2;999,6;-9999;23,9;23;24,2;23,9;23,3;22,9;95;94;95;12;2,3;,8;
2012-12-25;08:00;0;999,6;999,6;999,5;-9999;23,8;22,9;23,9;23,7;23,1;22,8;95;95;95;334;2,2;,6;
2012-12-25;09:00;,2;999,9;999,9;999,6;-9999;23,5;22,6;23,8;23,5;23;22,6;95;95;95;10;1,9;,6;
2012-12-25;10:00;1;1000;1000;999,8;-9999;23,5;22,8;23,6;23,5;22,9;22,7;96;95;96;296;1,5;,6;
2012-12-25;11:00;1,2;1000,9;1000,9;1000;14,6;23,5;22,8;23,6;23,4;22,9;22,7;96;96;96;16;1,8;,7;
2012-12-25;12:00;0;1001,9;1001,9;1000,9;269,9;24,3;23,4;24,3;23,4;23,4;22,7;96;93;95;45;1,7;,6;
2012-12-25;13:00;0;1002,5;1002,5;1001,9;680;25;23;25;24,1;23,5;22,8;95;89;89;273;2,5;,6;
2012-12-25;14:00;0;1002,5;1002,6;1002,5;1559,4;26,7;22,7;27,3;24,7;24;21,8;91;76;79;6;2,4;1,1;
2012-12-25;15:00;0;1002,1;1002,5;1002,1;1933,2;28;23,5;28,1;26,7;23,7;22,2;82;71;77;18;3,8;1,3;
2012-12-25;16:00;0;1001,3;1002,1;1001,3;2314,2;28,7;23,2;29,7;28;23,7;22,1;77;65;73;183;3,8;,8;
2012-12-25;17:00;0;999,9;1001,3;999,9;2695,8;29,6;23,9;30,6;28,7;24,7;22,9;76;65;72;309;3,9;,9;
2012-12-25;18:00;0;998,5;999,9;998,5;2260,9;30,9;23,5;31;29,6;24,5;22,6;72;62;65;271;3;1,2;
2012-12-25;19:00;0;996,9;998,5;996,9;2941,3;31,3;23;32;30,6;24,2;22,9;67;59;61;355;3,5;1,4;
2012-12-25;20:00;0;996;996,9;995,9;1641,9;32,1;22,4;32,1;30,3;24,3;22,4;70;56;57;107;3,5;,9;
2012-12-25;21:00;0;995,4;996;995,4;1426,7;31,5;22,9;32,5;31,5;23,8;21,4;63;53;60;87;3,6;1,1;
2012-12-25;22:00;,8;996,9;997;995,4;631,9;26,1;23,3;31,8;26,1;24;22,3;85;58;84;72;12;2,4;
2012-12-25;23:00;0;997,7;997,7;996,6;22,7;25,1;23,3;26,1;25;23,7;23;91;84;90;287;5,8;,6;
2012-12-26;00:00;0;998,5;998,5;997,7;-9999;24,6;23,3;25,1;24,5;23,5;22,9;93;90;93;348;3,3;,7;
2012-12-26;01:00;0;999,2;999,2;998,5;-9999;24,5;23,5;24,7;24,4;23,6;23,3;94;93;94;320;1,9;,6;
2012-12-26;02:00;0;1000,1;1000,1;999,2;-9999;24;23,1;24,5;24;23,4;23;95;94;95;110;1,6;,6;
2012-12-26;03:00;0;1000,8;1000,9;1000,1;-9999;23,9;23;24;23,9;23,2;23;95;95;95;324;1,4;,5;
2012-12-26;04:00;0;1000,4;1000,9;1000,4;-9999;23,9;23,1;24;23,8;23,1;22,9;95;95;95;215;2;,4;
2012-12-26;05:00;0;1000,3;1000,5;1000,3;-9999;23,7;23;23,9;23,6;23,1;22,8;96;95;96;52;1,8;,7;
2012-12-26;06:00;0;1000;1000,3;1000;-9999;23,6;22,9;23,7;23,4;23;22,7;96;95;96;360;1,6;,8;
2012-12-26;07:00;0;999,9;1000;999,8;-9999;23,4;22,6;23,6;23,3;22,9;22,6;96;95;96;341;1,6;,3;
2012-12-26;08:00;0;999,6;1000;999,6;-9999;23,4;22,6;23,5;23,3;22,8;22,6;96;96;96;1;1,4;,5;
2012-12-26;09:00;0;1000;1000;999,6;-9999;23,4;22,7;23,5;23,3;22,8;22,6;96;96;96;102;1;,3;
2012-12-26;10:00;0;1000,4;1000,4;999,9;-9999;23,5;22,8;23,5;23,2;22,8;22,5;96;96;96;312;,9;,3;
2012-12-26;11:00;0;1000,9;1000,9;1000,4;40,7;23,4;22,8;23,5;23,3;22,8;22,5;96;96;96;150;1,4;,8;
2012-12-26;12:00;0;1001,8;1001,8;1000,9;401,8;24,8;23,6;24,8;23,4;23,7;22,8;96;93;93;180;1,4;,7;
2012-12-26;13:00;0;1002,6;1002,6;1001,8;921,6;25,9;23,4;26;24,8;24,2;23,1;93;86;86;110;2,4;,9;
2012-12-26;14:00;0;1002,4;1002,7;1002,3;1608,9;28,1;23,3;28,2;25,9;24,8;23,1;90;75;75;108;4,1;1,2;
2012-12-26;15:00;0;1002,2;1002,4;1002,2;1729,2;28,8;23,8;28,8;27,8;24,4;22,9;80;72;75;91;4,1;1,2;
2012-12-26;16:00;0;1001,3;1002,2;1001,3;2410;29,4;23,5;30;28,6;24,4;22,9;76;66;71;41;3,5;1,2;
2012-12-26;17:00;0;1000,2;1001,3;1000,2;2598,1;30,6;23,6;31;29,2;24,3;21,9;74;62;66;153;4,6;1,6;
2012-12-26;18:00;0;998,7;1000,2;998,7;3228,5;31,5;23,5;31,5;30,4;24,1;22,5;68;59;63;181;5,1;2,1;
2012-12-26;19:00;0;996,7;998,7;996,7;2942,9;31,7;22;32,1;31,1;24,2;21,2;65;53;56;146;5,4;1,4;
2012-12-26;20:00;0;995,7;996,7;995,7;2175,1;31,2;21,8;32;31,2;23,4;21,7;62;56;57;189;4,5;2,1;
2012-12-26;21:00;0;996;996,1;995,6;1028,9;29,1;23,4;32,2;29,1;24,1;22,1;73;57;71;69;5;1,8;
2012-12-26;22:00;2;996,4;996,4;995,8;236,8;25,1;23,8;29,1;25;24,4;22,7;93;72;92;84;7,3;,5;
2012-12-26;23:00;0;997,7;997,7;996,4;36,2;25;23,6;25,2;24,9;24,1;23,4;94;91;92;65;2,6;,4;
2012-12-27;00:00;0;998,5;998,5;997,7;-9999;24,6;23,5;25;24,6;23,9;23,4;94;92;94;77;1,9;,5;
2012-12-27;01:00;0;999,4;999,4;998,5;-9999;24,6;23,5;24,8;24,5;23,8;23,5;95;93;94;36;1,2;,6;
2012-12-27;02:00;0;999,9;999,9;999,4;-9999;23,9;23,1;24,6;23,9;23,5;22,9;95;93;95;35;1,9;1;
2012-12-27;03:00;0;1000,4;1000,4;999,9;-9999;23,8;23;24;23,7;23,2;22,9;95;95;95;141;1,9;,5;
2012-12-27;04:00;0;1000,2;1000,6;1000,2;-9999;23,5;22,7;23,8;23,4;23;22,6;96;95;95;166;1;,2;
2012-12-27;05:00;0;1000;1000,4;1000;-9999;23,2;22,3;23,6;23,2;22,8;22,3;96;94;94;77;2,5;,5;
2012-12-27;06:00;0;999,6;1000;999,6;-9999;23,4;22,7;23,4;23;22,7;22,2;96;94;96;329;1,7;,7;
2012-12-27;07:00;0;999,5;999,6;999,5;-9999;23;22,3;23,4;22,9;22,7;22,1;96;95;96;357;1,4;,3;
2012-12-27;08:00;0;999,2;999,5;999,2;-9999;23;22,3;23,2;22,8;22,5;22;96;95;96;40;1,1;,6;
2012-12-27;09:00;0;999,2;999,2;998,9;-9999;22,8;22,1;23;22,8;22,3;22,1;96;96;96;106;1,9;,5;
2012-12-27;10:00;0;999,8;999,8;999,2;-9999;23;22,3;23,1;22,8;22,4;22;96;96;96;279;1;,2;
2012-12-27;11:00;0;1000,4;1000,4;999,8;33,8;23,1;22,3;23,2;22,7;22,4;22;96;95;95;313;2;,7;
2012-12-27;12:00;0;1001,2;1001,3;1000,4;260,8;24;22,9;24;23,1;23;22,2;95;94;94;323;1,4;,6;
2012-12-27;13:00;0;1002;1002;1001,2;1029,5;25,6;23,1;26;24;23,9;22,8;94;84;86;315;1,8;,9;
2012-12-27;14:00;0;1002,1;1002,1;1002;1605,6;27,2;23,3;27,2;25,5;23,7;22,6;86;79;79;217;3,3;1,3;
2012-12-27;15:00;0;1001,8;1002;1001,8;1868,3;28,5;23,5;28,6;27,2;23,9;22,8;79;72;74;328;2,9;1;
2012-12-27;16:00;0;1001,3;1001,8;1001,3;2273,9;29,3;23,4;29,9;28,3;24;22,3;76;67;70;258;3,1;1;
2012-12-27;17:00;0;1000,5;1001,3;1000,5;2263,1;30,1;23,5;30,4;29,1;24,1;22,6;72;64;68;197;2,9;1,4;
2012-12-27;18:00;0;999;1000,5;999;2162;30,7;22,2;31;29,8;24,1;21,9;70;60;61;311;2,8;,8;
2012-12-27;19:00;0;997,8;999;997,8;1559,4;30,7;24,4;31,9;30,3;24,5;22,5;70;60;69;66;2,3;,8;
2012-12-27;20:00;0;996,9;997,8;996,9;1492,2;31,2;22,5;31,5;30,5;25;21,8;72;59;60;357;2,3;,5;
2012-12-27;21:00;0;996,3;996,9;996,3;1356,9;31,1;23,1;31,7;30,8;24,7;21,4;69;56;62;61;3,5;,8;
2012-12-27;22:00;0;996,5;996,5;996,2;499,4;29,5;24,1;31,1;29,5;24,2;22,8;73;61;73;52;2,6;,8;
2012-12-27;23:00;0;997,4;997,4;996,5;27,2;27,2;25,2;29,5;27,2;25,2;24,1;89;73;89;81;1,6;,6;
2012-12-28;00:00;0;997,9;997,9;997,4;-9999;25,9;24,6;27,2;25,9;25,3;24,6;93;89;93;354;,9;,6;
2012-12-28;01:00;0;999;999;997,9;-9999;25,4;24,3;25,9;25,4;24,6;24,2;94;93;94;204;,9;,4;
2012-12-28;02:00;0;999,9;999,9;999;-9999;25;24;25,5;25;24,5;23,9;94;93;94;240;1,3;,4;
2012-12-28;03:00;0;1000;1000;999,8;-9999;24,6;23,7;25;24,6;24;23,7;95;94;95;312;,8;,4;
2012-12-28;04:00;0;1000;1000,1;1000;-9999;24,3;23,5;24,6;24,2;23,7;23,3;95;94;95;20;,8;,5;
2012-12-28;05:00;0;999,4;1000;999,4;-9999;23,8;23;24,3;23,8;23,5;22,9;95;94;95;46;1,5;,4;
2012-12-28;06:00;0;999;999,4;999;-9999;23,7;22,9;24,1;23,7;23,3;22,9;96;95;95;25;,9;,3;
2012-12-28;07:00;0;998,6;999,1;998,6;-9999;23,9;23,2;23,9;23,6;23,2;22,8;96;95;96;325;,8;,3;
2012-12-28;08:00;0;998,5;998,6;998,5;-9999;24,1;23,3;24,1;23,6;23,4;22,8;96;95;96;322;1,9;,7;
2012-12-28;09:00;0;998,7;998,7;998,5;-9999;23,7;22,9;24,1;23,7;23,4;22,9;96;95;95;114;1,5;,3;
2012-12-28;10:00;0;999,5;999,5;998,7;-9999;23,9;23,1;24,1;23,7;23,3;23;96;95;95;316;1,1;,5;
2012-12-28;11:00;0;1000,3;1000,3;999,5;29,1;23,8;23,1;24,2;23,8;23,5;23;96;95;95;2;1,8;,5;
2012-12-28;12:00;,2;1001;1001;1000,3;261,8;24,9;23,9;24,9;23,8;23,9;23,1;96;94;94;256;1,4;,5;
2012-12-28;13:00;,4;1001,8;1001,8;1001;498,1;25,8;24,2;25,8;24,9;24,3;23,8;94;91;91;240;1,6;,2;
2012-12-28;14:00;0;1002;1002;1001,8;1023,7;26,6;23,6;26,8;25,8;24,3;23,6;91;83;84;308;1,6;,7;
2012-12-28;15:00;0;1001,4;1002;1001,4;1052,7;27,5;24,7;27,8;26,6;25,4;23,7;90;81;85;148;2,3;,9;
2012-12-28;16:00;0;1000,9;1001,5;1000,7;2698,1;29,4;22,3;29,4;27,5;25,4;22,3;87;65;66;125;3,5;,7;
2012-12-28;17:00;0;999,7;1000,9;999,7;2083,9;27,8;23,8;29,9;27,8;24,2;22,7;79;66;79;355;6,1;2,4;
2012-12-28;18:00;1,4;998,9;999,7;998,9;1865,6;28,3;23,2;28,5;27;25;22,7;88;73;74;323;6,1;1,6;
2012-12-28;19:00;0;997,7;998,9;997,7;1618,2;29,5;24,8;30;28,3;25,4;22,8;77;67;76;277;2,9;,8;
2012-12-28;20:00;5,6;997;998,1;997;373;25,5;23,8;29,5;25,4;25,8;23,2;92;76;90;337;4,4;1,2;
2012-12-28;21:00;0;996,5;997;996,4;756,1;27;23,9;27,2;25,5;24,6;23,7;92;82;83;45;2,8;,7;
2012-12-28;22:00;0;996,6;996,7;996,5;272,2;26,8;25;27,4;26,8;25,3;23,9;90;83;90;317;1,4;,5;
2012-12-28;23:00;0;997,2;997,2;996,6;39,5;26,3;25,1;26,8;26,2;25,4;24,7;94;89;94;283;1,1;,3;
2012-12-29;00:00;0;998;998;997,2;-9999;25,5;24,3;26,3;25,5;25,2;24,3;94;93;93;324;1,6;,9;
2012-12-29;01:00;0;998,9;998,9;998;-9999;25,1;24,2;25,5;25;24,3;24;95;92;95;46;1,5;,3;
2012-12-29;02:00;0;999,2;999,3;998,8;-9999;24,6;23,8;25,1;24,5;24,2;23,7;95;95;95;108;,9;,4;
2012-12-29;03:00;0;999,7;999,7;999,2;-9999;24,5;23,8;24,8;24,3;24;23,6;96;95;96;337;1,7;,8;
2012-12-29;04:00;0;999,7;999,8;999,7;-9999;24,3;23,6;24,6;24,3;23,9;23,5;96;95;96;333;1,4;,3;
2012-12-29;05:00;0;999,4;999,7;999,3;-9999;24;23,3;24,3;24;23,6;23,2;96;95;96;280;1,2;,2;
2012-12-29;06:00;0;998,7;999,5;998,7;-9999;23,5;22,9;24;23,4;23,2;22,7;96;95;96;128;1;,3;
2012-12-29;07:00;0;998,6;998,7;998,5;-9999;23,8;23,2;23,8;23,3;23,2;22,6;96;96;96;235;1,3;,8;
2012-12-29;08:00;0;998,7;998,8;998,6;-9999;24,1;23,4;24,1;23,8;23,5;23,1;96;96;96;232;2;,8;
2012-12-29;09:00;0;999;999;998,7;-9999;24;23,2;24,1;23,8;23,4;23;96;95;96;237;3,4;,7;
2012-12-29;10:00;0;999,5;999,5;999;-9999;23,9;23,2;24;23,9;23,3;23,1;96;95;96;195;1,9;,5;
2012-12-29;11:00;0;1000,2;1000,2;999,5;23,3;23,8;23;23,9;23,7;23,2;22,9;96;95;95;165;1,8;,8;
2012-12-29;12:00;0;1001,3;1001,3;1000,2;428,5;24,5;23,1;24,5;23,7;23,4;22,9;95;91;92;218;1,8;,6;
2012-12-29;13:00;0;1001,8;1001,8;1001,3;801,2;25,5;23,4;25,5;24,5;23,7;23,1;93;87;88;15;1,8;,6;
2012-12-29;14:00;0;1001,7;1001,9;1001,7;1846,5;27,6;23,8;27,6;25,4;24,2;22,8;91;78;80;60;2,7;,9;
2012-12-29;15:00;0;1001,1;1001,7;1001,1;1926,9;28,4;23,6;29,1;27,5;24,3;22,3;81;69;75;60;2,8;,9;
2012-12-29;16:00;0;1000,4;1001,1;1000,4;1821,9;29,7;24,7;29,7;28,4;24,7;22,4;76;66;74;282;3,4;1,1;
2012-12-29;17:00;0;999,5;1000,5;999,5;2753,2;30,6;23,1;31,3;29,5;24,9;21,6;75;57;64;338;4,4;1,5;
2012-12-29;18:00;0;998,3;999,5;998,3;2191,9;31,4;22,6;32,2;30,4;23,8;20,7;67;51;60;171;3,8;1,3;
2012-12-29;19:00;0;997,2;998,3;997,2;2105,7;32;22;32,1;30,4;24,3;21,9;68;55;55;133;3,6;1,1;
2012-12-29;20:00;0;996,5;997,2;996,5;2200;31,5;24;33,2;31,5;24;20,4;65;48;64;345;3,9;1,6;
2012-12-29;21:00;0;996,3;996,5;996,2;1130,2;30,4;24,2;31,8;30,4;24,3;22,9;70;61;69;328;4,4;1;
2012-12-29;22:00;0;996,5;996,5;996,2;612,1;30,6;24,1;31,1;30,4;24,5;23,4;70;64;68;344;2,4;,4;
2012-12-29;23:00;0;997,3;997,3;996,5;26,7;27,8;24,6;30,6;27,8;25,4;23,9;83;68;83;333;1,6;,4;
2012-12-30;00:00;0;998,1;998,1;997,3;-9999;26,8;25,2;27,8;26,8;25,2;24;91;83;91;67;1,2;,6;
2012-12-30;01:00;0;999,5;999,5;998,1;-9999;26,1;24,8;26,8;26,1;25,1;24,8;93;91;92;111;1,4;,3;
2012-12-30;02:00;0;1000,2;1000,2;999,5;-9999;25,5;24,4;26,2;25,5;25;24,4;94;92;94;97;,9;,4;
2012-12-30;03:00;0;1000,7;1000,8;1000,2;-9999;25,4;23,6;25,6;25,2;24,5;23,6;94;90;90;344;4,3;1,6;
2012-12-30;04:00;0;1000,5;1000,9;1000,5;-9999;25;23,8;25,5;25;24;23,5;93;90;93;159;4,3;,6;
2012-12-30;05:00;0;1000,4;1000,5;1000,3;-9999;24,7;23,7;25,1;24,7;24;23,7;94;93;94;145;1,2;,5;
2012-12-30;06:00;0;999,8;1000,4;999,7;-9999;24,6;23,6;24,7;24,5;23,7;23,5;95;94;94;312;1,5;,6;
2012-12-30;07:00;0;999,4;999,8;999,3;-9999;24,1;23,3;24,6;24,1;23,7;23,2;95;93;95;68;1,7;,7;
2012-12-30;08:00;0;999,8;999,8;999,4;-9999;24,4;23,6;24,4;24,1;23,6;23,2;95;95;95;311;1,3;,6;
2012-12-30;09:00;0;999,9;1000;999,7;-9999;24,3;23,5;24,4;24;23,6;23,1;96;94;95;185;2,7;1;
2012-12-30;10:00;0;1000,6;1000,6;999,9;-9999;24,1;23,1;24,4;24,1;23,5;23;95;94;94;219;2,9;,8;
2012-12-30;11:00;0;1001,5;1001,5;1000,6;23,7;24,2;23;24,2;24;23,1;22,6;94;92;93;221;2,5;1;
2012-12-30;12:00;0;1002,5;1002,5;1001,5;204,9;24,4;22,9;24,6;24,2;23,4;22,9;93;91;91;217;2,9;1,4;
2012-12-30;13:00;0;1003,1;1003,1;1002,5;691,5;25,5;23,1;25,6;24,4;23,3;22,7;92;87;87;236;3,5;1,2;
2012-12-30;14:00;0;1002,7;1003,1;1002,7;1686,6;27;23,2;27,7;25,5;24,1;22,9;88;77;80;208;4,2;1,8;
2012-12-30;15:00;0;1002,6;1002,8;1002,6;2289,3;29,2;23,5;29,2;27;24,2;22,4;81;70;71;240;3,7;1;
2012-12-30;16:00;0;1001,7;1002,6;1001,7;2882,8;30,3;23,3;30,5;28,9;24,4;22,8;75;64;67;179;3,5;,9;
2012-12-30;17:00;0;1000,6;1001,7;1000,6;2680,3;31,3;24,5;31,3;30,1;25;22,9;72;62;67;124;3,5;1,2;
2012-12-30;18:00;0;999,1;1000,6;999,1;2571,4;30,9;23,5;31,4;29,8;24,9;22,9;75;61;65;324;3,9;1,5;
2012-12-30;19:00;0;997,8;999,1;997,8;1987,4;30,4;24,2;31,7;30,1;24,4;22,8;71;61;70;222;3,5;1,7;
2012-12-30;20:00;0;997,2;997,8;997,1;2339,2;32,5;23,4;32,5;30,4;24,5;22,9;70;58;59;240;3;1,3;
2012-12-30;21:00;0;997;997,2;996,9;1186,6;31,3;23,9;32,6;31,2;24;22,7;65;57;65;291;3,6;,6;
2012-12-30;22:00;0;997,7;997,7;997;220,1;27,8;23;31,3;27,8;25,7;22,8;81;62;75;121;3,6;1;
2012-12-30;23:00;0;998,6;998,6;997,7;30;26,1;23,7;27,8;26,1;23,9;23,2;87;75;87;49;3,2;1,2;
2012-12-31;00:00;0;999,5;999,5;998,6;-9999;26,1;23,7;26,3;25,9;24,2;23,1;90;84;87;253;2,8;,7;
2012-12-31;01:00;0;1001;1001;999,5;-9999;25,5;23,9;26,2;25,5;24,3;23,5;92;86;91;40;3,4;1,9;
2012-12-31;02:00;3,8;1001,7;1001,7;1001;-9999;25,5;24,5;25,6;25,1;24,5;23,7;95;91;94;235;4;,9;
2012-12-31;03:00;31;1002,3;1003,2;1001,7;1,2;22,5;21,9;25,5;22,5;24,5;21,7;96;93;96;51;9,9;2;
2012-12-31;04:00;1,8;1002,1;1002,6;1002,1;-9999;22,8;22,1;22,9;22,5;22,3;21,9;96;96;96;245;3,5;,5;
2012-12-31;05:00;0;1001,8;1002,1;1001,7;-9999;22,9;22,2;23;22,8;22,3;22,1;96;96;96;304;2;,6;
2012-12-31;06:00;0;1001;1001,8;1001;-9999;23;22,4;23,1;22,8;22,5;22,1;96;96;96;214;2;,9;
2012-12-31;07:00;0;1000,8;1001;1000,8;-9999;22,8;22,2;23,1;22,8;22,5;22,2;96;96;96;30;2;,5;
2012-12-31;08:00;0;1000,9;1001;1000,8;-9999;22,9;22,3;22,9;22,8;22,3;22,2;96;96;96;11;1,1;,4;
2012-12-31;09:00;0;1001,4;1001,4;1000,9;-9999;22,8;22,2;23;22,7;22,4;22,1;96;96;96;12;1,4;,9;
2012-12-31;10:00;0;1001,8;1001,8;1001,4;-9999;22,9;22,3;22,9;22,8;22,3;22,2;96;96;96;359;1,5;,6;
2012-12-31;11:00;0;1002,1;1002,2;1001,8;66,9;23,5;22,9;23,5;22,9;22,9;22,3;96;96;96;215;1,5;,5;
2012-12-31;12:00;0;1003;1003;1002;516,4;24;23,1;24,3;23,5;23,5;22,9;96;94;94;324;2,4;,7;
2012-12-31;13:00;0;1003,5;1003,5;1003;795,1;24,8;23,1;25,1;24;23,7;23;95;90;90;198;1,7;,9;
2012-12-31;14:00;0;1003,4;1003,7;1003,4;1091,3;25,9;23,2;25,9;24,8;23,7;22,6;91;84;85;130;1,8;,8;
2012-12-31;15:00;0;1002,7;1003,4;1002,7;2196,9;27,3;22,4;27,5;25,9;23,3;22,1;85;73;75;145;3,4;,5;
2012-12-31;16:00;0;1002,1;1002,7;1002,1;2196,4;28,4;22,9;28,6;27,3;23,3;22,3;77;70;72;227;2,9;,9;
2012-12-31;17:00;0;1001,5;1002,1;1001,5;3276,2;29,7;22,4;30;28,4;25,6;22;79;65;65;187;3,8;1,5;
2012-12-31;18:00;0;1000,2;1001,5;1000,2;3181,3;31;22,8;31;29,6;24,1;22,2;70;60;62;165;4,8;1,8;
2012-12-31;19:00;0;998,5;1000,2;998,5;2743,2;32;24,2;32,1;30,7;24,2;21,5;64;56;64;188;3,9;1;
2012-12-31;20:00;0;997,2;998,5;997,2;1670,5;31,7;21,9;32,1;30,9;24,3;21,6;68;54;56;209;2,7;1,4;
2012-12-31;21:00;0;997;997,2;996,9;1489,6;31,9;22,8;32,6;31,6;23,2;21,4;61;55;59;188;3,1;1,2;
2012-12-31;22:00;0;997,2;997,3;996,9;618,9;30,7;23,3;32,4;30,7;23,9;22,1;65;55;65;153;2,3;,9;
2012-12-31;23:00;0;997,9;997,9;997,1;21,5;28;24,7;30,7;28;25,4;23,4;85;65;82;331;1,5;,5;
