REGIÃO:;CO
UF:;MT
ESTAÇÃO:;ITIQUIRA
CODIGO (WMO):;A933
LATITUDE:;-17,29722221
LONGITUDE:;-54,83722221
ALTITUDE:;585
DATA DE FUNDAÇÃO (YYYY-MM-DD):;2008-08-14
DATA (YYYY-MM-DD);HORA (UTC);PRECIPITAÇÃO TOTAL, HORÁRIO (mm);PRESSAO ATMOSFERICA AO NIVEL DA ESTACAO, HORARIA (mB);PRESSÃO ATMOSFERICA MAX.NA HORA ANT. (AUT) (mB);PRESSÃO ATMOSFERICA MIN. NA HORA ANT. (AUT) (mB);RADIACAO GLOBAL (KJ/m²);TEMPERATURA DO AR - BULBO SECO, HORARIA (°C);TEMPERATURA DO PONTO DE ORVALHO (°C);TEMPERATURA MÁXIMA NA HORA ANT. (AUT) (°C);TEMPERATURA MÍNIMA NA HORA ANT. (AUT) (°C);TEMPERATURA ORVALHO MAX. NA HORA ANT. (AUT) (°C);TEMPERATURA ORVALHO MIN. NA HORA ANT. (AUT) (°C);UMIDADE REL. MAX. NA HORA ANT. (AUT) (%);UMIDADE REL. MIN. NA HORA ANT. (AUT) (%);UMIDADE RELATIVA DO AR, HORARIA (%);VENTO, DIREÇÃO HORARIA (gr) (° (gr));VENTO, RAJADA MAXIMA (m/s);VENTO, VELOCIDADE HORARIA (m/s);
2011-01-01;00:00;0;940,4;940,5;940,2;-9999;20,8;19,3;20,9;20,3;19,5;19;93;90;91;345;4,5;1,2;
2011-01-01;01:00;0;941,2;941,2;940,4;0;20,5;19,5;21,3;20,5;20,1;19,1;94;90;94;217;2,6;1,2;
2011-01-01;02:00;0;941,8;941,8;941,2;,1;20,5;19,5;20,7;20,4;19,6;19,3;94;93;94;194;3;0;
2011-01-01;03:00;0;941,4;941,8;941,4;-9999;20,9;20,1;21;20,5;20,2;19,5;96;94;95;258;3,6;2;
2011-01-01;04:00;0;940,9;941,4;940,9;-9999;21;20,1;21,1;20,8;20,2;20,1;96;94;95;195;3,6;,1;
2011-01-01;05:00;0;940,3;941;940,3;-9999;20,8;20;21,2;20,8;20,2;19,9;95;94;95;71;2,9;,3;
2011-01-01;06:00;0;939,7;940,4;939,7;-9999;21;19,9;21,3;20,8;20,3;19,8;95;92;94;115;3,9;1,2;
2011-01-01;07:00;0;939,3;939,7;939,3;-9999;20,9;19,9;21,1;20,7;20,1;19,8;95;93;94;141;3,5;2,1;
2011-01-01;08:00;0;939;939,3;939;-9999;21,3;20;21,4;20,9;20,1;19,9;94;91;93;143;3,6;1,1;
2011-01-01;09:00;0;939,6;939,6;939;-9999;20,6;19,7;21,5;20,6;20,1;19,7;95;91;95;50;2,6;1,9;
2011-01-01;10:00;0;940,2;940,2;939,6;78,5;21,1;20,2;21,1;20,4;20,2;19,6;96;95;95;50;2,6;1,1;
2011-01-01;11:00;0;940,6;940,6;940,2;399,2;22,4;21;22,4;21,1;21;20,2;95;91;92;58;1,5;,1;
2011-01-01;12:00;0;941;941;940,5;821;23,8;21;23,8;22,4;21,5;20,7;92;84;85;90;3,8;2,3;
2011-01-01;13:00;0;941,3;941,3;941;1081,3;24,3;21,2;24,3;23,6;21,7;20,7;88;83;83;103;3,7;1,8;
2011-01-01;14:00;0;941,3;941,4;941,2;1123,1;24,9;21,8;25;24,3;22,1;21,2;85;81;83;80;3,1;1,2;
2011-01-01;15:00;0;941;941,4;941;1185,5;25,5;21,7;25,5;24,8;22,1;21,4;84;78;79;5;2,5;,8;
2011-01-01;16:00;0;940,3;941;940,3;1072;26;22,2;26;25,2;22,2;21,1;83;75;80;307;2,6;,2;
2011-01-01;17:00;0;939,1;940,3;939,1;2539,3;26,9;21,5;27,3;26;22,5;21,1;80;71;72;159;2,8;,8;
2011-01-01;18:00;0;938,3;939,1;938,2;2005,9;27,7;20,9;28,2;26,9;22,2;20,5;73;65;67;324;2,3;0;
2011-01-01;19:00;,2;938,1;938,5;937,6;594,4;22,5;20,9;27,9;22,5;21,7;20,1;92;66;91;226;7,2;2,5;
2011-01-01;20:00;0;937,6;938,3;937,2;258;22,6;20,6;22,6;22,1;21;20,2;91;88;88;236;5,3;,4;
2011-01-01;21:00;0;937,4;937,6;937,1;276,1;22,6;21,1;22,6;22,4;21,1;20,4;91;88;91;205;3,4;,3;
2011-01-01;22:00;0;938,5;938,5;937,4;100,5;22,9;20,5;23;22,6;21,1;20,5;91;86;86;273;1,7;,6;
2011-01-01;23:00;0;939;939;938,5;2;22,5;20,8;23,1;22,4;20,8;19,8;91;82;90;32;2,6;,3;
2011-01-02;00:00;0;939,7;939,7;939;-9999;22,3;21;22,5;22,1;21,1;20,8;94;90;93;17;6,3;1,4;
2011-01-02;01:00;0;940,5;940,6;939,7;-9999;22,1;21,1;22,3;22;21,1;20,8;94;92;94;310;3,3;2;
2011-01-02;02:00;0;940,5;940,6;940,5;-9999;21,8;21,1;22,1;21,8;21,1;21;96;94;96;345;3,3;1,9;
2011-01-02;03:00;0;940,8;940,9;940,5;-9999;21,9;21,3;21,9;21,8;21,3;21,1;96;96;96;27;3;,2;
2011-01-02;04:00;0;940,1;940,8;940;-9999;21,5;21;22;21,5;21,3;21;96;96;96;356;2,7;,2;
2011-01-02;05:00;0;939,8;940,1;939,8;-9999;21,7;21,2;21,7;21,5;21,2;21;97;96;97;62;1,4;,3;
2011-01-02;06:00;0;939,1;939,8;939,1;-9999;21,8;21,2;21,9;21,7;21,3;21,2;97;96;96;27;2,2;,5;
2011-01-02;07:00;0;938,7;939,1;938,7;-9999;21,8;21,1;21,8;21,8;21,2;21,1;96;96;96;22;2;,1;
2011-01-02;08:00;0;938,6;938,7;938,5;-9999;21,3;20,8;21,8;21,3;21,2;20,8;97;96;97;323;2,6;1,4;
2011-01-02;09:00;0;938,9;938,9;938,6;-9999;21,1;20,4;21,3;21,1;20,8;20,4;97;96;96;321;3,2;1,9;
2011-01-02;10:00;0;939,6;939,6;938,9;44,7;21,1;20,4;21,3;21,1;20,7;20,4;97;96;96;322;4,1;2,1;
2011-01-02;11:00;0;940,4;940,4;939,7;166,3;21,4;20,7;21,4;21,1;20,7;20,4;96;95;96;317;4,7;2,1;
2011-01-02;12:00;0;940,3;940,4;940,3;756,4;22,5;21,2;22,7;21,4;21,6;20,7;96;93;93;277;5,6;3,5;
2011-01-02;13:00;0;940,9;940,9;940,3;1053,9;24,2;21,6;24,2;22,4;21,8;21;93;85;86;244;5,8;1,2;
2011-01-02;14:00;0;940,6;940,9;940,6;2888,2;25,9;21,9;26,1;24,2;22,2;20,9;86;76;78;257;5,6;3,2;
2011-01-02;15:00;0;940,2;940,6;940,2;2357,7;26;20,6;26,4;25,2;22,3;20,6;82;72;72;261;5,9;2;
2011-01-02;16:00;0;939,5;940,2;939,5;2476,9;26,5;21,9;27,5;25,9;22,8;20,4;78;70;76;273;6;3,2;
2011-01-02;17:00;0;938,4;939,5;938,4;3563,7;28,3;22,4;28,7;26,6;23,1;21,4;76;66;70;267;7,9;4,2;
2011-01-02;18:00;0;937,2;938,4;937,2;3383,8;28,7;23;28,9;27,5;23;21,4;72;65;71;276;8,6;5,7;
2011-01-02;19:00;0;936,4;937,2;936,4;3069,3;28,9;21,2;29,4;28,4;22,8;20,8;71;61;63;265;9,1;5,6;
2011-01-02;20:00;0;935,9;936,4;935,9;2194,1;28,8;21,3;29,4;28,2;22,1;20,1;67;58;64;275;9;5,3;
2011-01-02;21:00;0;935,6;935,9;935,6;1326;28,2;20,8;29,3;28,2;21,8;20,2;67;59;64;256;8,5;5,6;
2011-01-02;22:00;0;936,2;936,2;935,6;437,6;26,6;21,9;28,2;26,6;21,9;20,8;75;64;75;268;7,9;2,5;
2011-01-02;23:00;0;937,4;937,4;936,2;9,7;25,4;21,8;26,6;25,2;22;21,8;82;75;80;270;3,4;1,8;
2011-01-03;00:00;0;938;938;937,4;-9999;23,5;21,4;25,5;23,5;22,1;21,4;88;80;88;311;3,3;1,8;
2011-01-03;01:00;0;938,3;938,3;938;-9999;23,7;21,3;23,9;23,3;21,6;21,3;89;86;87;312;3,7;2,9;
2011-01-03;02:00;0;938,7;938,8;938,3;-9999;22,7;21,1;24,6;22,7;21,7;20,6;91;82;91;102;3,7;,9;
2011-01-03;03:00;0;938,7;938,9;938,6;-9999;23,4;21,1;23,5;22,2;21,4;20,9;93;86;87;312;6,1;4,4;
2011-01-03;04:00;0;937,9;938,7;937,9;-9999;22,1;20,9;23,4;22,1;21,1;20,8;93;87;93;327;6,1;2,7;
2011-01-03;05:00;0;937,7;938,1;937,7;-9999;22,7;21,1;22,7;22,1;21,2;20,9;93;90;91;68;4,4;,1;
2011-01-03;06:00;2,6;937,6;938,3;937,6;1,2;20,1;19,6;23,1;19,2;21,3;17,8;97;88;97;162;8,7;1,8;
2011-01-03;07:00;,4;937,4;937,8;937,4;-9999;20,4;19,8;20,5;20,1;20;19,5;97;96;96;48;4,4;1,4;
2011-01-03;08:00;0;937,5;937,5;937,2;-9999;21,2;20,5;21,2;20,4;20,5;19,8;97;96;96;310;4,2;2,8;
2011-01-03;09:00;0;938,2;938,2;937,5;-9999;21,9;21;22;21,2;21,1;20,5;96;95;95;306;5,4;3,6;
2011-01-03;10:00;0;938,8;938,9;938,1;115;21,9;21,2;21,9;21,6;21,2;20,9;96;95;96;287;4,8;1,3;
2011-01-03;11:00;0;939,7;939,7;938,8;666,7;23,2;22,1;23,2;21,9;22,2;21,2;96;93;93;292;5,3;4,3;
2011-01-03;12:00;0;940,1;940,1;939,7;1003,3;24,2;22,5;24,3;23,1;22,8;22;94;90;90;299;6,6;5;
2011-01-03;13:00;0;940,5;940,5;940,1;1471,5;25;22,6;25,2;23,8;23,2;22,1;92;86;87;287;8,1;4,9;
2011-01-03;14:00;0;940,5;940,6;940,5;1892;25,9;22,6;26,6;24,5;23,5;22;89;80;82;283;8,9;5,8;
2011-01-03;15:00;0;940,3;940,5;940,2;3370,4;28,3;23,2;28,3;25,5;23,4;21,8;84;70;74;275;8,3;4,9;
2011-01-03;16:00;0;940;940,3;939,9;3217,5;28,9;21,7;29,1;26,5;23,7;21,6;80;64;65;262;8;4,9;
2011-01-03;17:00;0;939,2;940;939,2;3872;28,9;21,6;29,7;28,4;23,5;21,5;72;64;65;280;8,4;4,6;
2011-01-03;18:00;0;938,1;939,2;938,1;3530,1;29,3;22,3;30,4;28,4;23,7;20,7;70;58;66;299;9;3,9;
2011-01-03;19:00;0;937;938,1;937;2601,9;29,6;21,8;30;28,2;22,8;20,9;72;59;63;316;7,1;3,3;
2011-01-03;20:00;0;937;937,3;937;1984,7;29,5;21,2;30,2;28,4;22,8;20,7;69;58;61;324;6,8;3,1;
2011-01-03;21:00;0;937,2;937,2;936,8;1369;29,1;22,5;29,6;28,8;23;20,9;71;60;68;317;5;2,9;
2011-01-03;22:00;0;938,1;938,1;937,1;234,4;25,5;21,8;29,1;25,5;22,7;21,5;80;66;80;202;4,6;,7;
2011-01-03;23:00;0;938,5;938,5;938,1;1,5;24,6;20,7;25,5;24,6;22;20,5;82;76;79;220;2,6;1,1;
2011-01-04;00:00;0;939,2;939,2;938,5;-9999;23,4;20,8;24,7;23,4;21;20,3;85;77;85;85;5,2;2,1;
2011-01-04;01:00;0;940,4;940,4;939,2;-9999;23;21,4;23,8;23;21,6;20,6;91;83;91;342;5,7;2,7;
2011-01-04;02:00;0;941,2;941,2;940,4;-9999;22,2;20,4;23;22;21,4;20,4;92;89;90;317;6,9;2,3;
2011-01-04;03:00;0;941,2;941,2;940,9;-9999;21,6;20,2;22,2;21,6;20,3;19,8;92;88;92;8;3,8;2,6;
2011-01-04;04:00;0;941,3;941,4;941,1;-9999;21,5;20,3;22;21,5;20,6;20,2;94;91;93;231;4,9;1,1;
2011-01-04;05:00;0;940,7;941,3;940,7;-9999;21,3;19,8;21,5;21,2;20,3;19,8;93;91;91;254;3,5;1,6;
2011-01-04;06:00;0;940,1;940,7;940;-9999;20,9;20;21,3;20,9;20;19,7;94;91;94;37;2,8;1,1;
2011-01-04;07:00;0;939,9;940,1;939,5;-9999;20,7;19,9;20,9;20,7;20;19,9;95;94;95;32;3,2;1,5;
2011-01-04;08:00;0;940,4;940,4;939,9;-9999;20,8;19,9;20,8;20,6;20;19,8;96;95;95;124;2,2;,8;
2011-01-04;09:00;0;940,7;940,7;940,4;-9999;21,2;19,4;21,3;20,5;19,9;19,3;95;89;89;123;2,7;1,1;
2011-01-04;10:00;0;941,5;941,5;940,7;72,5;20,8;19,4;21,4;20,5;19,7;19,2;93;89;92;153;2,8;,4;
2011-01-04;11:00;0;941,9;941,9;941,5;707,8;23,6;20,7;23,6;20,7;20,9;19,4;92;83;84;47;2,5;1,8;
2011-01-04;12:00;0;942,5;942,5;941,9;1589,6;24,8;20,4;25,1;23,5;21,3;20,1;84;75;76;8;3,5;2,1;
2011-01-04;13:00;0;942,8;942,8;942,5;2453,7;25,3;19,9;26,6;24,8;21,4;19,5;78;68;72;324;3,8;1,9;
2011-01-04;14:00;0;943;943;942,8;1493;25,5;21,2;26;25,3;21,2;19,6;77;69;77;319;4,1;1,9;
2011-01-04;15:00;0;942,6;943;942,6;1644,1;26,1;22,1;26,1;25,3;22,2;20,7;80;74;78;313;5,3;2,9;
2011-01-04;16:00;0;942;942,6;942;2172,7;27,3;21,5;28,1;25,8;22,9;21,1;80;69;71;278;6,5;4,1;
2011-01-04;17:00;0;941,2;942;941,2;2567,5;28,3;22,2;28,3;27,1;22,3;20,9;72;68;69;282;7,2;4,6;
2011-01-04;18:00;0;940,2;941,2;940,2;3302,4;28,9;22,4;29,2;27,5;22,6;20,9;71;64;68;275;7,2;4,2;
2011-01-04;19:00;0;939,8;940,2;939,8;2653,2;28,8;21,1;29,6;27,6;22,4;20,8;70;60;63;267;8,2;4;
2011-01-04;20:00;0;939,4;939,9;939,4;2335,8;28,7;20,8;29,4;28,4;22;20,8;65;61;62;261;7,1;3,8;
2011-01-04;21:00;0;939,7;939,7;939;1213;27,8;21,5;29;27,8;21,9;20,6;69;62;68;259;6,8;2,1;
2011-01-04;22:00;0;940,5;940,5;939,7;213,1;26,2;22,1;27,8;26,2;22,2;21;78;68;78;257;4,3;2,4;
2011-01-04;23:00;0;940,9;940,9;940,4;14,1;22,8;20,5;26,2;22,7;22,3;20,1;88;77;87;32;8,7;3,9;
2011-01-05;00:00;0;941,4;941,5;940,7;-9999;22,4;20,6;22,8;22,2;20,7;20,4;90;87;89;100;6,2;3,6;
2011-01-05;01:00;0;942,4;942,4;941,4;-9999;22;20,1;22,4;22;20,5;20,1;90;88;89;74;5,8;,5;
2011-01-05;02:00;0;942,7;942,9;942,4;-9999;20,8;19,8;22;20,8;20,2;19,8;95;89;94;50;4,2;2,6;
2011-01-05;03:00;0;943,2;943,2;942,7;-9999;21,4;19,6;21,4;20,8;19,8;19,4;94;90;90;80;4,2;2,1;
2011-01-05;04:00;0;942,6;943,2;942,6;-9999;21,7;19,7;22,1;21,2;19,8;19,3;90;84;88;101;3,4;2;
2011-01-05;05:00;0;942,1;942,6;942,1;-9999;21,9;19,7;22,2;21,6;19,8;19,6;89;85;88;76;5,1;3,4;
2011-01-05;06:00;0;941,9;942,2;941,8;-9999;21,3;20;22,2;21,3;20,2;19,7;92;88;92;134;5,1;1,6;
2011-01-05;07:00;0;941,4;941,9;941,3;-9999;21,7;20,3;21,7;20,7;20,3;19,7;95;92;92;83;4,5;3,1;
2011-01-05;08:00;0;941,8;941,8;941,3;-9999;21,5;20,1;21,7;21,4;20,3;20;92;91;91;70;5,3;3,9;
2011-01-05;09:00;0;942,3;942,3;941,8;-9999;21;19,8;21,5;21;20;19,8;93;91;93;53;5,5;3,7;
2011-01-05;10:00;0;942,9;942,9;942,3;149,6;21,9;20,5;21,9;20,9;20,5;19,8;93;91;91;54;5,6;3,8;
2011-01-05;11:00;0;943,7;943,7;942,9;858,5;23,6;21,2;23,6;21,9;21,3;20,5;91;87;87;47;6,6;4,4;
2011-01-05;12:00;0;944,3;944,3;943,7;1661,1;25,1;21,9;25,1;23,6;21,9;21,1;87;81;82;44;8;5,4;
2011-01-05;13:00;0;944,6;944,6;944,3;2518,4;26;22,1;26,2;24,8;22,6;21,5;83;78;79;35;8;5,3;
2011-01-05;14:00;0;944,8;944,8;944,5;3024,3;27,1;21,8;27,5;25,5;23;21,6;82;73;73;25;8,5;5,3;
2011-01-05;15:00;0;944,5;944,8;944,5;3623,7;28,3;22;28,6;26,6;23,4;21,4;77;66;69;20;8,8;5;
2011-01-05;16:00;0;943,7;944,6;943,7;3941,4;29,3;22;29,5;28,3;23,2;21,4;70;63;65;17;8,7;4,8;
2011-01-05;17:00;0;942,7;943,7;942,7;3885,2;30,4;21,6;30,5;29;23;21;66;59;59;17;8,6;3,9;
2011-01-05;18:00;0;941,4;942,7;941,4;3106,9;29,6;21,5;30,8;29,3;22,8;20,9;65;58;62;355;6,6;3,1;
2011-01-05;19:00;0;941,4;941,4;941;2300,9;29,7;22;31;29,3;22,4;20,6;66;57;63;353;8,7;2,7;
2011-01-05;20:00;,2;940,5;941,7;940,4;1305,4;27,9;21,3;29,7;22;22,1;19,5;92;63;68;321;13,1;2,1;
2011-01-05;21:00;0;941,3;941,3;940,4;1411,9;27,5;21,9;27,9;26,8;22,9;21,2;77;67;72;360;4,5;1,5;
2011-01-05;22:00;0;942,1;942,1;941,3;468,3;25,2;21,7;28;25,2;22,9;21,5;82;71;81;139;5,6;3,8;
2011-01-05;23:00;0;943,1;943,1;942,1;5,9;24,9;21;25,2;24,6;21,8;20,8;84;77;79;142;5,6;2,2;
2011-01-06;00:00;0;943,9;943,9;943,1;-9999;23,4;21;24,9;23,4;21,4;20,7;87;79;86;97;5;1,7;
2011-01-06;01:00;0;943,9;944,1;943,8;-9999;23,4;20,7;24,5;23,2;21,2;20,6;87;80;85;87;3,5;2,7;
2011-01-06;02:00;0;945,2;945,2;943,9;-9999;23,2;20,3;24,1;23,2;20,9;20,2;86;79;83;104;3,9;2,2;
2011-01-06;03:00;0;945,2;945,6;945;-9999;22,2;20,9;23,2;22,2;21,1;20,3;92;83;92;41;3,9;1,4;
2011-01-06;04:00;0;945,5;945,6;945,2;-9999;22,4;21,1;22,6;22,2;21,5;21;94;92;92;38;5;2,8;
2011-01-06;05:00;3;944,4;945,5;944,4;,8;21,4;20,6;22,4;21,1;21;20,1;97;91;95;35;9,2;5;
2011-01-06;06:00;0;944,7;944,7;944,1;-9999;21;20,1;21,5;21;20,6;20,1;96;94;95;68;8,3;3,7;
2011-01-06;07:00;0;944,6;945,3;944,5;-9999;21,1;19,8;21,2;20,9;20,3;19,8;95;92;93;138;6,1;2,2;
2011-01-06;08:00;0;944,4;944,5;944,1;-9999;20,6;19,9;21,1;20,6;20;19,8;96;93;96;48;4,1;3;
2011-01-06;09:00;0;944,1;944,4;944,1;-9999;20,7;20;20,8;20,6;20,1;19,9;96;95;96;49;5,1;3,5;
2011-01-06;10:00;0;944,3;944,4;944,1;63,2;20,9;20;20,9;20,7;20,1;20;96;95;95;45;6,6;4,3;
2011-01-06;11:00;0;943,8;944,4;943,8;383,4;21,8;20,4;21,8;20,9;20,5;19,9;95;91;91;59;6;3,2;
2011-01-06;12:00;0;944,4;944,4;943,8;959,7;22,6;20,7;22,7;21,8;21,2;20,2;91;88;89;34;7,9;4,6;
2011-01-06;13:00;0;944,9;944,9;944,4;946,9;23,2;21;23,3;22,2;21,3;20,4;92;87;87;33;8,8;4,3;
2011-01-06;14:00;0;945,2;945,2;944,9;1783,6;25,1;21,6;25,2;23,2;22;20,9;88;81;81;28;8,3;4,5;
2011-01-06;15:00;0;945,1;945,3;945,1;2905,9;26,7;21,9;26,9;24,9;22,6;21,3;84;73;75;60;6,5;3,2;
2011-01-06;16:00;0;944,8;945,1;944,8;3481,9;27,9;22,4;28,4;26,6;22,6;21,3;77;67;72;59;6,3;4,1;
2011-01-06;17:00;0;943,8;944,8;943,8;3026,4;28;22,3;28,3;27,6;22,6;21,2;73;67;71;19;6,1;3;
2011-01-06;18:00;0;942,1;943,8;942,1;3081,7;28,7;22;28,9;27,6;22,6;21,1;72;64;67;47;7,2;2,9;
2011-01-06;19:00;0;941,8;942,1;941,4;2622,4;24,9;21,1;29,4;24,9;22,6;20,6;79;61;79;21;14,6;6,6;
2011-01-06;20:00;0;942,2;942,2;941,6;587,2;23,4;21,5;25;22,1;22;20,5;92;79;89;20;14,6;2,6;
2011-01-06;21:00;0;941,7;942,2;941,7;402,9;23,7;21,4;23,8;23,3;21,9;21,2;91;87;87;274;3,7;,8;
2011-01-06;22:00;0;942,5;942,5;941,6;158,4;23,3;22;24,1;23,3;22,3;20,9;92;83;92;19;4,7;2,2;
2011-01-06;23:00;0;943,4;943,4;942,5;2,8;22,2;21,4;23,3;22,2;22,1;21,4;95;92;95;38;6,1;3,1;
2011-01-07;00:00;0;944,2;944,2;943,4;-9999;22,1;21,2;22,2;22;21,4;21,1;95;94;95;44;5,2;3,6;
2011-01-07;01:00;0;945,4;945,4;944,2;,2;22;20,8;22,6;22;21,3;20,8;95;91;93;36;12,1;6,9;
2011-01-07;02:00;0;945,7;945,8;945,4;,1;21,2;20,5;22;21,2;20,8;20,4;96;93;95;23;11,4;4,3;
2011-01-07;03:00;,2;945,2;945,8;945,2;-9999;21;20,4;21,2;21;20,5;20,4;97;95;97;41;6,1;1,7;
2011-01-07;04:00;0;944,6;945,2;944,6;-9999;21;20,4;21;20,9;20,5;20,4;97;97;97;33;2,9;2,2;
2011-01-07;05:00;0;944,2;944,6;944,2;-9999;21;20,4;21;20,9;20,5;20,4;97;96;96;52;3,7;2,8;
2011-01-07;06:00;0;943,4;944,2;943,4;-9999;21,1;20,4;21,1;20,9;20,5;20,3;97;96;96;74;4,7;3,1;
2011-01-07;07:00;0;943,5;943,5;943,4;-9999;21,2;20,3;21,3;21,1;20,4;20,2;96;94;94;63;4,4;2,2;
2011-01-07;08:00;0;943,8;943,9;943,4;-9999;21,2;20,1;21,3;21,2;20,3;20,1;94;93;93;60;3,9;2,7;
2011-01-07;09:00;0;944,6;944,6;943,9;-9999;21;19,8;21,2;20,9;20,1;19,8;94;93;93;60;4,6;2,2;
2011-01-07;10:00;0;945,1;945,1;944,6;74,2;21,2;19,9;21,2;20,9;19,9;19,6;93;91;92;49;4,6;2,7;
2011-01-07;11:00;0;945,9;946;945,1;359,2;22,1;20,2;22,1;21,2;20,3;19,9;92;89;89;45;4,8;3,2;
2011-01-07;12:00;0;946,3;946,3;945,9;892,3;23,6;20,8;23,6;22,1;20,8;20;89;84;84;42;6,6;4,7;
2011-01-07;13:00;0;946,7;946,7;946,3;2522,3;24,8;20,6;25,5;23,6;21,6;20,1;85;75;78;23;7,9;5,2;
2011-01-07;14:00;0;946,4;946,7;946,4;3086;26,2;21,8;26,8;24,7;22,6;20,8;82;73;77;20;7,2;4,7;
2011-01-07;15:00;0;946,1;946,4;946,1;3489,7;27,9;22,1;28;26;22,9;21,1;79;69;71;27;6,5;3,7;
2011-01-07;16:00;0;945,4;946,1;945,4;2916;27,4;22,2;28,8;27,1;23;21;75;67;74;3;6,4;3,1;
2011-01-07;17:00;0;944,3;945,4;944,3;3843,4;28,7;21;29,5;27,4;22,7;21;73;63;63;19;7,3;3,9;
2011-01-07;18:00;0;943,3;944,3;943,3;3032,3;29,7;21,7;29,9;28,2;22,7;20,8;70;59;62;2;5,7;3,6;
2011-01-07;19:00;0;942,6;943,3;942,5;2948;29,8;22,2;30,1;28,8;22,6;20,7;65;59;64;27;6,7;4,6;
2011-01-07;20:00;0;942,3;942,9;942,2;1541,4;24,7;20,9;30,1;24;22,3;19,7;84;59;79;320;17,5;7;
2011-01-07;21:00;0;942,1;942,6;941,9;752,8;23,9;21;25,1;23,6;21,9;20,3;84;78;84;336;11,5;1,5;
2011-01-07;22:00;0;942,4;942,5;942,1;121,8;23,6;20,9;23,9;23,6;21,6;20,5;87;82;85;5;3,6;2,3;
2011-01-07;23:00;0;943,5;943,5;942,4;-9999;23,4;21;23,6;23,2;21,3;20,6;88;84;87;81;3,4;1,6;
2011-01-08;00:00;0;944,1;944,1;943,5;-9999;23,3;20,3;23,6;23,2;21,3;20,3;88;82;83;132;3,4;2,1;
2011-01-08;01:00;0;944,4;944,4;944,1;-9999;23,3;20,4;23,6;23;20,8;20;86;81;84;68;3,5;2,7;
2011-01-08;02:00;0;944,9;944,9;944,4;-9999;23,2;20,5;23,3;22,9;20,7;20,3;87;83;85;89;3,5;1,8;
2011-01-08;03:00;0;944,7;944,9;944,7;-9999;22,5;20,5;23,4;22,4;20,6;20,1;89;82;88;85;2,7;2,1;
2011-01-08;04:00;0;944,3;944,8;944,3;-9999;23,3;19,3;23,4;22,2;20,5;19,2;89;78;78;124;2,7;1,3;
2011-01-08;05:00;0;943,8;944,3;943,8;-9999;22,4;20,8;23,5;22,4;20,8;19,3;90;78;90;130;3,2;1,8;
2011-01-08;06:00;0;943,7;943,8;943,6;-9999;21,8;20,1;22,4;21,8;21,1;20,1;94;90;90;71;3,5;2,6;
2011-01-08;07:00;0;943,8;943,9;943,7;-9999;22,3;20,1;22,3;21,8;20,2;19,9;90;88;88;79;4,1;3;
2011-01-08;08:00;0;944,1;944,1;943,8;-9999;22,2;20,2;22,3;22,1;20,4;20,2;90;88;89;105;3,9;,8;
2011-01-08;09:00;0;944,7;944,7;944,1;-9999;22,6;20,8;22,6;21,9;20,8;20,2;92;89;90;83;2,5;2;
2011-01-08;10:00;0;945,6;945,6;944,7;49,7;22,6;20,8;23;22,6;21,1;20,7;90;88;89;145;2,6;0;
2011-01-08;11:00;0;946,2;946,2;945,6;307,9;23,8;21,8;23,8;22,6;21,8;20,8;90;84;88;124;2,1;,4;
2011-01-08;12:00;0;946,5;946,6;946,2;695,3;25,8;21,5;25,8;23,5;21,9;21,3;90;77;77;37;1,6;0;
2011-01-08;13:00;0;946,7;946,7;946,5;2683,8;27,9;21;28,3;25,8;23,1;20,4;80;64;66;6;2,4;1,2;
2011-01-08;14:00;0;946,8;946,8;946,7;2421,9;28,5;21,6;28,7;27,6;22,3;20,6;70;63;66;333;3,6;2,1;
2011-01-08;15:00;0;945,9;946,8;945,9;2655,1;28,6;22,2;29,6;28,3;22,7;21;70;63;68;330;5,2;2,7;
2011-01-08;16:00;0;945,1;945,9;945,1;2520,1;29,3;21,5;30,2;27,2;23,2;20,1;75;59;63;305;9,8;3,5;
2011-01-08;17:00;0;944,3;945,2;944,3;1310,3;27,3;22,1;29,9;27,3;22,6;20,8;74;60;73;2;6,6;2;
2011-01-08;18:00;0;943,6;944,4;943,6;509,7;27,5;22,2;27,5;26,8;23;21,9;79;72;73;8;3,2;1,5;
2011-01-08;19:00;0;943,7;944,1;943,4;1741,7;28,5;21,9;28,9;27,5;22,8;21,3;74;64;67;70;4,1;1,9;
2011-01-08;20:00;0;943,4;943,7;943,1;863,1;26,3;22;28,6;26,1;22,8;21,1;79;64;78;70;7,2;2,7;
2011-01-08;21:00;0;943,1;943,4;943,1;442,2;25,8;21,7;26,5;25,6;22,6;21,6;81;76;78;43;3,8;1,4;
2011-01-08;22:00;0;943,3;943,3;943,1;89,3;24,3;21,9;25,8;24,3;22,4;21,6;87;78;86;28;3,5;1,6;
2011-01-08;23:00;0;944;944;943,3;-9999;24,1;22,2;24,6;24;22,2;21,7;89;84;89;63;2,4;1,7;
2011-01-09;00:00;0;945,2;945,2;944;-9999;23,8;22;24,4;23,8;22,2;21,8;90;85;90;237;2,5;,5;
2011-01-09;01:00;0;945,4;945,7;945,2;-9999;23,3;22;23,8;23,3;22,3;22;94;90;93;178;3,7;1,4;
2011-01-09;02:00;0;945,6;945,6;945,3;-9999;22,6;21;23,3;22,5;21,9;21;93;91;91;135;5,5;2;
2011-01-09;03:00;0;945,4;945,6;945,4;-9999;22,3;21;22,6;22,2;21,2;20,9;93;90;92;159;4;1,8;
2011-01-09;04:00;0;944,8;945,4;944,8;-9999;22,2;20,8;22,4;22,2;21;20,7;92;90;92;140;4,7;2,5;
2011-01-09;05:00;0;944,3;944,8;944,3;-9999;22,2;20,8;22,4;22,2;21;20,8;93;91;92;108;5,9;2,3;
2011-01-09;06:00;0;943,4;944,3;943,4;-9999;22;20,7;22,3;22;20,8;20,6;92;91;92;140;6,1;3,5;
2011-01-09;07:00;0;943,3;943,5;943,2;-9999;22,2;20,7;22,3;22;20,7;20,6;92;91;91;148;6,5;2,7;
2011-01-09;08:00;0;943,3;943,3;943,2;-9999;22,3;20,6;22,5;22,2;20,7;20,6;91;89;90;139;5,6;3,4;
2011-01-09;09:00;0;943,4;943,4;943,2;-9999;22;20,7;22,4;21,9;20,7;20,5;92;90;92;149;5;2,4;
2011-01-09;10:00;0;944;944;943,4;93,6;22,5;21;22,5;21,9;21;20,7;93;92;92;97;5,2;1,8;
2011-01-09;11:00;0;944,5;944,5;944;706,8;24,1;21,1;24,1;22,5;21,3;21;92;83;84;54;5,6;4,4;
2011-01-09;12:00;0;945,1;945,1;944,5;1046,5;24,8;21,5;24,8;23,8;21,6;20,9;86;81;82;46;6;3,9;
2011-01-09;13:00;0;945,3;945,3;945,1;2123,9;26;21,7;26,2;24,8;22,2;21,3;83;76;77;39;6;3,6;
2011-01-09;14:00;0;945,3;945,3;945,2;2961,4;27,4;21,3;27,6;26;22,7;21,2;79;69;69;34;6,8;3,8;
2011-01-09;15:00;0;945,1;945,3;945;2698,4;28;21,6;28;27,2;22,3;21,3;73;67;68;17;6,3;3,1;
2011-01-09;16:00;0;944,7;945,1;944,7;3512;28,6;22;29,7;27,8;22,1;20,2;69;57;67;359;4,9;1,8;
2011-01-09;17:00;0;943;944,7;943;1699,8;29;20;29,5;28,4;22,2;18,3;68;52;58;341;3,6;1,3;
2011-01-09;18:00;0;941,9;943;941,9;2405,5;30,3;19,9;30,5;28,7;21,2;18,8;61;50;54;252;3,5;1;
2011-01-09;19:00;0;941,3;941,9;941,3;1177,5;25,4;21,2;30,3;24,7;21,4;19,2;80;52;78;241;7,7;1,6;
2011-01-09;20:00;0;940,8;941,3;940,7;1107,2;27,7;21;28,3;25,4;21,8;19,2;78;59;67;173;4,2;,7;
2011-01-09;21:00;0;940,9;940,9;940,6;1543,8;29,5;19;29,7;27,7;21,1;19;67;53;53;176;3,4;,7;
2011-01-09;22:00;0;941,9;941,9;940,9;644,2;27,8;20,9;29,8;27,8;22,2;19,2;66;54;66;245;3,5;,9;
2011-01-09;23:00;0;942,9;942,9;941,9;3,7;26,6;21;27,8;26,5;21,5;20,9;72;66;71;239;3,1;0;
2011-01-10;00:00;0;943,5;943,5;942,9;-9999;26,1;21,7;26,7;26;21,7;20,6;77;70;77;137;2,2;0;
2011-01-10;01:00;0;944,3;944,3;943,5;-9999;25,7;22,2;26,3;25,7;22,5;20,9;83;73;81;277;2,4;,5;
2011-01-10;02:00;0;944,8;944,8;944,3;-9999;21,8;20,6;25,7;21,8;22,2;20,6;94;79;93;263;11,8;6,5;
2011-01-10;03:00;2,8;944,4;945,1;944,4;-9999;21,4;20,8;21,8;21,2;20,8;20,5;97;93;97;283;10,5;4,3;
2011-01-10;04:00;0;943,6;944,5;943,6;0;21,3;20,7;21,3;21,2;20,8;20,6;97;96;97;284;6,8;3,9;
2011-01-10;05:00;0;943,1;943,6;943,1;,2;21,1;20,6;21,2;21;20,7;20,4;97;96;97;284;6,8;3,1;
2011-01-10;06:00;0;942,8;943,2;942,8;-9999;21,1;20,6;21,2;21,1;20,7;20,5;97;97;97;150;4,2;,6;
2011-01-10;07:00;0;942,7;942,8;942,7;-9999;21,3;20,7;21,3;21,1;20,7;20,5;97;96;96;71;2,2;1,5;
2011-01-10;08:00;0;943,1;943,2;942,7;-9999;21,2;20,5;21,3;21,2;20,7;20,5;96;95;96;171;3,2;,6;
2011-01-10;09:00;0;943,2;943,3;943,1;-9999;21,2;20,5;21,3;21,1;20,7;20,5;96;96;96;142;3,2;1,7;
2011-01-10;10:00;,2;942,8;943,3;942,8;18,7;21;20,3;21,2;21;20,5;20,2;96;95;96;184;3,2;0;
2011-01-10;11:00;0;942,5;942,8;942,5;211,1;22;21,1;22;21;21,1;20,3;96;95;95;357;1,8;,4;
2011-01-10;12:00;0;943;943;942,6;694;23;21,1;23;22;21,4;20,4;95;86;89;41;2,3;1,4;
2011-01-10;13:00;0;943,9;943,9;943;1325,9;24,2;21,9;24,2;23;22;21,1;90;86;87;276;3;1,3;
2011-01-10;14:00;0;944;944,1;943,9;2762,5;25,7;20,9;26,4;24;22,3;20,6;87;72;75;278;3,9;1,7;
2011-01-10;15:00;0;943,7;944,1;943,7;2514,4;27;20,7;27;25,6;22;19,9;77;67;68;291;5;2;
2011-01-10;16:00;0;942,9;943,7;942,9;2676,3;27,3;20,5;27,5;26,3;22,3;20,2;78;66;66;348;5,1;1,9;
2011-01-10;17:00;0;942;942,9;942;1469,7;26,2;21,7;27,6;25,2;22,7;20,8;81;66;76;333;4,9;2,9;
2011-01-10;18:00;,6;940,9;942;940,9;739,1;24,4;22,2;26,2;23,2;22,2;20,5;88;76;88;44;7,5;2,3;
2011-01-10;19:00;1,8;940,3;940,9;940,3;825,8;22,7;21,6;26,3;22,7;22,6;20,8;93;75;93;192;5,2;,9;
2011-01-10;20:00;,2;939,9;940,5;939,9;299,3;23,7;21,9;23,7;22,7;22,1;21,3;93;88;90;251;4,5;1,2;
2011-01-10;21:00;0;939,4;939,9;939,4;179,5;23,6;21,1;23,8;23,6;21,9;20,8;90;84;86;218;3,1;0;
2011-01-10;22:00;0;940,2;940,2;939,4;81,4;23,6;21,7;23,8;23,4;21,7;20,6;89;83;89;308;1,7;0;
2011-01-10;23:00;0;940,4;940,4;940,2;7,5;23,3;21,8;23,6;23,2;21,8;21,3;91;88;91;300;0;0;
2011-01-11;00:00;0;940,8;940,8;940,4;-9999;23,3;21,3;23,4;23;21,9;21,1;92;87;88;130;1,5;0;
2011-01-11;01:00;0;941,5;941,5;940,8;-9999;22,4;21,5;23,3;22,4;21,7;21,3;95;88;95;19;2,8;2,4;
2011-01-11;02:00;0;941,9;942;941,5;-9999;22,4;21,6;22,5;22,4;21,7;21,5;96;94;95;12;3,2;2,6;
2011-01-11;03:00;0;941,4;941,9;941,4;-9999;22;21,1;22,5;22;21,6;21,1;95;93;95;22;3,8;2,3;
2011-01-11;04:00;0;941;941,4;941;-9999;22,1;21,1;22,1;21,9;21,2;21,1;95;94;94;59;3;1,1;
2011-01-11;05:00;0;940,6;941;940,6;-9999;22,3;21,1;22,3;22;21,3;21;95;93;93;138;1,6;,4;
2011-01-11;06:00;0;940,6;940,7;940,5;-9999;22,3;21,2;22,4;22;21,4;21;95;93;94;360;2,5;2,1;
2011-01-11;07:00;0;940,2;940,6;940,2;-9999;22;21,2;22,3;22;21,4;21,2;96;94;96;31;2,5;1,3;
2011-01-11;08:00;0;940,6;940,7;940,2;-9999;21,9;21,4;22;21,7;21,4;21,1;97;96;97;17;2,7;2,3;
2011-01-11;09:00;0;941,1;941,1;940,6;-9999;21,5;21;22;21,5;21,4;21;97;97;97;26;3,3;2,3;
2011-01-11;10:00;0;941,9;941,9;941,2;97,4;22;21,6;22;21,5;21,6;21,1;97;97;97;25;3,5;1,8;
2011-01-11;11:00;0;942;942,1;941,8;701,8;22,6;22,2;22,8;21,9;22,3;21,5;97;97;97;9;4,4;3,2;
2011-01-11;12:00;0;942,8;942,8;942;1647,3;24,5;22,5;24,6;22,6;23,6;22,2;97;89;89;6;4,7;3,3;
2011-01-11;13:00;0;943;943,1;942,8;2137,6;25,7;22,6;26,4;24,5;23,6;22,4;90;82;83;340;5,5;3,2;
2011-01-11;14:00;0;942,7;943;942,7;3106,7;27,6;22,9;27,9;25,8;23,4;21,2;84;70;76;316;8;4,7;
2011-01-11;15:00;0;942,2;942,7;942,2;3188,3;28,4;21,1;28,4;27,3;22,8;20,6;76;63;64;305;9,9;6,3;
2011-01-11;16:00;0;941,4;942,2;941,3;3282,7;28;20,3;29,3;27,6;21,4;19,5;68;56;63;298;10,8;7;
2011-01-11;17:00;0;940,2;941,4;940,2;3478,6;30,2;21,3;30,5;28;22,5;20;69;57;59;293;13,2;5,8;
2011-01-11;18:00;0;939;940,2;939;3168,1;29,7;20,5;30,3;28,7;22;19,2;65;54;58;290;9,7;4,4;
2011-01-11;19:00;0;938,9;939;938,8;2492,4;29,4;22,7;30,6;29,1;23,1;20,3;69;57;67;254;9,4;4,8;
2011-01-11;20:00;0;938,4;938,9;938,3;1852,4;28,7;20,3;30,2;28,3;22,7;20,1;69;56;61;286;9,9;6,3;
2011-01-11;21:00;0;938,6;938,6;938,3;1114,1;28,3;21,3;29,3;28,3;21,3;19,9;66;59;66;311;8,9;4,4;
2011-01-11;22:00;0;939,8;939,8;938,6;261,3;25,7;21,9;28,3;25,7;22,5;21,6;81;66;80;312;7,9;2,7;
2011-01-11;23:00;0;940;940,1;939,8;5,8;24,9;22,2;25,7;24,9;22,5;21,9;86;80;85;313;4;2;
2011-01-12;00:00;0;941;941;940;-9999;24,5;22,5;24,9;24,3;22,7;22;91;85;89;22;2,9;2,5;
2011-01-12;01:00;0;941,6;941,8;941,1;-9999;24;22,1;24,5;24;22,5;22,1;90;88;89;26;6,6;4,6;
2011-01-12;02:00;0;942,2;942,3;941,6;-9999;23,1;21,6;24;23,1;22,1;21,6;91;89;91;30;6,8;3,9;
2011-01-12;03:00;1;942;942,4;942;-9999;22,5;21,3;23,1;22,5;21,7;21,3;93;91;93;59;5,6;3,5;
2011-01-12;04:00;0;941,8;942;941,6;-9999;22,3;21;22,5;22,2;21,2;20,9;93;92;93;56;5,1;2,9;
2011-01-12;05:00;,4;941,2;942,1;941,2;-9999;22,3;21,3;22,6;22,2;21,4;21,1;94;92;94;83;3,7;1,5;
2011-01-12;06:00;,4;941,3;941,8;941,2;-9999;22,2;21,3;22,5;22,2;21,6;21,3;95;93;95;119;5;2,8;
2011-01-12;07:00;,8;942,5;942,5;941,3;,6;20,3;19,7;22,2;20,2;21,3;19,6;97;93;97;242;9;,5;
2011-01-12;08:00;0;941,9;942,6;941,8;-9999;19,9;19,5;20,3;19,8;19,7;19,4;97;97;97;218;5,3;,1;
2011-01-12;09:00;0;942,1;942,2;941,8;,2;19,9;19,3;20,1;19,9;19,7;19,3;97;96;96;255;6,8;3,5;
2011-01-12;10:00;0;941,7;942,1;941,5;3,7;20,2;19,6;20,3;19,8;19,6;19;96;94;96;163;4,8;,4;
2011-01-12;11:00;0;943,5;943,5;941,7;66,8;20,4;19,8;20,6;20,1;20;19,4;96;96;96;4;4;2,8;
2011-01-12;12:00;0;943,7;943,9;943,5;207,5;20,5;19,9;20,6;20,4;20;19,8;96;96;96;13;5,2;3,5;
2011-01-12;13:00;0;944,3;944,4;943,7;559,1;21,1;20,3;21,1;20,5;20,3;19,9;96;95;95;20;5,4;3,8;
2011-01-12;14:00;0;944,2;944,4;944,1;676;21,5;20,5;21,5;20,9;20,5;20,1;96;93;94;40;5,8;3,7;
2011-01-12;15:00;0;944,1;944,3;944;1197,3;22,3;20,4;22,6;21,5;21,2;20,3;94;89;89;26;7,1;4,4;
2011-01-12;16:00;0;943,8;944,1;943,8;1117,1;22,9;21,2;22,9;22,3;21,2;20,4;91;87;90;12;6,2;3,8;
2011-01-12;17:00;0;942,6;943,8;942,6;2148,9;23,1;21;23,8;22,8;21,7;20,6;90;84;88;18;7,7;5,3;
2011-01-12;18:00;0;941,7;942,6;941,7;1081;22,2;20,6;23,2;22,1;21,4;20,3;92;87;91;19;7,8;4,7;
2011-01-12;19:00;0;940,7;941,7;940,7;1378,6;22,4;20,3;22,7;21,7;21,2;20,2;93;87;88;42;7,1;4,9;
2011-01-12;20:00;0;941,1;941,1;940,5;1441,1;22,4;20,2;23;22,2;21,2;20;90;86;87;357;6,7;2,7;
2011-01-12;21:00;0;941,2;941,2;940,7;633;22,3;20,6;22,5;22,1;20,8;19,9;91;87;90;10;4,9;3,5;
2011-01-12;22:00;0;941,7;941,7;941,2;136,8;21,4;20,2;22,3;21,4;20,7;20,2;93;90;93;30;6,3;4,3;
2011-01-12;23:00;,6;943,1;943,2;941,7;2,5;21,1;20,3;21,4;21,1;20,5;20,2;96;93;95;333;6;1,5;
2011-01-13;00:00;,6;943,8;943,8;943,1;-9999;21;20,4;21,1;20,9;20,5;20,3;97;95;97;327;7,3;3,3;
2011-01-13;01:00;,2;943,9;944,4;943,8;,2;20,6;20,1;21;20,6;20,5;20,1;97;97;97;345;7,3;3,3;
2011-01-13;02:00;0;943,2;943,9;943,2;-9999;20,4;20;20,6;20,4;20,1;19,9;97;97;97;24;6,2;4,3;
2011-01-13;03:00;0;941,9;943,2;941,9;,3;20,4;20;20,5;20,3;20;19,9;97;97;97;34;7,1;5,2;
2011-01-13;04:00;0;942;942;941,5;,8;20,3;19,9;20,4;20,2;20;19,8;98;97;98;23;9,8;4,7;
2011-01-13;05:00;0;942,2;942,3;942;-9999;20,4;20;20,5;20,3;20,1;19,9;98;98;98;20;7,6;4,4;
2011-01-13;06:00;0;942,4;942,7;942,2;-9999;20,4;20,1;20,5;20,3;20,1;20;98;98;98;26;6,7;3,5;
2011-01-13;07:00;0;942,1;942,4;942,1;-9999;20,3;19,9;20,4;20,3;20;19,9;98;98;98;37;7,1;4,8;
2011-01-13;08:00;0;942,1;942,2;941,9;0;20,4;20;20,4;20,3;20;19,9;98;98;98;20;7,3;4,3;
2011-01-13;09:00;0;942,2;942,2;941,8;-9999;20,5;20,1;20,5;20,3;20,1;20;98;98;98;20;7,8;5,4;
2011-01-13;10:00;0;943,2;943,2;942,2;39,7;20,6;20,2;20,6;20,5;20,2;20,1;98;98;98;23;7,3;4,8;
2011-01-13;11:00;0;943,5;943,6;943,2;441,9;21,2;20,7;21,2;20,5;20,8;20,2;98;97;97;31;7,8;5;
2011-01-13;12:00;1,4;944,1;944,1;943,5;567,5;21;20,4;21,5;20,9;20,9;20,4;97;97;97;36;8,9;5,9;
2011-01-13;13:00;1,6;944,5;944,5;944,1;324;21,1;20,6;21,3;21;20,7;20,5;97;97;97;40;8,9;5,2;
2011-01-13;14:00;1,4;944,5;944,6;944,4;370,8;21,5;21;21,5;21;21;20,5;97;97;97;25;8,4;4,4;
2011-01-13;15:00;4;944,2;944,6;944,2;258,2;21,6;21,2;21,7;21,4;21,2;20,9;97;97;97;28;6,5;4,2;
2011-01-13;16:00;2,2;943,6;944,4;943,6;383,3;22,3;21,7;22,3;21,6;21,7;21,2;97;97;97;36;6;3,9;
2011-01-13;17:00;,8;943;943,7;943;598,4;22,5;21,9;22,7;22,2;22;21,4;97;94;96;14;5,6;3,3;
2011-01-13;18:00;,2;942,2;943;942,2;1169,7;23;21,7;23,4;22,4;22,3;21,3;96;92;93;5;8;3,9;
2011-01-13;19:00;0;941,5;942,2;941,5;1281,4;23;21,8;23,7;22,9;22,2;21,5;94;90;93;18;7,5;4,6;
2011-01-13;20:00;2,8;942,2;942,7;941,4;770,7;20,1;19,5;23,7;20,1;22,6;19,3;96;90;96;339;14,4;4,5;
2011-01-13;21:00;,6;941,5;942,2;941,4;65,5;20,7;20,1;20,7;20,1;20,1;19,6;97;96;97;300;7,5;0;
2011-01-13;22:00;,4;942,4;942,4;941,5;52,8;21,3;20,7;21,3;20,7;20,7;20,1;97;95;96;197;2,6;0;
2011-01-13;23:00;0;943;943,1;942,4;2;21,1;20,5;21,3;21,1;20,7;20,4;96;96;96;29;2,8;1;
2011-01-14;00:00;0;943,8;943,8;943;-9999;21,2;20,6;21,2;21;20,6;20,4;97;96;96;49;3;2,2;
2011-01-14;01:00;,2;944,7;944,7;943,8;,2;20,6;20;21,6;20,6;20,9;20;96;94;96;320;7,4;4,1;
2011-01-14;02:00;,2;944,5;944,8;944,5;-9999;20,8;20,3;20,9;20,6;20,4;20;97;96;97;299;6,7;3;
2011-01-14;03:00;0;943,5;944,5;943,5;,1;20,3;19,9;20,8;20,3;20,3;19,9;98;97;98;334;5,4;2,3;
2011-01-14;04:00;0;943,3;943,5;943,2;-9999;20,1;19,7;20,3;20,1;20;19,7;98;98;98;10;3,8;2,8;
2011-01-14;05:00;0;943,1;943,4;943,1;-9999;20,2;19,8;20,2;20,1;19,9;19,7;98;98;98;13;5,5;4;
2011-01-14;06:00;0;943,2;943,2;943,1;-9999;20,3;19,9;20,3;20,2;19,9;19,8;98;98;98;22;6,1;3,7;
2011-01-14;07:00;0;943,2;943,4;943,2;-9999;20,2;19,8;20,3;20,1;19,9;19,8;98;98;98;20;6,4;4;
2011-01-14;08:00;,2;943,2;943,2;943,1;,8;20,3;20;20,3;20,2;20;19,8;98;98;98;11;6,6;4,5;
2011-01-14;09:00;0;943,8;943,8;943,2;-9999;20,4;20;20,4;20,3;20;20;98;98;98;17;6,5;3,7;
2011-01-14;10:00;0;944,5;944,5;943,7;60,2;20,5;20,2;20,5;20,4;20,2;20;98;98;98;9;5,7;3,4;
2011-01-14;11:00;0;944,8;944,8;944,5;326,3;21;20,7;21;20,5;20,7;20,2;98;98;98;24;5,8;4,3;
2011-01-14;12:00;0;945,5;945,5;944,8;930,5;22,1;21,7;22,1;20,9;21,8;20,6;98;98;98;18;5,8;3,4;
2011-01-14;13:00;0;946;946;945,5;1581,3;23,7;21,8;23,8;22,1;22,4;21,4;98;88;89;335;5,4;2,6;
2011-01-14;14:00;0;946,2;946,2;946;2114,1;25,1;21,9;25,3;23,7;22,7;21,5;90;82;83;307;6,3;4,1;
2011-01-14;15:00;0;946,1;946,2;946;2300,6;25,6;22;26,1;24,7;22,7;21,3;85;78;80;307;7,6;4,5;
2011-01-14;16:00;0;945,6;946,1;945,6;2281,4;26,5;21,7;27,1;25,3;22,9;21,3;83;73;75;309;8,4;5,4;
2011-01-14;17:00;0;944,5;945,6;944,5;2631,2;26,8;22,5;27,5;25,9;23,1;21,6;80;74;77;314;9,2;4,7;
2011-01-14;18:00;0;943,5;944,5;943,5;2533;25;22;28,8;24,8;23,4;21,2;84;67;84;238;8,6;2,3;
2011-01-14;19:00;0;942,4;943,5;942,3;1799,5;23,8;21,1;27,7;23,8;23,7;21,1;85;74;85;270;11,1;4,9;
2011-01-14;20:00;5,2;942,4;942,7;942,3;579,8;23,8;22;23,8;21,9;22,2;21,1;96;85;89;283;11,1;3,4;
2011-01-14;21:00;0;942,8;942,9;942,3;666,7;23,2;21,4;24,5;23,2;22,7;21;90;84;90;178;5,7;,9;
2011-01-14;22:00;0;943,1;943,1;942,6;192,3;23,5;21,3;23,5;23;21,6;20,9;91;87;87;245;2,6;,5;
2011-01-14;23:00;0;943,5;943,7;943,1;7,5;22,5;21,3;23,5;22,5;21,6;21,3;93;87;93;243;8,4;1,9;
2011-01-15;00:00;0;943,8;943,8;943,3;-9999;21,4;20,1;22,5;21,4;21,3;20,1;94;92;92;265;5,2;1,2;
2011-01-15;01:00;0;944,4;944,4;943,8;-9999;21,4;20,3;21,4;21,2;20,3;20;94;92;94;194;2,5;0;
2011-01-15;02:00;0;945,3;945,4;944,4;-9999;21,7;20,4;21,7;21,4;20,6;20,2;94;92;92;151;0;0;
2011-01-15;03:00;0;945,4;945,4;945,3;-9999;21,3;20,5;21,9;21,3;20,6;20,3;95;92;95;13;2,9;2,3;
2011-01-15;04:00;0;944,9;945,5;944,9;-9999;21,2;20,5;21,4;21,1;20,6;20,4;96;95;96;18;2,9;1,2;
2011-01-15;05:00;0;944;944,9;944;-9999;21,4;20,5;21,5;21,2;20,6;20,4;96;94;94;348;2;1,6;
2011-01-15;06:00;0;944,1;944,1;943,9;-9999;21,5;20,8;21,5;21,4;20,8;20,5;96;94;96;295;4;2,2;
2011-01-15;07:00;,2;943,4;944,1;943,4;-9999;21,2;20,7;21,5;21,2;20,8;20,7;97;96;97;292;6,6;4,3;
2011-01-15;08:00;0;943,7;943,8;943,3;-9999;21,4;20,9;21,4;21,2;21;20,7;97;97;97;292;7,1;4,4;
2011-01-15;09:00;0;944,3;944,3;943,7;-9999;21,6;21,1;21,6;21,4;21,1;20,9;97;97;97;278;7;2,7;
2011-01-15;10:00;0;944,9;944,9;944,2;44;21,6;21,1;21,6;21,5;21,1;21;97;97;97;272;4,9;3,3;
2011-01-15;11:00;0;945,2;945,2;944,9;330,1;22,3;21,6;22,4;21,6;21,9;21,1;97;96;96;256;6,1;4,3;
2011-01-15;12:00;0;945,6;945,6;945,2;984,4;23,9;21,9;24;22,2;22,4;21,5;96;88;88;230;6;1,2;
2011-01-15;13:00;0;945,4;945,6;945,4;1601,8;25,4;22;25,7;23,9;22,8;21,6;89;81;81;238;3,6;1,2;
2011-01-15;14:00;0;945,4;945,5;945,3;2092,2;25,8;22,2;26,9;25,3;23,4;21,9;83;76;80;235;4,1;1,9;
2011-01-15;15:00;0;944,3;945,4;944,3;1751,4;27,5;22,6;27,5;25,7;22,8;21,6;82;73;74;256;4,1;1,9;
2011-01-15;16:00;0;943,2;944,3;943,2;2369,3;28,5;22,8;28,6;26,6;23,9;21,8;81;71;71;226;5,4;2;
2011-01-15;17:00;0;942,3;943,2;942,3;3206,8;28,8;21,8;29,7;28;23,7;21,1;75;63;66;207;5,6;1,4;
2011-01-15;18:00;0;940,7;942,3;940,7;2918,4;29,9;22,6;30,2;28,2;23,5;21,5;72;63;65;250;7,3;3,3;
2011-01-15;19:00;,8;940,5;941,1;940,5;964,2;24,2;22,1;29,9;22,7;23,3;21;95;64;88;37;9,1;3;
2011-01-15;20:00;,2;939,6;940,6;939,6;2481,4;27,9;22,3;28,1;23,8;23,5;21,5;90;71;72;229;5,7;2,2;
2011-01-15;21:00;0;940,2;940,3;939,5;388,8;25;21,9;27,9;25;22,4;21,6;84;72;83;242;4,7;,7;
2011-01-15;22:00;0;940,8;940,8;940,2;28,3;23,5;21,6;24,9;23,5;22,1;21,5;90;83;89;290;6,4;4,1;
2011-01-15;23:00;0;941,3;941,3;940,8;-9999;23;21,8;23,5;22,9;21,8;21,3;93;88;93;264;6,1;3,4;
2011-01-16;00:00;0;941,9;941,9;941,3;-9999;22,8;21,3;23,1;22,7;21,8;21,3;93;91;91;250;5,3;1,1;
2011-01-16;01:00;0;942,1;942,1;941,9;-9999;22,1;21,1;22,8;22,1;21,3;21;94;91;94;271;2,4;1,1;
2011-01-16;02:00;0;942,6;942,6;942,1;-9999;22,3;21,2;22,5;21,9;21,3;21;95;93;93;318;1,4;,4;
2011-01-16;03:00;0;942,1;942,7;942,1;-9999;21,9;21,1;22,4;21,6;21,4;20,7;96;93;95;116;1,7;1,1;
2011-01-16;04:00;0;941,9;942,2;941,8;-9999;21,3;20,7;21,9;21,3;21;20,5;96;94;96;40;2,3;,4;
2011-01-16;05:00;0;941,3;941,9;941,3;-9999;21,1;20,5;21,7;21,1;21,1;20,5;97;96;96;30;2,4;1,7;
2011-01-16;06:00;0;941,1;941,3;941;-9999;21,2;20,7;21,3;21,1;20,8;20,5;97;96;97;48;2,8;2,1;
2011-01-16;07:00;0;940,8;941,1;940,8;-9999;21;20,5;21,3;21;20,8;20,5;97;97;97;28;3,8;2,9;
2011-01-16;08:00;0;940,9;941;940,8;-9999;20,7;20,3;21;20,6;20,5;20,2;97;97;97;18;3,8;2,3;
2011-01-16;09:00;0;941,5;941,5;940,8;-9999;20,6;20,1;20,8;20,6;20,4;20,1;97;97;97;44;3,5;2,4;
2011-01-16;10:00;0;942,4;942,4;941,5;28,2;21,6;21,1;21,6;20,6;21,1;20,1;97;97;97;60;2,8;1,3;
2011-01-16;11:00;0;942,6;942,6;942,4;404,1;22,6;21,7;22,6;21,6;21,7;21,1;97;94;94;50;5,8;4,4;
2011-01-16;12:00;0;942,9;942,9;942,6;1270,4;24,1;22,5;24,3;22,6;22,7;21,6;95;89;90;36;6,5;4,8;
2011-01-16;13:00;0;943,4;943,4;942,9;2345,8;25;22;25,4;24;23,3;22;90;84;84;21;7,2;3,8;
2011-01-16;14:00;0;943,4;943,5;943,4;2277,3;26;22,5;26;24,7;23;22;88;79;81;28;5,4;2,9;
2011-01-16;15:00;0;942,5;943,4;942,5;3380,6;27,3;22,9;27,6;26;23,6;22;82;75;77;30;6;3,6;
2011-01-16;16:00;0;941,4;942,5;941,4;2659;27,5;22,2;27,9;26,8;23,9;22,2;81;73;73;9;5,6;3,2;
2011-01-16;17:00;0;940,1;941,4;940,1;3738,3;29;22,9;29,3;27,4;23,6;21,6;77;66;70;348;6,5;3,4;
2011-01-16;18:00;4;939,9;940,1;939,7;1594,6;22,2;21,5;29,2;21,9;23,3;21;96;66;96;50;11,3;7,7;
2011-01-16;19:00;2,2;940,3;941;939,9;135,2;21,9;21,3;22,5;21,9;21,8;21,3;96;95;96;319;11,3;3,2;
2011-01-16;20:00;,4;940;940,4;940;335,1;23,3;21,9;23,3;21,9;22;21,4;96;92;92;88;5,4;2;
2011-01-16;21:00;0;940,1;940,1;939,8;804;23,5;22;24,1;23,3;22,3;21,7;92;88;92;45;5;3,2;
2011-01-16;22:00;0;940,4;940,4;940,1;153,8;22,7;21,8;23,5;22,7;22,2;21,8;95;91;95;42;6;4;
2011-01-16;23:00;0;941;941;940,3;4,2;22,4;21,8;22,7;22,3;21,8;21,6;96;94;96;46;6,7;3,7;
2011-01-17;00:00;0;941,8;941,8;941;-9999;22,4;21,7;22,4;22,3;21,8;21,7;96;96;96;60;6,8;3,4;
2011-01-17;01:00;,2;943;943;941,8;-9999;22,4;21,5;22,5;22,4;21,7;21,5;96;94;95;42;6;3,5;
2011-01-17;02:00;,2;943;943,1;943;-9999;22,2;21,5;22,4;22,2;21,5;21,5;96;95;96;47;5,4;3,8;
2011-01-17;03:00;0;943;943;942,9;-9999;22,2;21,6;22,2;22,1;21,6;21,5;96;96;96;36;5,6;3,1;
2011-01-17;04:00;0;942,8;943;942,8;-9999;22,3;21,6;22,4;22,2;21,7;21,6;97;96;96;28;5,9;3,5;
2011-01-17;05:00;0;942,5;942,8;942,5;-9999;22,2;21,6;22,3;22,2;21,6;21,5;96;96;96;30;5,7;3,6;
2011-01-17;06:00;0;942,6;942,6;942,5;-9999;22,1;21,5;22,2;22,1;21,6;21,5;97;96;96;36;5,8;4;
2011-01-17;07:00;0;942,7;942,7;942,6;0;22,1;21,5;22,1;22,1;21,5;21,5;97;96;96;34;5,4;3,7;
2011-01-17;08:00;1;943,2;943,2;942,7;-9999;21,6;21,1;22,1;21,6;21,5;21,1;97;96;97;12;5,4;3,1;
2011-01-17;09:00;1,4;943,7;943,7;943;,8;21,9;21,4;21,9;21,6;21,4;21,1;97;97;97;23;5;2,6;
2011-01-17;10:00;,2;944,6;944,6;943,7;11,2;21,9;21,4;21,9;21,8;21,4;21,3;97;97;97;351;4,9;2,8;
2011-01-17;11:00;0;944,9;945;944,6;217,2;21,6;20,8;21,9;21,5;21,4;20,8;97;96;96;332;5,7;2,5;
2011-01-17;12:00;0;945,2;945,2;944,9;568,6;22,3;21,5;22,3;21,6;21,5;20,6;96;94;95;2;4;3;
2011-01-17;13:00;0;945,8;945,8;945,2;927,5;22,9;21,9;23,3;22,2;22,1;21,4;96;91;94;31;5,2;3,6;
2011-01-17;14:00;0;945,6;945,8;945,5;1255,8;23,7;21,9;23,7;22,2;22,4;21,3;96;89;89;59;6,4;4,4;
2011-01-17;15:00;0;945,2;945,7;945,2;2248;24,5;21,8;24,6;23,4;22,6;21,5;92;85;85;43;5,9;4;
2011-01-17;16:00;0;944,6;945,2;944,6;2627,3;25,4;22,3;25,7;24,4;22,8;21,6;89;80;83;18;6;3,6;
2011-01-17;17:00;0;943,4;944,6;943,4;2512,5;26,3;21,8;26,8;25,3;22,7;21,3;85;74;76;34;6,9;3,9;
2011-01-17;18:00;0;942,7;943,4;942,6;1930,3;23,7;21,9;27,4;23,6;22,8;21,3;91;71;90;33;8,9;3,8;
2011-01-17;19:00;0;942,2;942,7;942,2;189,5;22,3;21,5;23,8;22,1;22,1;21,2;96;90;95;283;7;3,2;
2011-01-17;20:00;0;941,9;942,2;941,9;227;22,4;21,2;22,5;22,3;21,5;21,1;95;92;93;328;4,1;,7;
2011-01-17;21:00;0;942,6;942,6;941,9;430,9;23;21,8;23,1;22,4;21,9;21,1;93;91;93;344;4;1,6;
2011-01-17;22:00;0;943,1;943,2;942,6;63,5;22,2;21,5;23;22,1;21,9;21,3;96;93;96;326;3,5;2,1;
2011-01-17;23:00;0;943,6;943,6;943,1;2,4;21,8;21,3;22,2;21,8;21,5;21,3;97;96;97;4;3,4;,6;
2011-01-18;00:00;0;944,3;944,3;943,5;-9999;21,5;20,9;21,8;21,5;21,3;20,9;97;96;96;42;2,8;1,4;
2011-01-18;01:00;0;944,8;944,8;944,3;-9999;21,5;20,9;21,5;21,5;21;20,9;97;96;96;57;3,9;2,7;
2011-01-18;02:00;0;945,1;945,2;944,8;-9999;21,4;20,9;21,5;21,3;20,9;20,8;97;96;97;48;4,2;2,4;
2011-01-18;03:00;0;945,1;945,3;945,1;-9999;21,3;20,8;21,4;21,2;20,9;20,8;97;97;97;39;4,7;3,4;
2011-01-18;04:00;0;944,7;945,1;944,7;-9999;21,3;20,9;21,4;21,2;21;20,8;98;97;98;33;5,5;3,7;
2011-01-18;05:00;0;943,6;944,7;943,6;,7;21;20,7;21,3;21;20,9;20,6;98;98;98;48;6,7;4,2;
2011-01-18;06:00;0;943,2;943,6;943,2;0;21;20,6;21,1;21;20,7;20,6;98;98;98;37;6,7;4,7;
2011-01-18;07:00;0;943,1;943,3;942,9;-9999;20,9;20,5;21;20,9;20,7;20,5;98;97;97;41;7,3;4,4;
2011-01-18;08:00;0;943,1;943,2;943;-9999;20,7;20,1;20,9;20,7;20,5;20,1;97;96;97;34;7,2;4,7;
2011-01-18;09:00;0;943,6;943,6;943;-9999;20,6;19,9;20,7;20,6;20,1;19,9;97;96;96;36;7;3,8;
2011-01-18;10:00;0;944,1;944,1;943,6;37,9;20,6;20;20,7;20,5;20,1;19,9;97;96;96;46;6,6;3,4;
2011-01-18;11:00;0;944,8;944,8;944,1;446,4;21,6;20,6;21,6;20,7;20,7;20;96;94;94;31;5,1;3,1;
2011-01-18;12:00;0;945,5;945,5;944,8;710,9;22,2;20,9;22,3;21,6;21,1;20,5;95;92;92;35;5,4;4,2;
2011-01-18;13:00;0;945,8;945,8;945,5;1009,3;22,9;20,8;23;22,2;21,5;20,7;93;87;88;27;6;4,3;
2011-01-18;14:00;0;945,5;945,8;945,5;1850,7;24,7;21,6;24,9;22,9;22,1;20,9;89;82;83;22;5,9;3,8;
2011-01-18;15:00;0;945,5;945,7;945,5;1711,5;25,3;22,3;25,3;24,4;22,3;21,2;86;81;84;31;6,3;4,2;
2011-01-18;16:00;0;944,5;945,5;944,5;3847,3;26,9;22,4;26,9;25;23,2;21,6;85;75;76;5;7,8;4;
2011-01-18;17:00;0;943,5;944,5;943,5;3128;26,9;22,5;27,6;26,4;23,2;21,7;79;72;77;13;6,7;3,7;
2011-01-18;18:00;0;942,2;943,5;942,2;2946,4;28,1;22,3;28,2;26,8;22,9;21,2;77;68;71;353;6,2;2,8;
2011-01-18;19:00;0;941,4;942,2;941,3;2464,8;26,9;22,3;28,8;26,9;22,8;20,6;76;63;76;317;9,4;5;
2011-01-18;20:00;0;941,6;941,6;941,3;660,7;24,1;22;27,7;23,7;23,2;20,7;88;75;88;284;9,4;5,1;
2011-01-18;21:00;0;941,9;942,3;941,6;162,3;22,9;22;24,1;22,8;22,3;21,7;94;88;94;273;8,1;1,7;
2011-01-18;22:00;0;942,4;942,4;941,9;147,6;23;21,9;23,2;22,9;22,3;21,8;95;93;93;275;4,8;3,7;
2011-01-18;23:00;0;943,1;943,2;942,4;3,7;22,2;21,4;23;22,2;21,9;21,3;95;93;95;296;5,4;2,2;
2011-01-19;00:00;0;943,5;943,5;943;-9999;22,1;21,4;22,2;22;21,5;21,3;96;95;96;292;3,9;2,2;
2011-01-19;01:00;0;944,4;944,4;943,5;-9999;22;21,3;22,1;22;21,5;21,3;96;96;96;51;2,8;1,9;
2011-01-19;02:00;0;944,7;944,8;944,4;-9999;22,1;21,4;22,1;21,9;21,5;21,3;96;96;96;74;2,5;1,5;
2011-01-19;03:00;0;944,5;944,8;944,5;-9999;21,8;21,1;22,1;21,8;21,4;21,1;96;95;96;47;2,3;1,7;
2011-01-19;04:00;0;944,3;944,5;944,3;-9999;22;21,1;22,1;21,8;21,2;21;96;94;95;25;3,8;2,3;
2011-01-19;05:00;0;944,1;944,3;944,1;-9999;21,7;21,2;22;21,7;21,4;21,1;97;95;97;5;6,3;3,7;
2011-01-19;06:00;0;943,4;944,1;943,4;,1;21,7;21,2;21,7;21,6;21,2;21,1;97;97;97;27;6,3;4,2;
2011-01-19;07:00;0;942,9;943,4;942,9;-9999;21,5;21;21,7;21,5;21,1;21;97;97;97;31;5,6;3,5;
2011-01-19;08:00;0;942,9;942,9;942,8;-9999;21,3;20,9;21,5;21,3;21;20,8;97;97;97;23;5,1;3,5;
2011-01-19;09:00;0;943,1;943,1;942,8;-9999;21,2;20,8;21,3;21,1;20,9;20,7;98;97;98;19;5,1;2,8;
2011-01-19;10:00;0;943,1;943,2;943,1;47,4;21,2;20,8;21,2;21,1;20,8;20,7;98;98;98;17;4,4;2,5;
2011-01-19;11:00;0;943,4;943,5;943,1;492,4;22,1;21,7;22,1;21,1;21,7;20,8;98;98;98;329;4,3;2,9;
2011-01-19;12:00;0;943,8;943,8;943,4;1110,4;22,9;21;23,1;22,1;22,1;21;98;89;89;7;5,4;3,7;
2011-01-19;13:00;0;943,8;943,9;943,8;1208,2;23,6;21,8;23,6;22,9;21,8;20,9;91;87;89;45;5,4;3,2;
2011-01-19;14:00;0;943,7;943,8;943,7;1604,3;24,5;22;24,6;23,6;22,4;21,4;90;85;86;36;5,1;3,4;
2011-01-19;15:00;0;943,6;943,8;943,5;1878,2;25,1;22;25,6;24,2;22,5;21,6;88;80;83;22;5,9;3,7;
2011-01-19;16:00;0;942,8;943,6;942,8;1931,3;26,6;23;26,7;24,9;23,1;21,6;86;78;81;21;5,3;3,3;
2011-01-19;17:00;0;941,5;942,9;941,5;2652,7;24,4;22,7;27,5;24,3;24;21,5;90;73;90;357;7,8;5,1;
2011-01-19;18:00;0;940,8;941,6;940,8;2142,1;25,7;21,9;25,9;23,9;22,8;21,1;91;76;79;11;7,8;3,2;
2011-01-19;19:00;0;940,2;940,8;940,2;890,5;23;21,9;26,1;22,8;22,8;21,3;93;77;93;274;6,1;3;
2011-01-19;20:00;0;939,8;940,2;939,8;815,1;24,7;22,4;24,7;22,9;22,4;21,6;94;85;87;269;4,8;1,3;
2011-01-19;21:00;0;940,1;940,2;939,8;570,6;24,5;22,5;25,4;24,5;22,9;22,1;89;84;89;248;3,2;1,4;
2011-01-19;22:00;0;941,1;941,3;940,1;123,7;22,1;21,2;24,5;22,1;22,7;21;95;87;95;276;8,1;3,9;
2011-01-19;23:00;0;941,5;941,6;941,1;4,6;21,5;20,5;22,1;21,5;21,3;20,4;95;93;94;175;5,3;0;
2011-01-20;00:00;0;942;942,1;941,5;-9999;21,8;21;21,9;21,5;21;20,5;96;93;96;43;3;2,3;
2011-01-20;01:00;0;942,7;942,7;942;-9999;21,9;21;21,9;21,8;21,2;21;96;95;95;53;3,8;2,6;
2011-01-20;02:00;0;943,6;943,7;942,7;-9999;21,8;21,1;21,9;21,7;21,1;21;96;95;96;37;5,3;3,9;
2011-01-20;03:00;0;943,6;943,7;943,6;-9999;21,4;20,8;21,8;21,4;21,1;20,8;97;96;96;35;7,2;5;
2011-01-20;04:00;0;942,9;943,6;942,9;,2;21,2;20,7;21,4;21,1;20,9;20,6;97;96;97;39;7,7;5,1;
2011-01-20;05:00;0;942,3;942,9;942,3;1,2;20,9;20,5;21,2;20,9;20,7;20,5;98;97;98;29;8,7;6,1;
2011-01-20;06:00;0;942,1;942,3;942;-9999;20,8;20,4;20,9;20,8;20,5;20,4;98;98;98;27;9,2;6,7;
2011-01-20;07:00;0;942,1;942,2;942,1;,6;20,7;20,3;20,8;20,7;20,4;20,3;98;98;98;24;9,2;3,8;
2011-01-20;08:00;0;942,1;942,1;942;-9999;20,4;20;20,7;20,4;20,4;20;98;97;97;29;6,8;4,9;
2011-01-20;09:00;0;942,2;942,3;942,1;-9999;20,4;20;20,4;20,4;20;19,9;97;97;97;38;7,5;5,1;
2011-01-20;10:00;0;942,4;942,4;942,2;40,6;20,7;20,3;20,8;20,4;20,3;20;97;97;97;33;7,3;5,3;
2011-01-20;11:00;0;943,1;943,1;942,4;220,7;21,1;20,7;21,1;20,7;20,7;20,3;98;97;97;28;8;5,1;
2011-01-20;12:00;0;943,6;943,6;943,1;636,8;21,8;21,2;21,8;21,1;21,2;20,7;97;96;97;24;10,2;6,5;
2011-01-20;13:00;0;943,7;943,9;943,6;1335,3;22,2;21,3;22,3;21,7;21,5;20,8;97;93;94;21;10,2;5,9;
2011-01-20;14:00;0;943,7;943,7;943,6;1361,8;22,7;21,2;22,8;22,1;21,4;20,7;94;90;91;11;8,7;5,5;
2011-01-20;15:00;0;943,1;943,7;943,1;2466,4;23,8;21,6;24,2;22,7;22;21,1;92;85;87;31;8,1;5,7;
2011-01-20;16:00;0;942,6;943,1;942,6;2915;24,9;21,1;25,6;23,8;22,6;21,1;88;79;79;23;8,1;5,5;
2011-01-20;17:00;0;941,8;942,7;941,8;2942,7;26,1;21,6;26,1;24,9;22,1;20,5;81;73;76;21;8;4;
2011-01-20;18:00;0;940,9;941,8;940,9;3137,6;26,3;20,9;27,3;26;22,4;20,4;79;69;72;9;7,4;4,2;
2011-01-20;19:00;0;939,9;940,9;939,9;2078,5;24,4;21,8;27,2;24,4;22;20;86;67;86;330;8,9;5,1;
2011-01-20;20:00;0;939,8;940,1;939,8;597,8;23,3;21,5;25,2;23,3;22,8;21,2;92;85;89;275;10,9;4,3;
2011-01-20;21:00;0;940,4;940,4;939,8;227,5;23,2;21,5;23,4;23,2;21,8;21,3;92;88;90;267;6,1;3,4;
2011-01-20;22:00;0;941,1;941,2;940,4;101,6;22,8;21,6;23,2;22,8;21,6;21,2;93;89;93;275;4,6;1,9;
2011-01-20;23:00;0;941,5;941,5;941,1;2,1;22,3;21,5;22,8;22,3;21,6;21,4;95;93;95;357;2,8;1;
2011-01-21;00:00;0;942;942;941,4;-9999;22,2;21,4;22,5;22,2;21,6;21,4;96;95;96;23;2,7;1,7;
2011-01-21;01:00;0;942,7;942,7;942;-9999;22;21,3;22,3;22;21,6;21,3;96;95;96;358;2,6;1,7;
2011-01-21;02:00;0;943,2;943,3;942,7;-9999;22,1;21,4;22,1;21,9;21,4;21,3;96;95;96;9;2,2;0;
2011-01-21;03:00;0;942,5;943,2;942,5;-9999;22,1;21,5;22,3;22;21,5;21,3;96;95;96;88;2,5;1,4;
2011-01-21;04:00;0;941,8;942,5;941,8;-9999;21,6;21;22,1;21,6;21,5;21;96;95;96;28;1,9;1,4;
2011-01-21;05:00;0;941,8;941,9;941,8;-9999;21,6;21;21,6;21,5;21,1;21;97;96;97;33;1,9;0;
2011-01-21;06:00;0;941;941,8;940,9;-9999;21,5;21;21,7;21,4;21,2;21;97;97;97;25;1,2;,8;
2011-01-21;07:00;0;941;941,1;940,9;-9999;21,3;20,9;21,5;21,3;21;20,9;97;97;97;40;1,5;1,2;
2011-01-21;08:00;0;941,2;941,2;941;-9999;21,4;20,9;21,4;21,3;20,9;20,8;97;97;97;30;2;,5;
2011-01-21;09:00;0;941,3;941,3;941,1;-9999;21,1;20,4;21,4;21,1;20,9;20,4;97;96;96;48;2,4;1,6;
2011-01-21;10:00;0;941,8;941,8;941,3;72,2;21,6;21;21,6;21,1;21,1;20,4;97;96;97;36;3,7;2,2;
2011-01-21;11:00;0;942,4;942,4;941,8;355,8;22,2;21,3;22,2;21,6;21,5;21;97;94;95;19;3,4;2;
2011-01-21;12:00;0;942,8;942,8;942,4;515,9;22,5;20,8;22,6;22,1;21,5;20,8;95;90;90;33;4,6;2,5;
2011-01-21;13:00;0;943,1;943,1;942,8;1096,3;23,9;21,7;23,9;22,5;21,7;20,8;91;85;87;38;3,8;2,5;
2011-01-21;14:00;0;943;943,2;943;3009;25,5;21,6;25,9;23,7;21,9;21;87;77;79;20;4,3;2,2;
2011-01-21;15:00;0;942,8;943;942,8;3522,3;26,8;21,4;27,6;25,4;22,7;20,7;82;69;73;27;6,1;3,6;
2011-01-21;16:00;0;942,3;942,8;942,3;3455,1;27,2;21,6;28,3;26,8;22,3;20,9;74;66;72;24;7,1;4,6;
2011-01-21;17:00;0;941,1;942,3;941,1;3462,9;28,4;20,4;28,5;27;22,4;20,1;72;60;62;24;7,9;4,2;
2011-01-21;18:00;0;940;941,1;939,9;3398,7;28,8;20,5;29,4;27,8;21,9;20,1;68;58;61;2;7,4;4,7;
2011-01-21;19:00;0;939,2;940;939,2;2915,9;29,1;20,5;29,8;28,7;22,2;20,1;66;57;60;10;7,4;2,8;
2011-01-21;20:00;0;939,1;939,3;939;924;25;22,1;29,2;24;22,5;20,2;89;58;84;28;12;1,5;
2011-01-21;21:00;0;939,4;939,6;939,1;334,2;24,6;21,9;25;24,2;22,8;21,6;89;84;85;317;4,5;1,8;
2011-01-21;22:00;0;939,9;939,9;939,4;152,7;24;21,8;24,6;24;22,2;21,5;88;83;87;317;2,8;1,4;
2011-01-21;23:00;0;940,3;940,3;939,9;2,9;23,3;21,1;24;23,2;21,8;21,1;90;87;88;344;2,9;1,7;
2011-01-22;00:00;0;941,1;941,1;940,3;-9999;23,1;20,6;23,3;23;21,1;20,4;88;84;86;307;2,8;1,5;
2011-01-22;01:00;0;941,9;941,9;941,1;-9999;22,6;20,6;23,1;22,6;20,8;20,4;89;86;89;45;2,7;2,2;
2011-01-22;02:00;0;943,2;943,2;941,9;-9999;22,7;20,8;22,9;22,3;21,1;20,4;91;88;89;100;3,5;1,5;
2011-01-22;03:00;0;943,3;943,3;943,2;-9999;23,3;21,2;23,5;22,7;21,3;20,8;90;85;88;113;3,8;2;
2011-01-22;04:00;0;942,8;943,3;942,8;-9999;22,8;20,8;23,5;22,8;21,3;20,8;89;85;89;87;3,8;2,4;
2011-01-22;05:00;0;942,2;942,8;942,2;-9999;21,9;20,3;22,8;21,7;20,8;20,3;92;89;91;65;3,2;2,1;
2011-01-22;06:00;0;942,4;942,4;942,1;-9999;21,8;20,6;21,9;21,5;20,6;20,2;93;91;93;78;3,4;2,8;
2011-01-22;07:00;0;941,9;942,4;941,9;-9999;21,3;20,2;21,9;21,3;20,6;20,1;93;92;93;71;3,4;2,5;
2011-01-22;08:00;0;941,9;942;941,8;-9999;21,6;20,3;21,7;21,3;20,5;20,1;94;91;92;92;3,7;2,1;
2011-01-22;09:00;0;942,2;942,2;941,9;-9999;21,3;20;21,9;20,9;20,3;19,7;94;89;93;80;3,6;1,5;
2011-01-22;10:00;0;942,7;942,7;942,1;71,5;21,3;20,2;21,3;20,7;20,2;19,5;95;92;93;96;2,8;1,5;
2011-01-22;11:00;0;943,3;943,3;942,7;541,7;23,9;21,7;23,9;21,3;21,8;20,2;94;87;87;51;2,3;1,5;
2011-01-22;12:00;0;944;944;943,3;1415,3;25,4;22,5;25,4;23,9;22,5;21,3;88;80;84;12;3,5;2,4;
2011-01-22;13:00;0;944,5;944,5;944;2336,6;26,7;22;26,7;25;22,4;21,2;83;74;76;31;4;2,5;
2011-01-22;14:00;0;944,7;944,7;944,5;2375,9;27,1;21,9;27,3;26,4;22,4;21,3;78;71;73;36;4,2;2,2;
2011-01-22;15:00;0;944,7;944,8;944,7;2793;28,2;21,7;28,4;26,9;22,6;21,3;76;67;68;44;4;1,5;
2011-01-22;16:00;0;943,9;944,7;943,9;2974,9;29,3;20;29,3;27,9;21,9;20;69;58;58;354;4,5;2,5;
2011-01-22;17:00;0;942,8;943,9;942,8;3990,8;29,5;20,6;30,1;29;22;19,5;64;54;59;351;7,2;2,1;
2011-01-22;18:00;0;942,3;942,8;942,3;2142,3;29,3;21,5;30;29;22,4;20,4;65;59;63;38;4,8;3,6;
2011-01-22;19:00;0;942,1;942,6;941,9;923,1;26;22,3;29,3;26;22,3;20,5;80;60;80;97;6,4;3,5;
2011-01-22;20:00;0;941,8;942,1;941,7;534,8;26,5;22,6;26,5;25,7;22,8;21,9;82;76;79;68;6;3,8;
2011-01-22;21:00;0;942,6;942,6;941,8;375,2;24,2;20,9;26,9;24,2;22,9;20,2;82;76;82;121;8,1;3,4;
2011-01-22;22:00;0;943;943;942,6;34,3;23;20,7;24,2;23;21,3;20,6;87;82;87;85;8,5;4,1;
2011-01-22;23:00;0;943,1;943,3;943;-9999;22,3;21,1;23;22,3;21,2;20,7;93;87;93;355;6,5;1;
2011-01-23;00:00;0;944,5;944,5;943,1;-9999;22,2;21,1;22,4;22,2;21,4;21,1;94;93;93;162;2,1;,6;
2011-01-23;01:00;0;945,3;945,3;944,5;-9999;21,9;21,1;22,2;21,9;21,2;21,1;96;93;96;33;3,1;,2;
2011-01-23;02:00;0;945,9;945,9;945,3;-9999;21,2;20,4;21,9;21,1;21,1;20,3;96;94;95;317;2,9;0;
2011-01-23;03:00;0;945,8;946;945,7;-9999;20,8;20,2;21,4;20,8;20,5;20,2;96;94;96;111;1,7;,9;
2011-01-23;04:00;0;945,3;945,8;945,1;-9999;20,7;20,2;20,8;20,6;20,3;20,1;97;96;97;113;4,4;2,6;
2011-01-23;05:00;0;945,2;945,3;945,1;-9999;20,6;19,9;21;20,6;20,2;19,7;97;94;96;65;4,4;2,3;
2011-01-23;06:00;0;944,9;945,4;944,9;-9999;20,5;19,4;20,9;20,5;20;19,4;96;92;93;80;3,9;1,3;
2011-01-23;07:00;0;944,6;945;944,5;-9999;20,3;19;20,5;20,3;19,4;19;94;92;92;66;5,1;3,8;
2011-01-23;08:00;0;944,9;944,9;944,6;-9999;20,2;18,8;20,4;20,2;19;18,7;92;91;92;72;5,2;3,1;
2011-01-23;09:00;0;945,2;945,2;944,8;-9999;20,2;18,9;20,3;20,1;19;18,8;93;92;92;72;4,3;3,1;
2011-01-23;10:00;0;945,3;945,4;945,1;90,2;20,7;18,9;20,7;19,8;19;18,6;93;90;90;119;4,3;1,2;
2011-01-23;11:00;0;946;946;945,3;561;23,4;19,9;23,4;20,7;20,1;18,9;90;80;81;88;4,6;3;
2011-01-23;12:00;0;946,5;946,5;946;1727,9;25,3;19,7;25,6;23,4;19,9;18,6;81;67;71;73;4,6;3;
2011-01-23;13:00;0;946,9;946,9;946,4;2477,8;25,9;21,3;26,1;25,2;21,3;19,4;76;70;76;30;5,8;2,2;
2011-01-23;14:00;0;947,1;947,2;946,9;3218,2;27,9;20,2;27,9;25,8;21,2;18,7;76;60;63;29;5,9;3,2;
2011-01-23;15:00;0;946,8;947,2;946,8;3770,8;28,5;20;28,9;27,4;20,8;18,8;64;58;60;10;7,1;3,7;
2011-01-23;16:00;0;946,3;946,8;946,3;3437,9;28,7;19,2;29,5;28,2;21,2;18,6;63;54;56;38;6,7;3,4;
2011-01-23;17:00;0;945,6;946,3;945,6;2888,5;29,4;20,1;29,4;28,3;21,1;18,9;63;56;57;37;5,8;3,2;
2011-01-23;18:00;0;944,5;945,6;944,5;3118,1;29,2;19,2;30,1;28,5;21,2;19,2;61;55;55;37;6;3,4;
2011-01-23;19:00;0;943,1;944,5;943,1;2068,4;29,1;19,3;29,7;28,6;21,2;19,1;62;54;56;21;6;2,8;
2011-01-23;20:00;0;942,4;943,1;942,4;2053,3;29,6;20,2;29,8;28,6;20,8;19,4;62;55;57;18;5,5;2,8;
2011-01-23;21:00;0;942;942,4;942;1574,3;29,3;20,5;29,8;29,2;21,5;19;62;52;59;22;5,8;3,5;
2011-01-23;22:00;0;942,8;942,8;942;640,3;26,7;20,8;29,5;26,7;21,2;19,8;70;57;70;33;5,6;3,2;
2011-01-23;23:00;0;943,9;943,9;942,8;12,1;24,6;21,3;26,7;24,6;21,5;20,9;82;70;82;31;3,9;2,2;
2011-01-24;00:00;0;944,6;944,6;943,9;-9999;23,8;20,6;24,6;23,7;21,3;20,4;85;81;83;31;2,8;1,7;
2011-01-24;01:00;0;945,6;945,6;944,6;-9999;24;20,1;24,8;23,6;20,7;19,8;84;74;79;135;2,4;1,6;
2011-01-24;02:00;0;946,9;946,9;945,6;-9999;24;20,4;24,4;23,8;20,7;20;83;77;80;149;2,5;,5;
2011-01-24;03:00;0;946,8;947;946,7;-9999;23,5;20,5;24,2;23,4;20,7;20,2;84;79;83;117;2,3;1,8;
2011-01-24;04:00;0;946,4;946,9;946,4;-9999;24,6;20,4;25,3;23,5;20,9;20,1;84;73;77;111;3,4;1,5;
2011-01-24;05:00;0;945,7;946,5;945,7;-9999;24,6;20,2;25;24,1;20,9;20,1;82;75;76;134;2,4;1;
2011-01-24;06:00;0;945,1;945,7;945,1;-9999;22,9;20,7;24,6;22,9;20,8;20,1;87;76;87;138;3,9;2,6;
2011-01-24;07:00;0;945,1;945,1;945;-9999;23,1;20,4;23,5;22,8;20,8;20,2;88;83;85;94;4,8;2,4;
2011-01-24;08:00;0;945,1;945,1;945;-9999;22,8;20,5;23,4;22,7;20,6;20,3;87;83;87;123;3,9;1,9;
2011-01-24;09:00;0;945,3;945,3;945;-9999;23;20,2;23,1;22,5;20,5;20,2;87;84;85;82;4,1;1,3;
2011-01-24;10:00;0;946;946;945,3;62,1;22,7;20,5;23,3;22,6;20,5;20;87;83;87;104;3,6;2,2;
2011-01-24;11:00;0;946,5;946,5;946;465,1;25,4;21,2;25,4;22,7;21,5;20,4;87;78;78;111;3,7;2,1;
2011-01-24;12:00;0;946,9;946,9;946,5;1353;26,9;20,7;27;25,4;21,3;20,1;78;67;69;46;3,7;2,1;
2011-01-24;13:00;0;947;947,1;946,9;1958,9;28,3;21,2;28,3;26,9;21,7;20,1;72;64;65;45;4,5;2,7;
2011-01-24;14:00;0;946,9;947;946,8;2595,3;28,6;20,8;28,9;27,8;21,9;19,9;67;60;63;20;4,8;2,4;
2011-01-24;15:00;0;946,4;947;946,4;2142,8;27,9;21,2;29,2;25,6;22,9;19,8;83;58;67;95;5,4;,6;
2011-01-24;16:00;0;945,1;946,4;945,1;3255,6;29,8;20,5;30,1;27,9;22,4;20,2;69;56;57;85;6,8;2,3;
2011-01-24;17:00;0;944,2;945,1;944,2;3802,1;30,9;19,9;31,6;29,7;21,4;19,7;60;51;52;75;8,3;3,7;
2011-01-24;18:00;0;943,1;944,2;943,1;2775,5;31,1;18,4;32,3;30,6;21,1;17,9;54;44;47;141;6,2;2,5;
2011-01-24;19:00;0;941,8;943,1;941,8;2626,1;32,2;18,7;32,2;29,9;21,2;17,9;56;43;45;126;12,8;2,5;
2011-01-24;20:00;0;941,6;941,8;941,5;1465;27,9;22,3;32,4;27,3;22,3;16,2;72;39;72;310;10,1;4;
2011-01-24;21:00;0;941,4;941,6;941,2;1059,4;24,7;21,2;28,9;24,7;22,3;19,8;81;63;81;341;10,2;2,3;
2011-01-24;22:00;0;942,3;942,3;941,2;77,7;23,1;20,2;24,8;23,1;21,1;19,4;84;73;84;322;5;2;
2011-01-24;23:00;0;943,9;943,9;942,3;3,3;22;19,6;23,7;22;20,3;19,5;86;79;86;313;8,2;4,3;
2011-01-25;00:00;0;943,9;944,1;943,7;-9999;21;20;22;20,9;20;19,4;94;86;94;317;10,9;1,7;
2011-01-25;01:00;0;944,4;944,4;943,9;-9999;20,9;20,1;21,1;20,8;20,3;20;95;94;95;148;4;1,4;
2011-01-25;02:00;0;944,7;945;944,4;-9999;20,8;20;20,9;20,5;20,2;19,7;96;95;95;161;3,3;1,6;
2011-01-25;03:00;0;944,8;944,9;944,6;-9999;21,3;19,7;21,3;20,7;20,1;19,7;95;91;91;125;4,1;2,9;
2011-01-25;04:00;0;944,5;944,8;944,5;-9999;21,3;19,5;21,6;21,1;19,7;19,4;91;88;89;118;4,4;2,3;
2011-01-25;05:00;0;944,3;944,7;944,3;-9999;21,2;19,3;21,4;20,9;19,5;19,3;91;89;89;150;3,6;1,5;
2011-01-25;06:00;0;944,1;944,3;944;-9999;20,8;19;21,6;20,6;19,4;18,8;91;86;89;115;2,9;1;
2011-01-25;07:00;0;944,1;944,1;943,9;-9999;20,4;19,1;21,2;20,4;19,3;18,9;92;88;92;196;1,6;,3;
2011-01-25;08:00;0;944,4;944,4;944,1;-9999;20,7;19,1;20,9;20,4;19,3;19;92;89;90;168;2,8;1,2;
2011-01-25;09:00;0;944,9;944,9;944,4;-9999;20,8;19,2;21;20,7;19,4;19;91;90;90;165;2,6;1,9;
2011-01-25;10:00;0;945,5;945,5;944,9;70,5;22,5;20,5;22,5;20,8;20,7;19,2;92;88;88;168;3,3;,7;
2011-01-25;11:00;0;945,7;945,8;945,4;726,5;24,1;20,9;24,3;22,5;21,4;20,4;89;81;82;192;2,6;,9;
2011-01-25;12:00;0;946,3;946,3;945,7;1499,2;25,4;21,2;25,7;24,1;21,7;20,6;84;75;77;178;4,2;1,7;
2011-01-25;13:00;0;946,6;946,6;946,3;2379,2;27,6;21,9;28;25,3;22,4;21;80;69;71;183;4,3;1,7;
2011-01-25;14:00;0;946,5;946,6;946,4;3209,9;28,9;21,2;29,6;27,6;23;20,8;72;60;63;239;3,3;1,3;
2011-01-25;15:00;0;946,1;946,5;946,1;2524,5;29,3;21,2;30,1;28,4;22;20,5;66;59;62;242;3,6;,8;
2011-01-25;16:00;0;945,4;946,1;945,4;2116,8;30,5;20,1;31,1;29,3;21,8;19,4;63;50;54;339;5,8;2,4;
2011-01-25;17:00;0;944,5;945,4;944,5;2106,5;30,9;19,6;31,5;30,3;21,3;19,2;59;49;51;8;5,8;1,4;
2011-01-25;18:00;0;943,6;944,5;943,5;1982;29,3;21,4;32,4;29,3;21,4;19,1;62;48;62;192;4,9;,5;
2011-01-25;19:00;0;942,9;943,8;942,5;715,6;25,4;18,5;29,3;24;22,6;18,5;79;61;65;340;11,3;5,9;
2011-01-25;20:00;0;942,1;942,9;942,1;1329,3;28,9;21,6;29,8;24,7;22,2;18,7;75;57;65;314;10,4;2,2;
2011-01-25;21:00;0;941,6;942,2;941,6;1017,2;27,9;23,4;29,6;27,9;23,7;21,7;77;63;77;262;4,6;1,7;
2011-01-25;22:00;0;942,4;942,4;941,6;215,5;26,1;22,8;27,9;26,1;23,7;22,7;84;75;82;254;6;1,5;
2011-01-25;23:00;0;942,7;942,7;942,3;4,3;24,6;22,5;26,1;24,6;23,2;22,3;88;82;88;295;3;2;
2011-01-26;00:00;0;943,7;943,7;942,7;-9999;24,3;22,4;24,6;23,6;22,4;21,9;91;88;89;120;2,9;,5;
2011-01-26;01:00;0;944,1;944,1;943,7;-9999;24,5;21,9;24,7;23,6;22,5;21,7;91;85;86;149;1,4;,6;
2011-01-26;02:00;0;945,2;945,2;944,1;-9999;23,2;21,7;24,5;23,2;21,9;21,3;91;84;91;34;5;2,3;
2011-01-26;03:00;0;945,1;945,2;944,9;-9999;23,8;21,5;24,6;23,2;22;21,5;92;83;87;51;3,4;1,8;
2011-01-26;04:00;0;945,2;945,3;945;-9999;23,3;21,3;23,8;23,1;21,5;21,3;90;87;89;38;4,1;3,7;
2011-01-26;05:00;0;944,6;945,2;944,6;-9999;23,3;21,7;23,6;23,2;21,7;21,2;91;88;91;37;4,1;3;
2011-01-26;06:00;0;944,4;944,7;944,4;-9999;22,5;21;23,4;22,5;21,8;21;93;91;91;28;4,6;3,4;
2011-01-26;07:00;0;944,2;944,5;944,2;-9999;21,9;20,7;22,5;21,9;21;20,6;93;91;93;34;4,1;3,3;
2011-01-26;08:00;0;944,4;944,4;944,2;-9999;21,9;20,8;22;21,8;20,9;20,6;94;93;93;55;4,9;3,3;
2011-01-26;09:00;0;944,9;944,9;944,4;-9999;21,6;20,5;22;21,4;20,8;20,4;94;92;94;49;5;3,1;
2011-01-26;10:00;0;945,7;945,7;944,9;39,8;21,8;20,6;21,8;21,6;20,6;20,5;94;93;93;66;4,4;2,2;
2011-01-26;11:00;0;946,3;946,3;945,7;342,5;23,2;21,4;23,2;21,8;21,4;20,6;93;90;90;51;4,2;3,1;
2011-01-26;12:00;0;946,9;946,9;946,3;1371,5;25,1;21,8;25,1;23,2;22,4;21,3;90;82;82;34;4,9;3,5;
2011-01-26;13:00;0;947,1;947,1;946,9;2387,4;27;21,6;27,2;25;22,9;21,4;84;71;72;41;5;1,9;
2011-01-26;14:00;0;947;947,1;946,9;2945,7;28,4;18,6;28,5;26,9;22,5;17,7;76;52;55;61;3,9;1,6;
2011-01-26;15:00;0;946,1;947;946,1;3600,5;29;19,7;29,7;28,3;21,7;19,6;66;56;57;36;4,6;2,2;
2011-01-26;16:00;0;945,7;946,1;945,7;3945,1;29,9;20,2;30,5;28,9;21,5;19,1;62;52;56;51;6,2;2,8;
2011-01-26;17:00;0;944,7;945,7;944,7;4004,4;31,2;20,8;31,3;29,4;21,6;19,4;60;52;54;2;7,1;2,7;
2011-01-26;18:00;0;944,1;944,7;944;3228,6;30,1;20,3;31,5;29,7;21,9;19,4;62;51;56;13;8,1;5,1;
2011-01-26;19:00;0;943,7;944,1;943,5;295,7;25,9;22,3;30,2;25,7;22,3;19,1;81;53;81;148;8,1;2,3;
2011-01-26;20:00;0;942,5;943,7;942,5;995;28,2;21,8;29,1;25,9;22,6;21,1;81;63;68;352;4,1;1,6;
2011-01-26;21:00;0;942,3;942,5;942;319;27;22,8;28,3;27;22,9;20,7;78;63;78;322;3,8;,6;
2011-01-26;22:00;0;942,4;942,6;942,3;136,9;25,9;22,4;27,3;25,9;23,2;20,8;82;68;81;14;1,8;,7;
2011-01-26;23:00;0;943,1;943,1;942,4;4,5;25,3;21,8;26,2;25,1;23,5;21,3;90;75;81;3;5,8;2,6;
2011-01-27;00:00;0;943,7;943,7;943,1;-9999;23,4;20,1;25,3;23,4;21,8;20,1;88;80;82;35;5,8;3,5;
2011-01-27;01:00;0;944,9;944,9;943,6;-9999;22,6;19,7;23,4;22,4;20,2;19,7;86;82;83;38;4,3;3,1;
2011-01-27;02:00;0;946,2;946,2;944,9;-9999;22,4;19,6;22,6;21,8;19,7;19,5;87;83;84;39;5;3,2;
2011-01-27;03:00;0;946,1;946,3;946;-9999;22,1;19,5;22,5;21,9;19,7;19,5;87;84;85;21;5,5;3,8;
2011-01-27;04:00;0;945,8;946,3;945,7;-9999;21;19,2;22,2;21;19,5;19,2;89;84;89;31;5,2;3,8;
2011-01-27;05:00;0;945,7;945,9;945,7;-9999;20,9;19,2;21,2;20,4;19,2;18,9;92;88;90;62;4,4;1,5;
2011-01-27;06:00;0;945,4;945,7;945,4;-9999;20,3;18,7;21,4;20;19,2;18,6;92;87;91;37;3,3;3;
2011-01-27;07:00;0;945,1;945,4;945,1;-9999;20,3;18,5;20,4;20;18,8;18,5;91;89;90;57;4,4;3;
2011-01-27;08:00;0;945,2;945,5;945,1;-9999;20;18,6;20,4;19,9;18,8;18,4;92;90;92;79;3,9;2,9;
2011-01-27;09:00;0;945,5;945,5;945,1;-9999;20,9;18,7;21,4;20;18,9;18,4;92;85;87;120;3,6;2,3;
2011-01-27;10:00;0;945,7;945,7;945,4;53,9;21,1;19,4;21,4;20,7;19,4;18,7;90;86;90;110;3,8;1,7;
2011-01-27;11:00;0;946,4;946,4;945,7;529,4;22,5;20,2;22,7;21,1;20,3;19,4;90;86;87;146;4,3;1,8;
2011-01-27;12:00;0;947,2;947,2;946,4;1176,9;24,1;20,4;24,2;22,5;20,8;19,6;88;76;80;29;4,6;3,1;
2011-01-27;13:00;0;947,3;947,3;947,1;1460,3;25,2;19,6;25,3;23,8;20,7;19,4;81;70;71;40;5,3;3,8;
2011-01-27;14:00;0;947;947,3;947;2925;26,8;20,5;27,8;25,2;20,7;19,2;72;63;68;20;7,5;4,5;
2011-01-27;15:00;0;946,5;947;946,5;3161,5;27,6;20,7;28,4;26,5;20,9;19,6;70;61;66;23;7,8;5,1;
2011-01-27;16:00;0;945,9;946,5;945,9;3601,3;28,7;19,9;29;27,4;20,8;19,4;67;57;59;34;8,6;5,7;
2011-01-27;17:00;0;945,3;946;945,3;3649;29,9;19,5;30;28,5;21,4;18,8;64;54;54;33;7,9;3,6;
2011-01-27;18:00;0;944,4;945,4;944,4;3628,9;30,3;18,8;30,7;29,2;20;17,6;55;47;50;32;7,6;3,9;
2011-01-27;19:00;0;943,2;944,4;943,2;3079,7;30;19,1;30,9;29,6;19,8;16,1;55;41;52;22;6,7;3,9;
2011-01-27;20:00;0;942,2;943,2;942,2;2487,5;30,1;19,1;30,8;29,9;20,7;18,5;56;49;52;26;7,1;4,1;
2011-01-27;21:00;0;941,6;942,2;941,6;1533,1;29,8;19,9;30,5;29,7;20,1;18,8;56;50;56;18;6,1;3,8;
2011-01-27;22:00;0;942,1;942,1;941,6;540,7;28,5;20,6;29,8;28,5;20,7;19,4;63;55;63;36;5,1;2;
2011-01-27;23:00;0;942,8;942,8;942;11,2;25,7;21,5;28,5;25,7;22,1;20,6;78;62;78;348;2,8;1,8;
2011-01-28;00:00;0;943,7;943,7;942,8;-9999;25,3;21,4;25,8;25,3;21,9;21;80;76;79;40;2;,9;
2011-01-28;01:00;0;944,8;944,8;943,7;-9999;24,6;20,9;25,3;24,3;21,6;20,9;84;78;80;129;1,3;,1;
2011-01-28;02:00;0;945,8;945,8;944,8;-9999;24,3;21;24,7;23,3;21,7;20,7;85;79;82;140;3,2;1;
2011-01-28;03:00;0;945,8;946;945,8;-9999;25,1;20,7;25,1;23,8;21,1;20,6;84;77;77;127;3,1;2,4;
2011-01-28;04:00;0;945,7;945,9;945,7;-9999;24,3;20,6;25,2;24,2;20,7;20,4;80;76;80;115;4,5;2,2;
2011-01-28;05:00;0;945,4;945,7;945,4;-9999;23,4;20,4;24,7;23,4;21;20,4;84;79;83;99;4,5;1,2;
2011-01-28;06:00;0;945,3;945,5;945,3;-9999;22,6;20;23,8;22,6;20,5;20;85;80;85;78;3,2;2,4;
2011-01-28;07:00;0;945,2;945,3;945,1;-9999;21,8;19,6;22,6;21,8;20;19,6;88;85;87;52;4,9;3;
2011-01-28;08:00;0;945,2;945,4;945,1;-9999;21,2;19,7;22,1;21,2;19,8;19,5;91;86;91;42;4,9;2,7;
2011-01-28;09:00;0;945,4;945,4;945,1;-9999;21,2;19,2;21,5;21;19,9;19,2;92;88;88;113;3;,5;
2011-01-28;10:00;0;946;946;945,3;62,7;22,5;19,5;22,5;21;19,6;19,2;90;83;83;125;3;1,7;
2011-01-28;11:00;0;946,5;946,5;946;702;25;21,7;25,4;22,5;21,7;19,6;84;77;82;145;2,6;1,3;
2011-01-28;12:00;0;947;947;946,5;1603;27,6;19,7;27,8;25,1;21,7;19,3;82;61;62;71;4,8;2,6;
2011-01-28;13:00;0;947,2;947,2;946,9;2411,1;28,2;20,9;28,3;27,5;21;19,4;66;61;64;35;6,5;4,3;
2011-01-28;14:00;0;947,2;947,3;947,1;3069,8;28,9;21,1;29,3;28;21,4;20,3;65;61;63;25;7,7;4,8;
2011-01-28;15:00;0;947;947,3;947;3723;29,5;20,6;30,1;28,7;21,7;19,7;65;56;59;13;7,3;2,8;
2011-01-28;16:00;0;946,5;947;946,5;3312,2;30,2;21,3;31,1;29;22,3;19,6;62;54;59;342;5,7;2,1;
2011-01-28;17:00;0;945,9;946,5;945,9;3782,3;31,3;20,4;31,9;30;21,3;19,8;59;50;52;4;8;3,6;
2011-01-28;18:00;0;944,5;945,9;944,5;2228,3;29,9;21,4;31,8;29,6;21,4;19,5;61;51;61;353;7,7;2,4;
2011-01-28;19:00;0;943,4;944,6;943,1;357,6;27,9;22;29,9;27,8;22,3;21,3;71;60;71;354;5,5;2,2;
2011-01-28;20:00;0;943,4;943,6;942,9;242,6;28,3;21,8;28,5;27,9;22,3;21,2;71;65;68;336;4,1;,8;
2011-01-28;21:00;0;943,3;943,7;943,3;136,1;25;18,9;28,3;24,9;22,8;17,5;78;59;69;188;11,1;,9;
2011-01-28;22:00;0;943,9;944;943,2;36,5;23,8;21;25,5;23,8;21,1;19;84;69;84;246;10,4;,6;
2011-01-28;23:00;0;944,9;944,9;943,9;-9999;23,5;20,3;23,8;23,3;20,9;20,3;85;83;83;162;3,2;1,7;
2011-01-29;00:00;0;946,4;946,4;944,9;-9999;22;19,2;23,5;22;20,5;19,1;85;82;84;138;6,6;2,5;
2011-01-29;01:00;0;947,4;947,4;946,4;-9999;21,7;19,5;22,2;21,7;19,5;19;87;83;87;177;4,9;1,3;
2011-01-29;02:00;0;949;949;947,3;-9999;22,4;19,7;22,4;21,6;19,9;19,5;89;85;85;78;7,6;4,8;
2011-01-29;03:00;0;949,8;950,3;948,9;1,8;18,5;17,9;22,5;18,5;20,1;17,9;96;84;96;356;11,7;4;
2011-01-29;04:00;0;948,7;949,8;948,7;-9999;19,4;18,7;19,6;18,5;18,7;17,8;96;93;95;249;6,7;2,1;
2011-01-29;05:00;0;949;949;948,6;-9999;19,5;18,4;20,2;19,2;18,9;18,3;96;92;93;140;6,1;2,6;
2011-01-29;06:00;0;948,4;949;947,7;-9999;19,6;18,5;19,7;19,3;18,9;18,4;96;93;93;138;6,1;3,5;
2011-01-29;07:00;0;947,7;948,4;947,7;,1;19,4;18,5;19,9;19,4;18,7;18,5;95;92;95;177;5,9;1,6;
2011-01-29;08:00;0;947,4;947,7;947,4;-9999;19,8;19;19,8;19,2;19;18,4;96;95;95;155;4,2;2,3;
2011-01-29;09:00;0;948,2;948,2;947,3;-9999;20,2;19;20,7;19,8;19,1;18,9;95;90;93;228;4,6;,8;
2011-01-29;10:00;0;949,4;949,4;948,2;59;19,9;19,1;20,2;19,9;19,2;19;95;93;95;281;4,2;2,8;
2011-01-29;11:00;0;949,7;949,8;949,4;407,5;21,3;19,5;21,3;19,9;19,7;19,1;95;89;89;247;4,2;,3;
2011-01-29;12:00;0;950,4;950,4;949,7;1307,3;23,6;19,3;23,8;21,3;20,1;17,9;90;72;77;288;2,2;1,1;
2011-01-29;13:00;0;951,2;951,2;950,4;1065;24;19,3;24,2;23,6;19,6;18,2;77;70;75;60;4,1;2,6;
2011-01-29;14:00;0;951,4;951,4;951,2;2955,6;24,6;20,2;26;24,1;21;18,7;78;67;76;64;8,1;5,7;
2011-01-29;15:00;0;951,4;951,5;951,2;2133,7;24,2;20,5;25,3;24;21,2;19,8;82;74;80;87;10,1;6,8;
2011-01-29;16:00;0;951;951,4;951;3371,5;23,9;20,7;25,2;23,4;21,5;20,2;84;76;82;80;10,6;6,7;
2011-01-29;17:00;0;950,3;951;950,3;2443,2;23,2;18,4;24,4;23,2;20,7;18,4;83;71;74;43;9,9;5,3;
2011-01-29;18:00;0;949;950,3;949;2132,3;24,2;18,3;24,7;23;19,7;17,9;78;69;70;93;8;2,4;
2011-01-29;19:00;0;946,9;949;946,9;1999,8;25,9;19,7;26;24,2;19,7;17,6;73;64;69;249;3,9;1,6;
2011-01-29;20:00;0;945,6;946,9;945,6;1782,1;27,4;20,3;27,8;25,9;20,9;18,4;70;62;65;286;5,3;2,6;
2011-01-29;21:00;0;945,5;945,6;945,3;1152,7;26,3;20,1;27,5;26,3;21,1;18,4;71;58;69;337;6,2;3,7;
2011-01-29;22:00;0;945,9;945,9;945,5;505;23,5;19,4;26,3;23,5;20,2;19,1;78;68;78;25;6,3;4;
2011-01-29;23:00;0;947,6;947,6;945,9;7,7;21,7;19,4;23,5;21,7;19,6;19,1;87;78;87;40;5,8;3,7;
2011-01-30;00:00;0;948,2;948,2;947,6;-9999;21,2;19,6;21,7;21,2;19,7;19,3;91;87;91;53;5,1;3,3;
2011-01-30;01:00;0;949;949;948,2;-9999;20,9;19,5;21,2;20,8;19,6;19,5;92;91;92;56;4,3;2,2;
2011-01-30;02:00;0;949,3;949,3;948,9;-9999;20,5;19;21,2;20,5;19,6;19;92;90;91;113;3,3;,1;
2011-01-30;03:00;0;949,5;949,5;949,2;-9999;21,1;19,5;21,3;20,3;19,6;19;93;89;91;103;1,8;1,1;
2011-01-30;04:00;0;949,2;949,6;949,2;-9999;21,1;19,6;21,3;20,8;19,8;19,5;93;90;91;127;2,4;1,2;
2011-01-30;05:00;0;948,3;949,3;948,3;-9999;20,5;19,5;21,3;20,5;19,7;19,3;94;90;93;67;2,2;,6;
2011-01-30;06:00;0;947,9;948,3;947,9;-9999;21,2;19,6;21,2;20,5;19,8;19,3;94;90;90;126;2;1,5;
2011-01-30;07:00;0;947,5;948;947,5;-9999;21,5;19,7;21,6;21,2;19,8;19,5;91;88;90;113;2,3;1,4;
2011-01-30;08:00;0;947,3;947,5;947,2;-9999;21,4;19,6;22,4;21,4;19,8;19,5;90;84;89;122;2,4;,5;
2011-01-30;09:00;0;947,8;947,8;947,3;-9999;22;19,7;22,2;21,3;20;19,6;92;86;87;113;2;1,2;
2011-01-30;10:00;0;948,4;948,4;947,8;47,7;21,5;19,5;22,6;20,9;19,8;19,2;91;82;88;116;3,4;2,5;
2011-01-30;11:00;0;948,9;948,9;948,4;676,5;23,9;20,7;23,9;21,4;20,8;19,4;89;82;82;138;3,4;1,4;
2011-01-30;12:00;0;949,3;949,3;948,9;1604,2;26,2;19,7;26,4;23,9;21,2;19,7;82;67;67;86;3,4;1,7;
2011-01-30;13:00;0;949,2;949,5;949,2;2428,2;27,4;19,8;27,4;26,1;20,7;19,4;70;62;63;69;4,3;2,2;
2011-01-30;14:00;0;949,1;949,3;949,1;3171,3;28,8;19,7;29;27,4;20,5;18,8;65;55;58;70;7,1;2,9;
2011-01-30;15:00;0;948,8;949,1;948,8;3633,5;29,6;19,8;29,8;28,2;20,9;18,9;62;54;56;20;6,4;2,6;
2011-01-30;16:00;0;948;948,8;948;3495,2;29,8;19,2;30,2;28,8;20,9;18,9;59;51;53;35;6,9;3,4;
2011-01-30;17:00;0;947,3;948;947,3;3585,9;30,3;19,5;31,1;29,2;21;18,3;60;49;53;68;6,7;2,7;
2011-01-30;18:00;0;946,6;947,3;946,6;3641,2;30,5;19;31,6;29,9;20,3;17,9;57;46;50;350;6,6;3,1;
2011-01-30;19:00;0;945,5;946,6;945,5;3324,2;31,1;20;31,6;30,2;20,8;18,7;56;49;52;351;6,7;2,9;
2011-01-30;20:00;0;944,9;945,5;944,9;1698,9;29,3;20,5;31,3;29,1;21,2;18,3;62;47;59;23;6,7;3;
2011-01-30;21:00;0;944,5;944,9;944,5;1385;29,7;20,5;29,9;29,3;20,9;19,3;60;53;58;343;4,5;1,6;
2011-01-30;22:00;0;944,6;944,7;944,5;489,3;27,8;20,6;29,7;27,8;20,8;19,5;65;55;65;43;4,4;2,4;
2011-01-30;23:00;0;945;945;944,6;13,3;25,9;21,4;27,8;25,8;22,1;20,6;80;65;77;42;3,4;,5;
2011-01-31;00:00;0;945,4;945,4;945;-9999;25,2;20,5;25,9;24,9;21,9;20,5;82;75;75;29;1,5;,9;
2011-01-31;01:00;0;946,4;946,4;945,4;-9999;24,7;20,6;25,4;24,5;21,4;20,3;81;74;78;134;5,7;3,6;
2011-01-31;02:00;0;947,2;947,2;946,3;-9999;23,9;20,9;25,1;23,9;20,9;20,3;83;76;83;104;5,7;2,2;
2011-01-31;03:00;0;946,9;947,2;946,9;-9999;24,5;19,9;25;23,6;20,7;19,9;83;75;75;104;3,8;1,4;
2011-01-31;04:00;0;946,4;946,9;946,4;-9999;23,6;19,7;24,6;23,5;20,1;19,6;80;74;79;122;4,3;1,6;
2011-01-31;05:00;0;946,1;946,4;946,1;-9999;23,9;19,1;23,9;23,2;19,8;19,1;80;75;75;85;4;3,1;
2011-01-31;06:00;0;945,6;946,1;945,6;-9999;22,3;19;23,9;22,3;19,4;18,9;82;75;82;52;4;2,7;
2011-01-31;07:00;0;945,3;945,6;945,3;-9999;22,3;19,1;22,6;22,2;19,1;19;83;80;82;59;4;3;
2011-01-31;08:00;0;945;945,3;945;-9999;22;19;22,3;21,5;19,2;19;86;82;83;48;3,4;2,4;
2011-01-31;09:00;0;945,5;945,5;945;-9999;22,1;19,1;22,1;21,4;19,2;18,9;86;83;83;42;2,8;2,6;
2011-01-31;10:00;0;946,1;946,1;945,5;49,8;22,8;19,7;22,8;22;19,7;19;84;82;82;46;3,8;2,4;
2011-01-31;11:00;0;946,7;946,7;946,1;689,5;25,9;19,7;25,9;22,8;20,1;19,4;82;69;69;55;3,4;2,3;
2011-01-31;12:00;0;947,5;947,5;946,7;1573,8;27,4;19,5;27,5;25,9;20,5;19,1;70;61;62;36;4,8;3,5;
2011-01-31;13:00;0;947,9;947,9;947,5;2423,2;28,2;20,5;28,4;27,1;21,7;19,4;68;61;63;17;5,2;3,6;
2011-01-31;14:00;0;947,9;948;947,9;3171,6;29,9;20,7;30;28;21,6;19,4;66;56;58;11;5,4;2,9;
2011-01-31;15:00;0;947,6;947,9;947,6;3708,5;30,6;21,4;31,1;29,3;22,4;20;63;54;58;349;6,1;3,2;
2011-01-31;16:00;0;947,3;947,6;947,2;3263,6;29,7;20,8;31,3;29,4;21,8;19,5;60;52;59;324;5,7;2,3;
2011-01-31;17:00;0;946,6;947,3;946,5;3282,9;28,3;20,6;32;28,3;21,7;19,7;63;49;63;338;8;3,7;
2011-01-31;18:00;0;945,5;946,6;945,5;2471,8;31,5;18,2;31,8;26,8;20,8;17,3;65;42;45;312;10,8;3,1;
2011-01-31;19:00;0;944,7;945,5;944,7;3064,7;31,3;21,5;32;30,5;21,9;17,3;57;43;56;280;7,3;3,5;
2011-01-31;20:00;0;943,7;944,9;943,7;1202,6;27;18,5;31,5;25,7;21,4;18,1;73;53;60;305;12,2;4,4;
2011-01-31;21:00;0;943,2;943,7;942,9;987,7;28,9;19,8;29,5;26,8;20,1;18,1;63;51;58;332;7,3;1,1;
2011-01-31;22:00;0;943,9;943,9;943,1;388,4;26,7;21,6;29;26,7;21,7;19,6;74;57;74;291;3,5;2,5;
2011-01-31;23:00;0;945,2;945,2;943,9;5,5;25,1;21,2;26,7;25;21,8;21,2;81;74;79;300;3,6;2,8;
2011-02-01;00:00;-9999;946;946;945,2;-9999;24,1;21;25,3;24,1;21,2;20,6;82;77;82;239;8;2;
2011-02-01;01:00;-9999;946,7;946,7;946;-9999;23,2;21;24,1;23,2;21,2;21;88;82;87;208;8;1;
2011-02-01;02:00;-9999;947,1;947,2;946,6;-9999;23;20,6;23,7;23;21,1;20,5;88;84;86;154;3,3;2;
2011-02-01;03:00;-9999;947,2;947,2;946,9;-9999;23,2;20,5;23,5;22,9;20,6;20,3;87;83;84;126;3,8;1,8;
2011-02-01;04:00;-9999;946,9;947,2;946,9;-9999;23,5;20,3;23,7;22,8;20,6;20,2;87;82;83;125;3,9;1,7;
2011-02-01;05:00;-9999;946,6;947,2;946,6;-9999;23,7;19,9;23,9;22,9;20,3;19,8;85;78;79;128;4,7;2,6;
2011-02-01;06:00;-9999;946,2;946,7;946,2;-9999;22,8;19,9;24,1;22,8;19,9;19,6;84;77;84;109;4,9;1,7;
2011-02-01;07:00;-9999;946,2;946,2;945,9;-9999;23,3;19,9;23,4;22,5;20,1;19,8;86;81;81;115;3,7;1,6;
2011-02-01;08:00;-9999;946,8;946,8;946,2;-9999;22,6;20,2;23,7;21,9;20,2;19,4;89;79;86;118;2,9;1,2;
2011-02-01;09:00;-9999;947,2;947,3;946,8;-9999;20,8;19,8;22,7;20,7;20,1;19,5;94;85;94;324;5,1;2;
2011-02-01;10:00;-9999;947,9;947,9;947,2;43,8;21,2;20,2;21,2;20,8;20,2;19,8;95;94;94;72;3,8;,5;
2011-02-01;11:00;-9999;948,7;948,7;947,9;365,8;22,8;20,7;22,9;21,2;21;20,1;94;87;88;341;2,3;,9;
2011-02-01;12:00;-9999;948,7;948,8;948,7;1396,9;25,8;20,2;25,8;22,8;21,9;19,9;88;71;71;59;2,3;,7;
2011-02-01;13:00;-9999;948,7;948,8;948,6;2385,7;27,2;21,5;27,7;25,6;22;20,1;75;69;71;269;3,5;1,6;
2011-02-01;14:00;-9999;948,3;948,7;948,3;3148,1;29;21;29,1;27,2;22;20,4;72;60;62;258;4,7;2,2;
2011-02-01;15:00;-9999;947,4;948,3;947,4;3558,4;29;20,6;30,5;28,2;22,5;20,1;65;57;60;243;4,7;1,6;
2011-02-01;16:00;-9999;947,4;947,4;947,2;3455,7;30,4;20,6;31,1;29;22,3;20,4;65;56;56;229;4,4;1,4;
2011-02-01;17:00;-9999;946,4;947,4;946,4;1316,1;27,3;18,7;30,9;26,8;22;18,1;73;55;59;128;8,4;3,9;
2011-02-01;18:00;-9999;945,6;946,4;945,5;888,9;25,7;22,1;28,2;23;22,4;17,7;82;60;81;209;15,3;,9;
2011-02-01;19:00;-9999;945,3;945,7;944,9;936,5;26,4;22,1;28,5;25,5;23;20,9;82;68;77;304;7,9;3,7;
2011-02-01;20:00;-9999;944,2;945,4;944,2;1052,6;27,1;22,3;27,1;26,4;22,3;21,1;78;71;75;271;6,2;2,2;
2011-02-01;21:00;-9999;944;944,2;943,7;635;26,1;22,1;27,1;26;22,6;21,3;81;73;78;158;3,1;1,7;
2011-02-01;22:00;-9999;944,4;944,6;943,9;249,1;25;21,2;26,1;25;22,2;21,2;83;77;79;165;3,5;1;
2011-02-01;23:00;-9999;945;945;944,4;7,6;24,3;20,9;25;24,1;21,2;20,8;83;78;81;162;3;1,4;
2011-02-02;00:00;-9999;946,2;946,2;944,9;-9999;23,2;20,4;24,4;23,2;21;20,3;84;79;84;183;4,5;2,1;
2011-02-02;01:00;-9999;946,4;946,5;946,2;-9999;22,2;19,5;23,2;22,2;20,5;19,5;85;83;85;155;5,2;2,4;
2011-02-02;02:00;-9999;946,9;947;946,3;-9999;22,5;19,7;22,5;22,1;19,7;19,4;86;84;84;142;6,3;3,8;
2011-02-02;03:00;-9999;947;947,1;946,9;-9999;22,2;20,1;22,7;22,1;20,1;19,7;88;83;88;108;7;3,4;
2011-02-02;04:00;-9999;946,6;947;946,6;-9999;22,2;19,9;22,4;21,6;20,3;19,9;92;87;87;144;5,5;2,4;
2011-02-02;05:00;-9999;946,2;946,6;946,2;-9999;22,1;20,1;22,4;21,4;20,3;19,8;92;87;89;141;5,6;3,1;
2011-02-02;06:00;-9999;945,9;946,2;945,8;-9999;21,9;20;22,2;21,6;20,3;20;92;88;89;95;5,6;3,1;
2011-02-02;07:00;-9999;945,3;945,9;945,3;-9999;21,9;19,8;22,4;21,9;20,1;19,7;89;86;88;140;4,3;2,3;
2011-02-02;08:00;-9999;944,9;945,3;944,9;-9999;21,9;19,3;22,4;21,8;19,8;19,3;88;84;85;123;5,3;2,7;
2011-02-02;09:00;-9999;945,1;945,1;944,9;-9999;22,2;19,3;22,3;21,9;19,3;19,1;85;83;84;143;7,4;4,9;
2011-02-02;10:00;-9999;946;946;945,1;15,9;22,6;19,2;22,6;22,1;19,4;19,2;85;81;81;110;7,9;3,5;
2011-02-02;11:00;-9999;946,6;946,6;946;254,1;23,5;19,2;23,5;22,4;19,6;19;84;76;76;69;6;4;
2011-02-02;12:00;-9999;947;947;946,6;622,4;24,6;19,8;24,6;23,5;19,9;19;79;74;75;88;6;2,9;
2011-02-02;13:00;-9999;947,2;947,3;947;1291,9;26,2;20,1;26,2;24,6;20,4;19;76;66;69;62;6,6;4,1;
2011-02-02;14:00;-9999;947,2;947,4;947,1;3170;27,7;19,4;28,1;26,2;21,2;19,2;69;60;60;36;7,2;4,5;
2011-02-02;15:00;-9999;947,1;947,3;947;3063,4;28,7;20,9;28,7;27,4;21,8;19,1;68;58;63;13;6,8;3,9;
2011-02-02;16:00;-9999;946,1;947,1;946,1;4205,3;30,1;18,1;30,7;28,5;22;18,1;66;49;49;346;6,3;2,7;
2011-02-02;17:00;-9999;945,3;946,1;945,3;2717,8;30,8;18,3;31;29,9;19,7;17;54;45;47;323;5,7;1,9;
2011-02-02;18:00;-9999;944,3;945,3;944,3;3615,4;32,1;19,6;32,1;30,6;20,4;17,6;51;43;47;300;4,8;1,2;
2011-02-02;19:00;-9999;943,1;944,3;943,1;1935,1;31,5;20;32,4;29,8;20,8;18,1;59;44;51;212;4;,5;
2011-02-02;20:00;-9999;942,4;943,1;942,4;2035,9;31,5;18,9;32;30,6;20,7;18,9;55;47;47;319;5,7;1,5;
2011-02-02;21:00;-9999;942,5;942,5;942,3;844,6;29,3;21,8;31,5;29,2;22,1;18,4;65;45;64;219;3,5;,3;
2011-02-02;22:00;-9999;943,2;943,2;942,5;167,6;25,3;20,1;29,3;25,3;21,6;19,4;73;61;73;139;9,7;4,3;
2011-02-02;23:00;-9999;944,2;944,2;943,2;2,2;25,5;20,2;26,6;24,9;20,9;19,7;78;67;73;146;6,5;2,9;
2011-02-03;00:00;-9999;944,8;944,8;944,2;-9999;25,6;19,7;25,6;24,8;20,9;19,7;79;70;70;123;7;2,6;
2011-02-03;01:00;-9999;945,6;945,6;944,8;-9999;23,8;20,6;25,6;23,8;20,6;19,5;83;70;83;149;5,5;2,7;
2011-02-03;02:00;-9999;946,1;946,1;945,6;-9999;24,4;20,7;24,8;23,8;20,9;20,6;83;78;80;140;6,5;3,8;
2011-02-03;03:00;-9999;945,4;946,1;945,4;-9999;24,5;20,2;24,5;24,3;20,8;20,2;81;77;77;95;5,6;2,5;
2011-02-03;04:00;-9999;944,9;945,4;944,8;-9999;23,5;19,8;24,8;23,4;19,9;19,3;81;73;80;97;4,6;,8;
2011-02-03;05:00;-9999;944,7;944,9;944,6;-9999;23,2;20;23,6;22,5;20,2;19,5;85;78;82;68;3,7;2,6;
2011-02-03;06:00;-9999;944,6;944,7;944,4;-9999;21,9;20,1;23,8;21,9;20,1;19,8;89;78;89;306;4,5;2,1;
2011-02-03;07:00;-9999;944,6;944,8;944,6;-9999;21,8;20,9;22,1;21,6;20,9;20,1;95;89;95;37;6,5;3,1;
2011-02-03;08:00;-9999;944,5;944,8;944,5;,8;20,3;19,7;21,9;20,3;21,1;19,7;96;95;96;287;8,9;5,4;
2011-02-03;09:00;-9999;945,1;945,3;944,4;-9999;20,2;19,6;20,3;20,2;19,7;19,5;96;96;96;237;8,1;1,1;
2011-02-03;10:00;-9999;945,2;945,3;945,1;62,4;20,8;19,9;20,9;20,2;20;19,6;96;94;95;130;2,3;,5;
2011-02-03;11:00;-9999;945,7;945,8;945,2;366,7;22,2;20,2;22,2;20,8;20,4;19,9;95;88;88;45;3,3;1,7;
2011-02-03;12:00;-9999;946,9;946,9;945,7;964,4;23,5;21,4;23,5;22,2;21,4;19,9;89;84;88;23;5,5;4;
2011-02-03;13:00;-9999;947,5;947,5;946,9;1837,4;24,7;21,2;25,1;23,5;21,6;20,6;88;78;81;7;6,2;4;
2011-02-03;14:00;-9999;947,8;947,8;947,4;1523,1;22,7;21,2;25,2;22,7;22,1;20,7;91;78;91;296;9,2;5,9;
2011-02-03;15:00;-9999;947,3;947,8;947,3;1700,5;24,8;21;25,5;22,7;22,5;20,7;93;78;79;308;9;5;
2011-02-03;16:00;-9999;946,4;947,3;946,4;2460,6;26,5;20,7;27,2;24,8;22,1;19,9;82;67;70;326;8,6;4,2;
2011-02-03;17:00;-9999;945,1;946,4;945,1;3064,5;27,6;21,7;27,6;26,3;22,4;20,7;76;69;70;337;7,7;3,6;
2011-02-03;18:00;-9999;943,2;945,1;943,2;3187,3;28,9;19,4;29,2;27,3;22,6;19,3;73;56;57;43;6,5;1,3;
2011-02-03;19:00;-9999;942,3;943,2;942,2;2948,8;28,9;19,6;29,9;28,8;21,1;18,9;62;53;58;335;6,3;3,4;
2011-02-03;20:00;-9999;941,8;942,3;941,8;1527,1;28,6;20,4;29,1;28,3;21,1;18,7;64;54;61;341;6,3;2,5;
2011-02-03;21:00;-9999;941,4;941,8;941,4;1440;28,7;19,5;28,9;28,5;21,1;18;64;52;58;320;5,5;2,6;
2011-02-03;22:00;-9999;942,3;942,3;941,4;481,1;26,8;20,6;28,7;26,6;20,6;18,8;69;56;69;2;4,2;1,9;
2011-02-03;23:00;-9999;943,6;943,6;942,3;7,1;24,4;21,3;26,9;24,4;21,7;20,6;83;69;83;310;2,2;,6;
2011-02-04;00:00;-9999;944,7;944,7;943,6;-9999;23,9;20,7;25,2;23,9;21,3;20,4;83;75;82;235;2,6;,4;
2011-02-04;01:00;-9999;945,6;945,6;944,7;-9999;23,3;20,9;24,5;23,3;21,4;20,6;87;79;86;287;3,8;2;
2011-02-04;02:00;-9999;946,1;946,2;945,6;-9999;24;20,8;24;23,3;21,5;20,8;88;83;83;107;2,4;1,2;
2011-02-04;03:00;-9999;945,6;946,1;945,6;-9999;24,3;20,2;24,8;23,9;21;19,7;84;73;78;111;1,8;,9;
2011-02-04;04:00;-9999;944,9;945,6;944,9;-9999;23,9;20,3;24,9;23,4;20,9;19,6;86;72;80;94;2,6;2,2;
2011-02-04;05:00;-9999;944,1;944,9;944;-9999;24,2;19,6;25,2;23,1;20,2;18,5;82;67;75;133;3,1;1,5;
2011-02-04;06:00;-9999;944;944,1;944;-9999;22,3;20,3;24,2;22,3;20,3;19,5;88;75;88;84;3,1;2,2;
2011-02-04;07:00;-9999;944,1;944,2;943,9;-9999;21,9;20,3;22,3;21,9;20,3;20,1;91;88;91;62;3,2;2,5;
2011-02-04;08:00;-9999;944;944,2;944;-9999;21,4;20,2;22;21,4;20,5;20,2;93;91;93;21;3,1;2,3;
2011-02-04;09:00;-9999;944,5;944,5;944;-9999;22;20,5;22;21,4;20,6;20,2;93;92;92;66;3;1,4;
2011-02-04;10:00;-9999;945,4;945,4;944,5;47,1;22,2;20,9;22,2;21,3;20,9;20;94;91;93;70;2,4;1,8;
2011-02-04;11:00;-9999;945,9;945,9;945,4;597,1;24,6;21,1;24,6;22,2;21,5;20,9;93;81;81;64;3;1,8;
2011-02-04;12:00;-9999;946,2;946,2;945,9;1544,4;26,1;20,4;26,3;24,6;21,6;20,1;81;69;71;23;6;3;
2011-02-04;13:00;-9999;946,3;946,4;946,2;2385,6;27,3;20,8;27,8;26,1;21,9;19,9;72;65;68;19;6,3;4,4;
2011-02-04;14:00;-9999;946,1;946,4;946,1;3146,6;28,7;21;28,7;27,2;21,2;19,1;69;58;63;31;6,3;4,3;
2011-02-04;15:00;-9999;945,3;946,1;945,3;3670;29,3;20,9;29,6;28,2;21,8;19,9;66;56;61;6;6,6;3,4;
2011-02-04;16:00;-9999;944,2;945,3;944,2;3996,8;30,2;21,2;30,4;29,1;21,7;19,5;61;54;59;359;7,4;3,4;
2011-02-04;17:00;-9999;943,3;944,2;943,3;2652,4;29,6;20,2;30,6;29,4;22;19,6;62;54;57;352;7,3;3,2;
2011-02-04;18:00;-9999;942,3;943,3;942,2;1222,4;29,4;21,7;29,6;29,2;21,8;20;64;57;63;351;5,3;2,6;
2011-02-04;19:00;-9999;941,5;942,3;941,4;1192,7;27,1;20,2;29,7;26,4;22,3;20,2;77;58;66;353;8,5;4,5;
2011-02-04;20:00;-9999;940,6;941,7;940,5;1210,9;24,4;21,8;27,4;22,8;22,1;18,7;93;63;85;75;12,2;7,5;
2011-02-04;21:00;-9999;940,9;941,1;940,6;475,7;23,5;20,8;24,6;23,4;21,7;20,8;87;82;85;58;9,5;3,5;
2011-02-04;22:00;-9999;941,9;941,9;940,8;126,6;23,2;20,7;23,9;23,2;21;20,5;86;83;86;126;5,9;1,8;
2011-02-04;23:00;-9999;942,2;942,2;941,8;-9999;23,5;21;23,6;23;21,3;20,7;89;85;86;99;3,1;2,1;
2011-02-05;00:00;-9999;943,3;943,3;942,2;-9999;23,3;20,2;23,6;23,3;21;19,9;86;81;83;62;3,8;,9;
2011-02-05;01:00;-9999;944,1;944,1;943,3;-9999;21,9;20,9;23,3;21,9;20,9;20,4;94;83;94;177;5,4;,9;
2011-02-05;02:00;-9999;944,6;944,6;944,1;-9999;22,1;20,8;22,2;21,7;20,9;20,7;95;92;92;169;2,8;1,2;
2011-02-05;03:00;-9999;944,6;944,9;944,6;-9999;22,1;20,9;22,1;21,9;21,1;20,7;94;92;93;178;2,3;,1;
2011-02-05;04:00;-9999;943,9;944,6;943,9;-9999;22,4;21;22,4;22,1;21;20,6;93;91;92;116;2,1;1,1;
2011-02-05;05:00;-9999;943,3;943,9;943,3;-9999;23,3;19,7;23,6;22,3;21,3;19,6;93;78;80;150;2,3;,9;
2011-02-05;06:00;-9999;942,7;943,3;942,7;-9999;22,7;20,3;23,3;22,4;20,8;19,8;90;81;86;132;2,7;1,5;
2011-02-05;07:00;-9999;942,7;942,7;942,5;-9999;23,1;20;23,1;22,5;20,8;20;90;83;83;123;2,7;1,4;
2011-02-05;08:00;-9999;942,9;942,9;942,6;-9999;22,1;20,2;23,1;22,1;20,6;19,8;89;82;89;162;2,8;,9;
2011-02-05;09:00;-9999;943,1;943,1;942,8;-9999;22,5;20,2;23;21,8;20,8;19,9;93;83;87;135;3,1;1,5;
2011-02-05;10:00;-9999;943,6;943,6;943,1;27,4;22,6;20,2;22,6;22,4;20,4;20;88;85;87;39;3,1;1,6;
2011-02-05;11:00;-9999;944,3;944,3;943,6;347,1;23,9;20,2;23,9;22,6;20,4;20;87;79;80;56;2,8;1,9;
2011-02-05;12:00;-9999;945;945,1;944,3;625,1;24,8;20,4;24,9;23,9;21,2;19,7;82;73;77;1;2,8;,3;
2011-02-05;13:00;-9999;945;945,1;944,9;1127,2;26;20,1;26;24,8;20,7;19,3;77;70;70;27;6;4,1;
2011-02-05;14:00;-9999;945,1;945,2;945;1867;26,9;20,6;27;25,7;21,2;19,7;74;67;68;35;6;3,7;
2011-02-05;15:00;-9999;944,9;945,2;944,8;3485,2;28,5;20,2;29,1;27;21,3;19,2;69;60;61;11;6,1;2,9;
2011-02-05;16:00;-9999;944,2;944,9;944,1;3323;30;19,5;30,1;28,1;20,9;18,4;63;51;53;14;5,9;2,3;
2011-02-05;17:00;-9999;943,4;944,1;943,4;3872,7;30;20,6;30,3;29;21,2;19;60;52;57;337;6,2;2,8;
2011-02-05;18:00;-9999;941,9;943,4;941,9;3637,5;31;18,6;31,2;29,9;20,7;17,9;57;45;48;316;5,2;1,9;
2011-02-05;19:00;-9999;940,8;941,9;940,7;2086,1;30,4;19,1;31,8;30;20,3;17,6;56;43;51;328;4,1;1,2;
2011-02-05;20:00;-9999;940,6;941;940,6;1559,1;27;21,7;31;26,9;22,2;19,1;73;50;73;292;8,9;4,7;
2011-02-05;21:00;-9999;940,8;940,9;940,5;659,9;26,5;21,5;27;26,3;21,8;20,9;75;71;74;300;7,3;3,2;
2011-02-05;22:00;-9999;941,8;941,8;940,6;199,9;25,2;22,2;26,8;25,2;22,2;21,3;83;73;83;355;4,4;2,4;
2011-02-05;23:00;-9999;943,2;943,2;941,8;1,9;22,8;20,7;25,9;22,8;22,2;20;89;78;88;94;12,6;4;
2011-02-06;00:00;-9999;944,2;944,2;943,2;-9999;21,8;19,7;22,9;21,8;21,4;19,7;93;86;88;127;6;2,7;
2011-02-06;01:00;-9999;945,2;945,2;944,3;-9999;21,5;20,1;21,9;21,5;20,1;18,6;92;82;91;143;5,8;3,2;
2011-02-06;02:00;-9999;945,8;945,8;945,2;-9999;22;21;22;21,5;21;20,1;94;91;94;149;6,4;2,2;
2011-02-06;03:00;-9999;946,1;946,1;945,8;-9999;22,1;21;22,1;21,8;21,1;20,8;94;93;94;96;5;2,7;
2011-02-06;04:00;-9999;945,2;946,1;945,2;-9999;22,1;20,7;22,2;21,8;21,1;20,6;94;92;92;79;4,3;3,1;
2011-02-06;05:00;-9999;944,8;945,2;944,7;-9999;22,1;21;22,1;22;21;20,7;94;92;94;82;4,3;2,2;
2011-02-06;06:00;-9999;944,3;944,9;944,3;-9999;22;20,9;22,1;21,8;21,1;20,8;95;93;94;94;3,7;2,7;
2011-02-06;07:00;-9999;944,3;944,4;944,2;-9999;22;20,4;22,1;22;20,9;20,3;94;90;91;102;4,9;3,6;
2011-02-06;08:00;-9999;944,5;944,5;944,3;-9999;21,7;20,3;22;21,7;20,5;20,2;92;90;92;129;5,9;2,2;
2011-02-06;09:00;-9999;944,7;944,7;944,5;-9999;21,6;20,3;21,9;21,5;20,5;20,2;93;91;92;101;4,6;2,5;
2011-02-06;10:00;-9999;945,2;945,2;944,7;22,7;21,5;20,2;21,6;21,3;20,3;20,1;93;91;93;67;6,3;4,8;
2011-02-06;11:00;-9999;945,7;945,7;945,2;348,3;22,2;20,3;22,2;21,5;20,7;20,2;93;89;89;36;6,7;4,8;
2011-02-06;12:00;-9999;946,2;946,2;945,7;1152,8;23,1;20,8;23,5;22,2;21,5;20,4;91;85;87;20;7,8;5,6;
2011-02-06;13:00;-9999;946,5;946,5;946,1;1640,5;23,9;21,6;24;23;21,7;20,7;88;84;87;22;7,8;5,2;
2011-02-06;14:00;-9999;946,5;946,5;946,4;2003,7;25,8;22,6;25,8;23,7;22,6;21,3;88;80;83;358;7,4;4,7;
2011-02-06;15:00;-9999;946,5;946,6;946,5;2020,8;26,4;22;26,4;25,6;22,5;21,4;82;75;77;2;8;3,7;
2011-02-06;16:00;-9999;946,2;946,6;946,2;2287;27,8;21,8;28,1;26;23,1;21;79;67;70;1;6,1;4,1;
2011-02-06;17:00;-9999;945,7;946,2;945,7;1888,2;23,6;21;28;23,5;22,1;20,1;87;63;86;41;7,9;5,5;
2011-02-06;18:00;-9999;944,6;945,8;944,6;2220,7;27,1;20,6;27,7;23,6;22,5;20,6;89;67;68;327;8,5;4,1;
2011-02-06;19:00;-9999;943,8;944,6;943,8;2558,9;25,5;22,2;27,8;25,2;23,1;20;83;65;82;278;9;5,5;
2011-02-06;20:00;-9999;943,1;943,8;943;2268,5;26,9;22,3;26,9;25,3;22,8;21,6;83;75;76;278;7,7;4,1;
2011-02-06;21:00;-9999;943,1;943,2;942,9;1384,4;26,5;21,6;27;26,4;22,8;21,3;79;73;74;269;6,3;4;
2011-02-06;22:00;-9999;943,6;943,6;943,1;331,2;24,8;21,6;26,5;24,8;21,8;21,3;83;74;83;274;5,8;2;
2011-02-06;23:00;-9999;944,5;944,5;943,6;2,8;24,4;21,9;24,8;24;22;21,5;88;83;86;165;3,2;,2;
2011-02-07;00:00;-9999;945,2;945,2;944,5;-9999;23,4;21,6;24,4;23,4;22;21,5;90;85;90;113;3,7;1,7;
2011-02-07;01:00;-9999;946,1;946,1;945,2;-9999;23;21,7;23,4;22,9;22;21,5;93;89;92;119;3,2;1,4;
2011-02-07;02:00;-9999;946,3;946,4;946;-9999;23,2;21,6;23,2;23;21,9;21,5;93;90;91;110;3,8;2,1;
2011-02-07;03:00;-9999;946,6;946,7;946,2;-9999;22,7;21,3;23,2;22,6;21,6;21,3;93;89;92;107;4;1,8;
2011-02-07;04:00;-9999;946,5;946,7;946,5;-9999;22,8;21,4;22,8;22,6;21,6;21,3;94;91;92;109;2,6;1,1;
2011-02-07;05:00;-9999;946,3;946,5;946,2;-9999;22,3;21;22,8;22,2;21,5;21;94;92;92;71;3,2;2,2;
2011-02-07;06:00;-9999;945,9;946,3;945,9;-9999;21,7;20,9;22,4;21,7;21;20,8;95;91;95;57;4,3;2,8;
2011-02-07;07:00;-9999;945,8;945,9;945,7;-9999;21,9;21;21,9;21,7;21;20,7;95;94;95;84;4,4;2,8;
2011-02-07;08:00;-9999;945,8;945,9;945,8;-9999;22,1;20,6;22,1;21,8;21;20,6;95;91;91;85;3,6;2,3;
2011-02-07;09:00;-9999;946,1;946,1;945,8;-9999;21,9;20,5;22,1;21,8;20,6;20,4;92;91;92;80;3,8;2,5;
2011-02-07;10:00;-9999;947,3;947,3;946,1;16,5;21,5;20,7;22,1;21,4;20,7;20,3;95;90;95;36;7,1;5;
2011-02-07;11:00;-9999;948;948;947,3;169,2;21,7;20,8;21,7;21,4;20,8;20,4;95;93;95;25;7,7;4,5;
2011-02-07;12:00;-9999;948,5;948,5;948;287,6;21,9;21,1;22;21,5;21,2;20,7;95;95;95;19;7,4;3,7;
2011-02-07;13:00;-9999;948,6;948,6;948,5;693,1;22,8;21,2;23;21,9;21,6;20,9;95;90;90;337;5,7;2,2;
2011-02-07;14:00;-9999;948,5;948,6;948,4;1184,1;23,8;21,2;23,8;22,8;21,8;20,9;91;85;85;292;5;1,8;
2011-02-07;15:00;-9999;948;948,5;948;2243,9;25,6;20,8;25,7;23,7;22,1;20,4;86;73;75;305;5,3;2,7;
2011-02-07;16:00;-9999;947,2;948;947,2;4129,3;26,8;21,7;27,2;25,6;22,6;20,7;80;70;74;298;5,7;3,1;
2011-02-07;17:00;-9999;946,1;947,2;946,1;3298,2;27,3;20,7;27,9;26,4;22,1;20,2;75;65;67;271;6,1;1,8;
2011-02-07;18:00;-9999;944,6;946,1;944,6;2629,3;29,2;20,5;29,2;27,1;21,7;19,8;69;60;60;289;6,7;2,6;
2011-02-07;19:00;-9999;943,5;944,6;943,5;2719,8;29,2;20,5;29,6;28,2;21,3;19,2;64;56;60;304;6,7;1,8;
2011-02-07;20:00;-9999;942,7;943,5;942,7;2121,4;30,1;20,7;30,1;28,4;21,7;19,7;65;56;57;353;5,4;,9;
2011-02-07;21:00;-9999;942,5;942,7;942,4;1591,3;29,7;21,5;30,1;29,1;21,5;20;63;56;61;274;4,4;2,5;
2011-02-07;22:00;-9999;943,4;943,4;942,5;872,6;28,4;21,3;29,8;28,4;21,8;20,3;66;58;66;243;5,2;,8;
2011-02-07;23:00;-9999;944,4;944,4;943,4;18,4;22,9;20,8;28,4;22,9;22,2;20,8;88;66;88;324;8,7;5,2;
2011-02-08;00:00;-9999;944,7;944,7;944,4;2;22,6;20,9;22,9;21,3;21,4;20,1;95;88;90;229;8,7;,5;
2011-02-08;01:00;-9999;946;946;944,7;1,4;23,9;21,7;23,9;22,5;21,7;20,6;90;86;87;98;1,7;,1;
2011-02-08;02:00;-9999;946,7;946,8;946;5,8;20,7;19,4;23,9;20,6;22,1;18,3;93;81;93;214;13,4;1;
2011-02-08;03:00;-9999;946,4;946,7;946,4;-9999;22,1;20,3;22,1;20,6;20,5;19,3;93;89;90;154;1,8;,6;
2011-02-08;04:00;-9999;946,6;946,7;946,4;-9999;22,3;20,9;22,5;21,5;21;19,8;92;89;92;65;6,6;2,8;
2011-02-08;05:00;-9999;946,3;946,6;946,2;1,8;22,7;20,6;23;22,2;21;20,6;93;87;88;32;6,6;3,8;
2011-02-08;06:00;-9999;946,5;946,5;946,3;5;21,6;20,3;22,7;21,6;20,8;20,2;92;88;92;36;9,4;6,8;
2011-02-08;07:00;-9999;946;946,5;946;-9999;21,5;20,6;21,6;21,3;20,7;20,3;96;92;95;56;8,9;3;
2011-02-08;08:00;-9999;946,1;946,3;945,9;-9999;21,2;20;21,5;21,2;20,7;20;95;93;93;121;4,8;1,7;
2011-02-08;09:00;-9999;946,1;946,1;945,9;-9999;21,1;19,9;21,2;21;20;19,8;94;92;93;112;4,8;2,7;
2011-02-08;10:00;-9999;946,2;946,3;946,1;27,8;21,1;20;21,3;20,9;20;19,8;94;92;94;153;4,5;1,4;
2011-02-08;11:00;-9999;946,8;946,8;946,2;690,1;22,8;20,5;23;21,1;21,1;20;94;86;87;149;2,6;1,8;
2011-02-08;12:00;-9999;947,8;947,8;946,8;942,2;23,7;21,7;23,8;22,8;21,7;20,4;90;81;88;99;5,2;2,3;
2011-02-08;13:00;-9999;948,1;948,1;947,8;1174,6;25;21,9;26,1;23,7;22;19,5;88;68;83;262;3,9;2,3;
2011-02-08;14:00;-9999;948,3;948,3;948,1;2595,1;25,6;21,9;27,1;24,9;22,3;20,2;83;67;80;282;6;4;
2011-02-08;15:00;-9999;948,2;948,5;948,2;1183,4;24,7;22,4;25,8;23,5;22,6;21;89;79;87;285;5,7;3,9;
2011-02-08;16:00;-9999;947,6;948,2;947,6;3654,7;26,2;22,5;26,7;24,7;23,3;21,7;87;75;80;281;7,9;4,6;
2011-02-08;17:00;-9999;946,9;947,6;946,9;2282,3;26;22;26,2;24,2;22,5;21,3;86;79;79;289;9,3;5,4;
2011-02-08;18:00;-9999;945,7;946,9;945,7;2643,5;26,2;21,2;27,2;25,4;22,7;20,8;79;72;74;273;7,6;3,2;
2011-02-08;19:00;-9999;945,3;945,8;945,2;2080,1;22,8;19,4;28;22,8;22,7;18,1;81;68;81;53;9,9;6,5;
2011-02-08;20:00;-9999;944,5;945,3;944,5;519,3;22,9;20,9;24;22,4;21,2;19,7;88;81;88;4;9,2;2;
2011-02-08;21:00;-9999;944,4;944,6;944,3;292,3;22,5;21,3;22,9;22;21,3;20,8;94;88;93;90;3,4;,9;
2011-02-08;22:00;-9999;944,8;944,8;944,3;168,2;22,6;21,4;23;22,5;21,5;21,1;93;90;92;178;1,6;,1;
2011-02-08;23:00;-9999;945,5;945,5;944,8;-9999;22,7;21,6;22,8;22,4;21,7;21,1;94;91;94;45;2,3;1,3;
2011-02-09;00:00;-9999;946;946;945,5;-9999;21,9;20,8;22,8;21,9;21,7;20,7;95;93;93;155;3;1,7;
2011-02-09;01:00;-9999;946,5;946,5;946;-9999;21,9;20,4;21,9;21,5;20,8;20;94;90;91;100;4,1;1,8;
2011-02-09;02:00;-9999;946,5;946,7;946,5;-9999;22,1;20,9;22,2;21,8;21;20,4;94;91;93;83;2,7;,8;
2011-02-09;03:00;-9999;946,6;946,6;946,5;-9999;21,9;20,7;22,3;21,9;21,1;20,7;93;92;93;34;2,1;,9;
2011-02-09;04:00;-9999;946,1;946,6;946,1;-9999;21,8;20,9;22;21,7;20,9;20,7;95;93;95;22;2,6;2;
2011-02-09;05:00;-9999;945,8;946,1;945,8;-9999;21,5;20,4;21,8;21,5;20,9;20,4;95;93;94;31;3;1,7;
2011-02-09;06:00;-9999;945,4;945,8;945,4;-9999;21,3;20,3;21,5;21,3;20,5;20,3;94;93;94;35;3;2,2;
2011-02-09;07:00;-9999;945,1;945,4;945,1;-9999;21,2;20,1;21,4;21,2;20,3;20,1;94;93;94;37;4,8;3,8;
2011-02-09;08:00;-9999;944,9;945,1;944,8;-9999;20,9;20,1;21,2;20,9;20,2;20;95;94;95;40;4,8;3,5;
2011-02-09;09:00;-9999;945,1;945,1;944,9;-9999;20,9;20,2;21;20,9;20,2;20,1;96;95;96;28;4,4;1,6;
2011-02-09;10:00;-9999;945,2;945,2;945,1;24,6;21,1;20,3;21,1;20,9;20,3;20,2;96;95;95;35;5,3;3,8;
2011-02-09;11:00;-9999;945,6;945,6;945,2;349,9;21,8;20,8;21,9;21,1;20,9;20,3;96;94;94;35;5,1;3;
2011-02-09;12:00;-9999;946,2;946,2;945,6;1444,4;22,8;21,2;23,4;21,8;21,8;20,8;94;89;91;8;6,9;5,2;
2011-02-09;13:00;-9999;946,5;946,6;946,1;2178,1;23,8;21,6;24,4;22,7;22,5;21,1;92;85;87;24;8,1;5,8;
2011-02-09;14:00;-9999;946,5;946,6;946,4;2246,4;26;22,4;26;23,7;22,4;21,3;89;77;81;12;7,9;4,7;
2011-02-09;15:00;-9999;946,2;946,6;946,2;2607,1;27,5;21;27,9;25,9;22,1;20,2;81;65;68;337;7,4;4,1;
2011-02-09;16:00;-9999;945,9;946,2;945,8;1384,1;21,8;20,2;27,5;21,8;22,4;19,5;90;66;90;334;9,8;5,8;
2011-02-09;17:00;-9999;944,6;945,9;944,6;950,1;25,3;22,4;25,3;21,7;22,6;20,1;91;83;84;25;8,2;2,7;
2011-02-09;18:00;-9999;943,4;944,6;943,4;1211,9;26,2;22,2;26,2;25,3;22,8;21,9;84;77;78;36;4;2,6;
2011-02-09;19:00;-9999;942,4;943,4;942,4;2120,7;27,1;20,9;27,4;26,2;23,4;20,8;81;68;69;359;5,8;2,3;
2011-02-09;20:00;-9999;941,7;942,4;941,7;1091,1;26,6;21,2;27,5;26,6;22,1;20,4;74;67;72;353;4,6;2,4;
2011-02-09;21:00;-9999;942,1;942,2;941,7;437,9;23,6;20,8;26,6;23,6;21,6;20,7;85;70;84;309;9,6;6,2;
2011-02-09;22:00;-9999;942,4;942,4;942;161,3;22,5;20,4;23,6;22,5;21,2;20,4;90;84;88;335;9,5;2;
2011-02-09;23:00;-9999;942,7;942,7;942,4;2,6;22,4;20,3;22,5;22;20,7;20,1;91;87;88;303;3,3;1;
2011-02-10;00:00;-9999;943,8;943,8;942,7;-9999;22,3;20,4;22,5;21,9;20,6;20;91;86;89;171;1,7;,1;
2011-02-10;01:00;-9999;944,4;944,4;943,8;-9999;22,9;19,6;22,9;22,3;20,6;19,6;89;82;82;113;2,8;1;
2011-02-10;02:00;-9999;945,1;945,1;944,4;-9999;22;20,2;23,3;21,5;20,4;19,4;93;79;90;269;4,5;2,4;
2011-02-10;03:00;-9999;945,2;945,4;945,1;-9999;21,9;20,7;22,1;21,8;20,8;20,2;94;89;93;32;3,4;1,6;
2011-02-10;04:00;-9999;944,4;945,2;944,4;-9999;21,8;20,8;22,1;21,8;20,9;20,7;94;93;94;68;2,6;,8;
2011-02-10;05:00;-9999;943,4;944,3;943,4;-9999;21,7;20,9;21,9;21,6;21;20,7;95;94;95;53;2,1;1,2;
2011-02-10;06:00;-9999;943,2;943,4;943,2;-9999;21,2;20,1;21,7;21,2;20,9;20,1;96;93;93;36;9,4;6,2;
2011-02-10;07:00;-9999;942,8;943,2;942,8;-9999;20,9;20,3;21,2;20,8;20,3;20;96;93;96;21;8,7;4,6;
2011-02-10;08:00;-9999;942,7;942,8;942,5;-9999;20,8;20,3;20,9;20,8;20,3;20,2;97;96;97;12;6,4;3;
2011-02-10;09:00;-9999;942,7;942,8;942,6;,1;20,6;20;20,8;20,6;20,3;20;97;96;96;41;5,6;4;
2011-02-10;10:00;-9999;943,1;943,1;942,6;24;20,6;20;20,7;20,5;20,1;19,9;97;96;97;45;6,3;4,6;
2011-02-10;11:00;-9999;944,2;944,2;943,1;308,9;20,9;20;21,1;20,6;20,2;20;97;94;95;29;8,2;5,7;
2011-02-10;12:00;-9999;944,6;944,6;944,2;775,9;21,9;20,5;22;20,9;21;20;95;92;92;23;7,1;4;
2011-02-10;13:00;-9999;945,1;945,2;944,6;1601,8;23,2;20,7;23,6;21,7;21,7;20,4;93;86;86;32;7,7;5,1;
2011-02-10;14:00;-9999;945,5;945,6;945,1;2118,6;24,2;21,4;24,2;23,2;21,6;20,9;88;83;85;24;9,3;6,7;
2011-02-10;15:00;-9999;945,1;945,6;945,1;1893,7;23,7;20,9;24,8;22,9;22,2;20,6;90;82;84;36;11,2;6,2;
2011-02-10;16:00;-9999;944,3;945,1;944,3;2316,6;25,5;20,8;26,4;23,8;22,1;20,6;85;75;75;23;11,3;7,2;
2011-02-10;17:00;-9999;942,7;944,3;942,7;3066,3;26,7;21,1;27,4;25,6;22,3;20,6;77;70;71;20;14,6;7,4;
2011-02-10;18:00;-9999;942,4;942,8;942,4;3050,3;27,7;20;28;26,7;21,9;19,1;73;59;63;30;11,9;7,5;
2011-02-10;19:00;-9999;941,8;942,4;941,8;2739,2;27,6;19,6;28,8;27,4;20,5;19;64;58;62;25;12,8;7,5;
2011-02-10;20:00;-9999;942,3;942,4;941,8;1290,1;22,7;20,8;27,9;22,7;21,6;19,2;89;61;89;285;10,3;6,8;
2011-02-10;21:00;-9999;942,1;942,4;942,1;475,9;22,3;21;23,3;22,2;21,3;20,6;92;87;92;265;9,7;3,3;
2011-02-10;22:00;-9999;942,3;942,5;941,8;226,7;21,4;20,2;22,3;21,4;20,9;20,2;93;90;93;314;5,4;2,9;
2011-02-10;23:00;-9999;943,1;943,1;942,3;2,4;21,4;20,4;21,6;21,3;20,5;20,2;94;93;94;324;6,5;2,6;
2011-02-11;00:00;-9999;943,9;943,9;943,1;-9999;21,6;20,9;21,6;21,3;20,9;20,4;96;94;96;28;4,6;1,7;
2011-02-11;01:00;-9999;944,9;944,9;943,9;-9999;21,8;20,9;21,8;21,6;20,9;20,7;96;94;95;44;3,5;2,4;
2011-02-11;02:00;-9999;945,6;945,6;944,9;-9999;21,6;20,9;21,8;21,6;20,9;20,8;96;95;96;31;3,2;1,6;
2011-02-11;03:00;-9999;945,8;946;945,6;-9999;21,5;20,8;21,7;21,5;21;20,8;96;95;96;30;4,6;3;
2011-02-11;04:00;-9999;945,4;945,8;945,4;-9999;21,2;20,6;21,5;21,2;20,9;20,6;96;96;96;20;4,2;3,2;
2011-02-11;05:00;-9999;944,9;945,4;944,9;-9999;21;20,4;21,2;21;20,6;20,4;97;96;97;3;5;2,5;
2011-02-11;06:00;-9999;944,6;944,9;944,6;-9999;20,9;20,3;21;20,9;20,5;20,3;97;97;97;37;5,1;3,8;
2011-02-11;07:00;-9999;944,8;944,8;944,6;-9999;20,9;20,1;20,9;20,7;20,3;20,1;97;95;95;48;5,8;3,3;
2011-02-11;08:00;-9999;944,5;944,8;944,5;-9999;20,6;19,9;20,9;20,6;20,1;19,9;96;95;96;12;4,5;2,4;
2011-02-11;09:00;-9999;944,9;944,9;944,5;-9999;20,5;19,9;20,6;20,4;20;19,8;96;96;96;48;3,9;3;
2011-02-11;10:00;-9999;945,4;945,4;944,9;33,6;20,6;19,8;20,6;20,5;19,9;19,8;96;95;95;51;4,8;3,4;
2011-02-11;11:00;-9999;946;946;945,4;386,4;21,5;20,3;21,5;20,6;20,3;19,9;95;93;93;45;5,4;3,5;
2011-02-11;12:00;-9999;946,4;946,4;946;1265,4;23,1;20,7;23,1;21,4;21;20,2;93;86;87;30;7,5;5,4;
2011-02-11;13:00;-9999;947;947;946,4;2084,8;24,3;21,3;24,4;23;21,8;20,5;88;83;83;30;8,7;5,6;
2011-02-11;14:00;-9999;946,9;947,1;946,8;2541,5;25,2;21,5;25,4;23,9;22,3;20,7;85;77;80;37;9,3;6,5;
2011-02-11;15:00;-9999;946,3;946,9;946,3;3357;26,3;21,8;26,6;25;22,3;21;81;73;77;22;9,3;6,1;
2011-02-11;16:00;-9999;945,9;946,3;945,9;2062;23,3;21;26,8;23,1;21,7;20,2;87;71;87;31;9,8;5,9;
2011-02-11;17:00;-9999;945,3;946,1;945,3;1570,5;23,9;21,1;24;23,1;21,9;20,8;91;85;85;41;10;4,9;
2011-02-11;18:00;-9999;944,6;945,3;944,6;1689,1;25,3;21,6;25,4;23,7;22,6;21,1;90;80;80;52;7;3,3;
2011-02-11;19:00;-9999;943,9;944,6;943,9;953,8;25;21,6;25,4;24,3;22,5;21,2;85;80;82;34;6,7;4,3;
2011-02-11;20:00;-9999;944,3;944,3;943,7;1047;20,9;20,2;25,9;20,9;22,2;20;95;76;95;307;9,2;5,4;
2011-02-11;21:00;-9999;943,9;944,4;943,9;96,5;21,2;20,3;21,4;20,8;20,5;20,1;96;93;94;328;8,3;2,4;
2011-02-11;22:00;-9999;944;944,1;943,8;80,4;21,3;20,5;21,5;21,2;20,7;20,3;96;94;95;359;4,4;1,5;
2011-02-11;23:00;-9999;944,5;944,5;944;,5;21;20,2;21,3;21;20,6;20,1;96;94;95;360;3,6;1,2;
2011-02-12;00:00;-9999;945,3;945,3;944,5;-9999;21;20,3;21,1;20,9;20,3;20,1;96;95;96;27;2,9;2,1;
2011-02-12;01:00;-9999;945,9;945,9;945,3;-9999;20,9;20,2;21,1;20,9;20,4;20,2;96;95;96;17;2,5;2,1;
2011-02-12;02:00;-9999;946,5;946,5;945,9;-9999;20,9;20;21;20,8;20,2;20;96;94;94;78;2,7;1,7;
2011-02-12;03:00;-9999;946,5;946,6;946,5;-9999;21,2;19,9;21,2;20,8;19,9;19,9;94;92;92;65;2,1;,6;
2011-02-12;04:00;-9999;946,3;946,5;946,3;-9999;21,1;19,9;21,3;20,3;20;19,3;96;92;93;43;2,4;2;
2011-02-12;05:00;-9999;946;946,3;945,9;-9999;21,2;19,9;21,2;21,1;20;19,9;93;92;92;27;2,9;2,4;
2011-02-12;06:00;-9999;945,9;946,1;945,8;-9999;21,2;19,9;21,3;21,2;20;19,9;93;92;92;34;3,2;2,2;
2011-02-12;07:00;-9999;945,7;945,9;945,7;-9999;21,1;20;21,2;21,1;20;19,9;93;92;93;25;2,9;1,8;
2011-02-12;08:00;-9999;945,9;946;945,7;-9999;21,2;20,1;21,2;21;20,2;20;94;93;93;55;3;1,8;
2011-02-12;09:00;-9999;946,1;946,1;945,9;-9999;21;19,8;21,2;21;20,1;19,8;94;92;93;34;3,6;2,2;
2011-02-12;10:00;-9999;946,1;946,1;946;35,7;20,9;19,7;21;20,7;19,8;19,7;94;93;93;39;4,4;3,2;
2011-02-12;11:00;-9999;946,8;946,8;946,1;442,8;22,4;20,3;22,4;20,9;20,5;19,8;93;88;88;47;5;3,3;
2011-02-12;12:00;-9999;947,7;947,7;946,8;1034,3;23,5;20,7;23,6;22,4;21,1;20,2;89;82;85;17;6,1;4,4;
2011-02-12;13:00;-9999;948;948;947,7;2030,8;25,2;21,2;25,2;23,4;21,4;20,3;85;77;79;358;7,2;4,1;
2011-02-12;14:00;-9999;947,8;948;947,8;3290,1;26,8;20,7;27,3;25;21,9;19,8;82;67;69;310;9,2;4,8;
2011-02-12;15:00;-9999;947,6;947,9;947,6;3272,4;27,5;21,4;28,1;26,5;21,9;19,7;74;64;69;321;8,3;4,1;
2011-02-12;16:00;-9999;947,1;947,6;947,1;1986;26,3;22;28,4;25,1;22,3;19,9;82;63;77;328;8,5;2,4;
2011-02-12;17:00;-9999;945,7;947,1;945,7;1600,1;27,8;21;27,8;26,4;22,4;19,9;77;63;67;338;7;3,5;
2011-02-12;18:00;-9999;944,4;945,7;944,4;3042,3;28,8;21,2;29,2;27,7;22,1;19,8;69;59;64;296;8,6;4;
2011-02-12;19:00;-9999;943;944,4;943;2585,5;28,1;20,4;29,4;27,9;21,9;19,5;67;57;63;279;7,4;4;
2011-02-12;20:00;-9999;942,7;943;942,6;1926,9;27,4;21;29,1;27,4;21,9;19,7;69;59;68;310;8,3;5,2;
2011-02-12;21:00;-9999;943;943,1;942,7;658,7;26;22,6;27,4;22,6;22,7;20,6;90;67;81;358;11,1;2,1;
2011-02-12;22:00;-9999;943,4;943,4;943;563,8;25,4;22,4;26,7;25,4;23,1;22,1;84;76;83;356;4,4;2;
2011-02-12;23:00;-9999;944,4;944,4;943,4;5,7;24,6;22,5;25,4;24,6;23;22,4;89;83;88;35;2,9;2,3;
2011-02-13;00:00;-9999;945,3;945,3;944,4;-9999;23,6;22,1;24,6;23,6;22,5;22;91;86;91;20;3,7;1,8;
2011-02-13;01:00;-9999;945,6;945,6;945,3;-9999;23,8;21,9;24;23,6;22,1;21,8;91;88;89;33;2,5;1,5;
2011-02-13;02:00;-9999;946,1;946,2;945,6;-9999;23,4;21,8;23,9;23,4;22;21,6;91;87;91;332;2;1,3;
2011-02-13;03:00;-9999;946,3;946,6;946;-9999;23,2;22;23,4;23,2;22,1;21,8;93;90;93;345;2,2;1,7;
2011-02-13;04:00;-9999;946;946,3;946;-9999;23,1;21,9;23,2;22,8;22;21,7;94;93;93;17;2,2;1,5;
2011-02-13;05:00;-9999;946;946,1;946;-9999;22,7;21,7;23,1;22,7;22;21,6;94;93;94;345;2,6;1,9;
2011-02-13;06:00;-9999;945,3;946;945,2;-9999;20,8;19,5;22,9;20,8;21,8;19,5;94;90;92;313;9,1;4,5;
2011-02-13;07:00;-9999;944,3;945,3;944,3;-9999;20,8;19,6;20,8;20,5;19,8;19,5;95;92;93;334;7,9;1,3;
2011-02-13;08:00;-9999;944,6;944,6;944,2;-9999;21,1;19,9;21,2;20,8;20;19,6;94;92;93;111;2,3;,8;
2011-02-13;09:00;-9999;945,1;945,1;944,6;-9999;20,8;19,8;21,2;20,8;20;19,8;94;92;94;210;2;0;
2011-02-13;10:00;-9999;945,6;945,6;945,1;10,7;20,7;19,7;21,1;20,7;20,1;19,6;95;92;94;340;2,1;1,5;
2011-02-13;11:00;-9999;946,4;946,4;945,5;294,2;21,8;20,3;21,8;20,7;20,4;19,7;94;91;91;26;3,6;2,7;
2011-02-13;12:00;-9999;947,1;947,1;946,4;1214,4;23,7;20,8;23,7;21,9;21;20,2;91;82;84;45;5,1;2,7;
2011-02-13;13:00;-9999;947,3;947,4;947,1;1653,1;24,9;21,2;25;23,6;22,1;20,4;85;79;80;33;5,3;2,9;
2011-02-13;14:00;-9999;947,4;947,4;947,3;1752,7;25,7;21,2;25,7;24,8;21,7;20,6;82;74;76;20;5,6;4,3;
2011-02-13;15:00;-9999;946,9;947,4;946,9;2915,6;27,7;22,1;27,7;25,5;22,5;20,9;79;71;71;1;7,4;3,5;
2011-02-13;16:00;-9999;945,7;946,9;945,7;3855;28,1;22;28,3;26,6;22,5;20,6;76;65;70;350;7,1;3,4;
2011-02-13;17:00;-9999;944,7;945,7;944,7;3423,4;28,3;21,5;29,4;27,6;22,3;20,1;71;61;67;313;7,1;1,9;
2011-02-13;18:00;-9999;944,2;944,7;944,2;750,1;23,3;21,6;28,4;23,2;22,1;20,7;92;66;90;348;9,6;2,8;
2011-02-13;19:00;-9999;942,8;944,2;942,8;2137,5;27,3;21,7;27,3;23,2;22,8;21,1;92;69;72;319;5,7;3,1;
2011-02-13;20:00;-9999;942,7;942,9;942,7;1662,7;27,9;21,1;28,2;27,3;22,1;20,4;74;64;66;355;6,2;2,3;
2011-02-13;21:00;-9999;943,4;943,4;942,7;489,8;23,2;21,5;27,9;23,2;22,3;21;90;66;90;34;11,3;5,1;
2011-02-13;22:00;-9999;943,6;943,6;943,2;134;23,5;21,3;23,5;22,9;21,4;20,8;90;86;87;75;7;1,5;
2011-02-13;23:00;-9999;944,6;944,6;943,6;-9999;23,8;21,1;23,8;23,4;21,7;21;89;85;85;25;2,4;2;
2011-02-14;00:00;-9999;945,6;945,6;944,6;-9999;22,8;20,8;23,8;22,8;21,3;20,6;89;84;89;290;2,9;,9;
2011-02-14;01:00;-9999;946,8;946,8;945,6;-9999;23,1;21,7;23,1;22,6;21,7;20,7;92;89;92;231;2,2;,1;
2011-02-14;02:00;-9999;946,7;946,8;946,7;-9999;23,2;22;23,2;23;22;21,7;93;92;93;145;1,2;,5;
2011-02-14;03:00;-9999;946,4;946,7;946,4;-9999;23,1;21,9;23,3;23,1;22;21,8;93;92;93;85;2,1;,1;
2011-02-14;04:00;-9999;945,7;946,4;945,7;-9999;23;22;23,2;23;22;21,8;94;93;94;85;1,3;,9;
2011-02-14;05:00;-9999;945,7;945,8;945,6;-9999;21,7;21,1;23;21,6;22;20,9;97;93;97;21;6,8;5,2;
2011-02-14;06:00;-9999;945,4;946,1;945,4;,8;20,9;20,4;21,7;20,6;21,1;20;97;97;97;226;12,7;1,5;
2011-02-14;07:00;-9999;945,2;945,5;945,2;-9999;20,6;20,2;20,9;20,6;20,5;20,2;98;97;98;240;5,7;1;
2011-02-14;08:00;-9999;945,2;945,4;945,2;0;20;19,7;20,6;20;20,2;19,7;98;98;98;212;3,6;1,5;
2011-02-14;09:00;-9999;945,2;945,3;945,1;-9999;19,9;19,5;20,1;19,8;19,7;19,5;98;98;98;196;4;,2;
2011-02-14;10:00;-9999;946,1;946,1;945,2;8,6;20,4;20;20,4;19,9;20;19,5;98;97;97;87;3,8;2,8;
2011-02-14;11:00;-9999;946,2;946,4;946,1;183,3;21,1;20;21,1;20,4;20,1;19,9;97;94;94;146;6,1;3,6;
2011-02-14;12:00;-9999;945,4;946,2;945,4;677,2;22,3;20,4;22,5;21,1;20,8;20;94;88;89;142;7,4;4,9;
2011-02-14;13:00;-9999;945,9;945,9;945,3;1205,1;23,7;20,9;23,7;22,2;21,2;20;89;84;84;111;7,4;2,7;
2011-02-14;14:00;-9999;946,1;946,1;945,9;1271,3;24,7;20,8;24,7;23,7;21,5;20,5;85;78;79;131;4,7;,9;
2011-02-14;15:00;-9999;945,8;946,2;945,8;2389;26,4;20,8;26,4;24,7;21,7;20,1;81;70;71;19;3,1;1;
2011-02-14;16:00;-9999;945,3;945,8;945,3;2316,2;26,6;20,5;26,8;25,9;21,7;19,9;75;67;69;359;5,4;3;
2011-02-14;17:00;-9999;944,4;945,3;944,4;2570,9;27,2;20,5;27,5;26,4;22,2;19,7;76;66;67;16;6,4;2,6;
2011-02-14;18:00;-9999;943,7;944,5;943,7;2028,5;27,1;20,6;27,6;26,9;21,7;20;72;65;68;64;5,1;2,5;
2011-02-14;19:00;-9999;943,5;943,7;943,4;457,9;23,1;21,6;27,1;23,1;22;20,1;91;67;91;269;6,4;3,7;
2011-02-14;20:00;-9999;942,5;943,5;942,4;280,1;22,5;21;23,1;22,2;21,7;20,5;92;90;91;160;5,2;0;
2011-02-14;21:00;-9999;942,6;942,7;942,4;368,1;24,7;21,7;24,9;22,5;21,8;20,6;91;80;84;295;,7;0;
2011-02-14;22:00;-9999;943,1;943,1;942,6;305,8;25;22,2;25,7;24,7;22,6;21,6;86;79;85;46;2,9;1,6;
2011-02-14;23:00;-9999;943,6;943,7;943,1;5,7;24,5;22,5;25;24,4;22,6;21,9;88;84;88;80;2;,5;
2011-02-15;00:00;-9999;944;944;943,5;-9999;24;21,8;24,9;24;22,5;20,6;89;78;87;78;2,1;1,4;
2011-02-15;01:00;-9999;944,5;944,5;944;-9999;23,5;21,4;24;23,1;21,7;21,1;89;85;88;157;2,4;1;
2011-02-15;02:00;-9999;944,7;944,8;944,5;-9999;22,9;21,3;23,6;22,8;21,4;21;91;85;90;89;3;1,9;
2011-02-15;03:00;-9999;944,6;944,8;944,6;-9999;22,3;21;23,2;22,2;21,3;20,8;92;88;92;31;2,3;,2;
2011-02-15;04:00;-9999;944,4;944,6;944,4;-9999;22;21;22,3;22;21;20,9;94;92;94;29;3,3;2,2;
2011-02-15;05:00;-9999;943,6;944,4;943,6;-9999;22,1;21,2;22,3;22;21,3;21;94;94;94;36;2,7;2,1;
2011-02-15;06:00;-9999;943,1;943,7;943,1;-9999;21,9;21,2;22,2;21,9;21,3;21;96;94;96;333;2,7;,1;
2011-02-15;07:00;-9999;943,2;943,2;943;-9999;21,9;21,3;22;21,9;21,4;21,2;96;96;96;63;1,6;1,2;
2011-02-15;08:00;-9999;943,4;943,4;943,2;-9999;21,8;21,3;21,9;21,8;21,4;21,3;97;96;97;44;2,6;,8;
2011-02-15;09:00;-9999;943,5;943,5;943,3;-9999;21,5;20,8;21,9;21,5;21,3;20,8;97;96;96;38;3,9;3;
2011-02-15;10:00;-9999;944;944,1;943,5;19,7;21,5;20,9;21,6;21,4;20,9;20,8;97;96;96;56;5,5;4,2;
2011-02-15;11:00;-9999;944,6;944,6;944;210,9;22,2;21,1;22,2;21,5;21,2;20,8;96;93;93;55;6,4;4,7;
2011-02-15;12:00;-9999;945;945;944,6;867,8;23,3;21,4;23,3;22,2;21,7;21,1;94;89;89;52;7,8;5,9;
2011-02-15;13:00;-9999;945,5;945,5;945;1773,2;24,5;21,4;24,5;23,3;22;21;90;82;83;41;9,6;6,3;
2011-02-15;14:00;-9999;945,5;945,6;945,4;2131,5;25,1;21,2;25,5;24,4;22;20,9;84;78;79;47;9,2;6,2;
2011-02-15;15:00;-9999;944,8;945,5;944,8;2831,1;27;21,9;27,3;25,1;22,8;21,3;82;74;74;33;9,1;5,9;
2011-02-15;16:00;-9999;944;944,8;944;3688,9;27,8;22,1;28,2;26,4;22,8;21,3;78;68;71;24;9,6;5,6;
2011-02-15;17:00;-9999;942,8;944,1;942,8;3816,1;29,2;21,6;29,2;27,5;22,5;20,8;71;62;64;41;9,6;4,9;
2011-02-15;18:00;-9999;941,8;942,8;941,8;2616,7;28,1;21,3;29,2;28,1;22,2;20,6;68;61;67;20;9,6;5,8;
2011-02-15;19:00;-9999;942,2;942,2;941,5;2128,4;24;21,3;29,5;24;22,5;20,9;85;61;85;344;10,6;7;
2011-02-15;20:00;-9999;942;942,4;941,9;250,2;21,8;21,1;23,9;21,3;21,4;20,3;96;85;95;348;12,5;4,5;
2011-02-15;21:00;-9999;942,2;942,4;942;154,6;22;21,1;22,1;21,8;21,4;21;96;94;95;16;6,8;3;
2011-02-15;22:00;-9999;942,6;942,6;942,1;34,9;21,8;20,7;22;21,8;21,1;20,7;95;92;93;38;4,8;2,3;
2011-02-15;23:00;-9999;943,6;943,6;942,6;-9999;22;21;22;21,8;21;20,6;94;93;94;59;3,1;1,1;
2011-02-16;00:00;-9999;944,4;944,4;943,5;-9999;22,1;21,3;22,1;21,7;21,3;20,9;96;94;95;104;1,6;,9;
2011-02-16;01:00;-9999;944,9;944,9;944,4;-9999;22,3;21,3;22,3;22,1;21,4;21,2;95;94;94;73;1,8;1,1;
2011-02-16;02:00;-9999;945,2;945,3;944,8;-9999;22,2;21,1;22,3;22,2;21,3;21,1;94;93;93;71;3,1;2,3;
2011-02-16;03:00;-9999;944,9;945,3;944,9;-9999;22,1;20,8;22,2;22,1;21,1;20,8;94;92;93;80;3,6;2,8;
2011-02-16;04:00;-9999;944,4;944,9;944,4;-9999;22;20,9;22,1;22;21;20,8;94;92;94;76;4,3;3,1;
2011-02-16;05:00;-9999;944;944,4;944;-9999;21,6;20,7;22;21,6;21;20,7;94;94;94;66;4;1,7;
2011-02-16;06:00;-9999;943,3;944;943,3;-9999;21,3;20,2;21,6;21,3;20,7;20,2;94;93;93;73;2,8;2,3;
2011-02-16;07:00;-9999;943,1;943,4;943,1;-9999;21,1;20,1;21,3;21;20,2;20;94;93;94;82;2,7;1,6;
2011-02-16;08:00;-9999;943,4;943,4;943,1;-9999;21;19,9;21,1;20,8;20,1;19,8;94;93;94;69;3,1;2,9;
2011-02-16;09:00;-9999;943,8;943,8;943,4;-9999;21,1;20;21,2;21;20,1;20;94;93;94;53;3,3;2,6;
2011-02-16;10:00;-9999;944,6;944,6;943,8;27,7;21;20,1;21,1;20,9;20,1;19,9;95;93;95;46;4;2,9;
2011-02-16;11:00;-9999;945,3;945,3;944,6;365,6;22,4;21,3;22,4;21;21,4;20,2;95;93;94;58;6,8;4,4;
2011-02-16;12:00;-9999;946,1;946,1;945,3;669,5;23,2;21,5;23,2;22,4;21,8;21,1;93;90;90;60;6,8;3,8;
2011-02-16;13:00;-9999;946,3;946,3;946,1;1604,1;24,6;21,7;25,7;23,2;22,7;21,5;91;81;83;36;9;6,7;
2011-02-16;14:00;-9999;946,3;946,5;946,3;2005,1;25,8;22,3;26,5;24,6;23;21,4;85;79;81;46;9;6;
2011-02-16;15:00;-9999;946,1;946,4;946,1;2750,3;26,2;22,2;27,1;25,8;23,4;21,8;82;76;78;27;8,5;5,4;
2011-02-16;16:00;-9999;944,9;946,1;944,9;3149;27,8;22;28,2;26,2;23,4;21,3;80;68;71;36;8,7;4,8;
2011-02-16;17:00;-9999;943,8;944,9;943,8;2692,4;27,9;21,4;28,4;27,3;22,7;21,2;74;67;68;29;7,6;4;
2011-02-16;18:00;-9999;943,1;943,8;943,1;1687,1;28,2;21,9;28,3;27,7;22,3;21;72;65;69;23;7;3,9;
2011-02-16;19:00;-9999;942,6;943,1;942,1;1987,5;28,5;22,2;29,2;28,1;22,3;20,8;69;62;69;39;6,6;3,7;
2011-02-16;20:00;-9999;942,6;942,7;942,3;805,2;24;21,4;28,8;24;21,9;20,9;86;64;85;356;14,9;5,4;
2011-02-16;21:00;-9999;942,7;943;942,4;214,4;23;21;24;23;21,5;20,8;89;85;89;70;8,6;4,4;
2011-02-16;22:00;-9999;943,2;943,3;942,7;15,4;22,7;21,3;23;22,7;21,3;20,9;92;88;92;70;5,8;,5;
2011-02-16;23:00;-9999;943,4;943,4;943,1;-9999;22,6;21,4;22,8;22,6;21,5;21,3;94;92;93;73;3,1;1,1;
2011-02-17;00:00;-9999;944,2;944,2;943,4;-9999;22,5;21,5;22,8;22,3;21,6;21,3;95;92;94;59;3,5;2,6;
2011-02-17;01:00;-9999;945,4;945,4;944,2;-9999;22,6;21,4;22,6;22,4;21,6;21,4;94;93;93;65;4,9;3,5;
2011-02-17;02:00;-9999;945,9;945,9;945,4;-9999;22,6;21,1;22,6;22,5;21,4;21,1;93;91;91;62;5;3,6;
2011-02-17;03:00;-9999;945,7;945,9;945,7;-9999;22,5;21;22,7;22,5;21,1;20,9;92;90;92;56;4,9;3;
2011-02-17;04:00;-9999;945,2;945,7;945,1;-9999;22,3;20,6;22,5;22,3;21;20,6;92;90;91;50;4,6;1,8;
2011-02-17;05:00;-9999;944,7;945,2;944,7;-9999;22,2;20,7;22,3;22,2;20,7;20,6;91;90;91;67;2,9;2;
2011-02-17;06:00;-9999;944,2;944,7;944,2;-9999;22,5;20,5;22,5;22,1;20,7;20,4;91;88;88;53;4,4;3,2;
2011-02-17;07:00;-9999;944;944,2;943,9;-9999;22,3;20,9;22,5;22,2;20,9;20,4;92;88;92;37;5,3;3,6;
2011-02-17;08:00;-9999;944,1;944,1;943,9;-9999;22,1;21,2;22,3;21,9;21,2;20,9;95;92;94;50;5,2;2,7;
2011-02-17;09:00;-9999;944,6;944,6;944,1;-9999;22,3;21,2;22,4;22,1;21,3;21,1;94;94;94;52;4,8;2,8;
2011-02-17;10:00;-9999;945,3;945,3;944,6;20,9;22,4;21,4;22,4;22,3;21,4;21,2;94;93;94;76;4,3;3,3;
2011-02-17;11:00;-9999;946,1;946,1;945,3;190,1;23,1;21,6;23,1;22,4;21,7;21,4;94;92;92;80;4,9;3,9;
2011-02-17;12:00;-9999;946,3;946,4;946,1;1122;24,7;22,1;24,9;23,1;22,4;21,6;92;84;85;88;6,8;4,6;
2011-02-17;13:00;-9999;946,2;946,4;946,2;1952,4;26,8;22,2;26,9;24,6;22,9;21,5;86;75;76;57;7,8;5,8;
2011-02-17;14:00;-9999;946,3;946,3;946,2;2992;27,4;22,5;27,5;26,1;22,5;21,2;78;70;74;46;9,1;5,6;
2011-02-17;15:00;-9999;946,2;946,4;946,2;2480,3;27,3;21,6;27,8;26,4;22,5;21;76;69;71;30;8,6;5,9;
2011-02-17;16:00;-9999;945,5;946,2;945,5;3006,9;27,4;22;28,5;27,2;23;21,5;74;68;72;23;8,6;5,1;
2011-02-17;17:00;-9999;944,4;945,5;944,4;2498,5;28,5;21,9;28,9;27,1;22,7;21,2;74;66;68;9;8,5;3,9;
2011-02-17;18:00;-9999;943,4;944,4;943,4;3175,2;28,5;21,6;29,6;28,3;22,6;20,7;68;61;66;44;7,7;3,9;
2011-02-17;19:00;-9999;942,3;943,4;942,3;2447,9;28,7;21,5;29,7;28,6;22,5;20,4;68;59;65;65;7;3,5;
2011-02-17;20:00;-9999;941,9;942,3;941,9;881,9;27,9;21,8;29;27,8;22,3;21;72;63;69;84;6;3,2;
2011-02-17;21:00;-9999;942,3;942,3;941,7;439,8;27,2;22,2;27,9;27,2;22,3;21,6;75;68;74;54;4,9;1,9;
2011-02-17;22:00;-9999;943;943;942,3;78,8;24,7;22,6;27,2;24,7;22,9;22,1;89;74;89;179;2,6;,7;
2011-02-17;23:00;-9999;943,5;943,6;942,9;-9999;24,4;22,4;24,7;24;22,7;22,3;91;89;89;171;2;1,1;
2011-02-18;00:00;-9999;944,7;944,7;943,5;-9999;24,3;22,7;24,5;24,1;22,7;22,3;91;88;91;166;1,9;,1;
2011-02-18;01:00;-9999;945;945;944,7;-9999;23,9;22,7;24,4;23,9;22,8;22,5;93;90;93;214;1,1;,6;
2011-02-18;02:00;-9999;945,4;945,4;945;-9999;24,1;22,9;24,3;23,8;23;22,7;94;91;94;67;1,4;0;
2011-02-18;03:00;-9999;945,2;945,5;945,1;-9999;24,3;22,5;24,5;24,1;23,1;22,4;94;89;90;67;3,1;1,7;
2011-02-18;04:00;-9999;945,3;945,3;945;-9999;24;22,2;24,4;23,9;22,6;22,2;91;88;90;142;3,6;2,4;
2011-02-18;05:00;-9999;944,6;945,3;944,6;-9999;24;22,5;24,1;23,7;22,5;22,2;92;89;92;92;3,5;,7;
2011-02-18;06:00;-9999;943,8;944,6;943,8;-9999;23,6;22,1;24;23,6;22,6;22,1;93;90;91;93;4,1;1,6;
2011-02-18;07:00;-9999;944;944,1;943,8;-9999;23,4;21,8;23,6;23,3;22,1;21,6;92;89;91;146;2,9;1,8;
2011-02-18;08:00;-9999;944,3;944,4;944;-9999;23,4;21,6;23,5;23,3;21,8;21,5;91;89;90;146;4,7;2,8;
2011-02-18;09:00;-9999;945;945;944,3;-9999;22,7;21,8;23,4;22,7;21,9;21,6;95;90;95;143;6;2,8;
2011-02-18;10:00;-9999;945;945,2;944,7;-9999;22,7;21,7;22,8;22,5;21,8;21,6;95;94;94;82;4,6;1;
2011-02-18;11:00;-9999;945,5;945,5;945;100,9;22,7;21,7;22,7;22,5;21,9;21,7;95;94;94;8;3,7;1,6;
2011-02-18;12:00;-9999;946;946,1;945,5;581,3;23,4;22,1;23,4;22,6;22,2;21,5;95;93;93;23;4,5;3,2;
2011-02-18;13:00;-9999;946,9;947;946;1606,8;24,9;22,6;25,1;23,4;23,1;22,1;93;85;87;16;7,6;5,1;
2011-02-18;14:00;-9999;947,2;947,3;946,9;1990,2;25,9;21,7;26,3;24,7;23,1;21,5;88;77;78;8;9,4;5,7;
2011-02-18;15:00;-9999;946,7;947,2;946,6;3500,5;27,8;21,9;27,9;25,7;23,1;21,2;81;68;70;29;10,4;6,8;
2011-02-18;16:00;-9999;945,7;946,7;945,7;2916,9;27,9;20,8;28,9;26,4;22,7;20,8;76;64;66;24;10,4;6,7;
2011-02-18;17:00;-9999;946,3;946,4;945,5;2070,1;21,1;20,4;28,7;20,9;22;18,2;96;61;96;43;21,9;9,2;
2011-02-18;18:00;-9999;944,4;946,3;944,4;1001,6;20,8;19,8;21,8;20,4;21,1;19,4;96;92;95;360;12,6;3,6;
2011-02-18;19:00;-9999;942,7;944,4;942,7;724;21,7;20,1;21,9;20,7;20,4;19,7;95;90;91;30;6,3;4,6;
2011-02-18;20:00;-9999;942;942,7;941,9;642,5;22,7;19,7;22,7;21,5;20,4;19,7;92;84;84;56;6,3;1,6;
2011-02-18;21:00;-9999;941,8;942;941,5;346,6;23;19,7;23;22,6;20,3;19,5;86;81;82;88;3,5;1,6;
2011-02-18;22:00;-9999;941,2;941,9;941;178,4;22,1;19,5;23;22,1;20,1;19,4;86;81;86;57;3,3;2;
2011-02-18;23:00;-9999;942,6;942,6;941,2;-9999;21,6;19,1;22,1;21,4;19,8;19,1;90;86;86;63;4,3;3,5;
2011-02-19;00:00;-9999;944,1;944,1;942,6;-9999;21,1;19,3;21,6;21;19,3;19;90;86;89;60;4,6;2,6;
2011-02-19;01:00;-9999;945,1;945,1;944,1;-9999;21,3;19,4;21,4;21;19,5;19,2;90;89;89;49;3,8;2,1;
2011-02-19;02:00;-9999;945,5;945,6;945,1;-9999;21,3;19,8;21,3;20,5;19,8;19,1;92;89;91;14;2,4;1,5;
2011-02-19;03:00;-9999;945,3;945,5;945,1;-9999;21,5;20,1;21,5;21,3;20,1;19,8;92;91;92;29;1,8;,7;
2011-02-19;04:00;-9999;945;945,4;944,9;-9999;21,8;20,5;22,2;21,5;20,6;19,9;94;87;92;100;2,4;1,2;
2011-02-19;05:00;-9999;945;945,2;944,9;-9999;22;20,2;22,3;21,8;20,6;20,2;93;89;90;99;4;2,6;
2011-02-19;06:00;-9999;944,8;945,2;944,6;-9999;21;19,5;22;21;20,3;19,5;92;90;91;83;6;3,5;
2011-02-19;07:00;-9999;944,4;944,8;944,3;-9999;20,8;19,4;21;20,8;19,5;19,4;92;91;92;95;5,4;3,5;
2011-02-19;08:00;-9999;944,2;944,4;944,2;-9999;20,6;19,4;20,9;20,6;19,4;19,4;93;91;93;51;5;2,9;
2011-02-19;09:00;-9999;944,7;944,7;944,2;-9999;20,8;19,4;20,8;20,6;19,5;19,4;94;92;92;81;4,8;,6;
2011-02-19;10:00;-9999;945,3;945,3;944,7;2,1;20,7;19,6;20,8;20,6;19,7;19,4;94;92;93;67;4,2;3;
2011-02-19;11:00;-9999;945,6;945,6;945,3;112,6;21,1;19,8;21,1;20,6;19,8;19,5;93;91;92;74;4,7;2,5;
2011-02-19;12:00;-9999;945,5;945,7;945,4;637;22,9;20;22,9;21,1;20,2;19,6;92;82;84;60;5,7;4,2;
2011-02-19;13:00;-9999;946,3;946,3;945,5;784,6;23;19,8;23,2;22,8;20,3;19,6;85;81;82;54;7,1;4,7;
2011-02-19;14:00;-9999;946;946,5;946;1083,6;24,1;20,5;24,2;23;21;19,8;84;79;80;42;7,9;5,7;
2011-02-19;15:00;-9999;945,9;946;945,8;2187,5;25,2;21,2;25,2;23,9;21,7;20,1;82;78;79;55;9,3;4,7;
2011-02-19;16:00;-9999;945,5;945,9;945,5;2014,5;26;21,6;26;24,8;21,6;20,5;80;74;77;57;7;4,9;
2011-02-19;17:00;-9999;944,7;945,5;944,7;2938,1;26,3;20,7;27;25,9;22,1;20,6;77;70;71;55;7,8;4,6;
2011-02-19;18:00;-9999;943,4;944,7;943,4;3135,1;27,8;20,2;28;26,3;21,8;20,2;74;62;64;45;9,2;5,2;
2011-02-19;19:00;-9999;942,4;943,5;942,4;2731,4;28,3;20,3;28,7;27,4;21,2;19,5;67;58;62;52;9,2;5,3;
2011-02-19;20:00;-9999;941,9;942,4;941,9;1659,4;27,9;20;28,8;27,4;20,6;19,1;64;58;62;62;8,1;3,9;
2011-02-19;21:00;-9999;941,8;941,9;941,7;1289,2;27,7;19,2;28,3;27,6;20,6;18,9;64;58;60;47;7,3;4,8;
2011-02-19;22:00;-9999;942,1;942,1;941,8;281,9;25,5;20,4;27,8;25,5;20,4;19,3;74;60;74;28;7,3;2,8;
2011-02-19;23:00;-9999;942,2;942,4;942,1;-9999;23,1;20,4;25,5;23,1;20,6;20,2;85;74;84;62;6,6;1,7;
2011-02-20;00:00;-9999;943,2;943,2;942,2;-9999;22,3;19,7;23,2;22,3;20,4;19,7;88;83;85;24;3;2,3;
2011-02-20;01:00;-9999;944,1;944,1;943,2;-9999;22,9;20;22,9;22,2;20,2;19,6;88;83;84;119;3,1;,4;
2011-02-20;02:00;-9999;944,9;944,9;944,1;-9999;23,3;21;23,8;22,9;21;20,1;87;80;87;99;4,3;3,2;
2011-02-20;03:00;-9999;944,7;945;944,7;-9999;23,4;21;23,4;23,3;21,1;21;87;86;87;102;5,2;4,2;
2011-02-20;04:00;-9999;944,6;944,8;944,6;-9999;23,2;20,7;23,4;23,2;21,1;20,7;87;85;86;93;6,1;4;
2011-02-20;05:00;-9999;944,2;944,6;944,2;-9999;22,8;20,7;23,3;22,8;20,7;20,6;88;85;88;74;5,6;3,2;
2011-02-20;06:00;-9999;943,8;944,2;943,8;-9999;22,5;20,7;22,8;22,5;20,8;20,7;90;88;89;86;4;2,6;
2011-02-20;07:00;-9999;943,6;943,8;943,5;-9999;22,3;20,6;22,6;22,3;20,7;20,6;91;89;90;71;3,7;2,3;
2011-02-20;08:00;-9999;943,6;943,6;943,5;-9999;22,2;20,5;22,6;22,1;20,6;20,4;91;88;90;80;3,9;2,9;
2011-02-20;09:00;-9999;944,1;944,1;943,6;-9999;22;20,3;22,2;22;20,5;20,3;90;89;90;78;3,9;2,2;
2011-02-20;10:00;-9999;944,7;944,7;944,1;49,8;22,3;20,3;22,3;21,8;20,4;20,3;91;88;88;98;3,3;2,4;
2011-02-20;11:00;-9999;945,6;945,6;944,7;469;23,8;20,7;23,8;22,3;20,7;20,1;88;82;83;81;4,2;1,9;
2011-02-20;12:00;-9999;946,3;946,3;945,6;860,6;24,7;20,3;24,7;23,8;20,5;19,8;83;75;76;58;3;1,1;
2011-02-20;13:00;-9999;946,7;946,7;946,3;1417,5;25,7;20,9;26;24,7;21,4;19,6;77;73;75;42;3,6;2,1;
2011-02-20;14:00;-9999;946,7;946,8;946,7;1766,7;27,1;20,6;27,2;25,7;21,6;20,1;77;67;68;32;6,5;3,5;
2011-02-20;15:00;-9999;946,4;946,7;946,3;3939,8;28,1;21;28,9;27,1;21,7;19,4;68;58;65;19;7,6;3,8;
2011-02-20;16:00;-9999;945,5;946,4;945,5;3512,8;29,3;20,8;29,5;28;21,9;19,7;66;57;60;29;8,9;3,4;
2011-02-20;17:00;-9999;944,7;945,5;944,7;3732;30,2;20,2;30,2;28,7;21,3;19,3;61;52;55;17;8,5;4,4;
2011-02-20;18:00;-9999;944,7;945,1;944,2;2158,6;20,2;17,3;30,9;20,2;21,2;17,3;84;52;84;114;24,5;10,1;
2011-02-20;19:00;-9999;943,2;945,6;943,2;329,6;21,3;20,9;21,3;18,9;20,9;17,3;98;84;98;222;-9999;,5;
2011-02-20;20:00;-9999;942,5;943,2;942,5;1486,9;26,9;21,4;27;21,3;25;20,9;98;69;72;69;3,2;2,5;
2011-02-20;21:00;-9999;941,9;942,5;941,7;1422,7;28,1;20,1;28,2;26,9;22,3;20,1;75;62;62;27;4,2;2;
2011-02-20;22:00;-9999;942,9;942,9;941,9;577,1;26,7;22,3;28,1;26,7;22,3;20,4;77;62;77;97;3,9;1,4;
2011-02-20;23:00;-9999;943,8;943,8;942,8;6,4;24,1;20,8;26,7;24,1;22,4;20,3;82;72;82;64;2,5;,5;
2011-02-21;00:00;-9999;944,9;944,9;943,8;-9999;23,8;20,6;24,6;23,8;20,9;19,6;83;74;82;122;4,9;1,9;
2011-02-21;01:00;-9999;945,8;945,8;944,9;-9999;23,6;19,2;24,3;23,6;20,5;18,4;82;69;76;111;3,9;1,5;
2011-02-21;02:00;-9999;947,4;947,4;945,8;-9999;22,6;19,7;23,6;22,5;20;19,1;85;76;84;88;7,5;5;
2011-02-21;03:00;-9999;947,3;948;947,3;-9999;20,7;19,5;22,7;20,6;20;19,5;95;83;93;44;13,3;6,9;
2011-02-21;04:00;-9999;946,5;947,3;946,5;-9999;20,7;19,1;20,7;20,4;19,5;19,1;94;91;91;54;9,8;3,1;
2011-02-21;05:00;-9999;946,3;946,5;946,1;-9999;20,3;19;20,7;20,3;19,2;19;92;91;92;56;4,6;1,8;
2011-02-21;06:00;-9999;945,6;946,3;945,6;-9999;20,3;18,7;20,3;20,2;19;18,7;93;90;90;56;4,7;3,5;
2011-02-21;07:00;-9999;945,9;945,9;945,5;-9999;20,1;18,7;20,3;20;18,9;18,6;92;90;92;93;4,2;1,7;
2011-02-21;08:00;-9999;945,8;946;945,8;-9999;19,7;18,2;20,2;19,7;18,7;18,2;92;90;91;80;4,8;3,8;
2011-02-21;09:00;-9999;945,8;945,9;945,8;-9999;19,4;18;19,7;19,4;18,2;18;92;91;92;93;5,2;3,6;
2011-02-21;10:00;-9999;946,3;946,3;945,8;16,3;19,9;18;19,9;19,3;18;17,9;92;89;89;66;6,6;4,5;
2011-02-21;11:00;-9999;947;947;946,3;586,7;21,5;18,7;21,5;19,9;19;18;89;84;84;55;6,9;4,6;
2011-02-21;12:00;-9999;947,7;947,7;947;1522,8;22,9;19;23;21,5;19,5;18,7;85;79;79;40;7,6;5,2;
2011-02-21;13:00;-9999;948,3;948,3;947,7;2383,4;24,5;19,3;24,8;22,9;20;18,8;81;71;73;36;9;5,5;
2011-02-21;14:00;-9999;948,3;948,3;948;3160;26,3;19,2;26,3;24,5;19,7;18,5;74;62;65;50;8,4;5,9;
2011-02-21;15:00;-9999;948;948,3;948;3638,3;27,6;19,3;27,8;26,1;20,5;18,3;67;59;60;36;10;5,7;
2011-02-21;16:00;-9999;947,8;948,1;947,8;3800,9;28,3;19,6;28,6;27,3;20,8;18,7;65;57;59;32;10;5;
2011-02-21;17:00;-9999;947,1;947,8;947,1;3824,9;29,3;18,4;29,7;28,1;20,3;18,4;61;51;52;33;9,1;4,7;
2011-02-21;18:00;-9999;946,5;947,1;946,5;3524,9;29,8;19;30;29,1;19,8;18;57;50;52;25;10;5;
2011-02-21;19:00;-9999;945,3;946,6;945,3;2948,8;29,7;19,1;30,2;29,1;19,8;18,3;56;50;53;37;7,6;4;
2011-02-21;20:00;-9999;944,2;945,3;944,2;2190,8;29,7;19,8;30,2;29,2;19,9;17,9;55;49;55;30;7,6;3,1;
2011-02-21;21:00;-9999;943,9;944,2;943,8;1278,1;29;18,9;29,8;29;19,8;18,3;56;52;55;15;5,8;2,6;
2011-02-21;22:00;-9999;944,3;944,3;943,9;384;27,2;20,8;29,2;27,2;20,8;18,9;68;54;68;30;4;1,7;
2011-02-21;23:00;-9999;944,9;944,9;944,3;-9999;24,7;21,4;27,2;24,7;21,7;20,9;82;68;82;26;2,2;1,8;
2011-02-22;00:00;-9999;945,7;945,7;944,9;-9999;24,4;21;24,8;24,4;21,3;20,9;82;80;81;51;2,5;2,1;
2011-02-22;01:00;-9999;946,9;946,9;945,7;-9999;23,9;20,8;24,5;23,8;21;20,6;83;79;83;71;3,1;2,4;
2011-02-22;02:00;-9999;947,5;947,5;947;-9999;23,9;20,3;23,9;23,1;20,8;20,3;85;80;80;74;4;3,2;
2011-02-22;03:00;-9999;947,6;947,7;947,5;-9999;22,7;19,9;23,9;22,4;20,3;19,9;87;79;84;70;4;2,4;
2011-02-22;04:00;-9999;947,4;947,6;947,3;-9999;21,9;19,5;22,7;21,9;19,8;19,5;88;84;86;39;3,6;3,1;
2011-02-22;05:00;-9999;947;947,4;947;-9999;22;19,5;22,3;21,8;19,6;19,3;86;84;86;36;5,2;3,7;
2011-02-22;06:00;-9999;946,4;947;946,4;-9999;21,1;19,2;22,1;21,1;19,5;19,2;89;85;89;31;5,3;3,2;
2011-02-22;07:00;-9999;946,2;946,4;946,1;-9999;21;19,1;21,3;21;19,2;19,1;89;88;89;42;3,9;2,2;
2011-02-22;08:00;-9999;946,3;946,3;946,2;-9999;20,7;19,1;21,3;20,7;19,2;19;91;88;91;48;3,9;2,7;
2011-02-22;09:00;-9999;946,7;946,7;946,3;-9999;20,3;18,9;20,7;20,3;19,1;18,9;92;91;91;44;3,6;2,2;
2011-02-22;10:00;-9999;947;947;946,6;13,1;20,5;19;20,6;20,2;19;18,8;92;90;91;66;3,5;3,1;
2011-02-22;11:00;-9999;947,4;947,4;947;601,1;23,8;19,9;23,8;20,5;20,2;19,1;91;79;79;61;4,5;3,2;
2011-02-22;12:00;-9999;948;948;947,4;1201,7;24,1;19,8;25;23,8;20,2;19,5;79;72;77;43;7,8;4,9;
2011-02-22;13:00;-9999;948,2;948,2;948;1696,5;26,2;20,3;26,2;24;20,5;19,2;79;69;70;39;8,4;5,9;
2011-02-22;14:00;-9999;948,3;948,4;948,2;3179,5;27,3;20,4;28;26;21,3;19,8;73;64;66;35;8,4;4,4;
2011-02-22;15:00;-9999;947,8;948,4;947,8;3441,9;28,5;20,6;28,7;27;21,2;19,9;69;60;62;37;7,8;3,9;
2011-02-22;16:00;-9999;946,9;947,8;946,9;3687,8;29,3;20,1;29,4;28,1;21;19,5;64;57;57;14;7,9;5,2;
2011-02-22;17:00;-9999;945,9;946,9;945,9;3470,1;29,3;19,6;30,2;28,8;20,5;18,7;59;52;56;11;9,7;3,5;
2011-02-22;18:00;-9999;944,3;945,9;944,3;3173,5;30,1;19,4;30,6;29,3;20,3;18,5;58;51;53;49;8,9;4,1;
2011-02-22;19:00;-9999;943,3;944,3;943,3;2980,8;30,2;20,5;30,9;29,6;20,5;18,6;57;49;56;15;9,1;4,8;
2011-02-22;20:00;-9999;942,9;943,4;942,9;2246,8;29,5;19,8;30,7;29,5;20,8;19,4;58;52;56;3;7,7;4,6;
2011-02-22;21:00;-9999;942,7;943;942,6;1376,8;28,7;20;30,4;28,6;20,5;18,9;59;53;59;3;8,2;4,2;
2011-02-22;22:00;-9999;943,1;943,2;942,7;428,6;25,1;20,7;29,1;25,1;21,4;19,8;77;58;77;311;7,7;3,4;
2011-02-22;23:00;-9999;943,6;943,8;943,1;,7;24,9;20,8;25,2;24,6;21,2;20,6;80;76;78;157;4,9;0;
2011-02-23;00:00;-9999;944,7;944,7;943,7;-9999;23,5;20,4;24,9;23,2;21,4;20,4;87;78;83;264;2,6;1,8;
2011-02-23;01:00;-9999;945,1;945,2;944,7;-9999;23,4;21,1;23,6;23,2;21,3;20,3;88;82;87;100;2,2;,3;
2011-02-23;02:00;-9999;945,2;945,2;944,9;-9999;22,9;20,4;23,4;22,8;21,1;20,4;89;86;86;30;3,1;2,4;
2011-02-23;03:00;-9999;944,7;945,3;944,7;-9999;22,7;20,4;23;22,3;20,6;20,2;89;85;87;123;3,7;1,6;
2011-02-23;04:00;-9999;944,6;944,8;944,6;-9999;22,3;20,5;23,1;22,3;20,5;20,1;90;85;90;106;2,7;1,6;
2011-02-23;05:00;-9999;944,4;944,6;944,4;-9999;22,8;20,4;23,1;22,3;20,6;20,2;90;84;86;147;2,8;1,8;
2011-02-23;06:00;-9999;943,7;944,4;943,7;-9999;22,4;20,5;22,8;22;20,6;20,3;91;86;89;92;3,4;1,5;
2011-02-23;07:00;-9999;943,8;943,8;943,5;-9999;21,9;20;22,6;21,9;20,6;20;91;86;89;150;3,9;2,3;
2011-02-23;08:00;-9999;943,6;943,8;943,6;-9999;21,7;20,2;22,2;21,2;20,2;19,8;93;88;91;137;3,9;1,9;
2011-02-23;09:00;-9999;943,6;943,7;943,6;-9999;21,3;19,9;21,9;21,3;20,1;19,8;92;89;92;145;3;1;
2011-02-23;10:00;-9999;943,9;943,9;943,6;12,9;21,7;20;21,7;21;20;19,5;92;90;90;53;3,5;3;
2011-02-23;11:00;-9999;944,6;944,6;943,9;578,6;24,4;20,9;24,4;21,7;21;20;90;80;81;56;3,6;2,8;
2011-02-23;12:00;-9999;945;945,1;944,6;885,4;24,7;21,5;24,9;23,9;21,5;20,2;82;79;82;31;5,6;3,4;
2011-02-23;13:00;-9999;945,4;945,4;945;1669,3;26,3;21,2;26,5;24,7;22;20,9;83;73;74;25;7,4;5,1;
2011-02-23;14:00;-9999;945,3;945,5;945,3;1968;26,4;21;27,2;25,7;21,9;20,9;77;71;72;23;8,2;5,6;
2011-02-23;15:00;-9999;944,6;945,3;944,6;3416,4;29;21,4;29,2;26,3;22,5;21;75;64;64;17;8,2;4,3;
2011-02-23;16:00;-9999;944;944,6;943,9;3190;29,8;21;30,1;28,2;21,9;20,4;67;58;59;18;8,8;4,9;
2011-02-23;17:00;-9999;942,9;944;942,9;2719,3;28,2;21;29,8;27,7;22,8;20,1;69;58;65;334;9,8;3,7;
2011-02-23;18:00;-9999;942;942,9;941,9;2533,8;26,9;21,1;28,2;25,4;22,4;20,4;79;65;71;285;10,5;4,2;
2011-02-23;19:00;-9999;941,4;942;941,4;872,9;27,3;21;27,7;26,2;21,9;20,6;74;68;69;285;6,2;2,7;
2011-02-23;20:00;-9999;940,4;941,4;940,4;2493,4;28,8;21,1;29,3;27,2;21,7;20;70;59;63;281;6,6;3,4;
2011-02-23;21:00;-9999;940,7;940,9;940,4;1373,5;26,6;20,9;29;26,5;21,6;20,2;71;62;71;288;7,5;4,1;
2011-02-23;22:00;-9999;941;941,1;940,7;437;25,6;20,7;27,3;25,6;21,3;20,3;75;66;74;314;7,5;4,4;
2011-02-23;23:00;-9999;942,2;942,2;941;-9999;24,7;21,5;25,6;24,6;21,5;20,7;82;74;82;32;6,4;1,6;
2011-02-24;00:00;-9999;942,9;942,9;942,2;-9999;24,3;21,8;24,7;24,3;21,9;21,3;86;82;86;38;2,8;1,9;
2011-02-24;01:00;-9999;943,8;943,8;942,8;-9999;23,7;21,6;24,3;23,7;22;21,5;89;86;88;62;2,8;2,1;
2011-02-24;02:00;-9999;944,5;944,5;943,8;-9999;22,7;21,3;23,7;22,7;21,6;21,2;92;88;92;14;2,9;,9;
2011-02-24;03:00;-9999;944,2;944,5;944,2;-9999;22,9;21,5;23,3;22,7;22;21,3;93;91;92;108;1,9;,6;
2011-02-24;04:00;-9999;943,7;944,2;943,6;-9999;22,7;21,4;22,9;22,4;21,6;21,2;93;92;92;126;1,8;,1;
2011-02-24;05:00;-9999;943,1;943,8;943,1;-9999;22,3;21,1;22,8;22,3;21,4;21;93;91;93;42;3,7;3,1;
2011-02-24;06:00;-9999;943,1;943,3;943,1;-9999;22,4;21,2;22,5;22,2;21,2;21;93;92;93;32;3,9;2,4;
2011-02-24;07:00;-9999;943;943,1;942,8;-9999;21,8;20,8;22,4;21,8;21,2;20,8;94;93;94;30;3,6;2,9;
2011-02-24;08:00;-9999;943,5;943,5;943;-9999;21,4;20,6;21,8;21,4;20,8;20,5;95;94;95;29;4,3;3,4;
2011-02-24;09:00;-9999;943,6;943,7;943,4;-9999;21;20,5;21,4;21;20,6;20,4;97;95;97;34;4,6;3,3;
2011-02-24;10:00;-9999;944,4;944,4;943,6;16,4;21,2;20,8;21,2;20,9;20,8;20,5;97;97;97;41;4,6;2,1;
2011-02-24;11:00;-9999;945,1;945,1;944,4;507,5;23,2;21,7;23,2;21,2;21,9;20,8;97;91;91;37;4,8;3;
2011-02-24;12:00;-9999;945,2;945,3;945,1;894,3;23,7;21,9;23,7;23,1;22;21,4;92;89;90;35;6,3;4,3;
2011-02-24;13:00;-9999;945;945,2;945;2299,8;26,5;21,4;26,7;23,7;22,3;20,9;90;73;73;31;6,9;5;
2011-02-24;14:00;-9999;945,1;945,1;944,9;3016,8;28,1;22,9;28,1;26,4;22,9;21;75;69;73;16;7,2;3,8;
2011-02-24;15:00;-9999;944,8;945,1;944,7;3007,9;28,2;21,5;29,5;27,3;22,6;21;73;62;67;22;7,6;4;
2011-02-24;16:00;-9999;944,1;944,8;944,1;3394,8;29,3;20,8;30,2;28,2;22,4;20,3;68;56;60;306;7,1;2,4;
2011-02-24;17:00;-9999;943,5;944,4;943,5;644,6;24,2;21,3;29,7;23,5;22,3;20,3;88;60;84;28;10,6;3,9;
2011-02-24;18:00;-9999;942,4;943,5;942,4;1587,5;28,8;21,2;29,8;24,2;22;20,2;85;58;64;294;5,4;2,8;
2011-02-24;19:00;-9999;941,6;942,4;941,6;1128,3;29,5;21,3;29,6;28,4;22,2;20,4;67;59;61;208;4,6;,2;
2011-02-24;20:00;-9999;941;941,6;940,9;891,4;28,7;20,8;29,5;28,7;21,7;19,9;64;57;63;281;3,8;,3;
2011-02-24;21:00;-9999;941,6;941,6;940,9;270,6;24,7;21,4;28,9;24,7;22,9;20,3;82;60;82;352;7,1;4,6;
2011-02-24;22:00;-9999;942,7;942,7;941,6;72,1;23,1;21,6;25,3;23,1;22,1;21,2;92;79;91;150;7,9;1;
2011-02-24;23:00;-9999;942,9;942,9;942,5;2;23,1;20,5;23,1;22,2;21,7;20,4;93;86;86;83;5,3;,6;
2011-02-25;00:00;-9999;943,2;943,2;942,7;0;23,9;20,8;24,6;23,1;21,1;19,8;86;75;83;110;2,4;1,2;
2011-02-25;01:00;-9999;944,4;944,4;943,2;,3;23,6;20,8;24,7;23,6;20,8;19,8;84;75;84;133;2;0;
2011-02-25;02:00;-9999;945,2;945,2;944,4;-9999;24,4;22,1;24,8;23,6;22,1;20,7;87;78;87;98;3,1;1,8;
2011-02-25;03:00;-9999;945,2;945,4;945,2;-9999;24,6;21,8;25;24,4;22,1;21,5;87;81;84;140;2,5;0;
2011-02-25;04:00;-9999;945;945,2;945;-9999;24;22;24,7;24;22,4;21,7;89;83;88;80;2,5;2;
2011-02-25;05:00;-9999;944,6;945;944,6;-9999;23,1;21,6;24;23;22,2;21,5;93;88;91;27;3,5;1,9;
2011-02-25;06:00;-9999;944,1;944,6;944,1;-9999;23;21,4;23,1;22,9;21,5;21,1;92;89;91;9;2,9;,8;
2011-02-25;07:00;-9999;944,2;944,2;944,1;-9999;22,9;21,3;23,1;22,9;21,5;21,3;91;90;91;319;2;,1;
2011-02-25;08:00;-9999;944,2;944,2;944,1;-9999;23,1;21,4;23,1;22,9;21,6;21,3;92;90;90;48;2,5;1,9;
2011-02-25;09:00;-9999;944,8;944,8;944,2;-9999;23,1;21,6;23,1;22,9;21,6;21,4;92;90;91;31;2,3;1,2;
2011-02-25;10:00;-9999;944,9;945;944,8;14,7;22,4;21,3;23,1;22,4;21,5;21,2;94;90;94;266;1,8;1,5;
2011-02-25;11:00;-9999;945,8;945,8;944,9;216,5;23,6;22;23,6;22,4;22,1;21,3;94;91;91;213;2;0;
2011-02-25;12:00;-9999;946,8;946,8;945,8;915;24,8;21,9;24,8;23,6;22,4;21,8;91;84;84;278;3,5;,2;
2011-02-25;13:00;-9999;947,3;947,3;946,8;1557,6;25,9;21,6;26,5;24,7;22,6;21,4;85;76;77;262;3,2;,8;
2011-02-25;14:00;-9999;947,1;947,4;947,1;2013,4;27,1;22,2;27,1;25,8;22,6;21,4;80;73;75;228;2,7;,6;
2011-02-25;15:00;-9999;947,2;947,4;947,1;1634,4;24,6;21,2;27,7;24,6;23,7;21,2;86;69;82;338;11,1;5,6;
2011-02-25;16:00;-9999;947,7;947,8;946,8;278,1;21,7;21;24,5;20,9;21,1;19,6;96;79;96;65;11,1;6;
2011-02-25;17:00;-9999;946,2;947,7;946,2;163,5;21,6;20,7;22,6;21,5;21,3;20;96;90;95;7;9,5;4,1;
2011-02-25;18:00;-9999;945,1;946,2;945;449,2;21,6;21;21,7;21,4;21,1;20,7;97;95;96;28;9,1;6,7;
2011-02-25;19:00;-9999;944,4;945,1;944,3;937,3;22,2;20,5;22,3;21,5;21,1;20,5;96;90;90;338;9,1;2,5;
2011-02-25;20:00;-9999;943,6;944,4;943,6;827;22,9;21,1;23;22,2;21,3;20,4;92;88;89;249;4,9;1,7;
2011-02-25;21:00;-9999;943,6;943,7;943,5;334,8;22,5;21,1;23;22,5;21,3;20,8;92;89;92;217;4,6;1,6;
2011-02-25;22:00;-9999;943,2;943,6;943,2;86,4;22,2;21,1;22,5;22,2;21,2;21;93;91;93;187;3,2;1;
2011-02-25;23:00;-9999;944,3;944,3;943,2;-9999;21,6;20,9;22,2;21,6;21,1;20,8;96;93;96;244;1,9;,5;
2011-02-26;00:00;-9999;944,8;944,8;944,3;-9999;21,9;21,2;21,9;21,6;21,2;20,9;96;96;96;162;1,7;,8;
2011-02-26;01:00;-9999;945,2;945,2;944,7;-9999;21,8;21;22,1;21,7;21,2;20,9;96;95;95;226;1,4;0;
2011-02-26;02:00;-9999;945,8;945,9;945,2;-9999;21,2;20,7;21,8;21,2;21;20,6;97;95;97;218;1,2;0;
2011-02-26;03:00;-9999;945,4;945,8;945,4;-9999;21,5;20,9;21,5;21,2;21;20,6;97;97;97;198;1,1;,3;
2011-02-26;04:00;-9999;945,2;945,4;945,1;-9999;21,5;20,6;21,5;21,3;20,9;20,6;97;95;95;190;1,3;,2;
2011-02-26;05:00;-9999;944,7;945,2;944,7;-9999;21,6;20,6;21,6;21,4;20,6;20,5;95;94;94;182;2;,4;
2011-02-26;06:00;-9999;944,3;944,7;944,3;-9999;21,6;20,4;21,7;21,3;20,6;20,4;95;93;93;182;1,5;,3;
2011-02-26;07:00;-9999;943,9;944,3;943,9;-9999;21,2;20,2;21,6;21,2;20,4;20,2;94;93;94;196;1,3;,6;
2011-02-26;08:00;-9999;943,8;943,9;943,8;-9999;21,7;20,4;21,7;21,1;20,5;20,1;94;92;92;132;3,2;2,4;
2011-02-26;09:00;-9999;943,9;944;943,8;-9999;21,4;20,2;21,7;21,4;20,5;20,2;94;92;92;134;4,1;2,1;
2011-02-26;10:00;-9999;944,4;944,4;943,9;18,5;21,3;20,2;21,4;21,2;20,2;20,1;94;92;94;128;3,7;,6;
2011-02-26;11:00;-9999;945,1;945,1;944,4;237,8;22,2;20,7;22,2;21,2;20,7;20,2;94;91;91;186;1,4;,1;
2011-02-26;12:00;-9999;946;946;945,1;349,7;23,4;21,1;23,4;22,2;21,1;20,6;91;86;87;210;1,4;0;
2011-02-26;13:00;-9999;946,6;946,6;946;919,5;24,7;21,6;24,7;23,4;21,9;21;89;83;83;236;3,7;1;
2011-02-26;14:00;-9999;946,2;946,6;946,2;2248,3;26,1;22,8;26,1;24,7;22,8;21,3;84;79;82;221;5,5;2,3;
2011-02-26;15:00;-9999;945;946,2;945;2893,6;27,4;22,7;27,4;26;23,1;21,9;82;74;76;237;5,9;2,5;
2011-02-26;16:00;-9999;944,5;945;944,4;2115,8;26,7;21,9;29;26,6;23,1;21,5;76;68;75;220;6,2;1,7;
2011-02-26;17:00;-9999;943,4;944,5;943,4;595,1;26,8;22,3;27;26,7;22,5;21,6;77;73;76;255;3,5;1,6;
2011-02-26;18:00;-9999;943;943,5;943;177,9;22,1;21,2;26,8;22;22,7;20,9;95;75;95;174;10,8;1;
2011-02-26;19:00;-9999;942,5;943;942,5;177,1;22,7;21,9;22,9;22,1;22,1;21;95;93;95;269;6,3;1,5;
2011-02-26;20:00;-9999;941,8;942,5;941,8;209,5;23,3;21,8;23,3;22,6;22;21,6;95;91;92;29;2,5;,8;
2011-02-26;21:00;-9999;941,7;941,8;941,5;374,4;23,2;21,9;23,7;23,2;22,2;21,8;93;90;92;230;3;,6;
2011-02-26;22:00;-9999;941,8;941,8;941,6;136,2;23,2;22;23,5;23,1;22,5;21,7;94;92;93;250;2,3;1,2;
2011-02-26;23:00;-9999;942,7;942,7;941,8;0;22,8;21,8;23,2;22,7;22;21,7;94;93;94;162;2,5;,1;
2011-02-27;00:00;-9999;943,8;943,9;942,7;-9999;23,3;21,7;23,4;22,8;22;21,7;94;91;91;163;2;,8;
2011-02-27;01:00;-9999;944,4;944,4;943,8;-9999;23;22;23,3;22,9;22;21,6;94;90;94;204;1,9;,5;
2011-02-27;02:00;-9999;944,6;944,7;944,4;-9999;22,5;21,7;23;22,5;22;21,7;95;94;95;204;2,5;0;
2011-02-27;03:00;-9999;943,9;944,6;943,9;-9999;22,5;21,6;22,7;22,5;21,8;21,6;96;94;95;233;1,6;,3;
2011-02-27;04:00;-9999;943,3;943,9;943,3;-9999;22,2;21,6;22,5;22,2;21,6;21,4;97;95;97;248;3,3;,9;
2011-02-27;05:00;-9999;943;943,3;943;,1;22,1;21,5;22,4;22;21,9;21,3;97;96;97;253;5,8;3,6;
2011-02-27;06:00;-9999;942,3;943;942,3;-9999;21,7;21,1;22,2;21,7;21,6;21,1;97;96;97;242;7,6;1,1;
2011-02-27;07:00;-9999;941,6;942,3;941,5;-9999;21,5;21;21,7;21,5;21,1;21;97;97;97;239;3,7;,7;
2011-02-27;08:00;-9999;941,8;941,9;941,6;-9999;21,8;21,3;21,8;21,5;21,3;21;97;97;97;213;5,6;2,4;
2011-02-27;09:00;-9999;942,1;942,1;941,8;,1;22,1;21,6;22,1;21,8;21,6;21,3;97;97;97;214;5,7;1,8;
2011-02-27;10:00;-9999;941,9;942,1;941,9;5;22,2;21,8;22,2;22,1;21,8;21,6;97;97;97;202;5,1;,4;
2011-02-27;11:00;-9999;942,7;942,7;941,9;133,1;22,2;21,7;22,2;21,9;21,8;21,5;97;97;97;183;2,8;,4;
2011-02-27;12:00;-9999;943,6;943,6;942,7;612,1;23,1;21,7;23,2;22,2;22;21,5;97;91;92;184;3,1;,7;
2011-02-27;13:00;-9999;943,9;943,9;943,6;712,7;23,5;21,6;23,7;23,1;22,2;21,2;92;88;89;193;2,4;,8;
2011-02-27;14:00;-9999;944,2;944,2;943,9;510,2;23,4;21,6;23,6;23,3;21,9;21,4;91;89;89;161;3;1,4;
2011-02-27;15:00;-9999;943,6;944,2;943,6;779,2;24,2;21,6;24,3;23,4;22,2;21,4;90;85;85;147;3,8;1,2;
2011-02-27;16:00;-9999;942,7;943,6;942,7;1010,1;24,6;21,1;24,9;24,1;21,7;20,9;85;80;81;110;4,4;2,5;
2011-02-27;17:00;-9999;942;942,7;942;1021;24,7;20;24,7;24,3;21,2;20;82;75;75;141;5,7;1,6;
2011-02-27;18:00;-9999;941;942;941;1416,9;26;19,9;26;24,7;21,1;19,9;79;69;69;358;3,2;0;
2011-02-27;19:00;-9999;940,4;941;940,4;1729,1;27;19,7;27,3;25,6;21,1;19,3;74;63;64;48;2,5;,7;
2011-02-27;20:00;-9999;939,6;940,4;939,6;1677,5;26,9;21,2;28,1;26,3;22,3;19,4;74;62;71;340;3,7;1,1;
2011-02-27;21:00;-9999;939,7;939,7;939,6;463,4;23,9;22,1;26,9;23,9;22,5;20,6;90;70;89;283;7;3,7;
2011-02-27;22:00;-9999;940,6;940,6;939,7;82,3;23,3;22;23,9;23,3;22,2;22;93;89;93;273;5,9;2,1;
2011-02-27;23:00;-9999;941;941;940,6;-9999;22,9;22;23,3;22,9;22,2;21,9;95;92;95;331;3,5;0;
2011-02-28;00:00;-9999;942;942;940,9;-9999;22,6;21,9;22,9;22,6;22,1;21,8;96;94;96;359;2,8;1,8;
2011-02-28;01:00;-9999;942,2;942,2;942;-9999;22,1;21,5;22,6;22,1;21,9;21,5;96;96;96;331;2,8;,1;
2011-02-28;02:00;-9999;942,9;942,9;942,2;-9999;22,3;21,8;22,3;22;21,8;21,4;97;96;97;295;4,9;3,3;
2011-02-28;03:00;-9999;942,3;942,9;942,3;-9999;21,9;21,5;22,4;21,9;22;21,4;97;97;97;296;7,3;3,1;
2011-02-28;04:00;-9999;941,5;942,3;941,5;0;21,5;21,1;21,9;21,5;21,5;21,1;98;97;98;274;6,2;4,1;
2011-02-28;05:00;-9999;941,3;941,5;941,1;-9999;21,3;20,9;21,5;21,3;21,1;20,8;98;97;97;250;6,2;1,8;
2011-02-28;06:00;-9999;940,9;941,4;940,9;,3;21,2;20,8;21,4;21,2;21;20,8;98;97;98;263;4,8;1,2;
2011-02-28;07:00;-9999;940,3;940,9;940,3;-9999;21,1;20,7;21,2;21,1;20,8;20,7;98;98;98;336;2,7;0;
2011-02-28;08:00;-9999;940,3;940,4;940,2;-9999;21,2;20,8;21,3;21,1;20,9;20,7;98;98;98;335;1,8;0;
2011-02-28;09:00;-9999;940,5;940,5;940,1;-9999;21,1;20,7;21,4;21,1;21;20,7;98;98;98;14;1,8;0;
2011-02-28;10:00;-9999;941,4;941,4;940,5;5,9;21,2;20,7;21,3;21,1;20,9;20,7;98;97;97;33;3,4;2,1;
2011-02-28;11:00;-9999;941,9;941,9;941,4;314,6;21,6;21,1;21,7;21,1;21,3;20,7;97;97;97;360;3,4;1,2;
2011-02-28;12:00;-9999;942,7;942,7;941,9;639,6;22,7;21,3;22,8;21,6;21,7;20,9;97;92;92;16;3,9;2,1;
2011-02-28;13:00;-9999;942,8;942,8;942,6;934,6;23,4;21,6;23,6;22,5;22;21;93;89;90;29;4,9;3,6;
2011-02-28;14:00;-9999;943;943;942,8;790,2;22,3;21,5;23,7;22,3;22,2;21,4;95;89;95;7;6,2;4;
2011-02-28;15:00;-9999;942,4;943;942,4;1247,1;24,1;22,2;24,1;22,3;22,6;21,6;96;89;89;34;6,2;3,1;
2011-02-28;16:00;-9999;942;942,5;941,9;1496;23;22;24,8;22,8;22,8;21,1;94;85;94;347;8,4;4,1;
2011-02-28;17:00;-9999;941,2;942;941,2;1444;24,7;22,2;24,7;22,8;23,1;21,3;94;86;86;340;8,4;2,6;
2011-02-28;18:00;-9999;940,5;941,2;940,4;1651,8;24,5;22;26;24,5;23,2;21,7;89;81;86;326;5,9;3,3;
2011-02-28;19:00;-9999;939,9;940,5;939,9;905,3;24,6;22,8;24,6;23,4;22,9;21,6;94;85;90;349;5,8;1,9;
2011-02-28;20:00;-9999;939,8;939,9;939,6;882,5;24,8;22,2;25,3;24,6;22,8;21,4;90;79;86;289;5,8;2,4;
2011-02-28;21:00;-9999;939,3;939,8;939,2;1187,1;25;21,7;25,8;24,8;22,7;21,4;86;78;82;282;6,1;4,6;
2011-02-28;22:00;-9999;939,6;939,6;939,1;217,7;23,1;21,1;25;23,1;21,5;21;88;80;88;274;6,2;1,7;
2011-02-28;23:00;-9999;940,3;940,3;939,6;-9999;22,6;21;23,1;22,5;21,1;20,7;91;87;91;300;3;1,7;
2011-03-01;00:00;-9999;941,2;941,2;940,3;-9999;22,7;21,3;22,7;22,5;21,3;21;92;91;92;326;2;,5;
2011-03-01;01:00;-9999;942;942;941,2;-9999;21,8;21,2;22,7;21,8;21,4;21,1;97;91;97;298;4,7;2,5;
2011-03-01;02:00;-9999;942,2;942,2;942;-9999;21,4;20,9;21,8;21,3;21,2;20,7;97;96;97;283;3,8;0;
2011-03-01;03:00;-9999;941,9;942,2;941,9;-9999;21,1;20,6;21,5;21,1;20,9;20,6;97;97;97;30;1,4;,3;
2011-03-01;04:00;-9999;941,5;941,9;941,5;-9999;21,6;21;21,6;21,1;21;20,6;97;96;96;22;2,3;1,3;
2011-03-01;05:00;-9999;940,9;941,5;940,9;-9999;21,6;21;21,6;21,5;21;20,9;97;96;97;41;2,3;1;
2011-03-01;06:00;-9999;940,3;940,9;940,3;-9999;21,3;20,8;21,6;21,3;21,1;20,8;97;97;97;63;2;1,4;
2011-03-01;07:00;-9999;939,9;940,3;939,9;-9999;21,1;20,6;21,5;21,1;20,9;20,6;97;96;97;50;2,1;1,3;
2011-03-01;08:00;-9999;940;940;939,8;-9999;21,5;20,9;21,5;21;21;20,5;97;97;97;55;2,6;1,9;
2011-03-01;09:00;-9999;940,3;940,3;940;-9999;21,4;20,9;21,5;21,3;21;20,8;97;97;97;37;3,7;1,3;
2011-03-01;10:00;-9999;940,8;940,8;940,3;19,9;21,4;20,9;21,4;21,3;20,9;20,8;97;97;97;64;3;2;
2011-03-01;11:00;-9999;941,6;941,6;940,8;250,8;21,7;21,2;21,9;21,4;21,3;20,9;97;96;97;31;4;2,8;
2011-03-01;12:00;-9999;942,3;942,3;941,6;492,3;22,4;21,5;22,5;21,7;21,7;21,2;97;95;95;30;5,7;4;
2011-03-01;13:00;-9999;942,5;942,5;942,2;828,1;23,1;21,6;23,3;22,4;22,1;21,4;95;91;91;34;6,1;3,5;
2011-03-01;14:00;-9999;942,6;942,6;942,5;1337,1;24,3;21,7;24,5;23,1;22,5;21,5;92;84;85;16;5,3;3,9;
2011-03-01;15:00;-9999;941,7;942,6;941,7;2415,8;25,9;22,5;26,1;24,3;22,5;21,8;87;78;82;32;7,2;4,7;
2011-03-01;16:00;-9999;940,4;941,7;940,4;3334,2;27,5;22,8;27,5;25,6;22,8;21,3;82;71;75;23;7,5;5;
2011-03-01;17:00;-9999;939,3;940,4;939,3;2890,9;27,5;21,7;28;27;22,8;21,1;76;67;71;10;8,1;5,4;
2011-03-01;18:00;-9999;938,9;939,3;938,9;2452,5;28,4;23;28,4;25,1;23,3;21,1;82;68;72;41;10,4;5,2;
2011-03-01;19:00;-9999;938,7;938,9;938,5;1601,1;23,8;22,5;28,4;23,8;23,5;21,6;94;70;92;7;11,3;6,5;
2011-03-01;20:00;-9999;938,1;938,7;938,1;336,2;23,6;22,3;23,8;23,2;22,6;21,6;94;90;93;19;9,3;3,5;
2011-03-01;21:00;-9999;938,1;938,1;937,9;238,6;23,7;22,1;23,7;23,5;22,6;22,1;94;91;91;18;5,1;3,3;
2011-03-01;22:00;-9999;939,2;939,2;938,1;129,5;22,9;21,4;23,7;22,9;22,2;21,3;92;90;91;29;4,8;2,6;
2011-03-01;23:00;-9999;939,6;939,6;939,2;-9999;22,3;21,2;22,9;22,3;21,3;21,2;94;91;94;46;3,4;2,4;
2011-03-02;00:00;-9999;939,8;939,8;939,2;-9999;22,2;20,5;22,3;22,2;21,2;20,5;94;90;90;62;4,2;3;
2011-03-02;01:00;-9999;940,4;940,5;939,8;-9999;21,9;20,4;22,2;21,7;20,5;20,3;92;90;91;43;4,1;2,7;
2011-03-02;02:00;-9999;941,1;941,2;940,4;-9999;21,8;20,5;22,1;21,8;20,5;20,4;93;91;93;46;4,2;3,1;
2011-03-02;03:00;-9999;940,9;941,2;940,8;-9999;22;20,7;22,1;21,8;20,7;20,5;93;91;92;38;4,1;2,5;
2011-03-02;04:00;-9999;940,6;941;940,6;-9999;22;20,7;22,3;22;20,8;20,7;92;91;92;31;4,5;3,3;
2011-03-02;05:00;-9999;940;940,6;940;-9999;21,5;20,7;22;21,5;20,8;20,6;95;92;95;14;4,5;1,9;
2011-03-02;06:00;-9999;939,4;940;939,4;-9999;21,4;20,8;21,5;21,4;20,8;20,7;96;95;96;19;3,5;1,9;
2011-03-02;07:00;-9999;939,5;939,6;939,4;-9999;21,6;20,9;21,7;21,4;21,1;20,8;97;96;96;360;4,2;2,6;
2011-03-02;08:00;-9999;939,5;939,5;939,4;-9999;21,7;21,2;21,8;21,5;21,2;20,9;97;96;97;30;4,9;3,3;
2011-03-02;09:00;-9999;939,7;939,8;939,5;-9999;21,6;21,1;21,8;21,5;21,2;21;97;97;97;15;5,1;3,2;
2011-03-02;10:00;-9999;939,7;939,8;939,7;6,4;21,6;21,1;21,6;21,5;21,1;21;97;97;97;45;6,2;3,7;
2011-03-02;11:00;-9999;940,3;940,3;939,7;117,5;21,7;21;21,7;21,6;21,1;21;97;96;96;38;7,2;4,5;
2011-03-02;12:00;-9999;941;941;940,3;270,2;22,2;21,2;22,2;21,7;21,3;21;96;94;94;37;6,8;3,9;
2011-03-02;13:00;-9999;941,4;941,4;941;732,2;22,9;21,4;22,9;22,2;21,5;21,1;94;91;91;34;7,7;5,1;
2011-03-02;14:00;-9999;941,3;941,4;941,2;1406,9;24;21,7;24;22,8;21,8;21,2;91;86;87;36;10,1;6,6;
2011-03-02;15:00;-9999;940,9;941,3;940,9;1262,2;24,3;21,9;24,4;23,9;21,9;21,3;88;84;87;29;9,6;6,3;
2011-03-02;16:00;-9999;939,9;940,9;939,9;1839,7;24,6;22,2;24,9;23,3;22,9;21,6;94;85;87;28;10,1;6,6;
2011-03-02;17:00;-9999;939,2;940;939,2;2047;25,7;22,2;26;24,6;22,4;21,5;87;78;81;22;10,8;6,5;
2011-03-02;18:00;-9999;938,7;939,2;938,7;1163,3;23,4;22,2;26;23,4;22,5;21,2;93;78;93;14;9,1;4,9;
2011-03-02;19:00;-9999;938,6;939;938,4;442,8;21,4;20,8;23,7;21,3;22,8;20,2;96;91;96;26;14,9;5,8;
2011-03-02;20:00;-9999;938,1;938,7;938,1;166,9;21,6;21;21,6;21,4;21;20,7;96;96;96;42;9,4;3,3;
2011-03-02;21:00;-9999;938,1;938,1;937,8;120,1;22;21,4;22;21,6;21,4;21;97;96;96;25;5,8;2,4;
2011-03-02;22:00;-9999;938,8;938,8;938;42,6;21,9;21,4;22;21,9;21,4;21,3;97;96;97;15;3,4;2;
2011-03-02;23:00;-9999;939,3;939,3;938,8;-9999;22;21,5;22;21,9;21,5;21,4;97;96;96;50;3,9;2,6;
2011-03-03;00:00;-9999;940,3;940,3;939,3;-9999;22,1;21,5;22,2;22;21,6;21,4;96;96;96;63;4,4;2,8;
2011-03-03;01:00;-9999;940,8;940,8;940,3;-9999;21,9;21,2;22,2;21,9;21,5;21,2;96;95;96;72;4,4;3;
2011-03-03;02:00;-9999;941,2;941,2;940,8;-9999;22,1;21,2;22,1;21,9;21,2;21,1;96;95;95;68;4,6;3,5;
2011-03-03;03:00;-9999;941,3;941,5;941,2;-9999;22,2;21,2;22,2;22;21,2;21,1;95;94;94;57;5,8;4,1;
2011-03-03;04:00;-9999;941,1;941,3;941,1;-9999;22,1;21,1;22,2;22,1;21,2;21,1;94;94;94;54;7,3;4,7;
2011-03-03;05:00;-9999;940,7;941,1;940,7;-9999;22;21;22,2;22;21,1;21;94;94;94;46;7,2;5,1;
2011-03-03;06:00;-9999;940,3;940,7;940,3;-9999;21,9;20,8;22;21,9;21,1;20,8;94;94;94;41;7,2;4,5;
2011-03-03;07:00;-9999;940,4;940,4;940,2;-9999;21,9;21;22;21,8;21;20,8;94;93;94;32;7,3;4,6;
2011-03-03;08:00;-9999;940,5;940,5;940,3;-9999;21,9;21;22,1;21,8;21,1;20,9;96;94;95;35;8,8;5,5;
2011-03-03;09:00;-9999;940,4;940,5;940,3;-9999;21,7;20,9;22;21,7;21;20,9;95;94;95;47;8,8;4,5;
2011-03-03;10:00;-9999;941,2;941,2;940,4;15,8;22;20,9;22;21,7;20,9;20,8;95;93;93;48;7,7;5,4;
2011-03-03;11:00;-9999;942,1;942,1;941,2;201,5;22,4;21;22,4;22;21;20,8;93;92;92;33;8,4;5,3;
2011-03-03;12:00;-9999;942,9;942,9;942,1;497,6;22,6;21,1;22,6;22,4;21,2;20,9;92;91;92;42;9,3;6,1;
2011-03-03;13:00;-9999;943,5;943,5;942,9;886,8;23,1;21,4;23,3;22,6;21,6;21,1;92;89;90;28;8,6;5,8;
2011-03-03;14:00;-9999;943,4;943,5;943,4;1103,1;24;21,7;24,1;23;22,1;21,3;91;86;87;29;7,9;4,9;
2011-03-03;15:00;-9999;942,7;943,4;942,7;2378,4;25,6;22;26;23,9;22,9;21,5;88;80;80;30;8,7;5,9;
2011-03-03;16:00;-9999;941,9;942,7;941,9;2783,4;27;22,8;27,2;24,7;23,8;21,7;86;78;78;41;9,7;5,8;
2011-03-03;17:00;-9999;941;941,9;940,9;2682,1;27;22,9;27,3;25,6;23,1;21,8;83;74;78;20;10,4;6,8;
2011-03-03;18:00;-9999;939,8;940,9;939,8;1686;26,7;21,8;27,3;26,2;22,8;21,5;80;74;75;22;10;6,4;
2011-03-03;19:00;-9999;939,1;939,8;939;1868,2;27,4;22;27,6;26,5;22,7;21,6;78;72;72;29;10;6,5;
2011-03-03;20:00;-9999;938,9;939,2;938,8;973,6;26,6;21,8;27,7;26,6;22,6;21,7;77;72;75;24;8,9;4,6;
2011-03-03;21:00;-9999;939,6;939,6;938,9;206,2;23,5;22;26,6;23,4;22,4;21,6;91;75;91;214;6,7;,8;
2011-03-03;22:00;-9999;940;940,2;939,5;40,8;22,7;21,8;24,6;22,7;22,6;21,7;95;84;95;257;6,8;1,5;
2011-03-03;23:00;-9999;940,7;940,9;940;-9999;22,1;20,9;22,7;21,9;21,9;20,7;96;92;93;62;8,3;3,4;
2011-03-04;00:00;-9999;941,6;941,6;940,7;-9999;22,4;21,6;22,5;22,1;21,6;20,9;95;93;95;7;4,8;1;
2011-03-04;01:00;-9999;942,3;942,5;941,6;-9999;21,2;20,1;22,7;21,2;22;20;96;92;93;37;9;5,4;
2011-03-04;02:00;-9999;942,8;942,8;942,3;-9999;21,8;21,1;21,8;21,2;21,1;20,3;96;93;95;58;8,4;4,9;
2011-03-04;03:00;-9999;942,6;942,8;942,5;-9999;21,7;20,9;21,8;21,6;21,1;20,8;95;95;95;40;7,1;4,3;
2011-03-04;04:00;-9999;942,4;942,7;942,4;-9999;21,9;21,1;22;21,7;21,1;20,9;95;95;95;20;6;2,6;
2011-03-04;05:00;-9999;941,7;942,5;941,7;-9999;21,7;21,1;21,9;21,7;21,2;21,1;97;95;97;12;4,2;2,4;
2011-03-04;06:00;-9999;941,2;941,7;941,2;-9999;21,7;21,1;21,7;21,6;21,1;21;97;96;96;39;6,1;4,2;
2011-03-04;07:00;-9999;940,9;941,2;940,9;-9999;21,7;21;21,8;21,7;21,1;21;96;95;96;41;6,4;3,9;
2011-03-04;08:00;-9999;941,3;941,3;940,9;-9999;21,8;21;21,8;21,7;21,1;21;96;95;95;42;6;3,8;
2011-03-04;09:00;-9999;941,4;941,4;941,1;,3;21,7;21;21,8;21,7;21;20,9;95;95;95;43;5,9;4;
2011-03-04;10:00;-9999;941,6;941,6;941,4;16,5;21,9;20,9;21,9;21,7;21;20,9;96;94;94;31;8,3;5,6;
2011-03-04;11:00;-9999;942,3;942,3;941,6;381,8;22,4;21,4;22,4;21,8;21,4;20,9;95;94;94;35;8,3;5,3;
2011-03-04;12:00;-9999;943,1;943,1;942,3;1238,2;23,5;21,7;23,5;22,4;22;21,3;94;90;90;26;8,5;5;
2011-03-04;13:00;-9999;943,4;943,4;943,1;1714,3;24,8;21,7;24,9;23,4;22,3;21,4;91;83;83;5;8,1;5;
2011-03-04;14:00;-9999;943,5;943,5;943,3;2042,5;25,8;21,9;25,9;24,3;22,6;21,5;86;79;79;352;8,7;5,5;
2011-03-04;15:00;-9999;943,4;943,5;943,4;2531;26,6;22;27,3;25,8;22,9;21,7;81;73;76;12;8,7;4,6;
2011-03-04;16:00;-9999;942,8;943,4;942,8;1814,2;26,5;22,5;27,2;26;23,3;21,7;82;74;79;25;8,7;6,3;
2011-03-04;17:00;-9999;941,9;942,8;941,9;2204,3;26,9;22,1;27,2;26,1;22,8;21,4;80;74;75;27;8,9;5,5;
2011-03-04;18:00;-9999;940,8;941,9;940,8;2193,6;26,8;22,4;28,1;26,5;23,1;21,6;78;71;77;22;8,2;4,2;
2011-03-04;19:00;-9999;940,3;940,8;940,2;541,5;24;22;26,8;21,2;22,4;19,8;96;75;88;331;12,9;3,7;
2011-03-04;20:00;-9999;940;940,4;939,8;413,4;23,6;21,6;24;22,9;22,1;20,6;92;86;89;36;7,6;1,7;
2011-03-04;21:00;-9999;940,5;940,5;939,7;152,3;22,6;21,7;23,6;22,3;21,8;21,3;95;88;94;12;9,5;7,1;
2011-03-04;22:00;-9999;941,6;941,6;940,6;19,2;22,3;21,3;22,6;21,8;21,6;20,9;96;93;94;20;9,5;4,1;
2011-03-04;23:00;-9999;941,6;941,7;941,4;-9999;21,5;20,7;22,4;21,5;21,4;20,6;96;92;95;17;8,1;2;
2011-03-05;00:00;-9999;942,7;942,7;941,6;-9999;21,6;20,8;21,6;21,4;20,8;20,6;95;94;95;39;5;3,1;
2011-03-05;01:00;-9999;943,3;943,3;942,7;-9999;21,9;21;22;21,6;21;20,9;95;94;95;33;5;3,7;
2011-03-05;02:00;-9999;943,4;943,5;943,3;-9999;21,8;21;21,9;21,7;21,1;20,6;96;93;95;52;8,2;3,3;
2011-03-05;03:00;-9999;943,3;943,4;943,2;-9999;21,8;21,1;21,9;21,8;21,1;21;95;95;95;60;4,6;2,6;
2011-03-05;04:00;-9999;942,7;943,3;942,7;-9999;21,8;20,9;21,9;21,7;21,1;20,9;95;95;95;42;3,9;2;
2011-03-05;05:00;-9999;942;942,7;942;-9999;21,7;20,9;21,8;21,7;21;20,9;95;95;95;52;4,3;2,7;
2011-03-05;06:00;-9999;941,5;942;941,5;-9999;21,8;20,8;21,8;21,7;20,9;20,8;95;94;94;49;4,3;2,9;
2011-03-05;07:00;-9999;941,5;941,6;941,4;-9999;21,9;20,8;21,9;21,8;20,9;20,7;94;93;93;44;5,1;3,8;
2011-03-05;08:00;-9999;941,7;941,7;941,5;-9999;21,6;20,9;21,9;21,6;20,9;20,8;96;93;96;44;5;2,9;
2011-03-05;09:00;-9999;942,2;942,2;941,7;-9999;21,8;20,9;21,8;21,6;20,9;20,9;96;95;95;52;4,1;2,6;
2011-03-05;10:00;-9999;942,7;942,7;942,2;7,2;21,9;20,9;21,9;21,7;20,9;20,9;95;94;94;47;4,7;2,5;
2011-03-05;11:00;-9999;943,6;943,6;942,7;146,7;22,3;21,2;22,3;21,9;21,2;20,9;94;94;94;39;5,6;4;
2011-03-05;12:00;-9999;944,2;944,2;943,6;405,6;22,7;21,3;22,7;22,3;21,4;21,1;94;91;92;44;7,9;5,6;
2011-03-05;13:00;-9999;944,7;944,7;944,2;794,3;23,3;21,4;23,3;22,7;21,5;21,1;92;89;89;32;8,2;6;
2011-03-05;14:00;-9999;944,7;944,7;944,6;1543,6;24,3;22,1;24,4;23,2;22,3;21,3;91;86;87;27;8,2;6;
2011-03-05;15:00;-9999;944,4;944,7;944,4;2979,2;26,2;22,9;26,2;24,3;23,2;21,8;89;79;82;5;9,8;5;
2011-03-05;16:00;-9999;943,2;944,4;943,2;2260,6;26,4;22,2;27,2;25,8;23,3;21,7;82;75;78;25;8,9;5,6;
2011-03-05;17:00;-9999;942,1;943,2;942,1;1480,9;25,3;22;27,4;24,9;22,9;21,5;86;74;82;342;9,3;3,5;
2011-03-05;18:00;-9999;941,2;942,1;941,1;733,4;24,7;22,8;25,3;24,1;23;22;92;82;90;325;6,3;2,5;
2011-03-05;19:00;-9999;940,8;941,6;940,6;248,3;22,1;20,5;24,7;21,6;22,7;20,5;96;89;90;38;8,2;4,5;
2011-03-05;20:00;-9999;939,9;940,8;939,9;138,9;22,6;21,8;22,7;22,1;21,8;20,5;95;90;95;8;6,4;1,7;
2011-03-05;21:00;-9999;939,8;939,9;939,6;151,3;23,2;22;23,2;22,6;22;21,8;95;93;93;52;2,6;1,2;
2011-03-05;22:00;-9999;940,5;940,5;939,8;65,2;22,7;21,9;23,4;22,7;22,1;21,8;95;91;95;177;1,7;,6;
2011-03-05;23:00;-9999;941,3;941,3;940,5;,4;22,8;21,8;22,9;22,6;21,9;21,8;95;94;94;166;1,5;,6;
2011-03-06;00:00;-9999;942,6;943;941,3;2,2;20,2;19,7;22,8;20,2;21,9;19,6;97;92;97;303;13,9;3,2;
2011-03-06;01:00;-9999;942,9;942,9;942,4;-9999;21,4;20,9;21,4;20,2;20,9;19,7;97;97;97;58;5,7;,4;
2011-03-06;02:00;-9999;943,1;943,1;942,9;-9999;21,5;20,8;21,5;21,2;20,9;20,5;97;95;96;55;2,1;,3;
2011-03-06;03:00;-9999;943,2;943,3;943,1;-9999;21,8;20,9;21,8;21,5;20,9;20,8;96;94;95;46;3;2,6;
2011-03-06;04:00;-9999;942,6;943,2;942,6;-9999;21,5;20,6;22;21,4;21;20,5;95;94;95;66;3,8;2,8;
2011-03-06;05:00;-9999;942,1;942,6;942,1;,1;21,6;20,6;21,6;21,5;20,7;20,5;95;94;94;57;3,8;2,6;
2011-03-06;06:00;-9999;941,6;942,1;941,6;-9999;21,6;20,6;21,7;21,5;20,6;20,4;94;93;94;69;4;2,9;
2011-03-06;07:00;-9999;941,4;941,6;941,2;-9999;21,7;20,8;21,8;21,6;20,8;20,6;95;93;95;57;6,2;3,5;
2011-03-06;08:00;-9999;941,6;941,6;941,2;-9999;21,7;21;21,9;21,6;21;20,8;96;95;96;40;9,5;6,2;
2011-03-06;09:00;-9999;941,3;941,6;941,1;,4;21,5;20,9;21,7;21,4;21;20,9;97;96;97;33;9,5;5,1;
2011-03-06;10:00;-9999;941,8;941,9;941,3;7,9;21,4;20,8;21,5;21,3;20,9;20,8;97;96;96;35;8,4;5,6;
2011-03-06;11:00;-9999;942,7;942,7;941,8;139,3;21,6;20,8;21,6;21,3;20,8;20,7;96;95;95;27;8,9;5,7;
2011-03-06;12:00;-9999;943,3;943,3;942,7;417,4;22,2;21,2;22,2;21,5;21,3;20,8;96;93;94;23;9,6;6,3;
2011-03-06;13:00;-9999;943,5;943,5;943,3;938,1;23,1;21,5;23,1;22;21,7;21,1;95;90;91;20;10;7;
2011-03-06;14:00;-9999;943,4;943,5;943,3;1829,8;24,5;22;24,7;23;22,5;21,2;92;85;86;15;10,1;5,6;
2011-03-06;15:00;-9999;943;943,4;943;2419;25;21,5;25,7;24,1;23;21,5;88;81;81;4;9,7;5,4;
2011-03-06;16:00;-9999;942,6;943,1;942,6;1694;25,9;21,7;26,2;25;22,8;21,2;84;74;78;354;10,3;6,3;
2011-03-06;17:00;-9999;941,6;942,6;941,6;1688,2;23,2;20,8;27,3;23,2;22,4;20,8;87;71;87;307;11,1;6,1;
2011-03-06;18:00;-9999;940;941,6;940;1703,5;26,7;23,2;27,3;21,8;23,9;20,2;94;78;81;294;11,3;6,7;
2011-03-06;19:00;-9999;940;940,1;939,6;2388,3;22,8;21;27,6;22,8;23,8;20,7;90;69;90;357;14,8;8,6;
2011-03-06;20:00;-9999;939,4;940;939,4;675,9;24,8;22,3;24,8;22,7;22,6;21,3;93;85;86;356;14,8;2,9;
2011-03-06;21:00;-9999;939,8;940;939,3;328,1;23,3;22,1;25,1;22,8;22,6;21,8;95;84;93;344;8,4;2,5;
2011-03-06;22:00;-9999;940,9;940,9;939,8;84,9;22,9;21,3;23,4;22,9;22,2;21,3;93;90;91;350;4,3;2;
2011-03-06;23:00;-9999;941,5;941,5;940,9;-9999;22,8;21,4;22,9;22,7;21,4;21,2;92;90;92;340;2,6;1;
2011-03-07;00:00;-9999;942,7;942,7;941,5;-9999;22,9;21,7;22,9;22,6;21,8;21,3;93;91;93;67;2;1,3;
2011-03-07;01:00;-9999;942,6;942,7;942,6;0;22,7;21,5;23;22,7;21,7;21,5;93;92;93;74;1,9;1,1;
2011-03-07;02:00;-9999;943,1;943,1;942,6;-9999;22,3;21,3;22,7;22,3;21,5;21,3;95;93;94;56;2,8;2;
2011-03-07;03:00;-9999;942,9;943,1;942,8;-9999;22,1;21,2;22,4;22,1;21,4;21,2;95;94;95;54;2,9;1,6;
2011-03-07;04:00;-9999;942,8;943;942,8;-9999;22,3;21,3;22,3;22,1;21,3;21,2;95;94;94;46;2,9;2;
2011-03-07;05:00;-9999;942,5;942,8;942,4;-9999;22;21,4;22,3;22;21,4;21,3;96;94;96;26;4;2,9;
2011-03-07;06:00;-9999;941,7;942,7;941,7;-9999;21,8;21,4;22;21,8;21,5;21,3;97;96;97;35;7;3,1;
2011-03-07;07:00;-9999;940,8;941,7;940,8;-9999;21,6;21,1;21,8;21,5;21,4;21,1;97;97;97;39;6;4,3;
2011-03-07;08:00;-9999;941,3;941,3;940,7;-9999;21,7;21,1;21,7;21,6;21,2;21,1;97;97;97;17;8,8;5,6;
2011-03-07;09:00;-9999;941,9;941,9;941,3;-9999;21,7;21,1;21,7;21,6;21,2;21,1;97;97;97;18;8,7;5,6;
2011-03-07;10:00;-9999;942,4;942,5;941,9;18,8;21,4;20,8;21,7;21,4;21,1;20,8;97;96;96;29;8,2;4,4;
2011-03-07;11:00;-9999;943,2;943,2;942,4;276,1;21,9;21,2;21,9;21,4;21,2;20,8;96;96;96;29;6,2;4,3;
2011-03-07;12:00;-9999;944,4;944,4;943,2;856,1;22,7;21,2;22,8;21,9;21,6;20,8;96;91;91;32;7,1;4,6;
2011-03-07;13:00;-9999;945,1;945,1;944,4;535,5;22,4;21,5;22,7;22;21,7;20,9;95;91;94;11;6,9;4,6;
2011-03-07;14:00;-9999;945,1;945,2;945;899;23;22;23,1;22,4;22,1;21,4;95;92;94;22;6,8;4,5;
2011-03-07;15:00;-9999;944,7;945,1;944,7;1216,9;23,3;22;23,7;22,3;22,9;21,4;95;92;92;21;8,5;5,3;
2011-03-07;16:00;-9999;943,1;944,7;943,1;2344,5;25,6;23;25,7;23,3;23,2;21,8;93;84;86;12;10,2;7,5;
2011-03-07;17:00;-9999;942,8;943,1;942,8;1862,5;23,4;22;26,7;22,9;24,1;21,3;93;80;92;331;11,1;4,3;
2011-03-07;18:00;-9999;941,8;942,8;941,8;711,9;24,1;22;24,2;23,4;22,4;21,9;93;88;88;301;7;1,5;
2011-03-07;19:00;-9999;941,1;941,9;941,1;627,3;24,5;22,3;24,5;24,1;22,6;21,8;90;86;88;296;2,5;,6;
2011-03-07;20:00;-9999;940,5;941,1;940,5;679,1;25;23;25,2;24,3;23,2;22,2;90;87;89;63;2,5;1,5;
2011-03-07;21:00;-9999;941;941;940,5;742,7;25,3;22,8;25,4;24,8;23,2;22,5;89;84;86;356;3;1,6;
2011-03-07;22:00;-9999;941,3;941,4;940,9;235,6;24,4;22,9;25,5;24,4;23,1;22,5;91;84;91;48;3,1;1,1;
2011-03-07;23:00;-9999;942,2;942,2;941,1;-9999;23,2;21,9;24,4;23,2;23;21,9;93;91;93;39;2,8;2,1;
2011-03-08;00:00;-9999;942,7;942,7;942,2;-9999;23,4;22,2;23,4;23;22,2;21,8;94;93;93;333;3;1,8;
2011-03-08;01:00;-9999;943,4;943,4;942,7;-9999;23,1;22,1;23,4;23,1;22,2;22;94;93;94;42;2,8;1;
2011-03-08;02:00;-9999;943,7;943,7;943,4;-9999;22,8;21,7;23,1;22,8;22,1;21,7;94;93;93;37;3,6;3;
2011-03-08;03:00;-9999;943,7;943,9;943,7;-9999;22,1;21,3;22,8;22,1;21,6;21,2;95;93;95;42;3,6;1,6;
2011-03-08;04:00;-9999;943,6;943,8;943,5;-9999;22,4;21,4;22,4;22,1;21,4;21,2;95;94;95;64;3;2,5;
2011-03-08;05:00;-9999;943,2;943,7;943,1;-9999;22,3;21,4;22,5;22,3;21,5;21,4;95;94;95;50;3,5;2,6;
2011-03-08;06:00;-9999;942,7;943,2;942,7;-9999;22,2;21,4;22,4;22,2;21,5;21,4;95;94;95;34;4,1;3;
2011-03-08;07:00;-9999;942,8;942,8;942,6;-9999;22,1;21,3;22,2;21,9;21,4;21,1;96;95;96;26;4;2,6;
2011-03-08;08:00;-9999;942,9;942,9;942,8;-9999;22,1;21,4;22,1;22,1;21,4;21,3;96;95;96;26;3,7;2,5;
2011-03-08;09:00;-9999;943,6;943,6;942,9;-9999;21,9;21,3;22,1;21,9;21,4;21,3;97;96;97;18;4,3;2,9;
2011-03-08;10:00;-9999;944,5;944,5;943,6;-9999;21,7;21,2;21,9;21,7;21,4;21,2;97;97;97;25;4;1,5;
2011-03-08;11:00;-9999;945,2;945,2;944,5;22,8;21,9;21,4;21,9;21,7;21,4;21,2;97;97;97;50;2,4;1,1;
2011-03-08;12:00;-9999;945,8;945,8;945,2;139;21,9;21,3;22;21,9;21,5;21,3;97;97;97;41;5,7;3,7;
2011-03-08;13:00;-9999;946,3;946,3;945,8;305,6;22,2;21,5;22,2;21,9;21,5;21,3;97;95;95;23;5,9;4,2;
2011-03-08;14:00;-9999;946,1;946,3;946,1;929,1;23,3;22;23,5;22,1;22,3;21,4;96;92;92;21;6,6;4,4;
2011-03-08;15:00;-9999;945,8;946,3;945,8;1345,3;24,3;22,4;24,6;22,7;23,2;21,5;94;89;89;28;6,9;4,1;
2011-03-08;16:00;-9999;944,9;945,8;944,9;1983,3;23,9;22,1;25,9;23,9;23,5;21,8;90;82;89;21;8;5,8;
2011-03-08;17:00;-9999;943,8;944,9;943,8;302,2;22,7;21,7;23,9;22,4;22,5;21,5;95;89;94;22;7,9;3,2;
2011-03-08;18:00;-9999;943,9;944,3;943,8;247,5;22,2;21,2;23,4;22,1;22,3;21,1;96;93;94;315;9,4;5,6;
2011-03-08;19:00;-9999;942,8;943,9;942,7;540,5;22,8;21,5;22,8;22,2;21,7;21;95;92;93;4;9,4;2,3;
2011-03-08;20:00;-9999;942,6;942,9;942,6;298,6;22,5;21,5;22,8;22,5;21,8;21,2;94;92;94;34;3,9;2;
2011-03-08;21:00;-9999;942,9;943;942,5;150,5;22,2;21,4;22,5;22,2;21,7;21,4;95;94;95;40;3,1;2,4;
2011-03-08;22:00;-9999;942,9;943;942,8;58,2;22;21,3;22,3;22;21,4;21,2;96;94;96;94;3;2,1;
2011-03-08;23:00;-9999;943,6;943,6;942,9;-9999;21,8;21,2;22,1;21,8;21,3;21,1;96;95;96;54;2,8;0;
2011-03-09;00:00;-9999;943,8;943,8;943,6;-9999;21,6;21;22;21,6;21,3;21;96;96;96;354;2,4;0;
2011-03-09;01:00;-9999;944,1;944,1;943,8;-9999;21,5;20,7;21,7;21,4;21,1;20,7;97;96;96;48;2,1;1,8;
2011-03-09;02:00;-9999;944,7;944,7;944,1;-9999;21,5;20,7;21,5;21,3;20,7;20,5;96;95;95;51;2,8;2,2;
2011-03-09;03:00;-9999;944,6;944,8;944,6;-9999;21,4;20,6;21,5;21,1;20,7;20,4;96;95;95;60;3,4;2,7;
2011-03-09;04:00;-9999;944,3;944,6;944,2;-9999;21,7;20,8;21,7;21,4;20,8;20,6;95;94;95;52;3,3;1,6;
2011-03-09;05:00;-9999;943,7;944,3;943,7;-9999;21,5;20,7;21,7;21,5;20,9;20,7;96;95;96;65;2,2;,7;
2011-03-09;06:00;-9999;943,4;943,7;943,4;-9999;21,5;20,7;21,5;21,4;20,8;20,7;96;95;95;23;2,5;2,1;
2011-03-09;07:00;-9999;943;943,4;943;-9999;21,4;20,7;21,5;21,4;20,7;20,6;96;95;96;42;3,3;2,7;
2011-03-09;08:00;-9999;943,1;943,1;943;-9999;21,5;20,8;21,6;21,4;20,8;20,7;96;95;96;36;4;2,7;
2011-03-09;09:00;-9999;943,3;943,3;943,1;-9999;21,4;20,9;21,5;21,4;20,9;20,7;97;96;97;39;4,1;2,6;
2011-03-09;10:00;-9999;943,7;943,7;943,3;9;21,5;21,1;21,5;21,4;21,1;20,8;97;97;97;38;5;3,3;
2011-03-09;11:00;-9999;944,4;944,4;943,7;265,8;22;21,6;22;21,5;21,6;21;97;97;97;37;5,8;4;
2011-03-09;12:00;-9999;945;945;944,4;620,9;22,8;21,9;22,8;21,9;22;21,4;97;94;95;12;5,9;3,2;
2011-03-09;13:00;-9999;945,3;945,3;945;1028,6;23,6;22,3;23,7;22,7;22,4;21,6;95;91;92;21;4,9;3;
2011-03-09;14:00;-9999;-9999;-9999;-9999;-9999;-9999;-9999;-9999;-9999;-9999;-9999;-9999;-9999;-9999;-9999;-9999;-9999;
2011-03-09;15:00;-9999;944,5;945,1;944,5;2857,2;26,6;22,2;27,2;24,5;23,9;21,7;87;74;77;16;5,1;2,2;
2011-03-09;16:00;-9999;943,8;944,5;943,7;1408,3;24,3;22,4;27,3;24,1;23;21,8;90;74;89;226;4,1;1,4;
2011-03-09;17:00;-9999;942,5;944;942,5;1786,1;25,5;23,1;25,5;23,3;23,3;21,8;94;86;86;102;5;2,3;
2011-03-09;18:00;-9999;941,2;942,5;941,2;2949;28,5;22,6;28,7;25,5;23,8;22,1;86;69;71;268;3,8;1,2;
2011-03-09;19:00;-9999;940,7;941,2;940,7;1826;26,2;22,4;28,9;26,1;24,1;21,5;80;68;79;135;6,1;2,2;
2011-03-09;20:00;-9999;941,3;941,3;940,5;215,2;21,9;21,2;26,3;21,6;22,6;20,8;96;74;96;172;5,5;1,5;
2011-03-09;21:00;-9999;940,9;941,4;940,6;174,7;22,9;21,7;23,2;21,9;21,7;20,8;96;90;93;354;6,6;4,3;
2011-03-09;22:00;-9999;941,7;941,7;940,9;44,6;22,4;21;23;22,4;21,9;21;96;91;92;355;6,7;2,6;
2011-03-09;23:00;-9999;942;942;941,5;,9;22,4;20,4;22,6;22,4;21,2;20,4;93;88;88;27;6,4;3,8;
2011-03-10;00:00;-9999;942,8;942,8;942;,8;22,3;21,1;22,5;22,2;21,2;20,3;94;88;93;24;4,9;2,9;
2011-03-10;01:00;-9999;943,4;943,4;942,8;-9999;21,7;20,8;22,3;21,7;21,2;20,7;95;93;95;74;3,8;2,8;
2011-03-10;02:00;-9999;943,8;943,8;943,4;-9999;22;21,4;22;21,6;21,4;20,7;96;95;96;45;3,9;2,8;
2011-03-10;03:00;-9999;943,6;943,9;943,6;-9999;22,2;21,6;22,4;22;21,8;21,4;97;96;97;27;4,8;3,3;
2011-03-10;04:00;-9999;943,2;943,6;943,2;-9999;21,8;21,4;22,2;21,8;21,6;21,4;97;97;97;29;4,7;2,1;
2011-03-10;05:00;-9999;942,8;943,2;942,8;-9999;21,5;21,1;21,8;21,5;21,4;21,1;98;97;98;86;3;0;
2011-03-10;06:00;-9999;942,5;942,8;942,5;-9999;21,6;21,2;21,6;21,3;21,2;21;98;98;98;16;2,3;1,7;
2011-03-10;07:00;-9999;942,3;942,5;942,1;-9999;21,7;21,3;21,8;21,6;21,4;21,2;98;98;98;14;3,4;2,4;
2011-03-10;08:00;-9999;942,4;942,4;942,2;-9999;21,6;21,2;21,7;21,6;21,4;21,2;98;98;98;17;3,2;1,6;
2011-03-10;09:00;-9999;942,9;942,9;942,4;-9999;21,5;21,2;21,6;21,4;21,2;21,1;98;98;98;20;3;2,3;
2011-03-10;10:00;-9999;943;943;942,8;10,6;21,8;21,4;21,8;21,5;21,4;21,1;98;98;98;19;3,4;2,6;
2011-03-10;11:00;-9999;943,6;943,6;943;302,4;22,2;21,9;22,4;21,8;22;21,4;98;98;98;7;4;2,5;
2011-03-10;12:00;-9999;944,4;944,4;943,6;1055,9;23,7;23,3;23,7;22,1;23,3;21,8;98;98;98;13;3,7;2,6;
2011-03-10;13:00;-9999;945,1;945,1;944,4;1248,8;24,5;22,3;24,5;23,7;23,9;22,1;98;88;88;349;4,7;2;
2011-03-10;14:00;-9999;944,6;945,1;944,6;2164,2;25,6;23;26;24,4;23,1;22,1;89;83;86;352;5,8;3,1;
2011-03-10;15:00;-9999;944,1;944,6;944,1;2689,6;27,4;21,6;27,6;25,5;23,4;21,5;86;71;71;339;5,1;2;
2011-03-10;16:00;-9999;943,6;944,1;943,6;828,4;23,3;21,5;27,8;22,5;22,4;20;93;70;90;355;9,4;3,2;
2011-03-10;17:00;-9999;942,7;943,6;942,7;1413,4;26,3;22;26,9;23,2;22,9;21,2;90;74;77;169;5,4;1;
2011-03-10;18:00;-9999;942,3;943;942,1;460,9;21,1;20,5;26,4;21;22,6;20,3;96;75;96;321;9,9;3,8;
2011-03-10;19:00;-9999;941,1;942,3;941,1;392,5;23,2;22,1;23,2;21,1;22,2;20,6;96;93;94;216;7;,1;
2011-03-10;20:00;-9999;941,2;941,2;940,6;842,5;24,2;22,3;24,3;23,1;22,7;21,8;94;89;89;296;4;2,6;
2011-03-10;21:00;-9999;941,8;941,8;941,2;589,2;24,7;22,1;25,1;24,2;22,9;22;90;83;86;298;4,3;1;
2011-03-10;22:00;-9999;941,9;942,1;941,7;124,5;21,6;20,5;24,7;21,6;22,5;20,4;94;85;94;305;9,8;2,4;
2011-03-10;23:00;-9999;942,8;942,9;941,9;-9999;21,1;20,4;21,6;21,1;20,7;20,2;95;93;95;337;5,5;2;
2011-03-11;00:00;-9999;943,4;943,4;942,8;-9999;21;20,3;21,2;21;20,4;20,3;96;95;96;360;4;1,9;
2011-03-11;01:00;-9999;943,8;943,8;943,4;-9999;21;20,2;21,2;21;20,5;20,2;96;95;95;47;3,1;,9;
2011-03-11;02:00;-9999;944,4;944,4;943,8;-9999;21;20,2;21;21;20,2;20,2;95;95;95;43;2,7;,2;
2011-03-11;03:00;-9999;944,4;944,5;944,4;-9999;21;20,3;21,1;21;20,3;20,2;96;95;96;10;1,8;0;
2011-03-11;04:00;-9999;943,5;944,4;943,5;-9999;20,9;20,2;21;20,9;20,3;20,2;96;96;96;28;3,6;1,9;
2011-03-11;05:00;-9999;942,9;943,5;942,9;-9999;20,7;20;20,9;20,7;20,1;20;96;95;95;38;3,4;1,7;
2011-03-11;06:00;-9999;942,5;942,9;942,5;-9999;20,7;20,1;20,8;20,7;20,1;19,9;96;95;96;31;4;2,2;
2011-03-11;07:00;-9999;942,4;942,5;942,4;-9999;20,9;20,2;20,9;20,7;20,2;20;96;96;96;24;3,2;2,3;
2011-03-11;08:00;-9999;942,4;942,5;942,4;-9999;21;20,3;21;20,9;20,3;20,2;96;95;96;26;3,8;2,7;
2011-03-11;09:00;-9999;942,9;942,9;942,4;-9999;20,9;20,3;21;20,9;20,3;20,2;97;96;97;14;4,4;3,1;
2011-03-11;10:00;-9999;943,4;943,4;942,8;7,8;20,9;20,4;21;20,8;20,4;20,3;97;97;97;17;5,3;2,5;
2011-03-11;11:00;-9999;943,8;943,8;943,4;304;21,6;20,9;21,6;20,9;21;20,4;97;96;96;33;4,2;2,7;
2011-03-11;12:00;-9999;944,3;944,3;943,8;913;22,8;21,6;22,8;21,6;21,6;20,8;96;92;93;22;5,1;3,5;
2011-03-11;13:00;-9999;944,4;944,5;944,3;1993,3;23,6;21,5;24;22,8;22,4;21,4;94;87;88;12;6,5;3,7;
2011-03-11;14:00;-9999;944,2;944,4;944,1;2311,1;25,9;21,7;26,5;23,6;22,9;21,4;89;76;78;324;6,4;3,7;
2011-03-11;15:00;-9999;944;944,3;944;1853,3;26,7;21,9;26,8;25,8;22,3;21,2;80;74;75;346;6,4;2,8;
2011-03-11;16:00;-9999;943,1;944;943,1;2364,5;27,9;22,2;28,2;25,7;23,6;20,9;84;69;71;291;7,7;5;
2011-03-11;17:00;-9999;941,9;943,1;941,9;3693,2;29,1;22,6;29,3;27,4;23,1;21,1;74;64;68;286;7,7;4,2;
2011-03-11;18:00;-9999;940,9;941,9;940,9;3384,6;29,4;22;29,6;28,6;23,1;21,2;70;63;65;289;7,8;4,6;
2011-03-11;19:00;-9999;940,1;940,9;940,1;2759,6;28,6;20,7;29,5;28,5;22,7;20,7;68;62;62;294;8,1;5,2;
2011-03-11;20:00;-9999;940,3;940,3;940,1;1754;28,2;21,2;29,3;27,6;23;20,9;72;62;66;324;8,8;5;
2011-03-11;21:00;-9999;940,7;940,7;940,3;772,4;28;21,3;28,3;27;22;21,1;72;66;67;320;8;3,6;
2011-03-11;22:00;-9999;941,5;941,5;940,7;308;24,9;22,4;28,1;24,9;22,9;21,5;86;67;86;32;6;3;
2011-03-11;23:00;-9999;942,2;942,2;941,5;-9999;23,4;21,6;24,9;23,4;22,4;21,5;90;85;90;37;6,6;3,4;
2011-03-12;00:00;-9999;942,7;942,7;942,1;-9999;22,5;21,4;23,4;22,5;21,7;21,4;93;90;93;46;5,8;4,3;
2011-03-12;01:00;-9999;943,6;943,6;942,7;-9999;22,2;20,9;22,6;22,2;21,4;20,9;94;92;92;47;5,5;3,5;
2011-03-12;02:00;-9999;944,1;944,1;943,6;-9999;21,9;20,7;22,2;21,9;20,9;20,7;93;92;92;28;4,8;2,2;
2011-03-12;03:00;-9999;943,6;944,1;943,6;-9999;21,7;20,7;21,9;21,6;20,7;20,6;94;92;94;32;3,3;2,6;
2011-03-12;04:00;-9999;943,5;943,6;943,5;-9999;21,9;20,6;22;21,7;20,7;20,6;94;92;93;32;4,4;2,9;
2011-03-12;05:00;-9999;943,5;943,6;943,5;-9999;21,5;20,6;21,9;21,5;20,7;20,6;95;93;94;41;4,1;2,8;
2011-03-12;06:00;-9999;943,2;943,5;943,2;-9999;21,5;20,6;21,6;21,5;20,6;20,5;95;94;95;36;3,7;3;
2011-03-12;07:00;-9999;943,1;943,2;943;-9999;21,2;20,4;21,5;21,2;20,6;20,4;95;94;95;50;3,9;2,2;
2011-03-12;08:00;-9999;943,1;943,3;943,1;-9999;21,5;20,4;21,6;21,2;20,5;20,4;96;93;93;40;5;3,7;
2011-03-12;09:00;-9999;943,5;943,5;943,1;-9999;21,3;20,3;21,6;21,3;20,4;20,3;95;93;94;46;5,5;3,5;
2011-03-12;10:00;-9999;944;944;943,5;4,5;21,7;20,5;21,7;21,2;20,5;20,3;94;93;93;46;4,9;3,6;
2011-03-12;11:00;-9999;944,6;944,6;944;280,4;22,6;20,9;22,6;21,7;21,1;20,5;93;90;90;40;6;4,2;
2011-03-12;12:00;-9999;945,3;945,3;944,7;1117,9;24,1;21,8;24,1;22,6;21,8;20,8;91;85;87;28;6,4;4,5;
2011-03-12;13:00;-9999;945,7;945,8;945,3;758,5;22;21;24,2;22;21,7;21;94;84;94;13;8;5,9;
2011-03-12;14:00;-9999;945,5;945,7;945,5;1001;24,4;22,9;24,5;21,9;23,4;21,1;96;92;92;2;8;4,4;
2011-03-12;15:00;-9999;945,1;945,6;945,1;1919,8;23,8;22,2;24,6;23,8;22,9;21,9;92;87;91;338;8,1;4,2;
2011-03-12;16:00;-9999;943,4;945,1;943,4;2280,4;26,7;22,8;26,9;23,5;23,8;22;93;79;79;332;6,6;3,9;
2011-03-12;17:00;-9999;942,2;943,4;942,2;3191,6;28,1;22,4;28,5;26,7;24,2;21,6;82;68;71;299;8,3;4;
2011-03-12;18:00;-9999;941,2;942,2;941,2;2885;28,6;21,3;29,5;27,3;23,2;21,1;75;64;65;309;10,6;5,4;
2011-03-12;19:00;-9999;941;941,4;941;1502,6;25,9;23;29,1;25,5;23,6;21,6;88;65;84;44;9,4;3,3;
2011-03-12;20:00;-9999;941,1;941,2;940,8;471,9;24,5;22,4;26;24,5;23,5;21,7;88;79;88;149;5,5;,2;
2011-03-12;21:00;-9999;941,6;941,7;940,9;189,2;23,9;21,6;24,6;23,9;22,8;21,3;91;85;87;166;4;0;
2011-03-12;22:00;-9999;942,4;943;941,5;29,9;21,3;20,9;23,9;19,7;21,9;19,1;98;87;98;128;15;1,7;
2011-03-12;23:00;-9999;941,7;942,4;941,6;-9999;21,3;20,3;21,3;21,1;20,9;19,7;98;90;94;148;3,5;,1;
2011-03-13;00:00;-9999;942,9;942,9;941,6;-9999;21,4;20,1;21,8;21,3;20,5;20;94;90;92;206;2,4;0;
2011-03-13;01:00;-9999;943,6;943,6;942,9;-9999;21,7;20,6;22,1;21,4;20,8;20,1;94;91;94;98;2,3;0;
2011-03-13;02:00;-9999;943,4;943,7;943,4;-9999;21,4;20,4;21,9;21,4;20,9;20,4;95;94;94;47;3,3;2,4;
2011-03-13;03:00;-9999;943,5;943,7;943,4;-9999;21,6;20,3;21,7;21,4;20,4;20,2;94;92;93;30;4,7;2,7;
2011-03-13;04:00;-9999;943,2;943,5;943,1;-9999;21,1;20,2;21,6;21,1;20,4;20,2;95;93;95;40;4,7;2,9;
2011-03-13;05:00;-9999;942,8;943,2;942,8;-9999;21,5;20,9;21,5;21,1;21;20,2;97;95;97;32;4,4;2,7;
2011-03-13;06:00;-9999;942,2;942,8;942,2;-9999;21,6;21,1;21,6;21,4;21,1;20,9;97;97;97;32;4;2,4;
2011-03-13;07:00;-9999;941,8;942,3;941,8;-9999;21,4;21;21,6;21,4;21,1;21;97;97;97;42;3,6;2;
2011-03-13;08:00;-9999;941,9;941,9;941,7;-9999;21,3;20,8;21,5;21,3;21;20,8;97;97;97;39;2,8;2,1;
2011-03-13;09:00;-9999;942,1;942,1;941,9;-9999;21,3;20,7;21,3;21,2;20,8;20,7;97;97;97;31;3,7;2,8;
2011-03-13;10:00;-9999;942,5;942,5;942;12,4;21,2;20,8;21,3;21;20,8;20,6;98;97;98;14;4,3;2,5;
2011-03-13;11:00;-9999;943,1;943,1;942,5;479,1;22,3;21,6;22,3;21,2;21,8;20,9;98;96;96;24;4,3;2,8;
2011-03-13;12:00;-9999;943,8;943,8;943,1;1087,4;23,4;21,8;23,5;22,3;22,2;21,6;96;90;90;337;4,9;3,3;
2011-03-13;13:00;-9999;944,3;944,3;943,8;786,5;23,8;22,1;23,9;23,4;22,4;21,7;91;89;90;300;6,3;2,7;
2011-03-13;14:00;-9999;943,8;944,3;943,8;1985,4;25,6;22,4;25,6;23,6;22,7;21,7;90;81;83;294;5,4;2,8;
2011-03-13;15:00;-9999;943,9;943,9;943,7;2251,8;24,5;22,7;26,4;23,3;24,3;21,7;95;78;90;293;9,1;5,9;
2011-03-13;16:00;-9999;942,8;943,9;942,8;3546,1;26,6;23,1;27,2;24,5;24,1;22,5;90;79;81;289;9;4,8;
2011-03-13;17:00;-9999;941,4;942,8;941,4;3245,2;28,5;22,9;29,2;26,6;23,9;22,1;84;68;72;257;7,8;4,7;
2011-03-13;18:00;-9999;940,8;941,4;940,7;1754,4;27,4;22;28,9;27,3;23,6;22;76;70;72;267;11,5;4,6;
2011-03-13;19:00;-9999;940,3;940,9;940,1;1927,3;27,5;21,9;28,8;27,3;23,2;20,9;74;66;71;223;9,4;3,6;
2011-03-13;20:00;-9999;940,1;940,6;940;1505,4;25,7;20,5;28,2;24,1;22,1;20,2;81;67;73;239;11,3;1,8;
2011-03-13;21:00;-9999;940,6;940,6;940,1;823,2;23,4;20,2;26,4;23,4;21,2;19,9;83;71;82;235;8,3;1,5;
2011-03-13;22:00;-9999;941,2;941,2;940,5;105,5;22,4;20,3;23,4;22,4;20,5;20,2;88;82;88;221;5,1;0;
2011-03-13;23:00;-9999;941,5;941,5;941;-9999;21,8;19,8;22,4;21,8;20,2;19,6;88;85;88;223;4;,3;
2011-03-14;00:00;-9999;942;942;941,5;-9999;21,5;20;21,8;21,5;20,1;19,8;92;88;91;242;1,9;0;
2011-03-14;01:00;-9999;942,8;942,8;942;-9999;21,5;20;21,6;21,3;20,2;19,9;92;91;91;252;,9;0;
2011-03-14;02:00;-9999;942,8;942,9;942,7;-9999;20,5;19,5;21,5;20,4;20;19,4;94;91;94;308;2,3;,6;
2011-03-14;03:00;-9999;942,4;942,8;942,4;-9999;20,2;19,5;20,6;20,2;19,9;19,5;96;94;96;322;2,5;1,6;
2011-03-14;04:00;-9999;942,2;942,4;942;-9999;20,4;19,8;20,5;20,2;19,9;19,6;96;96;96;37;2,9;,4;
2011-03-14;05:00;-9999;941,7;942,2;941,7;-9999;20,8;20,3;20,8;20,4;20,3;19,8;97;96;97;267;1,3;,7;
2011-03-14;06:00;-9999;941;941,7;941;-9999;20,7;20,3;20,9;20,6;20,4;20;97;97;97;277;1,5;0;
2011-03-14;07:00;-9999;941,2;941,2;941;-9999;21,2;20,9;21,2;20,7;20,9;20,3;98;97;98;249;2,1;,6;
2011-03-14;08:00;-9999;941,4;941,4;941,1;-9999;21,4;21;21,4;21,2;21,1;20,8;98;98;98;261;3,1;2,2;
2011-03-14;09:00;-9999;941,8;941,8;941,4;,2;21,5;21,1;21,5;21,4;21,1;21;98;98;98;235;3,1;0;
2011-03-14;10:00;-9999;942,2;942,2;941,8;7,9;21,5;21,2;21,5;21,4;21,2;21;98;98;98;237;0;0;
2011-03-14;11:00;-9999;943;943;942,2;205,5;22,3;21,9;22,3;21,5;21,9;21,1;98;98;98;237;0;0;
2011-03-14;12:00;-9999;943,8;943,8;943;595,5;23,6;22,2;23,7;22,2;22,5;21,9;98;92;92;249;3,4;1;
2011-03-14;13:00;-9999;944;944,1;943,8;1161,3;24,8;21,9;25,4;23,5;22,8;21,6;92;82;84;240;3,5;,8;
2011-03-14;14:00;-9999;943,8;944,1;943,8;2102,4;26,8;21,7;27;24,8;22,9;21,4;85;73;74;251;4,6;,9;
2011-03-14;15:00;-9999;943,3;943,8;943,3;2201,3;27;22,7;28,1;26,1;23,2;21;81;71;77;263;8,1;4,9;
2011-03-14;16:00;-9999;942,6;943,3;942,6;2394,8;27,7;22,9;27,9;26,3;23,2;21,8;79;70;75;248;8,3;2,4;
2011-03-14;17:00;-9999;941,6;942,6;941,6;2909,1;27,7;21,5;28,8;27,3;23,2;21,1;76;63;69;288;5,9;2,4;
2011-03-14;18:00;-9999;940,6;941,6;940,6;3127,7;28,3;23,6;29,4;26;24,2;21,1;83;65;76;267;6,7;1,7;
2011-03-14;19:00;-9999;940,4;940,6;940;1493,2;25,9;22,3;28,7;25,8;24,3;22,1;83;69;80;80;6,6;1,5;
2011-03-14;20:00;-9999;940,1;940,4;940;569,9;23,2;21,7;25,8;22,6;22,1;21,1;93;77;91;44;9;3,2;
2011-03-14;21:00;-9999;940,1;940,2;939,8;204,2;24,8;22,2;24,9;23,1;22,4;21,3;91;82;86;346;5,2;,4;
2011-03-14;22:00;-9999;940,9;940,9;940,1;254,5;22,9;21,4;24,9;22,9;22,7;21,4;91;86;91;252;9;3,3;
2011-03-14;23:00;-9999;941,8;941,8;940,9;-9999;22,4;21,1;22,9;22,4;21,4;21,1;93;91;93;236;6,3;,5;
2011-03-15;00:00;-9999;942,5;942,5;941,8;-9999;21,6;20,9;22,4;21,5;21,1;20,8;96;93;96;218;4,9;2,3;
2011-03-15;01:00;-9999;943,3;943,3;942,5;-9999;21,6;20,9;21,8;21,6;21,1;20,9;96;96;96;234;5,2;,7;
2011-03-15;02:00;-9999;943,8;943,8;943,3;-9999;21,5;20,7;21,7;21,5;21;20,7;96;95;95;247;5,1;1,6;
2011-03-15;03:00;-9999;943,8;943,9;943,7;-9999;21,4;20,7;21,5;21,4;20,7;20,6;96;95;95;231;5,1;,4;
2011-03-15;04:00;-9999;943,4;943,8;943,3;-9999;21,4;20,6;21,6;21,4;20,7;20,4;95;93;95;216;3,2;1,1;
2011-03-15;05:00;-9999;943,4;943,6;943,4;,5;21,4;20,5;21,5;21,4;20,6;20,3;95;93;94;205;3,5;0;
2011-03-15;06:00;-9999;943,3;943,4;943,2;-9999;21,5;20,7;21,5;21,4;20,7;20,4;95;94;95;209;2,5;,2;
2011-03-15;07:00;-9999;943;943,3;943;-9999;21,3;20,5;21,5;21,3;20,7;20,5;96;95;95;228;2,5;0;
2011-03-15;08:00;-9999;943,4;943,4;943;-9999;21,2;20,7;21,3;21,2;20,7;20,5;96;95;96;249;1,1;0;
2011-03-15;09:00;-9999;944;944;943,4;-9999;21,2;20,6;21,3;21,2;20,7;20,6;97;96;97;236;2,4;0;
2011-03-15;10:00;-9999;944,8;944,8;944;2,1;21,1;20,7;21,2;21;20,7;20,6;97;97;97;231;1,9;0;
2011-03-15;11:00;-9999;945,5;945,5;944,8;86,3;21,3;20,8;21,3;21,1;20,8;20,7;97;97;97;236;2,4;0;
2011-03-15;12:00;-9999;946,5;946,5;945,5;288,1;21,9;21,1;21,9;21,3;21,3;20,8;97;95;95;238;2,8;0;
2011-03-15;13:00;-9999;946,8;946,8;946,5;895,5;23,1;21;23,6;21,9;21,8;21;95;88;88;271;3,6;1,9;
2011-03-15;14:00;-9999;946,7;946,8;946,6;2201,4;26;21,4;26;23,1;22,3;20,5;90;74;76;56;3,6;,4;
2011-03-15;15:00;-9999;946,4;946,7;946,4;2604,6;26,9;20,8;27,2;25,6;22;20,3;77;68;70;79;2,9;,4;
2011-03-15;16:00;-9999;945,5;946,4;945,5;2732,9;28,5;21,2;28,7;26,6;22,1;20,3;73;63;65;65;3,8;,4;
2011-03-15;17:00;-9999;944,3;945,5;944,3;3789,8;29,3;21,4;29,7;28;22,6;19,9;70;58;62;40;3,2;,6;
2011-03-15;18:00;-9999;943,4;944,3;943,4;3416,6;30,4;20,3;30,6;28,6;21,7;19,4;62;53;55;280;3;,4;
2011-03-15;19:00;-9999;942,5;943,4;942,5;2845,9;29,7;19,8;30,8;29,7;21,4;19,8;60;53;55;287;3,9;2;
2011-03-15;20:00;-9999;942,6;942,6;942,3;1611,4;27,1;22,9;30,4;27,1;23,2;19,8;78;54;78;276;5,8;3,2;
2011-03-15;21:00;-9999;943,2;943,2;942,5;139,2;22,5;20,6;27,1;22,5;23,1;19,9;89;71;89;242;7,4;2,5;
2011-03-15;22:00;-9999;943;943,2;942,8;70,6;22,7;20,9;23,1;22,4;20,9;20,1;90;85;89;253;8,4;,4;
2011-03-15;23:00;-9999;944,3;944,3;942,9;-9999;22,9;21,6;23,1;22,5;21,8;20,9;93;89;92;275;3,9;2,1;
2011-03-16;00:00;-9999;945;945;944,4;-9999;22,9;21,7;23,2;22,9;21,9;21,6;93;91;93;215;3,4;0;
2011-03-16;01:00;-9999;945,5;945,5;945;-9999;22,6;21,5;23;22,5;21,7;21,5;94;93;94;234;,5;0;
2011-03-16;02:00;-9999;945,7;945,7;945,4;-9999;22,6;21,5;22,7;22,5;21,6;21,4;94;93;94;188;1,7;0;
2011-03-16;03:00;-9999;945,6;945,8;945,6;-9999;22,5;21,2;22,8;22,5;21,6;21,1;94;91;92;214;2,7;,2;
2011-03-16;04:00;-9999;945,5;945,7;945,5;-9999;22,7;21,2;22,7;22,2;21,5;21;94;91;91;188;1,3;0;
2011-03-16;05:00;-9999;945,8;945,8;945,5;-9999;22,6;21,6;23;22,5;21,6;21;94;89;94;72;3,2;2;
2011-03-16;06:00;-9999;945,2;945,8;945,2;-9999;22,5;21,6;22,7;22,5;21,7;21,6;95;94;95;60;4,6;3,3;
2011-03-16;07:00;-9999;944,6;945,2;944,6;-9999;22,3;21;22,5;22,2;21,6;21;95;92;92;152;4,6;0;
2011-03-16;08:00;-9999;944,5;944,6;944,4;-9999;21,8;21,2;22,3;21,8;21,2;20,7;96;92;96;140;3,7;2,4;
2011-03-16;09:00;-9999;944,9;944,9;944,4;-9999;21,5;20,2;21,8;21,3;21,2;20,2;97;92;92;138;4,3;2,8;
2011-03-16;10:00;-9999;945,7;945,7;944,9;19,1;21,1;20,4;21,6;20,9;20,4;20;96;92;96;22;4,3;,5;
2011-03-16;11:00;-9999;946,8;946,8;945,7;383,7;22,7;21,1;22,7;21,1;21,1;20,4;96;91;91;69;4,1;2,7;
2011-03-16;12:00;-9999;947,6;947,6;946,8;1332,3;25;20,7;25,1;22,7;21,6;20,6;91;76;77;79;6,1;2,2;
2011-03-16;13:00;-9999;948,3;948,3;947,6;1858,7;26,4;20,9;27,1;25;21,9;20,2;79;68;72;61;3,9;1,6;
2011-03-16;14:00;-9999;948,2;948,3;948,2;2919,8;28,3;22,4;28,3;26,4;22,4;19,7;73;62;71;65;4,4;1,6;
2011-03-16;15:00;-9999;947,9;948,3;947,9;2665,3;28;21;28,9;27,1;21,9;20;72;60;66;35;3,6;1,5;
2011-03-16;16:00;-9999;946,6;947,9;946,6;3378,1;29,2;22,1;29,3;27,6;22,7;20,4;70;63;66;22;6,8;3,2;
2011-03-16;17:00;-9999;945,5;946,6;945,5;3319,5;28,7;21,4;29,8;28,7;22,9;20,9;69;62;65;52;7,1;3,5;
2011-03-16;18:00;-9999;944,4;945,5;944,4;2595,8;28,8;21,1;29,6;28,6;22,5;21;68;60;63;51;7;3,1;
2011-03-16;19:00;-9999;944,2;944,6;944,1;1044,6;25,4;20,7;28,9;25,4;22,1;20,7;77;62;75;217;5,3;2,5;
2011-03-16;20:00;-9999;944,1;944,4;944,1;289,6;24;21,6;25,4;23,4;21,8;20,5;89;75;86;327;9,2;,9;
2011-03-16;21:00;-9999;944,3;944,4;943,8;335,3;24,7;22;25,3;24;22,3;21,3;86;80;85;215;2,6;1,1;
2011-03-16;22:00;-9999;944,1;944,3;944;67,3;23,3;21,4;24,8;23,3;22;21,4;89;82;89;198;2,6;,6;
2011-03-16;23:00;-9999;945;945;944,1;-9999;23,4;21,5;23,6;23,2;21,8;21,4;91;88;89;192;2,4;,6;
2011-03-17;00:00;-9999;945,5;945,6;945;-9999;23,3;21,2;23,6;23,1;21,6;21,1;91;87;88;158;1,8;0;
2011-03-17;01:00;-9999;945,9;945,9;945,5;-9999;22,9;20,9;23,5;22,9;21,6;20,8;91;85;89;136;4,6;3,2;
2011-03-17;02:00;-9999;946,2;946,2;945,9;-9999;22,5;20,6;23,1;22,5;21;20,6;90;87;89;138;5,5;3,3;
2011-03-17;03:00;-9999;945,6;946,2;945,6;-9999;22,7;20,9;22,8;22,2;20,9;20,5;91;87;89;113;5,2;2,8;
2011-03-17;04:00;-9999;945,1;945,6;945,1;-9999;22,4;20,4;22,7;22,2;20,8;20,4;90;88;89;147;6,1;3,1;
2011-03-17;05:00;-9999;944,8;945,2;944,7;-9999;22,2;20,3;22,4;21,6;20,4;20,1;92;88;89;146;6,1;2,3;
2011-03-17;06:00;-9999;944,2;944,8;944,2;-9999;21,3;20;22,2;21,2;20,3;19,9;93;89;93;62;4,2;2,5;
2011-03-17;07:00;-9999;944;944,3;943,9;-9999;21,6;20,3;21,6;21,1;20,3;19,9;93;92;92;70;5,4;4;
2011-03-17;08:00;-9999;944,1;944,2;944;-9999;21,3;20,2;21,7;21,3;20,3;20,1;93;92;93;70;5,4;3,3;
2011-03-17;09:00;-9999;944,4;944,4;944,1;-9999;21,2;20,1;21,4;21,1;20,2;20;94;93;93;67;4,3;3,1;
2011-03-17;10:00;-9999;944,9;944,9;944,4;24;21,4;20,3;21,4;20,7;20,3;19,8;95;93;93;68;3,8;2,7;
2011-03-17;11:00;-9999;945,5;945,5;944,9;573,5;23,6;21,1;23,6;21,4;21,4;20,3;93;85;86;52;4,4;3;
2011-03-17;12:00;-9999;946,1;946,1;945,5;1380,2;25,5;21,8;25,6;23,6;21,9;21;86;78;80;52;6,3;4,3;
2011-03-17;13:00;-9999;946,7;946,8;946,1;2206,1;26,5;22,1;27;25,5;22,8;21,5;81;76;77;41;8,3;5,7;
2011-03-17;14:00;-9999;946,7;946,9;946,7;2942,4;27,2;22,5;27,6;26,5;23,1;22;79;74;75;13;8,3;4,8;
2011-03-17;15:00;-9999;946,3;946,7;946,3;3464,1;28,6;22,4;28,9;27,2;23,4;22,1;77;68;69;25;8,4;4,6;
2011-03-17;16:00;-9999;945,2;946,3;945,1;3623,4;29,6;22,4;30;28,4;23,3;21,5;70;62;65;32;8,1;4,1;
2011-03-17;17:00;-9999;-9999;-9999;-9999;-9999;-9999;-9999;-9999;-9999;-9999;-9999;-9999;-9999;-9999;-9999;-9999;-9999;
2011-03-17;18:00;-9999;-9999;-9999;-9999;-9999;-9999;-9999;-9999;-9999;-9999;-9999;-9999;-9999;-9999;-9999;-9999;-9999;
2011-03-17;19:00;-9999;-9999;-9999;-9999;-9999;-9999;-9999;-9999;-9999;-9999;-9999;-9999;-9999;-9999;-9999;-9999;-9999;
2011-03-17;20:00;-9999;943,3;943,6;943,1;242,2;24,3;22,3;24,3;23,5;22,3;21,3;89;85;89;50;6,5;2,4;
2011-03-17;21:00;-9999;943,1;943,4;942,9;199,4;24,1;21,8;24,3;24;22,4;21,8;90;87;87;135;5;2,1;
2011-03-17;22:00;-9999;943;943,3;942,9;86,4;24;22,5;24,3;24;22,6;21,8;91;87;91;102;3,4;1,4;
2011-03-17;23:00;-9999;944;944;943;-9999;24;22,1;24,3;23,9;22,3;21,9;91;87;89;123;2,9;1,7;
2011-03-18;00:00;-9999;944,9;944,9;944;-9999;23,5;21,8;24;23,4;22,4;21,8;91;88;91;77;3,1;2;
2011-03-18;01:00;-9999;945,4;945,5;944,9;-9999;23,4;21,3;23,5;23,3;21,9;21,3;91;88;88;81;4;3,1;
2011-03-18;02:00;-9999;945,9;945,9;945,4;-9999;22,9;21,2;23,4;22,9;21,3;21,1;90;88;90;77;5;2,7;
2011-03-18;03:00;-9999;945,5;946;945,5;-9999;23;21,1;23,2;22,6;21,3;21;91;88;89;125;3,8;1,3;
2011-03-18;04:00;-9999;945,2;945,6;945,2;-9999;22,3;21,2;23,1;22,2;21,2;20,9;94;89;93;84;2,8;,3;
2011-03-18;05:00;-9999;944,7;945,2;944,7;-9999;22,8;21,4;22,9;22,2;21,4;21;94;91;92;98;3,1;1,5;
2011-03-18;06:00;-9999;944,4;944,7;944,4;-9999;22;20,8;23,1;21,9;21,3;20,6;93;89;93;92;3,1;1,6;
2011-03-18;07:00;-9999;944,2;944,4;944,1;-9999;22,4;20,9;22,5;21,9;21;20,7;93;91;91;90;3,2;2,1;
2011-03-18;08:00;-9999;944,3;944,3;944,1;-9999;22,4;20,8;22,8;22,4;21;20,8;91;89;91;67;4,6;3,6;
2011-03-18;09:00;-9999;944,8;944,8;944,3;-9999;22,1;20,6;22,7;22,1;20,9;20,6;92;89;92;75;4,4;1,4;
2011-03-18;10:00;-9999;945,4;945,4;944,8;7,3;21,9;20,6;22,2;21,8;20,7;20,5;93;91;93;51;3,8;2,5;
2011-03-18;11:00;-9999;946,1;946,1;945,4;397,7;24;21,5;24;21,9;21,7;20,6;93;86;86;36;4,1;2,8;
2011-03-18;12:00;-9999;947;947;946,1;876,2;24,9;21,8;25;23,7;22,2;21,4;89;82;83;38;6,1;4,7;
2011-03-18;13:00;-9999;947,3;947,4;947;1981,1;26,8;21,7;26,8;24,8;22,6;21,7;85;73;73;44;7,3;5,2;
2011-03-18;14:00;-9999;947,2;947,4;947,2;2963,3;27,3;22,3;27,7;26,7;23;21,7;76;72;74;27;7,6;5,7;
2011-03-18;15:00;-9999;946,3;947,3;946,3;3474;28,3;23,3;28,4;27,2;23,3;21,9;76;71;74;23;8,2;5,5;
2011-03-18;16:00;-9999;945,2;946,3;945,2;3542,9;29,7;23,3;30,1;28,1;24,2;22,4;76;66;68;38;7,5;3,9;
2011-03-18;17:00;-9999;943,8;945,2;943,8;3551,3;30,2;23,1;30,5;28,9;23,8;22;72;63;66;48;7,9;4,9;
2011-03-18;18:00;-9999;944,4;944,4;943,5;1820,3;23,4;20,3;30,7;23,4;23,4;20,1;83;61;83;191;7,7;2,4;
2011-03-18;19:00;-9999;943,7;944,4;943,6;164,5;22,1;20,3;24;21,4;20,8;19,6;91;80;90;181;6,6;,2;
2011-03-18;20:00;-9999;943,1;943,7;942,9;86,8;22,8;21,5;22,8;21,9;21,5;20;93;88;92;149;6,1;1,2;
2011-03-18;21:00;-9999;944,2;944,2;943,1;112,9;22,7;21,5;23;22,5;21,8;21,2;94;91;93;287;6,7;1;
2011-03-18;22:00;-9999;945,1;945,1;944;30;22,7;21,7;23;22,6;21,8;21,5;94;92;94;250;3,9;1,4;
2011-03-18;23:00;-9999;945,5;945,5;945,1;-9999;20,6;19,6;22,7;20,6;21,6;19,5;94;90;94;233;11,8;1,6;
2011-03-19;00:00;-9999;945,8;945,9;945,5;-9999;21;19,6;21;20,5;19,6;19,4;94;92;92;164;4,3;,2;
2011-03-19;01:00;-9999;946,5;946,5;945,7;-9999;21,5;19,9;21,8;21;19,9;19,6;92;89;90;154;4,8;1,1;
2011-03-19;02:00;-9999;947,2;947,2;946,5;-9999;21,7;19,8;21,9;21,5;20;19,7;90;88;89;180;2,6;1;
2011-03-19;03:00;-9999;947,3;947,7;947,2;-9999;21,4;19,9;21,7;21,4;19,9;19,8;91;89;91;188;2,6;,7;
2011-03-19;04:00;-9999;946,7;947,3;946,7;-9999;21,6;19,7;21,7;21,4;19,9;19,7;91;89;89;169;2,3;0;
2011-03-19;05:00;-9999;946;946,7;946;-9999;21,6;19,1;21,7;21,3;19,7;19,1;89;86;86;192;3,7;1,8;
2011-03-19;06:00;-9999;945,3;946;945,3;-9999;21,4;19,1;21,6;21,3;19,2;19;87;86;87;163;3,7;,6;
2011-03-19;07:00;-9999;944,4;945,3;944,4;-9999;21,6;19,2;21,7;21,2;19,2;19,1;88;85;86;132;3,4;1;
2011-03-19;08:00;-9999;944,2;944,4;944,2;-9999;20,5;19,5;21,6;20,4;19,6;19,3;94;86;94;67;3,4;1,2;
2011-03-19;09:00;-9999;944,4;944,4;944,1;-9999;20,6;19,4;21,5;20,5;19,6;19,3;94;88;93;65;3,6;1,2;
2011-03-19;10:00;-9999;944,7;944,7;944,3;5,1;20,5;19,3;20,6;20,2;19,4;19,2;94;92;93;75;3;,7;
2011-03-19;11:00;-9999;945,7;945,7;944,7;270,5;21,6;20,1;21,6;20,5;20,2;19,3;93;91;91;255;1,7;,4;
2011-03-19;12:00;-9999;946,5;946,5;945,7;494,3;21,9;20,4;21,9;21,5;20,7;20;93;91;91;277;4,1;2,3;
2011-03-19;13:00;-9999;947,1;947,1;946,5;728,9;23,2;21,2;23,2;21,9;21,2;20,3;92;86;88;250;3,7;,6;
2011-03-19;14:00;-9999;946,6;947,1;946,6;1270,5;24,3;21,2;24,3;23,1;21,2;20,3;88;82;83;248;3,6;1,1;
2011-03-19;15:00;-9999;946,1;946,6;946,1;1689,9;25,1;20,8;25,2;24,3;21,7;20,7;83;77;77;260;3,4;,4;
2011-03-19;16:00;-9999;945,3;946,1;945,3;1473,8;25,9;21,3;26;25,1;21,7;20,3;79;73;76;291;3,5;2;
2011-03-19;17:00;-9999;944,2;945,3;944,2;2129,8;27,5;20,8;27,7;25,9;21,8;20,5;78;65;67;267;4,2;1;
2011-03-19;18:00;-9999;942,8;944,2;942,8;2990,8;28,4;20,5;28,8;27,5;22,2;20;69;61;63;268;4,6;2,5;
2011-03-19;19:00;-9999;942,4;942,8;942,4;1982,3;28,1;21,4;29,8;28,1;21,9;20,4;68;58;67;267;4,8;2,2;
2011-03-19;20:00;-9999;941,8;942,4;941,8;793,7;26,8;22,4;29,2;26,6;22,4;21,1;77;64;77;295;4,1;2,8;
2011-03-19;21:00;-9999;942,2;942,2;941,7;609,7;26,6;22,1;27,9;26,6;22,8;21,7;78;70;76;248;5,2;1,9;
2011-03-19;22:00;-9999;942,6;942,6;942,1;106,7;24,9;22;26,6;24,7;22,2;21,9;84;76;84;263;5,2;2,7;
2011-03-19;23:00;-9999;943,3;943,3;942,6;-9999;24,5;22,4;25,1;24,5;22,4;21,9;88;83;88;237;3,3;,1;
2011-03-20;00:00;-9999;943,9;943,9;943,3;-9999;24,2;22,5;24,5;23,8;22,8;22,4;93;88;90;243;1,8;0;
2011-03-20;01:00;-9999;944,5;944,5;943,9;-9999;23,6;22,4;24,2;23,5;22,6;22,3;93;90;93;241;2,1;,7;
2011-03-20;02:00;-9999;945,1;945,1;944,5;-9999;23,3;22,2;24;23,1;22,5;21,9;94;90;93;229;2,2;,2;
2011-03-20;03:00;-9999;945;945,1;944,8;-9999;23,2;22,4;23,4;23,2;22,4;22,1;95;93;95;217;1,8;,4;
2011-03-20;04:00;-9999;944,6;945;944,6;-9999;22,8;22,2;23,2;22,8;22,4;22,2;97;95;97;218;1,7;,1;
2011-03-20;05:00;-9999;944,4;944,7;944,4;-9999;23;22,3;23;22,8;22,4;22,2;97;96;96;173;1,3;,1;
2011-03-20;06:00;-9999;943,9;944,4;943,9;-9999;22,2;21,1;23,1;22,2;22,3;21,1;96;93;94;184;3,8;,5;
2011-03-20;07:00;-9999;943,7;943,9;943,5;-9999;22,1;21;22,2;22;21,1;21;94;93;93;150;3,7;2;
2011-03-20;08:00;-9999;943,7;943,8;943,6;-9999;21,7;21;22,2;21,7;21;20,9;95;93;95;179;3,7;,2;
2011-03-20;09:00;-9999;943,8;943,8;943,7;-9999;21,7;21;21,9;21,7;21,1;20,9;96;95;96;160;2,7;0;
2011-03-20;10:00;-9999;944,2;944,2;943,8;5,7;21,8;20,8;21,9;21,6;21,2;20,8;96;94;94;177;1,2;0;
2011-03-20;11:00;-9999;945;945;944,2;201,2;22,5;21,1;22,5;21,7;21,1;20,8;94;92;92;155;1,2;0;
2011-03-20;12:00;-9999;945,7;945,7;945;646;23,4;21,3;23,4;22,5;21,4;20,7;92;87;88;151;4,5;3;
2011-03-20;13:00;-9999;946,1;946,1;945,7;1280,9;25,1;21,4;25,1;23,2;21,8;21;89;80;80;139;5,1;2,8;
2011-03-20;14:00;-9999;946,1;946,2;946;1919,6;26,3;21,8;26,3;25;22;20,9;80;75;76;171;4,7;1,3;
2011-03-20;15:00;-9999;945,7;946,1;945,7;2651,4;27,9;21,3;28,1;26;22,6;20,5;78;67;67;22;3,9;0;
2011-03-20;16:00;-9999;944,7;945,7;944,7;2577,8;27,9;21,8;29,3;27,6;22,8;20,9;73;63;69;286;3,9;,9;
2011-03-20;17:00;-9999;943,6;944,7;943,6;853;26;21,9;28,3;25,9;22,2;20,9;78;66;78;84;5,8;4;
2011-03-20;18:00;-9999;942,7;943,6;942,6;751,1;26;21,8;27,4;25,2;22,1;21,1;81;70;78;32;5,6;2,4;
2011-03-20;19:00;-9999;941,9;942,7;941,9;597,1;25,9;22,9;26,1;25,8;22,9;21,6;83;77;83;32;4,6;2,3;
2011-03-20;20:00;-9999;942,3;942,5;941,9;112;23,2;22;25,9;21,8;22,7;20,6;94;82;93;18;6,5;3,4;
2011-03-20;21:00;-9999;942,4;942,5;942,2;126,9;22,7;21,7;23,4;22,7;22,3;21,5;94;92;94;286;4,9;1,9;
2011-03-20;22:00;-9999;942,6;942,6;942,3;43,1;22,6;21,8;22,7;22,5;21,8;21,7;95;94;95;260;3,4;1,9;
2011-03-20;23:00;-9999;943,1;943,2;942,6;-9999;22,3;21,6;22,6;22,3;21,8;21,5;96;95;96;233;3;,1;
2011-03-21;00:00;-9999;943,8;943,8;943,1;-9999;22,5;21,9;22,5;22,3;21,9;21,6;97;96;97;256;1,6;,3;
2011-03-21;01:00;-9999;944,5;944,5;943,8;-9999;22,7;21,9;22,7;22,5;22,1;21,9;97;95;95;215;1,8;,7;
2011-03-21;02:00;-9999;944,6;944,6;944,5;-9999;22,9;21,4;22,9;22,6;21,9;21,4;95;91;91;169;3,2;1,2;
2011-03-21;03:00;-9999;944,6;944,7;944,5;-9999;22,3;20,8;22,9;22,3;21,3;20,8;92;89;91;154;3,5;,6;
2011-03-21;04:00;-9999;943,8;944,6;943,8;-9999;21,6;20,3;22,3;21,6;20,8;20,3;92;89;92;157;2,4;1,3;
2011-03-21;05:00;-9999;943,3;943,9;943,3;-9999;20,9;19,8;21,6;20,9;20,3;19,8;93;92;93;157;2,4;,2;
2011-03-21;06:00;-9999;942,5;943,3;942,5;-9999;20,5;19,7;20,9;20,5;19,8;19,7;95;93;95;151;3,1;1,5;
2011-03-21;07:00;-9999;942;942,5;942;-9999;20,3;19,5;20,8;20,3;19,8;19,5;95;93;95;143;3,7;1,3;
2011-03-21;08:00;-9999;942,1;942,1;941,9;-9999;20,1;19,2;20,6;20;19,7;19,2;96;93;94;124;3,9;1,4;
2011-03-21;09:00;-9999;942,4;942,4;942,1;-9999;19,8;19,1;20,4;19,8;19,5;19,1;96;94;96;172;3,6;,2;
2011-03-21;10:00;-9999;943;943;942,4;8,9;19,4;19;19,8;19,2;19,1;18,6;98;96;98;158;1,8;0;
2011-03-21;11:00;-9999;943,5;943,5;943;315,2;20,8;20,2;20,8;19,4;20,2;19;98;97;97;138;2,9;,5;
2011-03-21;12:00;-9999;944,1;944,2;943,5;1007,2;21,8;20,3;21,8;20,8;20,3;19,7;97;90;91;140;4,5;2,9;
2011-03-21;13:00;-9999;944,3;944,3;944,1;1376,9;23,5;20,5;23,6;21,8;21,2;20,2;91;83;83;91;5,1;2,9;
2011-03-21;14:00;-9999;944,3;944,3;944,2;1758,5;24,4;21;24,6;23,3;21,3;20;86;79;81;22;4,6;3,2;
2011-03-21;15:00;-9999;943,9;944,3;943,9;2696,3;25,5;20,8;25,9;24,4;21,7;20;82;71;75;27;5,9;3,2;
2011-03-21;16:00;-9999;943,2;943,9;943,2;2724;27;22,2;27;25,4;22,3;20,7;79;72;75;14;5,7;2,3;
2011-03-21;17:00;-9999;942;943,2;942;1672,1;26,5;22,1;27,4;26;22,1;20,3;78;69;77;297;5,3;1,8;
2011-03-21;18:00;-9999;941;942;941;2267,5;27,8;21,8;28,4;26,3;23,1;21,2;78;67;70;286;7,8;5,4;
2011-03-21;19:00;-9999;940,3;941;940,3;2320;27,6;21;28;26,7;21,9;20,3;72;66;67;280;8,3;5,2;
2011-03-21;20:00;-9999;940,1;940,4;940,1;1325,8;26,7;20,8;27,7;26,5;21,2;19,9;71;63;70;258;8,4;3,7;
2011-03-21;21:00;-9999;940,4;940,4;940;744;25,9;20,9;27,4;25,8;21,3;20,5;74;67;74;256;6,4;2,9;
2011-03-21;22:00;-9999;941;941;940,4;178,4;23,8;21,2;26,7;23,6;21,4;20,8;87;71;85;281;4,2;1,5;
2011-03-21;23:00;-9999;941,5;941,5;941;-9999;22,9;20,5;24,1;22,9;21,2;20,5;86;82;86;229;2,2;,6;
2011-03-22;00:00;-9999;942,3;942,3;941,5;-9999;22,3;20,6;22,9;22,2;20,6;20,2;90;86;90;205;2,2;,2;
2011-03-22;01:00;-9999;942,8;942,9;942,3;-9999;22,7;21;22,9;22,2;21,1;20,6;91;89;90;155;2,4;1;
2011-03-22;02:00;-9999;943,1;943,1;942,8;-9999;22,6;21,1;22,8;22,6;21,2;21;92;90;91;147;2,7;1,3;
2011-03-22;03:00;-9999;943,2;943,2;943,1;-9999;22,1;20,8;22,6;22,1;21,2;20,8;92;91;92;128;2,6;1;
2011-03-22;04:00;-9999;942,6;943,2;942,6;-9999;21,2;20,6;22,1;21,2;20,6;20,2;96;92;96;47;2,7;1,7;
2011-03-22;05:00;-9999;942;942,6;942;-9999;21,5;21,1;21,6;21,1;21,2;20,6;98;96;98;30;4,3;2,6;
2011-03-22;06:00;-9999;941,3;942;941,3;-9999;21,6;21,3;21,6;21,4;21,3;21,1;98;98;98;25;4,7;2,4;
2011-03-22;07:00;-9999;941,1;941,3;941,1;,8;21,2;20,8;21,6;21,2;21,2;20,8;98;98;98;46;4,8;2,3;
2011-03-22;08:00;-9999;941,1;941,1;940,9;-9999;21,1;20,8;21,2;21,1;20,9;20,7;98;98;98;54;4,5;2,4;
2011-03-22;09:00;-9999;941,5;941,6;941,1;-9999;21,3;20,9;21,3;21,1;21;20,8;98;98;98;28;4,4;3;
2011-03-22;10:00;-9999;941,9;942;941,5;5,5;21,3;20,9;21,3;21,2;21;20,9;98;98;98;39;6,9;4,1;
2011-03-22;11:00;-9999;942,6;942,6;941,9;218,6;21,8;21,4;21,8;21,2;21,4;20,8;98;98;98;43;7,3;5;
2011-03-22;12:00;-9999;943,2;943,3;942,6;1226,9;22,6;20,9;23;21,8;22;20,7;98;89;90;40;8,8;5,3;
2011-03-22;13:00;-9999;943,5;943,5;943,2;1690,4;24;21,6;24,2;22,6;21,9;20,9;91;85;87;42;8,4;6,1;
2011-03-22;14:00;-9999;943,7;943,8;943,5;1420;24,2;21,3;24,5;23,6;21,9;21,1;88;84;84;41;9,3;6,1;
2011-03-22;15:00;-9999;943,4;943,7;943,4;2549;25,2;21,5;26,3;24;22,3;21,4;87;76;80;35;9,2;6,7;
2011-03-22;16:00;-9999;942,7;943,4;942,7;2684,5;26,9;22,2;27,1;25,2;22,8;21,5;83;74;75;29;10,1;6;
2011-03-22;17:00;-9999;941,8;942,7;941,8;2870,2;27,1;21,4;27,5;26,6;22,5;21,4;76;70;71;31;10,3;7,1;
2011-03-22;18:00;-9999;940,6;941,8;940,6;2932,9;28;21,6;28;26,7;22,2;20,9;75;68;69;36;10,2;6,9;
2011-03-22;19:00;-9999;940,3;940,7;940,3;2165,1;28;21,8;28,5;26,9;22,3;20,9;73;66;69;23;10,1;6,6;
2011-03-22;20:00;-9999;940,4;940,4;940;629,2;22,8;20,3;28;22,8;21,6;20,2;86;67;86;18;16,3;8,6;
2011-03-22;21:00;-9999;941;941;940,3;458,7;21,4;21;22,7;20,9;21,2;20,4;98;86;97;16;17,5;4,4;
2011-03-22;22:00;-9999;941,8;941,8;941;43,4;21,5;20,8;21,6;21,4;21;20,6;97;94;96;12;7,2;3,9;
2011-03-22;23:00;-9999;942,2;942,2;941,8;-9999;21,5;21;21,5;21,5;21;20,8;97;96;97;6;5,7;2,2;
2011-03-23;00:00;-9999;942,5;942,5;942,2;-9999;21,6;20,9;21,7;21,5;21;20,8;97;95;96;28;4,4;1,9;
2011-03-23;01:00;-9999;943,9;943,9;942,5;-9999;21,6;21;21,6;21,6;21;20,9;96;96;96;34;3,1;1,8;
2011-03-23;02:00;-9999;944,7;944,7;943,9;-9999;21,6;21;21,6;21,6;21;20,9;96;96;96;38;3,3;2,3;
2011-03-23;03:00;-9999;944,8;944,8;944,6;-9999;21,5;21;21,6;21,5;21,1;21;97;96;97;42;3,7;2,2;
2011-03-23;04:00;-9999;944,7;944,8;944,7;-9999;21,6;21,1;21,6;21,5;21,1;21;97;97;97;46;4,8;3,1;
2011-03-23;05:00;-9999;944,3;944,7;944,3;-9999;21,4;20,9;21,6;21,4;21,1;20,9;97;96;97;55;5,8;3,3;
2011-03-23;06:00;-9999;943,9;944,4;943,9;-9999;21,2;20,6;21,5;21,2;20,9;20,6;97;96;96;58;5,3;2,4;
2011-03-23;07:00;-9999;943,7;943,9;943,7;-9999;20,9;20,3;21,2;20,9;20,6;20,3;96;96;96;63;3,8;2,4;
2011-03-23;08:00;-9999;943,8;943,8;943,6;-9999;20,6;20;20,9;20,6;20,3;20;97;96;97;47;3,9;2,2;
2011-03-23;09:00;-9999;944,1;944,1;943,8;-9999;20,6;19,8;20,8;20,5;20,1;19,8;97;95;95;48;5,4;3,2;
2011-03-23;10:00;-9999;944,6;944,6;944,1;7;20,5;19,8;20,6;20,4;19,8;19,8;96;95;96;55;4,7;2,9;
2011-03-23;11:00;-9999;944,8;944,9;944,6;311,8;21,4;20,1;21,4;20,4;20,2;19,8;96;92;93;87;6,7;3,9;
2011-03-23;12:00;-9999;945,9;945,9;944,8;641,7;22,6;20,5;22,6;21,4;20,7;20,1;93;87;88;65;5,9;3,2;
2011-03-23;13:00;-9999;946,4;946,4;945,9;1479,8;24,4;21,2;24,4;22,6;21,3;20,1;88;79;82;51;9,2;5,1;
2011-03-23;14:00;-9999;946,4;946,5;946,3;1965,7;24,7;20,6;25,2;24;21,5;20,3;82;77;78;43;9,2;5,5;
2011-03-23;15:00;-9999;946,3;946,5;946,3;1717,2;25,2;21,2;25,2;24,7;21,6;20,6;82;78;78;43;8,5;5,3;
2011-03-23;16:00;-9999;945,7;946,3;945,7;2361,9;26,4;21,7;26,4;25,2;22,2;20,8;79;74;76;49;9;4,8;
2011-03-23;17:00;-9999;944,9;945,7;944,9;2271,1;26,5;21,6;27;25,8;22,2;20,9;77;71;75;30;7,9;5,1;
2011-03-23;18:00;-9999;943,8;944,9;943,8;2290,2;27,1;21,6;27,4;26,4;22,2;21,1;76;70;72;29;7,9;3,8;
2011-03-23;19:00;-9999;943;943,8;943;1787;26,9;21,1;27,8;26,9;22,2;20,5;75;67;71;33;8,1;4,2;
2011-03-23;20:00;-9999;943,1;943,1;942,8;463,7;25,5;22,1;26,9;25,5;22,2;21,2;82;71;82;19;5,9;2,8;
2011-03-23;21:00;-9999;943,3;943,3;943,1;155,2;24,8;22,5;25,5;24,8;22,5;22,1;87;81;87;12;3,8;1,8;
2011-03-23;22:00;-9999;943,7;943,7;943,3;18,5;23,5;22,1;24,8;23,5;22,5;22,1;92;87;92;289;2,6;1,5;
2011-03-23;23:00;-9999;944,2;944,2;943,7;-9999;23,4;22,3;23,5;23,2;22,3;22,1;94;92;94;47;2,1;0;
2011-03-24;00:00;-9999;945,3;945,3;944,2;-9999;23;22,1;23,7;23;22,4;22;95;91;95;3;1,7;0;
2011-03-24;01:00;-9999;946,4;946,4;945,3;-9999;22,8;22;23,4;22,8;22,4;22;95;93;95;30;6,3;2,6;
2011-03-24;02:00;-9999;946,7;946,8;946,4;-9999;22,5;21,5;22,8;22,5;22;21,5;95;93;94;57;3,9;2,2;
2011-03-24;03:00;-9999;946,9;946,9;946,7;-9999;22,1;21,5;22,5;22,1;21,5;21,4;96;94;96;14;3,2;2,3;
2011-03-24;04:00;-9999;946,8;946,9;946,7;-9999;22,1;21,4;22,1;22;21,5;21,4;96;96;96;56;3,2;1,9;
2011-03-24;05:00;-9999;946,3;946,8;946,3;-9999;22;21,2;22,1;22;21,4;21,2;96;95;95;35;3,7;2,6;
2011-03-24;06:00;-9999;946;946,3;945,9;-9999;21,9;21,1;22;21,8;21,2;21,1;95;95;95;49;3,8;2,5;
2011-03-24;07:00;-9999;945,7;946;945,7;-9999;21,8;21,1;21,9;21,7;21,1;21;96;95;96;104;3,4;1,5;
2011-03-24;08:00;-9999;945,5;945,7;945,4;-9999;21,9;21;21,9;21,7;21,1;21;96;95;95;90;3,4;2,3;
2011-03-24;09:00;-9999;945,9;945,9;945,4;-9999;22,1;21;22,1;21,8;21,1;21;95;94;94;110;4,1;2;
2011-03-24;10:00;-9999;946,9;946,9;945,9;,4;21,9;21,1;22,1;21,9;21,1;21;95;94;95;91;4;2,6;
2011-03-24;11:00;-9999;947,9;947,9;946,9;60,5;22,3;21,3;22,3;21,9;21,3;21,1;95;94;94;75;4,5;2,6;
2011-03-24;12:00;-9999;948,9;948,9;947,9;402,4;23,1;21,6;23,1;22,3;21,7;21,3;94;91;91;12;4,2;,5;
2011-03-24;13:00;-9999;949,3;949,3;948,9;660,5;23,5;21,8;23,7;23,1;22,2;21,6;92;89;90;67;4;2,7;
2011-03-24;14:00;-9999;949,5;949,5;949,2;204,2;22,4;21,5;23,5;21,8;22;20,4;96;89;95;54;7,3;2,8;
2011-03-24;15:00;-9999;948,6;949,6;948,6;251,5;22,4;21,1;22,6;22,1;21,7;21;95;93;93;99;4,1;1,5;
2011-03-24;16:00;-9999;947,9;948,6;947,8;828;23,7;21,5;23,7;22,2;21,8;20,7;94;88;88;145;4,5;2;
2011-03-24;17:00;-9999;947;947,9;947;1133,5;23,5;22,1;23,9;23,2;22,8;21,6;94;88;91;94;4,7;3,2;
2011-03-24;18:00;-9999;945,6;947;945,6;679,7;23,3;22,1;23,5;23,2;22,3;21,8;94;91;93;65;4,9;3,7;
2011-03-24;19:00;-9999;945,7;945,7;945,5;461,1;23,1;22,1;23,4;23;22,3;22;95;92;95;13;5,3;3,8;
2011-03-24;20:00;-9999;945,3;945,7;945,2;557,5;23,1;21,6;23,2;23;22,3;21,2;95;89;91;55;5,3;2,6;
2011-03-24;21:00;-9999;945,2;945,3;945;251;22,7;20,9;23,1;22,7;21,4;20,9;91;89;90;73;3,7;2,6;
2011-03-24;22:00;-9999;945,3;945,4;945;48,9;22,2;21;22,7;22,2;21,4;20,9;93;90;93;91;3,7;2,2;
2011-03-24;23:00;-9999;945,9;945,9;945,3;-9999;21,3;20,4;22,2;21,3;21,1;20,4;95;93;95;50;3,2;1,5;
2011-03-25;00:00;-9999;946,4;946,5;945,9;-9999;21,8;20,6;22;21,3;20,8;20,4;95;92;93;143;4,2;2,3;
2011-03-25;01:00;-9999;946,8;946,8;946,4;-9999;21,3;20,5;21,8;21,2;20,7;20,5;96;93;95;107;4,4;2,5;
2011-03-25;02:00;-9999;947;947,1;946,8;-9999;20,9;20;21,4;20,8;20,5;19,9;95;94;94;66;4;2,6;
2011-03-25;03:00;-9999;946,3;947;946,3;-9999;20,9;20;21,1;20,9;20;20;95;94;95;67;5,8;3,7;
2011-03-25;04:00;-9999;945,6;946,3;945,6;-9999;20,5;19,8;20,9;20,4;20;19,6;96;95;96;101;4,8;1,5;
2011-03-25;05:00;-9999;945,3;945,6;945,3;-9999;20,8;19,8;20,9;20,5;20;19,7;96;94;94;122;3,5;1,9;
2011-03-25;06:00;-9999;944,8;945,3;944,8;-9999;20,9;19,9;20,9;20,6;20;19,8;95;94;94;59;4,1;2,8;
2011-03-25;07:00;-9999;944,7;944,9;944,7;-9999;20,9;19,9;20,9;20,8;19,9;19,8;94;94;94;49;4,2;3,1;
2011-03-25;08:00;-9999;945,1;945,1;944,7;-9999;20,5;19,7;20,9;20,5;19,9;19,7;96;94;95;128;4,1;1,4;
2011-03-25;09:00;-9999;945,3;945,3;945;-9999;20,1;19,4;20,5;20;19,7;19,4;97;95;96;71;3;2,3;
2011-03-25;10:00;-9999;945,8;945,8;945,3;9,9;20,4;19,6;20,4;20,1;19,6;19,3;96;95;95;103;3,5;1,9;
2011-03-25;11:00;-9999;946,4;946,4;945,8;469,4;22,8;20,8;22,8;20,4;20,8;19,6;95;88;89;77;4,2;3,1;
2011-03-25;12:00;-9999;947,1;947,1;946,4;1134,1;24,3;21,8;24,3;22,7;21,8;20,6;90;85;86;74;5,6;3,9;
2011-03-25;13:00;-9999;947,5;947,5;947,1;1510;25,1;21,4;25,3;24,3;22,2;21,2;87;79;80;52;7;4,8;
2011-03-25;14:00;-9999;947,4;947,6;947,4;2488;26,1;21,6;26,7;25,1;22,7;21,4;82;75;76;47;8,3;5,7;
2011-03-25;15:00;-9999;947;947,4;947;2542,3;26,5;22;27,2;25,7;23,3;21,9;82;76;76;29;8,2;5,7;
2011-03-25;16:00;-9999;946,1;947;946,1;3590,8;28,1;22,7;28,2;26,5;23,4;22;79;73;73;30;7,7;4,3;
2011-03-25;17:00;-9999;944,4;946,1;944,4;3178;28,3;22,5;28,8;27,9;23,9;22,4;77;67;71;28;7,7;3,8;
2011-03-25;18:00;-9999;943,4;944,5;943,4;3081,1;29,2;22,5;29,5;28;23,3;21,3;73;62;67;18;7,4;4,2;
2011-03-25;19:00;-9999;943,2;943,5;943,2;2580,2;29,3;20,6;29,8;29,2;23,3;20,1;69;58;59;15;6,4;2,9;
2011-03-25;20:00;-9999;943,9;944,3;943,2;480,6;22,6;20;29,3;22,5;23;18,4;85;60;85;21;14,3;8,4;
2011-03-25;21:00;-9999;944,9;945,1;943,9;43,2;21,8;21,2;22,9;21,7;21,3;20,2;96;85;96;206;14,3;1,8;
2011-03-25;22:00;-9999;944,2;944,9;944,2;2,7;21,5;21;21,8;21,4;21,1;20,9;97;96;97;170;3,5;1,2;
2011-03-25;23:00;-9999;944,8;944,8;944,2;-9999;21,4;20,9;21,9;21,4;21,2;20,8;97;95;97;228;2,8;,6;
2011-03-26;00:00;-9999;945,1;945,3;944,8;-9999;21,9;21,4;22;21,4;21,5;20,9;97;97;97;121;3,9;2,2;
2011-03-26;01:00;-9999;945,2;945,2;944,9;-9999;22,4;21,1;22,4;21,8;21,3;21,1;97;92;92;89;4,1;2,6;
2011-03-26;02:00;-9999;945;945,3;945;-9999;22;21,1;22,5;22;21,1;21;94;92;94;85;5;3;
2011-03-26;03:00;-9999;944,6;945;944,6;-9999;21,9;20,8;22,1;21,8;21,1;20,8;95;93;93;94;4,8;2,5;
2011-03-26;04:00;-9999;944,4;944,6;944,4;-9999;21,4;20,1;21,9;21,3;20,7;20,1;93;92;93;74;3,9;2,7;
2011-03-26;05:00;-9999;944,4;944,6;944,4;-9999;21,6;20,1;22,2;21,4;20,3;20,1;93;88;91;65;5;2,4;
2011-03-26;06:00;-9999;944,2;944,4;944,2;-9999;21,8;20,1;21,8;21,5;20,1;20;91;90;90;78;3,7;2,7;
2011-03-26;07:00;-9999;944;944,2;944;-9999;21,6;20,2;21,8;21,4;20,2;20,1;92;90;92;63;3,5;2,8;
2011-03-26;08:00;-9999;943,8;944;943,7;-9999;21,6;20,2;21,7;21,5;20,3;20,2;92;91;92;56;4,1;2,9;
2011-03-26;09:00;-9999;944,2;944,2;943,7;-9999;21,4;20,2;21,6;21,4;20,2;20,2;93;92;93;46;3,7;2,1;
2011-03-26;10:00;-9999;944,8;944,8;944,2;6,1;21,8;20,3;21,9;21,4;20,3;20,2;93;90;91;53;3,3;2,4;
2011-03-26;11:00;-9999;945,6;945,6;944,8;161;22,7;20,8;22,7;21,8;20,8;20,3;92;88;90;104;2,6;1,4;
2011-03-26;12:00;-9999;946,4;946,4;945,6;1202;27,3;21,9;27,3;22,7;22,7;20,9;90;72;72;72;2,9;1,4;
2011-03-26;13:00;-9999;946,7;946,7;946,3;1678,3;25,5;22,5;27,3;24,8;22,8;21,3;86;71;84;278;6,6;1,8;
2011-03-26;14:00;-9999;946,6;946,7;946,5;1332,6;26,3;22,2;26,7;25,3;23,2;21,5;86;73;78;70;4;1,6;
2011-03-26;15:00;-9999;946,3;946,6;946,2;1306,4;27,4;22,7;27,5;26,2;23,6;22,1;83;73;76;51;5,7;4;
2011-03-26;16:00;-9999;945,9;946,3;945,9;2288,1;27,8;22;28,4;27,4;23,4;21,8;77;70;71;12;6,3;3,6;
2011-03-26;17:00;-9999;944,7;945,9;944,7;3593,4;29,3;23,1;29,4;27,7;23,2;20,9;74;63;69;352;6,3;2,7;
2011-03-26;18:00;-9999;943,6;944,7;943,6;1690,6;28,6;22,1;29,4;28,4;23,2;20,6;70;62;68;321;5,2;2,6;
2011-03-26;19:00;-9999;943,5;943,8;943;1860,5;28,6;21,1;29,3;28,4;22,8;21,1;69;62;64;349;7,5;3;
2011-03-26;20:00;-9999;943,6;943,8;943,3;821,4;27,2;22;28,6;27,2;22,4;20,6;73;62;73;345;6,8;4,4;
2011-03-26;21:00;-9999;943,8;944,3;943,6;341,6;22,7;21,1;27,2;22,7;22,1;20;90;70;90;19;11,3;2,7;
2011-03-26;22:00;-9999;944,4;944,4;943,8;31,7;22,4;21,1;22,8;22,4;21,5;20,8;93;89;92;56;4,3;3,1;
2011-03-26;23:00;-9999;945,3;945,3;944,3;-9999;22,6;21,4;22,6;22,3;21,5;21;94;92;93;7;4,3;2,1;
2011-03-27;00:00;-9999;945,8;945,8;945,2;-9999;22,5;21,5;22,7;22,4;21,5;21,2;94;92;94;37;3,7;1,3;
2011-03-27;01:00;-9999;946,4;946,4;945,8;-9999;22,4;21;22,6;22,4;21,5;21;94;91;92;30;3,2;1,8;
2011-03-27;02:00;-9999;947,1;947,2;946,3;-9999;22,3;21,1;22,5;22,3;21,2;21;93;92;93;49;3,4;,8;
2011-03-27;03:00;-9999;947;947,1;946,9;-9999;21,8;20,9;22,3;21,8;21,2;20,9;95;93;95;30;3,9;2,6;
2011-03-27;04:00;-9999;946,5;947;946,5;-9999;21,4;20,9;21,8;21,4;20,9;20,8;97;95;97;28;4,3;2,4;
2011-03-27;05:00;-9999;946,2;946,5;946,1;-9999;21,1;20,7;21,4;21,1;20,9;20,7;98;97;98;36;5,9;2,9;
2011-03-27;06:00;-9999;945,1;946,2;945,1;-9999;21,1;20,8;21,1;20,9;20,8;20,6;98;98;98;354;3,5;0;
2011-03-27;07:00;-9999;944,9;945,1;944,6;-9999;21,2;20,5;21,2;21,1;20,8;20,5;98;96;96;74;0;0;
2011-03-27;08:00;-9999;945,1;945,1;944,8;-9999;21,2;20,4;21,3;21,1;20,6;20,4;96;95;95;105;3,3;2,4;
2011-03-27;09:00;-9999;946;946;945,1;-9999;21,2;20,5;21,3;21,1;20,5;20,4;96;95;96;73;3,3;1,9;
2011-03-27;10:00;-9999;946,8;946,8;946;7,3;21,3;20,3;21,3;21,2;20,5;20,2;96;94;94;100;3,7;1,9;
2011-03-27;11:00;-9999;947,2;947,3;946,8;196;22,2;21,2;22,2;21,3;21,2;20,3;95;93;94;78;2,9;1,2;
2011-03-27;12:00;-9999;947,8;947,9;947,2;642,5;23,6;21,4;23,6;22,2;21,6;21;94;87;88;78;3,9;2,8;
2011-03-27;13:00;-9999;947,9;948;947,8;1274,9;25,6;21,7;25,8;23,6;22;20,7;88;75;79;56;3,9;,7;
2011-03-27;14:00;-9999;947,4;947,9;947,4;1973,4;27,1;21,6;27,8;25,6;22,9;21,4;79;70;72;316;1,9;,3;
2011-03-27;15:00;-9999;946,7;947,4;946,7;2997,1;28,7;22,6;28,8;27,1;23,2;21,5;74;66;70;46;3,2;1,6;
2011-03-27;16:00;-9999;945,9;946,7;945,9;3220,7;29,3;21,4;29,8;28,2;22,7;21,2;69;61;63;36;3,3;,9;
2011-03-27;17:00;-9999;944,9;945,9;944,9;2263,3;28,8;22,7;30,5;28,7;23,6;21,2;71;61;70;281;6,7;3,8;
2011-03-27;18:00;-9999;944,3;944,9;944,1;1119,5;28,2;22,2;29,5;27,5;22,9;20,4;72;60;70;268;7,8;4,1;
2011-03-27;19:00;-9999;943,8;944,4;943,8;508,7;24,3;21,3;28,2;23,2;22,7;20,4;91;70;83;273;13,4;4;
2011-03-27;20:00;-9999;943,5;943,8;943;767,6;26,6;22,4;26,6;24,2;22,4;20,9;85;76;78;273;6,3;,9;
2011-03-27;21:00;-9999;943,5;943,5;943,1;878,9;29;21,5;29,2;26,2;23,3;21,3;81;63;64;347;2;0;
2011-03-27;22:00;-9999;943,9;943,9;943,4;215,7;24,7;21,3;29,4;24,7;21,9;21,1;82;63;81;136;5,7;2,6;
2011-03-27;23:00;-9999;944,4;944,4;943,9;-9999;24,3;21,5;24,7;24;21,8;21,2;87;81;84;120;4,6;1,1;
2011-03-28;00:00;-9999;945,6;945,6;944,4;-9999;23,6;21;24,4;23,6;21,9;21;89;84;85;117;5,1;1,9;
2011-03-28;01:00;-9999;946,5;946,5;945,6;-9999;22,9;20,8;23,6;22,6;21,4;20,8;92;85;88;85;3,2;1,9;
2011-03-28;02:00;-9999;946,7;946,9;946,5;-9999;23,4;20,8;23,5;22,9;21,1;20,7;88;85;85;123;4;1,3;
2011-03-28;03:00;-9999;946,1;946,7;946,1;-9999;22,8;21,1;23,6;22,8;21,1;20,7;90;85;90;115;3,4;1,9;
2011-03-28;04:00;-9999;946;946,1;945,9;-9999;22,7;20,9;23,2;22,7;21,4;20,9;92;89;90;87;3,7;1,6;
2011-03-28;05:00;-9999;945,8;946;945,7;-9999;22,1;20,7;22,8;22,1;21;20,7;92;89;92;82;4;,9;
2011-03-28;06:00;-9999;946;946,1;945,7;-9999;22,5;20,8;22,5;22,1;20,8;20,5;92;90;90;120;2;1;
2011-03-28;07:00;-9999;945,6;946;945,5;-9999;21,9;20,6;22,9;21,8;21;20,3;93;88;92;127;2,7;1,9;
2011-03-28;08:00;-9999;946;946;945,6;-9999;22;20,5;22,5;21,7;20,9;20,4;94;90;91;108;3,3;2,3;
2011-03-28;09:00;-9999;945,9;946;945,7;-9999;22,7;20,4;23,5;21,9;20,9;20,1;91;83;87;122;3,6;1,9;
2011-03-28;10:00;-9999;946,7;946,7;945,9;7,9;23,1;20,6;23,1;21,6;20,7;19,9;90;85;86;123;3,3;1,6;
2011-03-28;11:00;-9999;947,5;947,5;946,7;371,7;24,5;21,4;24,6;22,7;21,4;20,2;88;81;83;113;3;1,3;
2011-03-28;12:00;-9999;-9999;-9999;-9999;-9999;-9999;-9999;-9999;-9999;-9999;-9999;-9999;-9999;-9999;-9999;-9999;-9999;
2011-03-28;13:00;-9999;-9999;-9999;-9999;-9999;-9999;-9999;-9999;-9999;-9999;-9999;-9999;-9999;-9999;-9999;-9999;-9999;
2011-03-28;14:00;-9999;948,7;949;948,7;2686,1;29;22,6;29;27,6;22,8;21,1;74;64;68;99;3,5;,9;
2011-03-28;15:00;-9999;948,1;948,7;948,1;3345,4;29,7;21,1;30;28,6;23,2;20,8;71;59;60;20;4,7;2,1;
2011-03-28;16:00;-9999;947,5;948,1;947,5;1886,8;27,1;21;30,5;26,9;23,4;20,8;75;58;69;104;7,5;3,7;
2011-03-28;17:00;-9999;945,8;947,5;945,8;2426,8;29,2;22,8;29,3;26,9;23,7;20,4;73;66;68;60;5,1;3,2;
2011-03-28;18:00;-9999;945,3;945,8;945,3;2565;28,4;21,7;30,3;28,3;22,8;20,6;70;56;67;243;8;2,9;
2011-03-28;19:00;-9999;944,2;945,3;944,2;1552,1;26,9;22;28,5;26,6;22,8;21,2;76;66;75;259;8,3;2,9;
2011-03-28;20:00;-9999;944,1;944,2;943,7;765,1;26,9;21,8;27,8;26,8;22,6;21,1;77;69;73;235;4;,4;
2011-03-28;21:00;-9999;944,5;944,6;944;270,2;25,6;22,1;26,9;25,6;22,2;21,5;82;73;81;206;2,4;,5;
2011-03-28;22:00;-9999;945,1;945,1;944,5;55,1;24,4;21,4;25,6;24,4;22,3;21,4;84;81;83;203;2;0;
2011-03-28;23:00;-9999;945,9;945,9;945;-9999;24,6;20,8;24,6;23,9;21,5;20,6;86;79;80;164;1,4;,5;
2011-03-29;00:00;-9999;946,6;946,6;945,9;-9999;24,2;20,6;24,8;24,2;20,8;20,1;80;76;80;150;2,5;1,6;
2011-03-29;01:00;-9999;948,2;948,2;946,6;-9999;24,3;21,4;24,8;24;21,5;20,5;85;77;84;147;6,9;4,2;
2011-03-29;02:00;-9999;948,8;948,8;948;-9999;22,8;20,8;24,3;22,8;21,4;20,6;88;83;88;83;7,6;2,1;
2011-03-29;03:00;-9999;948,6;949;948,6;-9999;21,3;20,3;23,2;21,3;21,3;20,2;94;88;94;29;9;6,1;
2011-03-29;04:00;-9999;947,8;948,7;947,8;-9999;20,9;20,3;21,3;20,9;20,4;20,2;97;94;96;207;8,9;,1;
2011-03-29;05:00;-9999;947,3;947,8;947,2;-9999;21,1;20,5;21,1;20,9;20,5;20,3;97;96;96;169;4,9;,7;
2011-03-29;06:00;-9999;947,1;947,3;947;-9999;21,2;20,3;21,6;21,1;20,7;20,2;96;94;95;171;2,7;,1;
2011-03-29;07:00;-9999;946,7;947,2;946,7;-9999;21,5;20,6;21,5;21;20,7;20,3;96;95;95;141;3,2;1,9;
2011-03-29;08:00;-9999;946,4;946,7;946,4;-9999;21,4;20,4;21,6;21,4;20,7;20,3;95;93;94;118;5;1,9;
2011-03-29;09:00;-9999;946,7;946,7;946,4;-9999;21,3;20,1;21,4;20,8;20,4;20,1;96;93;93;106;3,7;1,8;
2011-03-29;10:00;-9999;946,8;947;946,7;7;21,6;20;21,9;21,3;20,2;19,8;93;89;90;98;4,7;2,3;
2011-03-29;11:00;-9999;947,3;947,3;946,7;475,3;23,7;21;23,7;21,6;21;19,9;90;84;85;80;5,3;3,3;
2011-03-29;12:00;-9999;948,3;948,3;947,3;1410,1;26,1;21,4;26,1;23,7;21,6;20,6;85;74;75;60;5;3,1;
2011-03-29;13:00;-9999;948,9;948,9;948,3;2116,8;26,5;21,3;26,9;25,8;22;20,6;78;69;73;23;5,1;3,6;
2011-03-29;14:00;-9999;948,6;948,9;948,5;3042,8;28,6;21,5;28,7;26,4;22,4;20,5;78;63;65;12;5,5;3,4;
2011-03-29;15:00;-9999;948,2;948,6;948,2;3276,4;29,1;22,1;29,3;28,2;22,5;20,6;68;62;66;32;7;4,1;
2011-03-29;16:00;-9999;946,9;948,2;946,9;3584;29,4;21,7;29,8;28,8;22,5;21,1;67;61;63;32;7,1;3,2;
2011-03-29;17:00;-9999;945,8;946,9;945,8;2988,1;29,8;21,6;30,3;28,7;23;21;68;60;61;27;6,4;3,5;
2011-03-29;18:00;-9999;-9999;-9999;-9999;-9999;-9999;-9999;-9999;-9999;-9999;-9999;-9999;-9999;-9999;-9999;-9999;-9999;
2011-03-29;19:00;-9999;-9999;-9999;-9999;-9999;-9999;-9999;-9999;-9999;-9999;-9999;-9999;-9999;-9999;-9999;-9999;-9999;
2011-03-29;20:00;-9999;-9999;-9999;-9999;-9999;-9999;-9999;-9999;-9999;-9999;-9999;-9999;-9999;-9999;-9999;-9999;-9999;
2011-03-29;21:00;-9999;945,2;945,3;944,8;388,2;25,8;21,6;26,4;25,7;22,3;21,5;80;75;78;152;4,7;2,6;
2011-03-29;22:00;-9999;945,2;945,2;944,9;79,6;24,9;21,7;25,8;24,9;21,9;21,4;83;77;82;141;4,2;1,8;
2011-03-29;23:00;-9999;945,9;946;945,2;-9999;23,6;21,7;24,9;23,6;21,7;21,1;89;81;89;83;3,6;1;
2011-03-30;00:00;-9999;946,6;946,6;945,9;-9999;23,2;21,6;23,8;23,2;21,7;21,2;91;86;91;30;2,9;1,7;
2011-03-30;01:00;-9999;947,9;947,9;946,6;-9999;23,3;22;23,4;23,2;22;21,6;93;90;93;11;2,8;1;
2011-03-30;02:00;-9999;948,1;948,2;947,9;-9999;22,8;21,6;23,3;22,6;22;21,6;95;92;93;286;1,9;0;
2011-03-30;03:00;-9999;947,9;948,4;947,9;-9999;22,5;21,9;22,8;22,4;21,9;21,5;96;93;96;275;3,5;,5;
2011-03-30;04:00;-9999;947,5;947,9;947,5;-9999;22;21,4;22,6;21,9;21,9;21,2;97;96;96;109;1;,1;
2011-03-30;05:00;-9999;947,4;947,6;947,4;-9999;22,1;21,5;22,3;21,9;21,7;21,3;97;96;96;125;2;,6;
2011-03-30;06:00;-9999;947;947,4;947;-9999;22,2;21,6;22,4;22,1;21,8;21,5;97;96;96;158;1,8;,4;
2011-03-30;07:00;-9999;946,7;947;946,7;-9999;22,6;22;22,6;22;22;21,4;97;96;96;136;1,4;,4;
2011-03-30;08:00;-9999;946,2;946,7;946,2;-9999;22,2;21,5;22,7;22,2;21,9;21,5;96;94;96;150;2,1;1,5;
2011-03-30;09:00;-9999;946,7;946,7;946,2;-9999;21,7;21,2;22,3;21,7;21,6;21,1;97;96;97;104;2,1;0;
2011-03-30;10:00;-9999;947,2;947,2;946,7;15,7;21,4;20,9;21,8;21,1;21,3;20,6;97;97;97;39;2,1;,1;
2011-03-30;11:00;-9999;948,2;948,2;947,2;504,8;23,7;22,4;23,7;21,2;22,4;20,8;97;92;92;254;1,5;,7;
2011-03-30;12:00;-9999;948,8;948,8;948,2;1457,5;25,3;22,4;25,5;23,7;22,9;21,4;92;81;84;298;4,5;3,3;
2011-03-30;13:00;-9999;949,4;949,5;948,8;1470,6;25;22,5;25,3;24,4;23;22,1;89;84;86;271;5,9;4,1;
2011-03-30;14:00;-9999;949,1;949,5;949,1;2291,5;26,3;23;26,5;25;23,3;21,7;88;79;82;309;5,9;2,5;
2011-03-30;15:00;-9999;948,3;949,1;948,3;2293,2;26,2;22,4;26,6;25,6;23,4;21,9;85;78;79;278;6,7;2,6;
2011-03-30;16:00;-9999;947,1;948,3;947,1;2735,1;27,6;21,9;28,1;26,2;23,1;21,7;81;70;71;281;5,3;2,4;
2011-03-30;17:00;-9999;-9999;-9999;-9999;-9999;-9999;-9999;-9999;-9999;-9999;-9999;-9999;-9999;-9999;-9999;-9999;-9999;
2011-03-30;18:00;-9999;-9999;-9999;-9999;-9999;-9999;-9999;-9999;-9999;-9999;-9999;-9999;-9999;-9999;-9999;-9999;-9999;
2011-03-30;19:00;-9999;-9999;-9999;-9999;-9999;-9999;-9999;-9999;-9999;-9999;-9999;-9999;-9999;-9999;-9999;-9999;-9999;
2011-03-30;20:00;-9999;945;945,2;944,7;245,6;22,6;20,7;25,4;22,4;21,9;20,5;92;77;89;293;7,8;3,1;
2011-03-30;21:00;-9999;944,7;945;944,7;185;23,3;21,5;23,3;22,6;21,5;20,5;90;87;90;202;5,2;,8;
2011-03-30;22:00;-9999;945,1;945,2;944,7;32;23,1;21,8;23,6;23,1;22;21,5;92;90;92;208;3,2;1,5;
2011-03-30;23:00;-9999;945,5;945,5;945,1;-9999;23;21,8;23,1;23;21,9;21,7;93;92;93;190;2,2;,9;
2011-03-31;00:00;-9999;946,4;946,4;945,5;-9999;22,7;21,6;23;22,6;21,8;21,4;94;93;94;190;1,4;0;
2011-03-31;01:00;-9999;947,2;947,2;946,4;-9999;22,8;21,7;23,1;22,6;21,9;21,6;94;93;94;177;0;0;
2011-03-31;02:00;-9999;947,6;947,6;947,2;-9999;22,7;21,7;23;22,7;22;21,7;94;93;94;166;1,9;1,1;
2011-03-31;03:00;-9999;947,1;947,6;947,1;-9999;22,4;21,5;22,8;22,4;21,8;21,5;95;93;95;179;2,2;,6;
2011-03-31;04:00;-9999;946,3;947,1;946,3;-9999;22,5;21,6;22,5;22,1;21,7;21,4;96;94;94;162;2,1;1,3;
2011-03-31;05:00;-9999;945,6;946,3;945,6;-9999;21,9;20,9;22,6;21,9;21,5;20,9;95;93;94;191;2,5;,5;
2011-03-31;06:00;-9999;945,1;945,6;945,1;-9999;21,7;21;22;21,7;21,1;20,8;95;94;95;160;2,5;,9;
2011-03-31;07:00;-9999;945,2;945,2;945;-9999;21,4;20,2;22;21,4;21,1;20,2;95;91;93;111;3,6;1,6;
2011-03-31;08:00;-9999;945,1;945,2;945,1;-9999;20,5;19,8;21,4;20,5;20,2;19,8;96;93;96;50;3,2;1,6;
2011-03-31;09:00;-9999;945,4;945,4;945,1;-9999;20,8;20,1;20,8;20,5;20,1;19,8;96;96;96;50;3,2;2,8;
2011-03-31;10:00;-9999;946,4;946,4;945,4;3,9;21,6;20,7;21,6;20,8;20,8;20,1;96;95;95;98;3,2;1,1;
2011-03-31;11:00;-9999;946,9;946,9;946,4;203,9;22,6;21,4;22,6;21,6;21,5;20,6;95;93;93;149;2,1;,2;
2011-03-31;12:00;-9999;947,2;947,3;946,9;754,7;23,9;21,9;23,9;22,6;21,9;21,2;93;88;88;168;3,2;1,1;
2011-03-31;13:00;-9999;947,6;947,6;947,2;1938,4;26;21,2;26,1;23,9;22,6;21,2;88;74;75;150;4,9;3;
2011-03-31;14:00;-9999;947,5;947,6;947,5;2790,4;27,7;20,5;28;25,8;21,6;19,7;76;64;65;103;7;3,3;
2011-03-31;15:00;-9999;946,9;947,5;946,9;3296;29,4;19,9;29,4;27,7;22,1;19,5;67;56;57;34;5,5;1,2;
2011-03-31;16:00;-9999;945,5;946,9;945,5;3227,2;30;21;30,2;29;21,5;19,5;62;55;59;80;3,6;1,8;
2011-03-31;17:00;-9999;944;945,5;944;2573,1;28,8;22,2;30,7;28,8;22,2;20,1;68;54;67;303;4,8;1,6;
2011-03-31;18:00;-9999;943,7;944;943,6;1682,4;28,1;22,2;30,5;27,7;23,1;20,8;72;57;70;295;5,8;3,5;
2011-03-31;19:00;-9999;943;943,9;943;515,6;25,5;21,7;28,1;25,1;22,8;20,9;81;70;80;239;8,5;1,7;
2011-03-31;20:00;-9999;943,4;943,4;943;325,7;25,2;22,1;25,5;24,9;22,3;21,6;85;79;83;211;4,5;,7;
2011-03-31;21:00;-9999;943,8;943,9;943,1;254,3;25,5;21,7;25,6;25,1;22,3;21,7;84;80;80;137;3,2;1,9;
2011-03-31;22:00;-9999;944,1;944,1;943,7;38,2;24,1;21,9;25,6;24,1;22,1;21,7;87;79;87;65;4,5;1,7;
2011-03-31;23:00;-9999;945;945;944;-9999;24,1;21,5;25;23,9;22;21,1;89;80;85;62;3,3;0;
2011-04-01;00:00;-9999;945,7;945,7;945;-9999;24,2;22;24,2;23,5;22,1;21,5;90;85;88;123;2;1,4;
2011-04-01;01:00;-9999;946,5;946,5;945,7;-9999;23,6;22,1;24,4;23,5;22,1;21,5;91;84;91;41;3,2;1,6;
2011-04-01;02:00;-9999;946,9;947,1;946,5;-9999;24;22,3;24,3;23,6;22,4;22;92;88;90;81;2,7;2;
2011-04-01;03:00;-9999;946,3;946,9;946,3;-9999;23,2;22;23,9;23,2;22,3;22;93;90;93;44;3,8;2,4;
2011-04-01;04:00;-9999;945,7;946,3;945,7;-9999;23,7;22;23,7;23,1;22,1;21,9;94;90;90;137;3,4;,5;
2011-04-01;05:00;-9999;945,1;945,7;945,1;-9999;23;22;23,7;23;22;21,9;94;90;94;118;1,4;,3;
2011-04-01;06:00;-9999;944,6;945,2;944,6;-9999;22,6;21,9;23;22,6;22;21,7;96;94;96;293;1,9;,3;
2011-04-01;07:00;-9999;944,7;944,9;944,6;-9999;22,5;22;22,6;22,4;22;21,8;97;96;97;169;2,8;,4;
2011-04-01;08:00;-9999;945,1;945,1;944,7;-9999;22,4;21,9;22,6;22,3;22;21,8;97;97;97;321;1,1;0;
2011-04-01;09:00;-9999;945,5;945,5;945;-9999;22,3;21,8;22,4;22,2;21,9;21,7;97;97;97;357;2,1;0;
2011-04-01;10:00;-9999;946;946;945,5;17,2;22,2;21,8;22,5;22;22,1;21,5;97;97;97;307;1,9;1,4;
2011-04-01;11:00;-9999;946,8;946,8;946;265;23;22;23;22,2;22,3;21,8;97;94;94;304;2,4;1,4;
2011-04-01;12:00;-9999;947,6;947,6;946,9;925,6;25,1;22,2;25,1;23;22,6;21,8;94;84;84;13;2,4;,5;
2011-04-01;13:00;-9999;947,4;947,6;947,4;2057,5;26,5;22,6;26,7;25,1;22,7;21,7;84;75;79;151;2,5;1;
2011-04-01;14:00;-9999;947,2;947,4;947,1;2135,5;27,7;22,8;27,9;26;23,1;21,9;80;74;75;2;2,5;1;
2011-04-01;15:00;-9999;946,8;947,2;946,8;3136,6;29;22,2;29,5;27,3;23,7;22;76;67;67;317;3,7;,9;
2011-04-01;16:00;-9999;945,5;946,8;945,4;1622,3;26,6;23,8;30,2;26,4;24;21,8;86;63;85;29;4,1;2,8;
2011-04-01;17:00;-9999;945,2;945,7;944,9;461,5;23,9;21,9;26,6;23,6;23,6;19,7;89;77;88;268;6,7;,9;
2011-04-01;18:00;-9999;944,7;945,3;944,7;91,1;23,1;21,5;23,9;22,5;21,7;21,1;94;88;91;163;5,1;1,8;
2011-04-01;19:00;-9999;944;944,8;944;43,6;22,7;21,7;23,1;22,7;21,8;21,4;94;91;94;288;3,4;1,7;
2011-04-01;20:00;-9999;943,7;944;943,5;69,9;22,9;21,9;23,1;22,6;22,1;21,7;95;93;94;270;2,5;,5;
2011-04-01;21:00;-9999;943,8;944,1;943,6;61,9;23,7;21,6;23,7;22,9;22,1;21,4;95;87;88;150;2,7;,8;
2011-04-01;22:00;-9999;943,8;943,8;943,4;9,4;23,2;21,9;23,9;22,9;22;21,5;94;87;92;30;4,5;1,9;
2011-04-01;23:00;-9999;945;945,1;943,7;-9999;22,5;21,6;23,2;22,5;22;21,5;95;92;94;94;5,3;1,4;
2011-04-02;00:00;-9999;945,5;945,5;944,9;-9999;23,1;21,7;23,7;22,5;22,2;21,6;95;90;92;152;2,8;1,4;
2011-04-02;01:00;-9999;946,1;946,1;945,5;-9999;22,8;21,9;23,4;22,8;22;21,7;95;91;95;29;4,5;2;
2011-04-02;02:00;-9999;945,9;946,1;945,8;-9999;22,9;21,9;23,2;22,8;22,1;21,7;95;92;94;29;2,8;1,6;
2011-04-02;03:00;-9999;946,2;946,2;945,9;-9999;22,7;21,7;23,1;22,7;22;21,7;95;93;94;50;2,5;1,6;
2011-04-02;04:00;-9999;946,2;946,6;946,1;-9999;22,4;21,7;22,8;22,4;21,9;21,7;96;94;96;17;9,4;6;
2011-04-02;05:00;-9999;945,8;946,2;945,8;-9999;22;21,2;22,4;22;21,8;21,2;96;95;95;33;9,5;4,5;
2011-04-02;06:00;-9999;945;945,8;945;-9999;21,8;20,8;22;21,8;21,2;20,8;96;94;94;45;7,3;4,3;
2011-04-02;07:00;-9999;944,4;945;944,4;-9999;21,3;20,3;21,8;21,2;20,8;20,3;95;94;94;49;6,2;4,4;
2011-04-02;08:00;-9999;944,6;944,6;944,4;-9999;21;19,9;21,3;21;20,3;19,9;95;94;94;57;6,2;3,4;
2011-04-02;09:00;-9999;945,2;945,2;944,6;-9999;20,9;19,8;21;20,7;19,9;19,6;94;93;93;35;4,6;2,7;
2011-04-02;10:00;-9999;945,4;945,4;945,1;3,8;20,8;19,7;21;20,7;19,8;19,7;94;93;93;26;4;2,8;
2011-04-02;11:00;-9999;945,6;945,6;945,4;334,6;21,8;20,4;21,8;20,7;20,5;19,6;94;92;92;29;5,2;3,9;
2011-04-02;12:00;-9999;946,3;946,3;945,6;716,1;23,4;20,7;23,4;21,8;20,9;20,3;92;85;85;80;5,2;,6;
2011-04-02;13:00;-9999;947;947;946,3;1708,2;25;20,9;25,5;23,4;21,4;19,6;85;75;78;345;5,1;3,4;
2011-04-02;14:00;-9999;947;947,4;947;1172,3;25,6;21,9;25,6;25;21,9;20,4;81;75;80;33;5,7;2,1;
2011-04-02;15:00;-9999;946,4;947;946,4;2394,4;26;20,8;26,9;25,5;22;20,6;80;71;73;41;6,1;3,1;
2011-04-02;16:00;-9999;945,5;946,4;945,5;3077,8;27,1;21,5;28,2;26;22,2;20,7;77;63;71;26;5,8;4,3;
2011-04-02;17:00;-9999;944,3;945,5;944,3;2786;28,1;21,1;28,6;27,1;22,3;19,2;72;57;66;31;7,3;4,3;
2011-04-02;18:00;-9999;942,9;944,3;942,9;1814,5;27,3;22,2;28,7;27;22,2;18,1;75;55;74;21;6,8;3,9;
2011-04-02;19:00;-9999;942,6;942,9;942,5;1287,6;26,5;20,9;27,3;26,5;21,9;20,2;74;67;71;346;6,5;3;
2011-04-02;20:00;-9999;942,5;942,7;942,5;616,3;26,2;21,4;26,7;26,2;22,1;20,9;77;71;75;27;4,6;1,8;
2011-04-02;21:00;-9999;942,8;942,9;942,4;151,4;25,2;21,8;26,3;25,2;22,1;21,6;82;75;82;205;2,6;,9;
2011-04-02;22:00;-9999;943,6;943,6;942,7;6,1;23;22,4;25,2;22,3;22,5;21,3;96;81;96;221;8,7;,5;
2011-04-02;23:00;-9999;943,9;943,9;943,5;,1;22,3;21,6;23,1;22,2;22,5;21,5;97;96;96;179;4,9;1,1;
2011-04-03;00:00;-9999;945,4;945,4;943,9;-9999;21,8;21,3;22,3;21,8;21,6;21,2;97;96;97;186;3,6;1,5;
2011-04-03;01:00;-9999;945,6;945,6;945,4;-9999;21,7;21,2;21,9;21,7;21,4;21,2;97;97;97;175;3,2;1,1;
2011-04-03;02:00;-9999;946;946;945,6;-9999;21,9;21,3;21,9;21,7;21,4;21,2;97;96;96;143;4,4;1,8;
2011-04-03;03:00;-9999;945,5;946;945,5;-9999;21,8;21,1;22;21,7;21,3;21;96;95;96;104;3,1;1,7;
2011-04-03;04:00;-9999;945,1;945,6;945,1;,1;21,1;19,9;21,9;21,1;21,2;19,9;96;93;93;71;6;4;
2011-04-03;05:00;-9999;944,2;945,1;944,2;-9999;20,8;19,8;21,1;20,8;19,9;19,7;94;93;94;63;5,9;2;
2011-04-03;06:00;-9999;943,8;944,2;943,8;,6;20,9;19,9;21;20,7;20;19,8;95;94;94;22;3,1;2,2;
2011-04-03;07:00;-9999;943,1;943,8;943,1;-9999;20,8;20,3;20,9;20,8;20,3;19,9;97;94;97;35;3,7;3;
2011-04-03;08:00;-9999;943;943,1;942,9;-9999;20,8;20,2;20,9;20,8;20,3;20,2;97;96;96;35;4,4;2,8;
2011-04-03;09:00;-9999;943,2;943,3;942,9;-9999;20,8;20,3;20,8;20,7;20,3;20,1;97;96;97;24;4,9;3,4;
2011-04-03;10:00;-9999;943,4;943,5;943,2;7,5;20,9;20,4;20,9;20,7;20,4;20,3;97;97;97;33;5,6;4,3;
2011-04-03;11:00;-9999;944;944;943,4;202,1;21,2;20,7;21,2;20,8;20,7;20,4;97;97;97;32;6,5;4,2;
2011-04-03;12:00;-9999;944,4;944,4;944;762;22,2;21,2;22,2;21,2;21,2;20,6;97;93;94;24;6,5;4,2;
2011-04-03;13:00;-9999;944,9;944,9;944,4;1730,4;24,1;22,2;24,1;22,1;22,2;20,9;95;88;89;19;7;4,1;
2011-04-03;14:00;-9999;945,2;945,2;944,9;2315,7;24,8;21,8;25,2;23,9;22,2;21,5;89;81;83;15;7;3,3;
2011-04-03;15:00;-9999;944,8;945,2;944,8;2349,6;25,4;22,1;25,6;24,8;22,5;21,2;85;78;82;23;6,9;2,6;
2011-04-03;16:00;-9999;944,4;944,8;944,4;1962;26;21,7;26,7;25,4;23;21,3;82;75;77;31;6,6;4,4;
2011-04-03;17:00;-9999;943,4;944,4;943,4;2087,8;26,1;22,1;27,5;25,9;22,6;21,3;79;72;79;18;6,6;4,1;
2011-04-03;18:00;-9999;942,1;943,4;942,1;1268,9;25,7;22,4;27,2;25,6;22,8;21,2;82;75;82;317;5,9;3,4;
2011-04-03;19:00;-9999;941,8;942,1;941,7;901;24,7;22,1;25,9;24,7;23,3;21,9;89;79;85;357;5,6;3,3;
2011-04-03;20:00;-9999;942,1;942,3;941,8;512,6;22;21,1;24,6;21,9;22,3;20,9;96;86;94;43;9,8;6,5;
2011-04-03;21:00;-9999;941,8;942,2;941,8;371,4;22,4;21,2;22,4;21,7;21,4;20,8;96;93;93;29;9,8;4,2;
2011-04-03;22:00;-9999;941,9;941,9;941,7;93,6;21,5;20,6;22,4;21,5;21,2;20,5;94;92;94;43;6,1;3,3;
2011-04-03;23:00;-9999;942,7;942,7;941,9;-9999;21,3;20,6;21,5;21,3;20,7;20,6;96;94;96;50;5,3;3,3;
2011-04-04;00:00;-9999;943,6;943,6;942,7;-9999;21,3;20,6;21,4;21,3;20,6;20,5;96;95;96;21;4,7;3,3;
2011-04-04;01:00;-9999;944,1;944,2;943,6;-9999;21,5;20,7;21,5;21,2;20,8;20,5;96;95;95;28;4,6;2,5;
2011-04-04;02:00;-9999;944,1;944,1;943,9;-9999;21,1;20,1;21,5;21,1;20,7;20;95;93;94;20;3,7;2,7;
2011-04-04;03:00;-9999;944,2;944,2;944,1;-9999;20,9;20;21,2;20,9;20,1;19,9;95;93;94;44;3,5;2,9;
2011-04-04;04:00;-9999;944,1;944,3;944,1;-9999;20,7;19,8;20,9;20,7;20;19,8;95;94;95;41;3,5;2,3;
2011-04-04;05:00;-9999;943,7;944,1;943,6;-9999;20,8;19,9;20,8;20,6;19,9;19,7;95;94;94;41;3,3;2,6;
2011-04-04;06:00;-9999;943,3;943,7;943,2;-9999;20,8;20;20,8;20,7;20;19,8;95;94;95;23;3,3;2,3;
2011-04-04;07:00;-9999;943,4;943,4;943,1;-9999;21,2;20,2;21,2;20,9;20,2;20;95;94;94;32;3,4;2,3;
2011-04-04;08:00;-9999;943,2;943,4;943,2;-9999;21;20,2;21,2;21;20,2;20,1;95;94;95;25;3,3;2,4;
2011-04-04;09:00;-9999;943,5;943,5;943,2;-9999;20,9;20,2;21,1;20,9;20,3;20,1;96;94;96;31;3,3;2,6;
2011-04-04;10:00;-9999;944;944;943,5;6,1;20,9;20,2;21;20,8;20,3;20,1;96;96;96;36;4,1;2,5;
2011-04-04;11:00;-9999;944,9;944,9;944;258,6;21,7;20,9;21,7;20,8;20,9;20,1;96;95;95;35;4,4;3;
2011-04-04;12:00;-9999;946,1;946,1;944,9;522,3;22,5;21,5;22,5;21,7;21,7;20,9;96;94;94;37;5,1;3,8;
2011-04-04;13:00;-9999;946,3;946,4;946,1;1389,4;24;21,9;24,1;22,5;22,3;21,6;95;88;88;21;5,6;4,1;
2011-04-04;14:00;-9999;946,1;946,4;946,1;1620,9;24,6;22,1;25;23,8;22,5;21,7;90;84;86;343;7,1;3,3;
2011-04-04;15:00;-9999;945,6;946,1;945,6;2448,9;26,1;22,1;26,4;24,6;23,1;21,4;87;77;79;317;7,6;4,5;
2011-04-04;16:00;-9999;944,1;945,6;944;3061,9;27,4;23,1;27,4;25,3;23,2;22;84;76;78;317;8;4,8;
2011-04-04;17:00;-9999;943,1;944,1;943,1;2598,2;26,6;22,5;28;26,5;23;21;79;70;78;289;7,8;4,6;
2011-04-04;18:00;-9999;942,5;943,1;942,5;1837,6;28;23,2;28;26,6;23,5;22;79;73;76;286;7,5;4,1;
2011-04-04;19:00;-9999;941,9;942,5;941,9;1402,3;26,5;22,1;28,1;26,5;23;21,8;79;72;76;288;7,7;3,9;
2011-04-04;20:00;-9999;941,8;941,9;941,7;1074,9;26,8;22,5;26,8;26,3;22,5;21,8;79;75;77;280;6,1;3,5;
2011-04-04;21:00;-9999;942,3;942,3;941,8;414,7;24,9;22,4;26,9;24,8;22,5;21,7;86;75;86;283;5,3;1,9;
2011-04-04;22:00;-9999;942,7;942,7;942,3;117,2;23,9;22;25,5;23,9;22,7;22;89;84;89;284;3,1;,9;
2011-04-04;23:00;-9999;943,5;943,5;942,7;-9999;23,4;21,4;24;23,3;22;21,4;92;87;89;269;1,9;1,6;
2011-04-05;00:00;-9999;944,4;944,4;943,5;-9999;23,5;22;23,6;23,3;22;21,5;92;88;91;162;1,9;,6;
2011-04-05;01:00;-9999;945;945;944,4;-9999;22,6;21,8;23,5;22,6;22,2;21,6;95;91;95;6;1,7;1,1;
2011-04-05;02:00;-9999;945,2;945,2;945;-9999;22,7;21,9;22,8;22,4;22;21,7;96;95;95;329;1,9;0;
2011-04-05;03:00;-9999;945,2;945,4;945,1;-9999;22,4;21,8;22,7;22,4;22;21,7;96;95;96;18;1,5;,3;
2011-04-05;04:00;-9999;945,1;945,4;945,1;-9999;22,4;21,9;22,5;22,2;21,9;21,7;97;96;97;191;1,5;0;
2011-04-05;05:00;-9999;944,7;945,1;944,6;-9999;22,8;22,1;22,8;22,4;22,1;21,9;97;96;96;115;0;0;
2011-04-05;06:00;-9999;944,5;944,7;944,4;-9999;22,9;22;22,9;22,8;22,2;22;96;95;95;135;0;0;
2011-04-05;07:00;-9999;944,4;944,5;944,3;-9999;22,7;21,8;22,9;22,7;22;21,8;96;94;95;95;0;0;
2011-04-05;08:00;-9999;944,6;944,6;944,4;-9999;22,6;21,9;22,7;22,5;22;21,8;96;95;96;29;2,6;1,6;
2011-04-05;09:00;-9999;944,8;944,9;944,5;-9999;22,1;21,4;22,6;22,1;21,9;21,3;96;96;96;59;3,3;2,4;
2011-04-05;10:00;-9999;945,5;945,6;944,8;4,2;22,1;21,7;22,1;21,8;21,7;21,3;97;96;97;109;3,3;,2;
2011-04-05;11:00;-9999;946,1;946,1;945,5;208,3;22,8;22;22,8;22;22;21,6;97;95;95;94;2;,3;
2011-04-05;12:00;-9999;946,9;946,9;946,1;875,3;23,9;22,7;23,9;22,8;22,8;22;95;92;93;35;3,7;2,4;
2011-04-05;13:00;-9999;947,2;947,3;946,9;2104,3;25,9;22,1;25,9;23,7;23,2;22;93;80;80;20;3,9;2,1;
2011-04-05;14:00;-9999;947;947,3;947;2442,5;24,5;22,1;26,8;24,5;23,1;21,6;88;76;86;316;6,9;4,5;
2011-04-05;15:00;-9999;946,4;947,1;946,4;2077,3;25,6;22,3;26,1;24,2;23,2;21,9;90;80;82;273;6,9;3,5;
2011-04-05;16:00;-9999;945,7;946,4;945,6;2853,5;26,9;22,5;27,1;25,3;23,2;21,5;84;73;77;281;5,6;3,2;
2011-04-05;17:00;-9999;945;945,7;945;2378,4;27,3;21,1;28,1;26,9;23,2;21,1;78;69;69;289;5,6;2,4;
2011-04-05;18:00;-9999;944,5;945,1;944,5;692,4;25,6;22,8;27,3;25,6;22,8;21,4;84;69;84;259;4,9;3,1;
2011-04-05;19:00;-9999;944,6;944,7;944,3;197,6;24,6;22,5;25,6;24,5;23;22,5;88;84;88;239;4,9;1;
2011-04-05;20:00;-9999;943,5;944,6;943,2;168,1;24;22,3;24,6;24;22,5;21,9;90;87;90;253;4,3;,8;
2011-04-05;21:00;-9999;943,9;943,9;943,3;141,5;23,7;22,5;24,1;23,7;22,5;22,3;93;90;93;195;3,3;,8;
2011-04-05;22:00;-9999;943,9;944,2;943,5;25,5;23,4;22;23,7;23,3;22,5;21,8;94;91;92;140;3,5;1,4;
2011-04-05;23:00;-9999;945;945;943,9;-9999;23,2;22,2;23,4;22,7;22,2;21,7;95;92;94;160;4,9;2,3;
2011-04-06;00:00;-9999;945,9;945,9;945;-9999;23;22,1;23,2;22,9;22,2;22;95;94;95;160;4;2,3;
2011-04-06;01:00;-9999;946,8;946,8;945,9;-9999;22,9;22;23;22,9;22,2;22;95;94;95;151;3,7;2;
2011-04-06;02:00;-9999;946,9;946,9;946,8;-9999;23;22,2;23;22,7;22,2;22;96;95;95;139;3,6;2,2;
2011-04-06;03:00;-9999;946,5;946,9;946,4;-9999;22,7;22;23,2;22,7;22,2;22;96;94;96;145;5,5;2,6;
2011-04-06;04:00;-9999;946,3;946,5;946,2;-9999;22,7;22,1;22,7;22,5;22,1;21,9;97;96;96;140;3,6;2,2;
2011-04-06;05:00;-9999;946,1;946,3;945,9;-9999;22,6;22;22,8;22,4;22,1;21,8;97;96;97;151;4,7;2,3;
2011-04-06;06:00;-9999;946,3;946,3;946;-9999;22,6;22;22,6;22,3;22,1;21,8;97;96;97;136;4,1;2,8;
2011-04-06;07:00;-9999;946,2;946,4;946,1;-9999;22,8;22,1;22,9;22,5;22,2;22;97;96;96;140;5,5;3,8;
2011-04-06;08:00;-9999;946;946,2;946;-9999;22,3;21,9;22,8;22,3;22,1;21,9;97;96;97;142;5,3;2,9;
2011-04-06;09:00;-9999;946,6;946,6;946;-9999;22,2;21,8;22,3;22,2;21,9;21,8;98;97;98;143;5,2;3,3;
2011-04-06;10:00;-9999;946,9;946,9;946,6;7;21,9;21,5;22,2;21,9;21,8;21,5;98;98;98;141;5,2;2,6;
2011-04-06;11:00;-9999;947,7;947,7;946,9;380,7;23,5;22,3;23,5;21,9;22,6;21,5;98;93;93;74;4;2,4;
2011-04-06;12:00;-9999;948;948;947,7;1152,9;24,6;22,4;24,8;23,4;22,5;21,8;93;85;87;140;4;2,1;
2011-04-06;13:00;-9999;948,1;948,2;947,9;2108,4;25,7;20,9;26,1;24,5;22,3;20,5;88;73;75;141;8,7;5,5;
2011-04-06;14:00;-9999;948,3;948,4;948,1;2745,7;27,3;21;27,4;25,7;21,8;20,5;76;68;69;128;8,7;3,8;
2011-04-06;15:00;-9999;947,7;948,3;947,7;3170,7;28,4;21,3;28,7;27,1;21,8;20,4;72;61;65;98;6,7;3,8;
2011-04-06;16:00;-9999;947;947,7;947;3485,7;29,6;19,7;29,8;28,4;21,6;19,2;66;55;55;91;6,4;3,5;
2011-04-06;17:00;-9999;945,9;947;945,9;3187,2;30;19,1;30,3;28,9;20,6;18,3;58;50;52;122;5,1;1,8;
2011-04-06;18:00;-9999;945,1;945,9;945,1;2829,7;30,2;20;30,6;29,8;20,8;18,6;59;50;54;139;5;1,2;
2011-04-06;19:00;-9999;944,4;945,1;944,4;1773,1;29,6;20,7;31,3;29,6;20,9;19,2;59;51;59;152;4,6;2,5;
2011-04-06;20:00;-9999;944,2;944,4;944,2;876;28,9;20,5;30,5;28,9;21,2;19,2;61;51;60;171;4,5;1,9;
2011-04-06;21:00;-9999;944,4;944,5;944,1;189,9;27,4;20,8;28,9;27,4;20,9;20;67;59;67;170;4,2;2,2;
2011-04-06;22:00;-9999;944,7;944,7;944,4;59,6;25,9;20,6;27,4;25,9;20,6;20,3;73;66;73;170;3,7;2,3;
2011-04-06;23:00;-9999;945,2;945,2;944,7;-9999;24,7;20,4;25,9;24,6;20,8;20,4;78;73;77;175;3,6;1,7;
2011-04-07;00:00;-9999;945,9;945,9;945,2;-9999;23,9;20,1;24,8;23,9;20,5;20;80;76;80;159;4,1;1,6;
2011-04-07;01:00;-9999;946,5;946,5;945,9;-9999;23,5;19,7;23,9;23,4;20,3;19,6;82;78;79;158;4,6;2,2;
2011-04-07;02:00;-9999;946,8;946,8;946,5;-9999;23,1;19,3;23,4;22,8;19,7;19,2;81;79;79;138;4,6;3,1;
2011-04-07;03:00;-9999;946,8;946,9;946,8;-9999;22,7;19,2;23,2;22,5;19,4;19,1;81;78;81;150;5,7;3,5;
2011-04-07;04:00;-9999;946,4;946,8;946,4;-9999;21,8;19,2;22,7;21,8;19,3;19,1;85;81;85;141;5,7;3,8;
2011-04-07;05:00;-9999;945,7;946,4;945,7;-9999;21,8;19,4;21,9;21,4;19,4;19,2;88;85;86;138;5,5;4,3;
2011-04-07;06:00;-9999;945,6;945,7;945,6;-9999;21,1;18,9;21,9;21,1;19,4;18,9;87;85;87;140;7;4,9;
2011-04-07;07:00;-9999;945,5;945,8;945,5;-9999;20,6;18,8;21,2;20;19;18,2;91;87;89;145;7;3,1;
2011-04-07;08:00;-9999;945,4;945,5;945,3;-9999;20,2;18,2;20,6;19,8;18,8;18,2;91;88;88;114;6,2;3,6;
2011-04-07;09:00;-9999;945,6;945,7;945,4;-9999;20,4;17,5;20,5;19,9;18,3;17,5;90;83;83;110;6,8;3,8;
2011-04-07;10:00;-9999;946,2;946,2;945,6;6,8;20,5;17;20,5;19,7;17,5;17;85;80;80;108;7,4;4,5;
2011-04-07;11:00;-9999;946,7;946,7;946,2;452,9;22,4;17,8;22,4;20,3;17,9;16,9;81;75;75;115;8,8;4,5;
2011-04-07;12:00;-9999;947,4;947,4;946,7;1329,1;24,5;18,3;24,5;22,4;18,3;17,9;76;67;68;120;8,6;4;
2011-04-07;13:00;-9999;947,6;947,6;947,4;2156,8;26;18,8;26;24,5;19;17,8;69;63;64;109;8,4;4,4;
2011-04-07;14:00;-9999;947,7;947,7;947,6;2862,7;27,7;19,6;27,8;25,9;20,2;18,2;65;60;62;102;7,7;3,6;
2011-04-07;15:00;-9999;947,1;947,7;947,1;3317,9;29,2;20;29,3;27,6;20,6;18,8;64;55;58;88;6,7;2,8;
2011-04-07;16:00;-9999;946,3;947,1;946,3;3498,7;29,8;18,7;30,1;29,1;20,3;17,8;60;49;52;116;6,7;2,8;
2011-04-07;17:00;-9999;945,6;946,3;945,6;3377,1;30,8;18;30,8;29,5;19,3;17,1;54;46;46;110;5,9;2,5;
2011-04-07;18:00;-9999;945;945,6;945;2955,9;30,3;16,9;31,5;30,1;18,3;16,5;48;41;45;120;5,4;2,7;
2011-04-07;19:00;-9999;944,4;945;944,4;2069,7;31,1;15,8;31,6;29,7;17,4;14,7;47;36;40;185;4,8;1,2;
2011-04-07;20:00;-9999;944,1;944,4;944,1;1650,1;30,4;17;31,9;30,4;18,5;14,4;49;36;45;122;4,8;2;
2011-04-07;21:00;-9999;943,9;944,1;943,9;737,6;28,9;21,2;30,7;28,9;21,9;15,9;65;42;63;79;3,6;1,5;
2011-04-07;22:00;-9999;944,2;944,2;943,8;57,8;26,2;17,5;28,8;26;21,5;17,5;66;54;59;171;4,1;2,2;
2011-04-07;23:00;-9999;944,5;944,5;944,2;-9999;24,8;17,5;26,2;24,8;17,7;17,2;64;59;64;167;4,1;1,9;
2011-04-08;00:00;-9999;945,5;945,5;944,5;-9999;24,6;16,9;24,8;23;17,9;16,9;71;62;62;137;5,4;4;
2011-04-08;01:00;-9999;946,1;946,1;945,5;-9999;23,8;16,3;24,9;23,7;16,9;16,1;64;58;63;136;5,2;3,2;
2011-04-08;02:00;-9999;946,3;946,4;946,1;-9999;23,7;16,1;24;22,8;16,5;16;67;61;62;140;5,5;3,7;
2011-04-08;03:00;-9999;946,6;946,6;946,3;-9999;23;15,4;23,7;22,5;16;15,4;66;62;63;143;5,7;3,1;
2011-04-08;04:00;-9999;946,3;946,6;946,3;-9999;21,3;15,4;23,2;21,2;15,5;14,8;69;60;69;144;4,9;3,1;
2011-04-08;05:00;-9999;946;946,3;945,9;-9999;22;14,5;22;21,2;15,3;14,5;69;63;63;134;5,3;3,4;
2011-04-08;06:00;-9999;946;946;945,9;-9999;21,7;14,3;22,3;21,6;14,8;14,3;64;61;63;134;6,4;3,4;
2011-04-08;07:00;-9999;945,8;946;945,8;-9999;21,8;13,5;22;21,4;14,2;13,4;63;59;59;138;7,8;4,5;
2011-04-08;08:00;-9999;945,8;945,9;945,7;-9999;20,6;14,2;22;20,5;14,2;13,4;67;58;67;135;7;4,6;
2011-04-08;09:00;-9999;946,3;946,3;945,8;-9999;20,4;14,7;21,2;20,1;14,7;14,2;70;65;70;142;6,7;3,9;
2011-04-08;10:00;-9999;946,7;946,7;946,3;10,2;18,9;14,8;20,4;18,9;15;14,6;77;70;77;125;6,7;2,1;
2011-04-08;11:00;-9999;947,5;947,5;946,7;473,3;20,8;15,8;20,8;18;15,8;14,8;83;72;73;144;5,8;3,3;
2011-04-08;12:00;-9999;948,2;948,2;947,5;1334;23,7;16,5;23,7;20,8;16,9;15,7;73;64;64;141;5,7;3,5;
2011-04-08;13:00;-9999;948,6;948,6;948,1;2189,4;26,6;16,3;27;23,7;16,9;15,9;65;51;53;132;6,8;3,9;
2011-04-08;14:00;-9999;948,7;948,8;948,6;2915,6;28,1;14,5;28,3;26,7;17,1;14,5;53;43;43;109;8,5;4,5;
2011-04-08;15:00;-9999;948,3;948,7;948,3;3370,9;29,3;14,6;29,5;28;15,8;13,2;47;38;41;118;6,6;2,3;
2011-04-08;16:00;-9999;947,6;948,3;947,6;3498;30,3;15,7;30,3;29,2;15,7;12,8;42;36;41;133;5,2;2;
2011-04-08;17:00;-9999;947;947,6;947;3430,7;30,6;12,5;31,2;30;15,6;10,8;42;29;33;132;4,9;2,2;
2011-04-08;18:00;-9999;946,3;947;946,3;3008,8;31,5;14,4;31,7;30,5;14,4;11,3;36;29;35;132;4,7;,9;
2011-04-08;19:00;-9999;945,6;946,3;945,6;2423;31,2;10,5;31,8;30,8;15,2;10;38;27;28;144;4,5;2;
2011-04-08;20:00;-9999;945,5;945,6;945,4;1562,1;30,9;12,1;32,2;30,9;14,6;10,6;37;27;32;161;3,9;1,2;
2011-04-08;21:00;-9999;945,3;945,5;945,1;726,4;29,5;14,4;31,4;29,4;15,4;12,1;42;31;40;162;3,1;,9;
2011-04-08;22:00;-9999;946;946;945,3;75,2;25,2;16,2;29,6;25,2;17,7;15;58;40;58;197;3,1;1,1;
2011-04-08;23:00;-9999;946,5;946,5;946;-9999;22,7;16,6;25,1;22,3;17,2;16,2;71;58;69;190;2;,8;
2011-04-09;00:00;-9999;947,3;947,3;946,4;-9999;21,4;16,5;23,7;21,1;16,7;15,7;75;63;74;138;2,3;,1;
2011-04-09;01:00;-9999;948;948;947,3;-9999;20,7;16,1;22,3;20,7;16,7;15,5;75;66;75;100;2,5;,7;
2011-04-09;02:00;-9999;948,2;948,2;947,9;-9999;21,6;15,9;22,6;20,3;16,4;15,5;77;65;70;150;2,7;,9;
2011-04-09;03:00;-9999;948,5;948,5;948,2;-9999;22,7;15,4;22,7;21,6;16;15,1;70;63;63;181;3,3;1,4;
2011-04-09;04:00;-9999;948,3;948,6;948,3;-9999;22,6;15,8;22,8;20,3;16,1;15,4;76;63;65;165;3,7;2,3;
2011-04-09;05:00;-9999;948,1;948,4;948,1;-9999;22,1;15,9;22,6;19,9;16,2;15,5;77;65;68;133;5,8;4,1;
2011-04-09;06:00;-9999;947,4;948,1;947,4;-9999;20,2;16,4;22,1;20,2;16,4;15,9;79;68;79;149;5,8;2,4;
2011-04-09;07:00;-9999;947,2;947,4;947,2;-9999;20,9;16,4;21,6;20,2;16,6;16,3;79;73;75;141;5,3;4;
2011-04-09;08:00;-9999;947,4;947,5;947,2;-9999;20,8;16,7;21,2;20,2;16,7;16,4;79;75;77;141;5,4;3,6;
2011-04-09;09:00;-9999;947,5;947,6;947,4;-9999;20,3;16,3;21,3;20,1;16,6;16,2;78;74;78;138;6,6;4;
2011-04-09;10:00;-9999;948,2;948,2;947,5;6,6;20,2;16,3;20,4;19,6;16,4;16,1;80;77;78;141;6,4;3,8;
2011-04-09;11:00;-9999;949,1;949,1;948,2;432,4;20,9;17,4;20,9;19,2;17,4;16,2;85;78;80;143;6,3;3,2;
2011-04-09;12:00;-9999;949,4;949,4;949,1;1300;23,3;17,3;23,4;20,9;17,8;17,2;80;69;69;142;6,6;4,4;
2011-04-09;13:00;-9999;949,9;949,9;949,4;2119,8;24,7;17,4;25,1;23,2;18,3;17,2;70;64;64;141;7,8;4,2;
2011-04-09;14:00;-9999;949,9;950,1;949,9;2756,1;27,1;18,7;27,1;24,6;19,2;17,7;66;60;60;131;7,8;3;
2011-04-09;15:00;-9999;949,2;949,9;949,2;3114,5;28,5;18,9;28,5;26,5;19,5;17,7;62;54;56;173;5,9;1,9;
2011-04-09;16:00;-9999;948,4;949,2;948,4;2933,4;28,7;18,3;29,6;28;19,2;17,6;57;50;53;150;7;1,6;
2011-04-09;17:00;-9999;947,7;948,4;947,7;2901,8;29,1;17,6;29,9;28,6;18,8;16,9;54;48;50;134;6,9;3,2;
2011-04-09;18:00;-9999;946,8;947,7;946,8;2543,8;30,3;16,8;30,6;28,9;19,5;16,3;55;42;44;210;5,5;1,3;
2011-04-09;19:00;-9999;946,3;946,8;946,3;2392,9;30,5;17,9;30,8;30;17,9;15,6;47;41;47;231;4,5;1,2;
2011-04-09;20:00;-9999;946,1;946,3;945,9;1249,7;29,4;16;31,3;29,3;19;15,9;52;41;44;211;4,4;1,7;
2011-04-09;21:00;-9999;946,2;946,2;946;573,1;27,1;18,1;29,8;27,1;18,5;16,5;58;44;58;216;3,7;2,3;
2011-04-09;22:00;-9999;946,6;946,6;946,2;34,8;24,6;17,5;27,1;24,6;18,2;17,3;65;58;64;190;4,4;1,3;
2011-04-09;23:00;-9999;947;947;946,6;-9999;23,2;17,5;24,9;23,2;17,6;17,2;71;63;70;216;3,5;1,7;
2011-04-10;00:00;-9999;947,7;947,7;947;-9999;22,3;17,6;23,2;21,2;18,1;17,6;82;70;75;212;3,7;2,3;
2011-04-10;01:00;-9999;948,2;948,2;947,7;-9999;21,5;17,8;22,4;21;17,8;17,6;81;74;80;217;3,7;1,6;
2011-04-10;02:00;-9999;947,9;948,3;947,9;-9999;21,8;16,9;22,2;21,5;17,8;16,8;80;72;74;211;4,7;1,9;
2011-04-10;03:00;-9999;947,9;948,1;947,9;-9999;20,6;16,4;21,8;20,6;17;16,3;78;73;77;191;3,9;,3;
2011-04-10;04:00;-9999;947,5;947,9;947,5;-9999;19,7;16,5;20,7;19,5;16,7;16,3;83;77;82;255;1,9;0;
2011-04-10;05:00;-9999;947;947,5;947;-9999;20,5;16,4;21;19,7;16,7;16,4;82;75;78;175;2,2;,9;
2011-04-10;06:00;-9999;946,6;947;946,6;-9999;20,3;16,1;21;20,3;16,4;16;78;74;77;147;3,1;2,1;
2011-04-10;07:00;-9999;946,4;946,6;946,3;-9999;20,4;16;20,8;19,8;16,1;15,9;79;74;76;136;5,5;3,1;
2011-04-10;08:00;-9999;946,4;946,4;946,3;-9999;20,6;15,9;20,6;19,7;16,1;15,9;80;74;74;140;4,6;3;
2011-04-10;09:00;-9999;946,4;946,5;946,2;-9999;20,9;14,9;21;19,9;15,9;14,9;76;68;69;133;5,5;4;
2011-04-10;10:00;-9999;947,1;947,1;946,4;10,2;20,8;14,9;21;19,8;15,1;14,8;74;68;69;135;5,5;3,5;
2011-04-10;11:00;-9999;947,8;947,8;947,1;436,5;21,3;15,8;21,3;20,6;15,8;14,8;71;68;71;138;5,3;3,7;
2011-04-10;12:00;-9999;948,1;948,2;947,8;1240,6;23,9;16,9;23,9;21,3;17,6;15,6;73;64;65;143;5,8;3,7;
2011-04-10;13:00;-9999;948,2;948,2;948;2105,7;25,6;17,1;25,6;23,9;17,4;16,4;65;58;60;141;8,4;5;
2011-04-10;14:00;-9999;947,9;948,2;947,9;2756,7;27,5;16,9;27,7;25,6;18,1;16,6;61;53;53;126;7,2;3;
2011-04-10;15:00;-9999;947,7;947,9;947,7;3191,6;28,6;17,3;28,7;27,3;18,7;16,7;56;49;51;102;5,1;2,2;
2011-04-10;16:00;-9999;946,9;947,7;946,9;3182,2;29,3;17,5;29,5;28,3;18,5;16,6;54;47;49;98;3,9;1,6;
2011-04-10;17:00;-9999;945,9;946,9;945,9;1971,6;29;17,9;29,5;28,3;18,8;16,8;55;47;51;326;3,8;,3;
2011-04-10;18:00;-9999;945,4;945,9;945,4;2269,1;29,1;18,6;30,4;28,9;19,4;17,3;56;47;53;346;4,4;,9;
2011-04-10;19:00;-9999;944,8;945,4;944,8;1354,6;30,1;19,5;30,3;28,6;20,3;17,6;60;50;53;250;2,9;,8;
2011-04-10;20:00;-9999;944,5;944,8;944,5;718;28,5;19,1;30,1;27,5;20,8;18,3;65;52;57;339;3,8;,7;
2011-04-10;21:00;-9999;944,6;944,6;944,5;442,4;27,3;20,3;28,7;27,1;21,2;19,1;69;57;66;279;4,9;3;
2011-04-10;22:00;-9999;944,9;945;944,6;71,3;24,3;18,9;27,3;24,2;20,1;18,9;74;65;72;269;4,7;3,3;
2011-04-10;23:00;-9999;945,8;945,8;944,9;-9999;22,7;18,9;24,3;22,5;18,9;18,7;80;72;79;272;3,9;2,1;
2011-04-11;00:00;-9999;946,2;946,2;945,7;-9999;22,9;19;23,2;22,2;19,2;18,7;81;77;79;186;3,6;,4;
2011-04-11;01:00;-9999;946,8;946,9;946,1;-9999;23,3;18,7;23,5;22,6;19,1;18,7;80;75;76;155;1,8;1,2;
2011-04-11;02:00;-9999;947,2;947,2;946,8;-9999;23,2;18,6;23,3;22,3;18,9;18,5;80;75;75;130;2,5;1,6;
2011-04-11;03:00;-9999;947,2;947,3;947,2;-9999;23,5;18,3;24,1;22,2;18,9;18,3;81;70;73;130;3,4;2,3;
2011-04-11;04:00;-9999;946,7;947,3;946,7;-9999;23;18,6;23,7;22,3;19;18,1;81;71;76;128;5,4;2,3;
2011-04-11;05:00;-9999;946;946,7;946;-9999;22,7;18,6;23,2;20,7;19;18,2;87;75;78;130;4,3;2;
2011-04-11;06:00;-9999;945,4;946;945,4;-9999;21,9;18,9;22,7;21,9;19;18,3;83;77;83;137;5,2;2,8;
2011-04-11;07:00;-9999;945,7;945,7;945,4;-9999;21,3;19,2;21,9;20,9;19,2;18,7;89;83;88;109;5,2;2,3;
2011-04-11;08:00;-9999;946,1;946,1;945,7;-9999;19,5;18,5;21,6;19,4;19,3;18,2;94;86;94;34;4,4;3,7;
2011-04-11;09:00;-9999;946,5;946,5;946,1;-9999;19,9;18,7;20,2;19,4;19;18,4;95;93;93;51;4,5;3,2;
2011-04-11;10:00;-9999;947;947;946,5;9,6;20,2;19;20,2;19,8;19;18,6;93;92;93;64;3,8;3,1;
2011-04-11;11:00;-9999;947,6;947,6;947;365,8;22,5;20,4;22,5;20,2;20,5;19;93;88;88;64;4,4;3,2;
2011-04-11;12:00;-9999;948,2;948,2;947,6;1239,7;24,5;20,5;24,7;22,5;21;20,3;88;78;79;47;6,5;4,5;
2011-04-11;13:00;-9999;948,3;948,3;948,2;2055,3;25,7;21;25,8;24,4;21,4;20,4;80;74;75;40;7,7;4,9;
2011-04-11;14:00;-9999;948,2;948,4;948,2;2712,3;26,4;21,1;26,8;25,5;21,8;20,5;78;71;73;29;8,4;5,9;
2011-04-11;15:00;-9999;947,4;948,2;947,4;3132,6;27,9;22,6;27,9;26,4;22,6;21,1;76;71;73;33;9,1;5,6;
2011-04-11;16:00;-9999;946,1;947,4;946,1;3375,8;28,5;22;29;27,3;22,8;21,3;74;65;68;29;8,8;4,9;
2011-04-11;17:00;-9999;945;946,1;945;3222,3;29,1;21,5;29,5;28,2;22,5;21,1;70;61;64;23;8,5;4,7;
2011-04-11;18:00;-9999;944,2;944,9;944,2;2954,2;29,3;20,9;29,9;28,5;22,9;20,7;67;60;61;25;7,8;5,4;
2011-04-11;19:00;-9999;943,8;944,2;943,8;2337,3;28,5;21,9;29,6;28,4;22;20,3;68;59;68;26;8,6;6,2;
2011-04-11;20:00;-9999;943,6;943,9;943,3;627,1;26,1;21,7;28,5;25,6;21,7;20,6;77;66;77;3;8,9;3,5;
2011-04-11;21:00;-9999;944,1;944,1;943,3;736,5;25,4;21,5;27;25,4;21,9;20,6;79;70;79;19;9,3;3,2;
2011-04-11;22:00;-9999;944,8;944,9;944,1;20,6;23,3;20,3;25,4;23,3;21,8;20,3;88;79;83;141;6,9;3,9;
2011-04-11;23:00;-9999;945,4;945,4;944,8;-9999;22,3;19,5;23,3;22,1;20,2;19,3;85;82;84;133;6,9;1,3;
2011-04-12;00:00;-9999;946,3;946,3;945,4;-9999;22,1;19,5;22,7;21,3;19,9;19,5;90;83;85;104;3,3;1,4;
2011-04-12;01:00;-9999;946,4;946,4;945,9;-9999;21,8;19,9;22,8;21,4;20,3;19,5;91;84;89;129;3;2;
2011-04-12;02:00;-9999;945,9;946,4;945,9;-9999;22,1;20,2;22,6;21,7;20,2;19,6;89;85;89;89;4;2,7;
2011-04-12;03:00;-9999;946,1;946,1;945,9;-9999;22,5;20,2;22,8;22;20,7;20,2;90;86;87;113;3,2;1,6;
2011-04-12;04:00;-9999;946;946,1;945,9;-9999;22,7;20,3;23;22,3;20,4;20,1;89;84;87;118;3;,9;
2011-04-12;05:00;-9999;945,7;946;945,7;-9999;21,9;20,2;22,7;21,7;20,3;20,2;91;86;90;38;3,1;1,6;
2011-04-12;06:00;-9999;945,3;945,7;945,3;-9999;22,3;20,2;22,5;21,7;20,5;20;92;86;88;108;2,7;1,2;
2011-04-12;07:00;-9999;945,1;945,3;945,1;-9999;21,8;20,5;22,3;21,5;20,5;20,1;93;88;93;48;2,8;1,1;
2011-04-12;08:00;-9999;944,7;945,1;944,6;-9999;21,6;20,4;21,9;21,5;20,5;20,4;94;92;93;54;3,8;3,1;
2011-04-12;09:00;-9999;944,5;944,8;944,4;-9999;21,4;20,2;21,6;21,4;20,4;20,2;93;93;93;28;4,6;3,6;
2011-04-12;10:00;-9999;944,8;944,8;944,5;2,6;21,3;20,2;21,4;21,2;20,2;20,1;93;93;93;24;5,5;3,6;
2011-04-12;11:00;-9999;945,4;945,4;944,8;215,7;21,8;20,8;21,8;21,3;20,8;20,2;95;93;94;28;6,4;3,7;
2011-04-12;12:00;-9999;945,7;945,7;945,2;1235;23,8;21,2;23,8;21,8;21,6;20,7;94;85;85;35;8,2;5,8;
2011-04-12;13:00;-9999;946;946,1;945,7;2046,9;25,6;21,9;25,6;23,8;22;21;86;80;80;38;9,4;6,5;
2011-04-12;14:00;-9999;945,8;946,1;945,8;2660,5;26,7;22;26,8;25,5;22,6;21,6;81;75;76;34;9,9;7;
2011-04-12;15:00;-9999;945,5;945,8;945,5;3071,2;28,3;22,6;28,3;26,7;23,1;21,9;77;69;71;30;10,6;6,3;
2011-04-12;16:00;-9999;944,8;945,5;944,8;3311,5;28,9;21,9;29,2;27,9;23,2;21,6;74;64;66;23;10,5;6,6;
2011-04-12;17:00;-9999;943,6;944,8;943,6;2592,8;27,5;21,6;30,1;27,5;22,8;21,3;71;61;70;18;9,4;4,8;
2011-04-12;18:00;-9999;942,6;943,6;942,6;1662,5;28;21,2;29,7;27,1;23,4;20,9;75;61;67;318;8,3;5;
2011-04-12;19:00;-9999;942;942,6;942;1370,6;27,7;23,6;28,9;26,7;23,6;21,1;82;67;79;275;8,3;3,6;
2011-04-12;20:00;-9999;942,3;942,3;942;1049,1;26,5;21,6;28,1;26,5;23,5;21,2;79;69;75;331;8;2,1;
2011-04-12;21:00;-9999;942,7;942,7;942,1;295,3;22,8;19,4;26,6;22,7;21,8;19,3;82;71;81;60;9,2;4,5;
2011-04-12;22:00;-9999;943;943,5;942,7;27,2;22,1;19,5;22,9;22,1;19,5;19,1;85;81;85;52;6,6;3,3;
2011-04-12;23:00;-9999;943,8;943,8;942,8;-9999;21,8;19,8;22,1;21,6;19,8;19,5;89;85;88;58;4,5;3,2;
2011-04-13;00:00;-9999;944,7;944,7;943,8;-9999;22;19,8;22;21,5;19,9;19,7;90;87;87;87;4,4;1,9;
2011-04-13;01:00;-9999;945;945,1;944,7;-9999;21,8;19,6;22;21,6;19,9;19,6;89;87;87;58;3,7;3,2;
2011-04-13;02:00;-9999;945,5;945,6;945;-9999;21,8;19,5;22,1;21,5;19,6;19,4;88;86;87;44;3,7;2,6;
2011-04-13;03:00;-9999;945,1;945,6;945,1;-9999;21,8;19,5;22,3;21,4;19,5;19,3;88;84;87;132;4;2,4;
2011-04-13;04:00;-9999;944,3;945,2;944,3;-9999;21,3;19,5;21,9;20,9;19,6;19,2;90;87;90;70;4,5;2,3;
2011-04-13;05:00;-9999;943,9;944,3;943,9;-9999;20,9;19,2;21,6;20,8;19,6;18,9;90;87;90;97;3;1,4;
2011-04-13;06:00;-9999;943,7;943,9;943,3;-9999;21;19,2;21,6;20,4;19,5;18,7;91;87;90;45;4,1;3,3;
2011-04-13;07:00;-9999;944,2;944,2;943,7;-9999;20,6;19,3;21;20,5;19,5;19,2;92;90;92;47;4,6;3,3;
2011-04-13;08:00;-9999;944,6;944,7;944,2;-9999;21,2;19,7;21,2;20,3;19,7;19,1;93;91;91;67;3,9;2,8;
2011-04-13;09:00;-9999;944,7;944,8;944,6;-9999;21,2;19,8;21,5;21,2;19,9;19,7;92;90;92;67;3,6;2,8;
2011-04-13;10:00;-9999;945,4;945,4;944,7;4,5;21;19,8;21,2;20,7;19,8;19,5;93;91;92;69;3,8;3,1;
2011-04-13;11:00;-9999;946;946;945,4;368,9;23,8;21,4;23,8;21;21,4;19,8;92;86;86;75;4;2,5;
2011-04-13;12:00;-9999;946,8;946,8;946;1397,6;26,3;21,6;26,4;23,8;22,1;21,4;86;75;75;38;4,9;2,8;
2011-04-13;13:00;-9999;947,5;947,5;946,8;1876,6;26;21,9;26,5;25;22,4;21,5;82;74;78;22;8,2;5,2;
2011-04-13;14:00;-9999;947,1;947,6;947,1;2701,7;27,8;22,1;27,8;25,8;22,7;21,5;79;70;71;37;7,8;5;
2011-04-13;15:00;-9999;946,6;947,2;946,6;3145,6;28,8;21,7;28,8;27,8;22,8;21;71;64;66;28;9,1;5,7;
2011-04-13;16:00;-9999;945,7;946,6;945,7;3322,9;29,4;21,1;29,4;28,5;21,8;19,6;66;57;61;24;10,5;6,3;
2011-04-13;17:00;-9999;944,9;945,7;944,9;3234,3;29,7;21,4;29,9;28,9;21,6;20,1;63;58;61;20;10,4;5,6;
2011-04-13;18:00;-9999;944,2;944,9;944,2;2815,4;29,7;19,7;30,1;29,4;21,6;19,5;62;54;55;28;9,2;6,1;
2011-04-13;19:00;-9999;943,5;944,2;943,5;2141,7;29,3;20;30,4;28,8;21,2;18,6;59;51;57;12;9,1;5,5;
2011-04-13;20:00;-9999;943,7;943,7;943,5;1002,7;28;20,2;29,7;27,8;20,6;19,1;64;54;63;29;8,7;5;
2011-04-13;21:00;-9999;943,5;943,7;943,5;242,9;26,7;21,9;28;26,2;22;20;75;62;75;47;7,4;2,3;
2011-04-13;22:00;-9999;943,4;943,6;943,4;71;24,6;21,3;26,7;24,6;21,9;21,3;82;74;82;47;3,6;2,4;
2011-04-13;23:00;-9999;944,1;944,1;943,4;-9999;23,6;20,7;24,6;23,6;21,3;20,7;84;82;84;38;2,8;1,8;
2011-04-14;00:00;-9999;945,2;945,2;944,1;-9999;23,3;20,6;23,9;23,2;20,9;20,6;86;83;85;84;3,3;2,9;
2011-04-14;01:00;-9999;945,7;945,7;945,2;-9999;23,4;20,7;23,6;23,1;20,8;20,6;86;84;85;96;3,4;2,6;
2011-04-14;02:00;-9999;946,1;946,2;945,7;-9999;23,1;20,4;24,6;23;20,9;20,2;85;79;85;90;3,7;2,3;
2011-04-14;03:00;-9999;946,4;946,4;946,1;-9999;23,8;20,4;24,1;22;20,9;19,8;90;81;81;106;3,5;2,2;
2011-04-14;04:00;-9999;945,9;946,4;945,9;-9999;22,1;20,1;23,8;22,1;20,6;20;89;81;89;71;4;1,6;
2011-04-14;05:00;-9999;945,6;945,9;945,6;-9999;22,1;20,1;22,4;21,8;20,3;20;90;88;88;66;3,5;3;
2011-04-14;06:00;-9999;945,5;945,6;945,5;-9999;21,8;19,9;22,4;21,8;20,2;19,9;89;87;89;65;4,4;3;
2011-04-14;07:00;-9999;945,6;945,7;945,4;-9999;22,1;20,2;22,1;21,7;20,2;19,9;90;88;89;75;3,8;3,1;
2011-04-14;08:00;-9999;945,6;945,6;945,5;-9999;21,7;19,9;22,2;21,7;20,2;19,9;90;88;90;72;3,6;2,7;
2011-04-14;09:00;-9999;945,8;945,8;945,5;-9999;21,2;19,8;21,7;21,2;20;19,8;92;90;92;54;3,6;2,9;
2011-04-14;10:00;-9999;946,6;946,6;945,8;3,9;21,6;19,7;21,9;20,6;20,2;19,4;94;89;89;121;3,1;1,8;
2011-04-14;11:00;-9999;946,9;946,9;946,6;370,8;24,7;21,7;24,7;21,5;21,7;19,6;90;84;84;55;3,3;1;
2011-04-14;12:00;-9999;947,1;947,1;946,9;1231,4;26,7;21,5;26,7;24,7;22,2;21,2;84;72;74;17;4,1;3;
2011-04-14;13:00;-9999;947,6;947,6;947,1;2053,4;28,1;22,3;28,1;26,6;22,7;21,1;75;69;71;13;5,6;3,8;
2011-04-14;14:00;-9999;947,8;948;947,6;2685,8;28,5;21,5;28,9;27,7;22,6;21,2;73;65;66;26;6,1;4;
2011-04-14;15:00;-9999;947,4;947,9;947,4;3154,5;29,6;21,2;30;28,5;22,7;21,1;68;60;60;40;6,4;3,8;
2011-04-14;16:00;-9999;946,8;947,4;946,8;3156,1;30,2;20,8;30,3;29,3;22,4;20,2;65;57;57;3;7,1;2,7;
2011-04-14;17:00;-9999;946,3;946,8;946,3;3151,2;30,9;20,4;31,1;29,8;21,7;19,5;59;50;54;18;6,1;3,1;
2011-04-14;18:00;-9999;945,6;946,3;945,5;2834,2;30,9;20,8;31,3;30,5;21,6;19,3;57;50;55;27;6,4;4,5;
2011-04-14;19:00;-9999;944,8;945,6;944,8;2293,9;30,5;20,9;31,1;30,5;21,8;20;58;52;56;15;6,5;3,6;
2011-04-14;20:00;-9999;944,6;944,8;944,4;1530,1;29,8;20,7;30,8;29,8;21,9;19,5;60;52;58;33;5,8;3,7;
2011-04-14;21:00;-9999;944,6;944,7;944,3;716,7;28,7;20,8;29,9;28,7;21,9;20,4;65;57;62;38;5,2;2,6;
2011-04-14;22:00;-9999;944,8;945;944,6;72,6;26,8;21,8;28,7;26,8;22,4;20,7;76;62;74;62;3,7;1,9;
2011-04-14;23:00;-9999;945,3;945,5;944,8;-9999;24,4;20,9;26,8;24,4;21,9;20,5;81;74;81;44;3;2,4;
2011-04-15;00:00;-9999;946,8;946,8;945,3;-9999;24,1;20,3;25,4;24,1;21,2;20;81;72;79;157;4,4;2,2;
2011-04-15;01:00;-9999;947,3;947,3;946,8;-9999;23,9;19,9;24,1;23,3;20,6;19,9;84;78;78;134;3,5;2,6;
2011-04-15;02:00;-9999;946,9;947,4;946,9;-9999;23,6;19,8;23,9;23,3;20,2;19,8;83;78;79;133;5,3;3,2;
2011-04-15;03:00;-9999;946,4;946,9;946,4;-9999;24,3;19;24,4;22,8;19,9;18,3;82;69;72;128;4,7;2;
2011-04-15;04:00;-9999;946,1;946,4;946;-9999;23,7;19;24,4;22,5;19,7;18,8;82;72;75;136;5,8;3,3;
2011-04-15;05:00;-9999;945,5;946,1;945,5;-9999;22,8;19,3;23,7;22,6;19,4;18,9;81;75;81;138;6,2;3,9;
2011-04-15;06:00;-9999;945,2;945,6;945,2;-9999;23;19,7;23;22;19,8;19,3;87;80;82;124;6,2;2,9;
2011-04-15;07:00;-9999;945,2;945,2;945,1;-9999;22,2;19,4;23;22,1;19,7;19,4;86;81;84;140;6;3,5;
2011-04-15;08:00;-9999;945,7;945,7;945,2;-9999;22,1;19,7;22,9;21,9;19,8;19,4;87;82;86;145;6;3;
2011-04-15;09:00;-9999;946,1;946,1;945,7;-9999;23,6;19,9;23,8;21,9;20;19,6;87;79;79;133;5,5;2,8;
2011-04-15;10:00;-9999;946,8;946,8;946,1;4,3;23,6;19,6;24,1;23,4;19,9;19,5;79;77;78;127;6,5;3;
2011-04-15;11:00;-9999;947,6;947,6;946,9;388,5;24,8;20,6;24,8;23,6;20,6;19,6;78;76;78;128;6;2,4;
2011-04-15;12:00;-9999;948;948,1;947,6;1119,2;26,7;21;26,7;24,7;21,2;20,4;78;71;71;142;5,9;3,2;
2011-04-15;13:00;-9999;948,4;948,4;948;1782,5;28,5;21;28,6;26,7;21,4;20,5;71;63;64;92;6,9;4,9;
2011-04-15;14:00;-9999;948,2;948,4;948,2;2494,7;30,1;21,2;30,2;28,2;21,8;20,5;67;57;59;85;6,9;3,6;
2011-04-15;15:00;-9999;947,9;948,2;947,9;2874,5;30,9;19,8;31,1;30;21,4;18,9;60;49;52;101;7,3;2,7;
2011-04-15;16:00;-9999;946,5;947,9;946,5;3343,3;31,5;20;32,3;30,8;21,1;19,1;55;47;51;44;5,9;2,4;
2011-04-15;17:00;-9999;946,6;947;946,5;532,3;22,4;20;31,7;22,4;21,6;18,7;86;47;86;29;13,7;6,5;
2011-04-15;18:00;-9999;945;946,6;944,9;759,9;26,6;20,5;28,7;22,2;22,1;20;88;66;69;18;10,9;3;
2011-04-15;19:00;-9999;945;945,1;944,5;825,7;25;20,4;26,5;24,7;21,2;19,3;77;69;76;37;10,9;3,8;
2011-04-15;20:00;-9999;944,4;945,2;944,4;307,2;22,9;19,4;25,2;22,9;20,5;19,4;83;71;81;39;11,8;4,3;
2011-04-15;21:00;-9999;944,9;945;944,3;131,2;22,7;19,8;22,9;22,6;20;19,3;85;80;83;19;6,1;2,4;
2011-04-15;22:00;-9999;945,6;945,7;944,9;10;22;19,6;23,1;22;19,9;19,3;87;80;86;76;4,3;,5;
2011-04-15;23:00;-9999;945,7;945,8;945,6;-9999;21,7;19,5;22,9;21,6;19,6;19;87;79;87;159;2,7;,5;
2011-04-16;00:00;-9999;946,2;946,2;945,6;-9999;22,8;19,3;22,9;21,7;19,6;19,1;87;79;81;146;2,5;1,8;
2011-04-16;01:00;-9999;946,3;946,6;946,2;-9999;23,8;19,2;23,8;22,8;19,3;18,9;81;75;75;124;5,2;2,6;
2011-04-16;02:00;-9999;946,2;946,4;946,1;-9999;23,9;19,2;24,3;23,1;19,2;19;79;73;75;138;5,2;2,4;
2011-04-16;03:00;-9999;946,3;946,5;946,2;-9999;22,8;19,3;24,2;22,8;19,4;19;81;73;81;117;4,1;2;
2011-04-16;04:00;-9999;946,6;946,6;946,3;-9999;21,4;19,6;23;21,3;19,7;19,2;90;81;90;178;3,5;,8;
2011-04-16;05:00;-9999;946;946,6;946;-9999;22,3;19,8;22,5;21,4;20,1;19,7;90;85;86;149;2,8;2;
2011-04-16;06:00;-9999;945,7;946,1;945,6;-9999;21,9;19,6;22,8;21,9;19,9;19,5;87;83;87;175;4,3;1,1;
2011-04-16;07:00;-9999;945,4;945,8;945,4;-9999;21,6;19,9;21,9;21,4;20;19,6;90;87;90;142;4,5;2,2;
2011-04-16;08:00;-9999;944,9;945,4;944,9;-9999;21,9;19,5;22;21,5;20;19,5;91;86;86;143;8,2;4,1;
2011-04-16;09:00;-9999;944,9;945,6;944,9;-9999;21,5;19,5;22,1;20,8;19,8;19,2;91;86;89;140;7,9;4,5;
2011-04-16;10:00;-9999;944,9;945;944,6;,3;21,6;19,7;22;21,1;19,8;19,4;91;87;89;64;8;4,3;
2011-04-16;11:00;-9999;946,2;946,2;944,9;127,4;22,1;20,2;22,1;21,3;20,2;19,7;92;89;89;73;6,2;3;
2011-04-16;12:00;-9999;947,2;947,2;946,1;481,8;23,8;20,8;23,8;22,1;20,9;20,3;89;83;83;52;4,2;1,9;
2011-04-16;13:00;-9999;947,9;947,9;947,2;748,2;25,3;20,7;25,3;23,8;21,1;20,3;84;74;76;92;2,8;2;
2011-04-16;14:00;-9999;947,8;948;947,8;1720,9;27,3;19,4;28;25,3;20,8;18,8;76;58;62;97;4,6;3,2;
2011-04-16;15:00;-9999;947,5;947,8;947,5;2808,2;29,6;19,7;29,8;27,3;20,5;19,2;64;54;56;75;5;2,8;
2011-04-16;16:00;-9999;946,8;947,5;946,8;3283,9;30,5;19,4;31,1;29,6;20,7;19;57;50;51;149;4,9;1,8;
2011-04-16;17:00;-9999;946,1;946,8;946,1;1852,1;30,9;18,8;31,2;30;20,2;17,9;54;47;48;91;3,8;1,9;
2011-04-16;18:00;-9999;945,3;946,1;945,3;2907,7;31,5;20,2;32,7;30,7;20,2;18,5;51;45;51;42;4,3;1,8;
2011-04-16;19:00;-9999;944,2;945,3;944,2;2293,2;31,2;19;31,9;31,1;19,8;18,3;51;45;48;41;4,5;1,8;
2011-04-16;20:00;-9999;943,9;944,2;943,8;1508;31,1;19;31,6;30,8;20;18,1;51;45;49;315;2,8;1,2;
2011-04-16;21:00;-9999;944,3;944,4;943,9;914,7;29,5;21,7;31,2;29,5;21,7;19;63;49;63;351;3,2;1,3;
2011-04-16;22:00;-9999;945,8;945,8;944,2;67,2;24,4;19,4;29,4;24,4;22;17,5;74;56;74;251;6,2;1,3;
2011-04-16;23:00;-9999;945,7;946,3;945,7;-9999;21,3;19,3;24,4;21,1;20,3;19,1;92;74;89;215;8,1;2,9;
2011-04-17;00:00;-9999;945,7;945,8;945,5;-9999;22,4;19;22,4;20,9;19,4;19;91;81;81;152;5,3;1,8;
2011-04-17;01:00;-9999;946;946;945,7;,3;24;18,7;24,4;22,4;19,3;18,2;81;69;72;139;4,5;3,1;
2011-04-17;02:00;-9999;946,4;946,6;946;-9999;23;19,2;24,6;22,2;19,5;18,1;84;67;79;142;6,6;3,8;
2011-04-17;03:00;-9999;946;946,4;946;-9999;23,6;18,6;23,7;22,7;19,3;18,6;81;74;74;128;6,4;3,3;
2011-04-17;04:00;-9999;945,6;946;945,5;-9999;24;18,2;24,2;22,6;18,7;18,1;78;69;70;131;4,9;2,5;
2011-04-17;05:00;-9999;945,3;945,6;945,3;-9999;23;18,6;24;21,5;18,8;18;84;70;76;129;4,8;1,8;
2011-04-17;06:00;-9999;945,1;945,3;944,9;-9999;22,8;18,5;23,5;21,9;18,8;18,4;81;74;77;136;4,9;3;
2011-04-17;07:00;-9999;945,1;945,1;944,9;-9999;21,8;18,4;22,8;20,8;18,8;18;85;77;81;120;4,6;2;
2011-04-17;08:00;-9999;945,1;945,1;944,8;-9999;22,3;18,3;23,5;21,8;18,8;18,3;81;74;78;131;4,4;2,1;
2011-04-17;09:00;-9999;945,4;945,4;945;-9999;21;18,7;22,3;20,2;18,7;18,1;89;78;87;111;3,9;2,1;
2011-04-17;10:00;-9999;946,1;946,1;945,4;4,6;22;18,6;22;21;18,7;18,4;87;81;81;131;4;2,2;
2011-04-17;11:00;-9999;946,8;946,8;946,1;328,8;23,6;19,6;23,6;21,6;19,6;18,4;85;78;78;125;4,6;2,4;
2011-04-17;12:00;-9999;947,2;947,2;946,8;1251,5;26,9;21,1;26,9;23,6;21,4;19,5;79;70;71;101;4,2;2,9;
2011-04-17;13:00;-9999;947,6;947,6;947,2;2047,8;28;20,5;28,1;26,7;20,9;19,4;70;60;64;142;5,2;2,6;
2011-04-17;14:00;-9999;947,8;947,9;947,6;2698,8;29,4;18,8;29,5;27,6;21;18,8;65;53;53;80;6,8;4,1;
2011-04-17;15:00;-9999;947,2;947,8;947,2;3114,3;30;18,6;30,3;29,3;20,3;18,4;56;50;51;69;7,6;4,3;
2011-04-17;16:00;-9999;946,3;947,2;946,3;3302,2;30,4;18,5;31;29,8;20,1;18,5;55;48;49;67;8,2;5,4;
2011-04-17;17:00;-9999;945,7;946,3;945,7;3191,8;31,1;20,1;31,3;30,4;20,2;18,3;54;47;52;45;8,1;4,1;
2011-04-17;18:00;-9999;945,2;945,7;945,2;2870;30,9;19,4;31,3;30,7;20,3;18,2;53;47;51;43;7,1;3,3;
2011-04-17;19:00;-9999;945;945,2;944,9;2354,6;31;20,4;31,5;30,6;21,1;18,7;56;48;53;33;6,4;2,9;
2011-04-17;20:00;-9999;945,1;945,1;944,9;1578,2;29,2;19,1;31,3;29,1;21;18,4;56;49;55;143;5,9;3;
2011-04-17;21:00;-9999;945,6;945,7;945,1;609,3;28,5;19,3;29,6;28,3;20,8;18,8;61;53;58;136;4,8;1,6;
2011-04-17;22:00;-9999;945,8;945,8;945,6;42;26,4;20,2;28,5;26,3;20,7;18,8;71;58;69;99;2,9;1,6;
2011-04-17;23:00;-9999;946,1;946,1;945,8;-9999;24,6;20;26,6;24,5;20,6;19,5;78;66;75;83;2,1;1,6;
2011-04-18;00:00;-9999;946,6;946,6;946,1;-9999;23,6;20;24,6;23,5;20,4;19,5;80;74;80;82;1,7;1,5;
2011-04-18;01:00;-9999;946,9;946,9;946,6;-9999;24,2;19,5;25;23,3;20,1;19,5;81;73;75;121;1,9;1,2;
2011-04-18;02:00;-9999;947,1;947,1;946,9;-9999;23,7;18,9;25,5;23,3;19,7;18,7;79;68;74;121;3,2;1,7;
2011-04-18;03:00;-9999;947,3;947,4;947;-9999;24,6;18;25;23;19,2;17,8;77;65;67;128;2,6;,9;
2011-04-18;04:00;-9999;947,6;947,6;947,3;-9999;22,8;18,2;24,6;21,5;18,8;17,8;83;67;76;136;2,1;1,5;
2011-04-18;05:00;-9999;947;947,6;947;-9999;22,7;18,5;22,8;22,4;18,8;18,2;79;76;77;135;4;2,8;
2011-04-18;06:00;-9999;947;947;946,9;-9999;21,6;18,7;22,7;21,6;18,9;18,4;83;77;83;139;5,5;2,2;
2011-04-18;07:00;-9999;947,1;947,1;946,9;-9999;22,4;17,5;23,1;21,6;18,8;17,4;83;71;74;119;5,1;2,3;
2011-04-18;08:00;-9999;947,4;947,4;947,1;-9999;22;17;23,3;22;17,6;16,8;75;68;73;112;4,6;3,1;
2011-04-18;09:00;-9999;947,6;947,6;947,3;-9999;20,8;16,8;22,6;20,8;17,3;16,7;78;70;78;101;5,2;2,4;
2011-04-18;10:00;-9999;948,3;948,3;947,6;5,5;22,1;16,5;22,4;20,7;17;16,4;79;70;71;121;5,4;3;
2011-04-18;11:00;-9999;949;949;948,3;411,1;23;17,8;23;22;17,8;16,5;74;69;73;112;7;4;
2011-04-18;12:00;-9999;949,4;949,4;949;1256,4;25,4;18,8;25,4;23;19;17,7;72;66;67;145;6,3;2,6;
2011-04-18;13:00;-9999;949,6;949,6;949,4;2051;28,5;18,7;28,5;25,4;19,3;18,1;67;55;55;88;7,5;5;
2011-04-18;14:00;-9999;949,8;949,9;949,6;2714,1;29,6;16,8;29,8;28,2;18,9;16,8;56;46;46;86;8,6;6,1;
2011-04-18;15:00;-9999;949,4;949,8;949,4;3129,9;30,7;16,6;30,8;29,5;17,9;15,7;49;41;43;90;10;4,7;
2011-04-18;16:00;-9999;948,6;949,4;948,6;3294,4;31,3;14,7;31,7;30,5;17,7;14,5;45;36;36;98;7,2;3,3;
2011-04-18;17:00;-9999;948;948,6;948;2895,6;31,6;16,6;32;31;18;13,2;45;33;41;50;6,6;2,8;
2011-04-18;18:00;-9999;947,2;948;947,2;2233,2;31,9;15;32,1;29,6;19,4;14;54;35;36;86;5,6;2;
2011-04-18;19:00;-9999;946,7;947,2;946,7;2059,7;31,5;16,8;32;30,3;17,3;13,2;45;33;41;40;4,9;2,1;
2011-04-18;20:00;-9999;946,8;946,8;946,6;1499,6;30,9;17,2;31,9;30,9;18,1;14,9;45;37;44;54;4,8;1,6;
2011-04-18;21:00;-9999;946,8;946,8;946,7;559,5;29;20,8;30,9;29;20,9;16,7;62;43;61;12;2,4;1,1;
2011-04-18;22:00;-9999;947;947;946,8;20,8;26,4;19,4;28,9;25,7;21,8;19,1;75;61;66;332;2;,1;
2011-04-18;23:00;-9999;947,6;947,6;947;-9999;28;17,1;28;26,4;20;17,1;67;51;51;144;3,5;2;
2011-04-19;00:00;-9999;948,3;948,3;947,6;-9999;24,9;18,4;28;24,9;18,6;16,7;67;51;67;130;3,4;,7;
2011-04-19;01:00;-9999;948,7;948,8;948,3;-9999;23,4;17,6;25,8;23;18,5;17,3;74;60;70;97;4,2;2,2;
2011-04-19;02:00;-9999;948,8;948,8;948,7;-9999;24,8;16,7;26,1;23,1;17,9;16,7;72;56;61;139;4,3;2,4;
2011-04-19;03:00;-9999;948,9;948,9;948,7;-9999;23,9;16,6;24,8;22,8;17,4;16,5;71;61;64;110;5;3,8;
2011-04-19;04:00;-9999;948,6;948,9;948,6;-9999;24,2;15,8;24,4;23,2;16,6;15,7;65;58;60;110;5,4;3,7;
2011-04-19;05:00;-9999;948,1;948,6;948,1;-9999;22,6;16,1;24,7;22,2;16,3;15,7;69;58;67;103;6,1;3,4;
2011-04-19;06:00;-9999;947,7;948,1;947,7;-9999;22,8;15,8;22,9;20,9;16,3;15,8;75;65;65;108;4,9;3,5;
2011-04-19;07:00;-9999;947,5;947,7;947,4;-9999;21,9;15,9;23,4;21,2;15,9;15,4;72;61;69;104;7,2;2,8;
2011-04-19;08:00;-9999;947,4;947,5;947,3;-9999;22;15,8;22,4;21,7;15,9;15,6;69;66;68;120;5,5;3;
2011-04-19;09:00;-9999;947,6;947,6;947,4;-9999;22,7;15,6;22,9;22;15,8;15,5;68;63;64;113;7,2;4,5;
2011-04-19;10:00;-9999;948,1;948,1;947,6;5,2;21,2;15,7;23,2;21,2;15,7;15,5;71;62;71;109;7,5;3,5;
2011-04-19;11:00;-9999;948,8;948,8;948,1;417,7;23,1;16,7;23,1;20,9;16,7;15,6;72;67;67;119;6,8;2,8;
2011-04-19;12:00;-9999;949,2;949,2;948,8;1265,8;26,2;18,1;26,5;23,1;18,9;16,6;68;60;61;101;5;3,1;
2011-04-19;13:00;-9999;949,5;949,5;949,2;2069,5;27,9;18,8;27,9;26;18,8;17,4;62;56;58;89;6;4;
2011-04-19;14:00;-9999;949,3;949,6;949,3;2736,3;29,3;17,4;29,5;27,8;19;17,3;58;48;49;84;7,3;4,6;
2011-04-19;15:00;-9999;948,6;949,3;948,6;3178,6;30,5;17,2;30,5;29,2;18,4;15,4;52;41;45;67;6,6;2,3;
2011-04-19;16:00;-9999;947,9;948,6;947,9;2894,2;30,2;16,5;30,7;29;17,5;14,9;46;39;44;76;4,9;1,5;
2011-04-19;17:00;-9999;947,1;947,9;947,1;3215,8;31,5;15,3;31,5;30,1;17,5;14;46;35;37;49;4,6;1,5;
2011-04-19;18:00;-9999;946,2;947,1;946,2;2719,5;30,9;16,3;32;30,5;17;14,7;44;37;41;21;4,3;2,1;
2011-04-19;19:00;-9999;945,9;946,2;945,9;2399,8;31,1;17,9;31,8;30,8;18;15,5;46;38;45;6;4,3;1,6;
2011-04-19;20:00;-9999;945,7;945,9;945,7;1318,8;30,5;17,4;31,3;29,3;18,3;15,6;51;40;45;31;3,4;2;
2011-04-19;21:00;-9999;946;946;945,7;597,1;28;20;30,5;28;20,4;16,4;62;43;62;32;3,4;2,2;
2011-04-19;22:00;-9999;945,9;946;945,8;29,4;23,7;19,8;28;23,7;20,8;19,7;79;62;79;26;2,6;2,1;
2011-04-19;23:00;-9999;946,3;946,3;945,9;-9999;23;18,8;24;22,9;20;18,7;80;76;77;309;3,2;2;
2011-04-20;00:00;-9999;946,9;946,9;946,3;-9999;23,8;17,6;24,7;23;19;17,5;77;65;69;244;3,2;,1;
2011-04-20;01:00;-9999;946,9;947;946,8;-9999;23,2;18,2;24,3;22,8;18,3;17,3;74;66;74;224;1,8;0;
2011-04-20;02:00;-9999;946,7;946,9;946,6;-9999;23,6;17,5;23,6;22,4;18,7;17,4;76;69;69;174;,7;0;
2011-04-20;03:00;-9999;946,6;946,8;946,6;-9999;22,3;17;23,8;22,1;17,6;16,9;73;66;72;133;1,2;,7;
2011-04-20;04:00;-9999;946,2;946,6;946,2;-9999;23;16,9;23,5;22,2;17,4;16,8;72;67;69;129;2,2;1,2;
2011-04-20;05:00;-9999;945,6;946,2;945,6;-9999;23,1;16,9;24;22,4;17,1;16,6;70;64;69;114;3,2;2,5;
2011-04-20;06:00;-9999;945,2;945,6;945,2;-9999;21,6;16,6;23,7;21;17;16,3;77;65;73;84;3,5;3,2;
2011-04-20;07:00;-9999;945,2;945,2;945,1;-9999;21;16,8;21,6;20,8;17;16,6;77;73;77;84;4,2;3,2;
2011-04-20;08:00;-9999;945,2;945,2;945,1;-9999;21,2;16,6;21,9;20,8;16,7;16,5;77;72;75;86;4,5;3,7;
2011-04-20;09:00;-9999;945,4;945,4;945,1;-9999;21,1;17,5;21,3;20,8;17,5;16,6;80;75;80;86;4,7;3,5;
2011-04-20;10:00;-9999;945,9;945,9;945,4;4,1;21,5;18;21,5;21;18;17,5;82;79;81;80;4,8;3,7;
2011-04-20;11:00;-9999;946,2;946,2;945,7;398,4;24,1;19,4;24,1;21,5;19,4;18;81;75;75;82;5,1;3,2;
2011-04-20;12:00;-9999;946,8;946,8;946,2;1230,5;26,5;20;26,5;24,1;20,4;19,4;75;68;68;79;5,2;3,1;
2011-04-20;13:00;-9999;947,3;947,3;946,8;1982,7;27,7;20,4;27,8;26,4;21,2;19,9;69;64;65;48;6;3,8;
2011-04-20;14:00;-9999;947,4;947,5;947,3;2671,3;29,4;21;29,4;27,7;21,1;19,9;65;59;60;44;6,7;3,6;
2011-04-20;15:00;-9999;946,8;947,4;946,8;3055;30;20,4;30,4;29,1;21,2;19,7;60;54;57;33;6,5;3,6;
2011-04-20;16:00;-9999;946,2;946,8;946,2;3252,9;30,5;20,3;31,2;29,8;21,5;19,4;59;51;55;26;7,3;4,3;
2011-04-20;17:00;-9999;945,7;946,2;945,7;3186,3;30,9;19;31,3;30,3;20,7;18,9;55;48;49;22;7,7;3,9;
2011-04-20;18:00;-9999;944,9;945,7;944,9;2630,6;31,3;20,5;31,5;30;20,8;18,7;55;48;53;14;7,2;4;
2011-04-20;19:00;-9999;944,2;944,9;944,1;2191,8;31,1;20,1;31,6;30,5;21,2;19,1;57;48;52;12;6;2,8;
2011-04-20;20:00;-9999;944,3;944,3;943,9;1551,5;30,3;20,6;31,3;30,3;20,9;19,4;57;51;56;31;4,9;3,4;
2011-04-20;21:00;-9999;944,2;944,4;944,2;569,8;27,4;20,6;30,3;27,4;21,4;19,5;67;54;67;70;6;3,7;
2011-04-20;22:00;-9999;944,1;944,2;944;30,7;24,9;20,3;27,4;24,8;20,7;20,3;77;67;76;89;6;2,7;
2011-04-20;23:00;-9999;944,5;944,5;944,1;-9999;22,6;19,4;25;22,5;20,5;19,2;83;73;82;55;4,6;3;
2011-04-21;00:00;-9999;945,2;945,2;944,5;-9999;23,5;19,5;23,5;22,3;19,5;18,8;83;76;79;99;4;2,4;
2011-04-21;01:00;-9999;945,6;945,6;945,2;-9999;21,9;19,5;23,8;21,2;19,8;18,6;87;77;86;359;3,6;1,3;
2011-04-21;02:00;-9999;946;946;945,6;-9999;23,2;19,1;23,4;21,7;19,7;19;86;78;78;140;3;1,2;
2011-04-21;03:00;-9999;946;946;945,9;-9999;21,7;19;23,3;21,7;19,3;18,7;85;77;85;81;3,3;3;
2011-04-21;04:00;-9999;945,8;946;945,8;-9999;21,6;19,1;21,9;21,6;19,2;19;86;85;86;65;4;2,8;
2011-04-21;05:00;-9999;945,3;945,8;945,3;-9999;21,1;19;21,6;20,8;19,2;18,8;89;86;88;61;4;3;
2011-04-21;06:00;-9999;945,1;945,3;945;-9999;20,9;18,9;21,1;20,6;19;18,8;90;88;88;62;3,8;3,2;
2011-04-21;07:00;-9999;945,2;945,2;945;-9999;20,6;18,8;21;20,5;19;18,7;90;88;89;60;3,7;3;
2011-04-21;08:00;-9999;945,2;945,2;945,1;-9999;20,5;18,8;20,7;20,4;18,8;18,6;90;89;90;62;3,6;3,4;
2011-04-21;09:00;-9999;945,6;945,6;945,2;-9999;20,9;19;20,9;20,5;19;18,8;90;88;89;57;3,8;3,3;
2011-04-21;10:00;-9999;946,2;946,2;945,6;4,3;20,7;19;20,9;20,2;19;18,7;91;89;90;71;3,7;2,8;
2011-04-21;11:00;-9999;946,7;946,7;946,2;384,7;24,3;20,5;24,3;20,7;20,6;19;90;80;80;56;3,4;2,4;
2011-04-21;12:00;-9999;947;947;946,6;1200,1;25,9;20,3;25,9;24,3;20,9;20,2;80;71;71;42;6,2;4,4;
2011-04-21;13:00;-9999;947,6;947,6;947;1976,6;27,3;21,4;27,5;25,9;21,7;20,4;74;68;70;32;6,5;4,3;
2011-04-21;14:00;-9999;947,8;947,9;947,6;2618,8;28,6;20,6;29;27,4;21,9;20,6;70;62;62;22;6,2;4,1;
2011-04-21;15:00;-9999;946,7;947,8;946,7;3031,7;29,5;21,1;29,7;28,6;21,9;20,5;65;59;61;33;5,9;4,3;
2011-04-21;16:00;-9999;946,3;946,7;946,2;2233,7;28,7;21,6;30,7;28,6;21,6;19,7;66;53;66;10;6,2;2,4;
2011-04-21;17:00;-9999;945,7;946,3;945,7;1750,1;28,6;21,1;30,3;28,6;21,7;20,1;66;55;64;10;4,6;2,5;
2011-04-21;18:00;-9999;945,1;945,8;944,9;1969,8;28;20,4;29;25,9;21,4;20;71;59;64;295;9,1;2,1;
2011-04-21;19:00;-9999;944,2;945,1;944,2;2236,5;30,2;19,6;30,5;27,9;21,5;19,4;65;53;53;318;4,4;1;
2011-04-21;20:00;-9999;944,7;944,7;944,2;741,2;26,8;21;30,9;26,8;21,8;19,8;72;53;70;302;5,6;2,9;
2011-04-21;21:00;-9999;944,6;944,7;944,5;276,1;27,4;20,8;27,4;25,9;21,6;20,6;77;67;67;269;5,6;,1;
2011-04-21;22:00;-9999;944,5;944,7;944,4;38,1;24,6;21,2;27,8;24,5;21,9;20,6;82;66;81;86;4,1;2,1;
2011-04-21;23:00;-9999;944,6;944,6;944,4;-9999;23,4;20,3;25,2;23,4;21,2;20,3;84;78;83;94;3,4;1;
2011-04-22;00:00;-9999;944,8;944,8;944,6;-9999;23,4;20,6;24,3;22,5;20,6;19,8;87;78;84;102;3,7;1,1;
2011-04-22;01:00;-9999;944,8;944,8;944,6;-9999;22,7;19,8;24,1;22,3;20,5;19,6;87;79;84;90;3,6;2,3;
2011-04-22;02:00;-9999;945;945;944,7;-9999;23,5;19,7;23,5;22,5;19,9;19,6;84;79;79;101;4;1,9;
2011-04-22;03:00;-9999;945;945;944,9;-9999;24,4;19,4;24,7;23;19,7;19,2;80;73;74;135;3,3;2;
2011-04-22;04:00;-9999;945,1;945,2;945;-9999;23,4;19,4;24,6;22,7;19,6;19,2;81;74;78;129;4,1;1,9;
2011-04-22;05:00;-9999;944,7;945,1;944,7;-9999;22,1;18,9;23,5;22;19,4;18,9;83;78;82;95;4,1;2,1;
2011-04-22;06:00;-9999;944,6;944,8;944,6;-9999;22;19,3;22,1;21,7;19,3;18,9;85;82;84;84;4,1;3,4;
2011-04-22;07:00;-9999;944,5;944,6;944,5;-9999;21,9;18,9;22,3;21,6;19,3;18,9;86;82;83;108;4,1;2,6;
2011-04-22;08:00;-9999;944,5;944,5;944,4;-9999;21,6;18,8;21,9;20,6;19;18,4;88;83;84;88;4,4;3,5;
2011-04-22;09:00;-9999;944,8;944,8;944,4;-9999;21,4;18,8;21,6;21,4;18,9;18,8;85;84;85;84;4,2;3,3;
2011-04-22;10:00;-9999;945,6;945,6;944,8;4,1;21,3;18,8;21,4;20,9;18,8;18,6;87;85;86;89;4,1;2,7;
2011-04-22;11:00;-9999;946,3;946,3;945,6;385,5;24;19,9;24;21,1;19,9;18,3;86;78;78;89;3,6;,3;
2011-04-22;12:00;-9999;946,9;946,9;946,3;1197,1;26,4;19,8;26,4;23,7;20,6;19,6;78;67;67;49;4,1;2,6;
2011-04-22;13:00;-9999;947,4;947,4;946,9;1983,5;27,6;20;27,7;26,4;20,7;19,3;68;63;63;50;6,1;3,6;
2011-04-22;14:00;-9999;947,2;947,5;947,2;2633,8;29;20,6;29,1;27,6;20,9;19,4;67;58;61;50;6,3;3,9;
2011-04-22;15:00;-9999;946,7;947,3;946,7;3043,2;29,8;19,5;30,1;28,6;21,3;19,3;62;54;54;25;7,1;4,5;
2011-04-22;16:00;-9999;946,2;946,7;946,2;3212,8;30,4;19,6;30,4;29,6;20,7;19;57;52;53;15;7,1;4,6;
2011-04-22;17:00;-9999;945,6;946,2;945,6;3227,1;30,8;18,5;31;30;20,3;18,3;55;47;48;32;8,3;4,9;
2011-04-22;18:00;-9999;944,9;945,6;944,9;2792,6;30,8;18,4;31,1;30,3;19,6;17,8;51;46;47;13;8,3;4,3;
2011-04-22;19:00;-9999;944,4;944,9;944,4;2178,2;30,5;18,6;30,9;30,3;19,9;17,7;54;47;49;15;7,8;3,1;
2011-04-22;20:00;-9999;944,5;944,6;944,3;1409,8;29,7;19,2;30,8;29,7;19,9;18,2;54;48;53;20;5,9;3,4;
2011-04-22;21:00;-9999;944,5;944,5;944,4;567,4;28,3;20,8;29,8;28,3;21,3;19;64;53;64;19;4,8;1,2;
2011-04-22;22:00;-9999;944,3;944,5;944,3;25,2;24,8;19,8;28,3;24,8;20,9;19,8;74;64;74;43;1,9;1,8;
2011-04-22;23:00;-9999;944,6;944,6;944,3;-9999;23,7;19,3;24,9;23,5;19,8;19,3;78;72;77;59;2,5;2,1;
2011-04-23;00:00;-9999;945,1;945,1;944,6;-9999;22,8;19;23,8;22,8;19,3;19;79;75;79;74;2,6;2,2;
2011-04-23;01:00;-9999;945,4;945,5;945,1;-9999;22,9;19;23,5;22,6;19;18,7;80;75;79;80;3;2,6;
2011-04-23;02:00;-9999;945,5;945,6;945,4;-9999;22,2;18,5;23;22,2;19,1;18,5;80;77;80;95;2,9;2,3;
2011-04-23;03:00;-9999;945,4;945,5;945,4;-9999;23;18,6;23,1;21,9;18,7;18,4;81;76;76;93;3,4;3;
2011-04-23;04:00;-9999;945,2;945,4;945,2;-9999;24,3;18,3;24,3;22;18,6;18;80;69;69;125;4,4;2,2;
2011-04-23;05:00;-9999;945,2;945,3;945,2;-9999;22,4;18;24,4;22,3;18,4;17,8;76;68;76;114;4,4;1,7;
2011-04-23;06:00;-9999;945;945,2;945;-9999;21,5;18;23,4;21,5;18,4;17,7;80;73;80;100;3,3;2;
2011-04-23;07:00;-9999;945;945;944,9;-9999;20,9;18,2;21,8;20,7;18,6;17,8;85;80;85;82;3,6;2,7;
2011-04-23;08:00;-9999;944,9;945;944,8;-9999;21,5;18,2;22,8;20,9;18,6;17,9;85;76;81;96;3,2;2,4;
2011-04-23;09:00;-9999;945,6;945,6;944,9;-9999;20,5;17,3;22,1;20,5;18,1;17,3;82;77;82;89;3,5;2;
2011-04-23;10:00;-9999;946,2;946,3;945,6;4;20,5;17,4;20,7;20;17,5;17,2;85;82;83;103;2,9;1,1;
2011-04-23;11:00;-9999;947;947;946,2;383,4;23,7;19,3;23,7;20,4;19,3;17,2;83;76;76;62;2,9;2,3;
2011-04-23;12:00;-9999;947,3;947,3;947;1207,3;26,9;19,5;26,9;23,7;19,9;19;76;63;64;47;3,3;2,4;
2011-04-23;13:00;-9999;948;948;947,3;1985,6;28,8;18,8;28,8;26,9;19,5;17,9;64;53;55;54;4,3;3;
2011-04-23;14:00;-9999;948;948,1;947,9;2638,1;29,8;19,3;30;28,8;20,1;18,6;57;53;54;45;6,3;3;
2011-04-23;15:00;-9999;947,6;948;947,5;2922,5;30,6;18,5;30,7;29,5;20,1;17;55;46;49;10;5,7;3,4;
2011-04-23;16:00;-9999;947,1;947,6;947,1;3256,7;30,6;18;31,5;30,4;19;16,8;50;43;47;9;5,7;1,8;
2011-04-23;17:00;-9999;946,6;947,1;946,6;2856,9;31,2;17,2;31,8;30,4;18,2;16,2;48;41;43;14;4,2;1,1;
2011-04-23;18:00;-9999;945,6;946,6;945,6;2638;31,3;17,1;32,1;30,6;18,8;16,5;49;41;43;72;3,2;1,6;
2011-04-23;19:00;-9999;945,1;945,6;945,1;2024;31,3;16,4;32;31;18;16,3;44;40;41;98;3,2;,7;
2011-04-23;20:00;-9999;945,3;945,4;945,1;1277,3;28,9;20,2;32;28,9;20,2;16,4;59;40;59;315;2,8;1,4;
2011-04-23;21:00;-9999;945,8;945,8;945,3;90,1;25,8;20,1;28,9;25,7;21,5;19,7;71;59;71;267;4,6;2,5;
2011-04-23;22:00;-9999;945,7;945,9;945,7;8,1;24,3;19,5;26;24;20,4;19,5;77;70;75;295;4,1;2,2;
2011-04-23;23:00;-9999;946;946;945,7;-9999;25,3;19,5;25,5;24,2;19,7;19,4;75;69;70;207;3,2;0;
2011-04-24;00:00;-9999;946,7;946,7;946;-9999;26;19,1;26,4;24,7;20,1;18,7;74;63;66;154;3,4;1,5;
2011-04-24;01:00;-9999;947,1;947,1;946,7;-9999;24,4;18,8;26;24,4;19,3;18,7;71;65;71;194;2,5;0;
2011-04-24;02:00;-9999;947,2;947,2;947;-9999;24,9;18,5;25,1;24,3;19,5;18,5;74;68;68;146;1,8;1,3;
2011-04-24;03:00;-9999;947,7;947,7;947,2;-9999;25,3;17,7;25,9;23,8;18,8;17,3;73;59;63;138;3,6;2,4;
2011-04-24;04:00;-9999;947,4;947,8;947,3;-9999;23,8;17,4;25,3;23,4;18,4;17,4;73;63;67;123;3,6;2,2;
2011-04-24;05:00;-9999;947;947,4;946,9;-9999;22,6;17,2;24,1;22,6;17,4;16,9;72;65;72;140;4,2;1,8;
2011-04-24;06:00;-9999;946,3;947;946,2;-9999;23,2;16,8;24,5;22;17,8;16,4;74;61;67;129;6;3,1;
2011-04-24;07:00;-9999;945,9;946,3;945,9;-9999;23,3;16,7;23,8;21,4;17,2;16,4;76;64;66;130;5,8;3,5;
2011-04-24;08:00;-9999;945,8;946;945,8;-9999;21,3;16,2;23,3;21;16,8;16,1;75;66;73;107;5,6;1,9;
2011-04-24;09:00;-9999;945,6;946;945,5;-9999;23,2;15,4;23,2;19,7;16,4;15,4;79;61;61;113;5,6;3,6;
2011-04-24;10:00;-9999;946;946;945,6;4;19,1;16,4;23,2;18,8;16,4;15,2;85;61;84;37;5,6;3,2;
2011-04-24;11:00;-9999;946,3;946,4;945,8;191,3;21,6;17,3;21,6;18,8;17,3;16,3;86;77;77;71;5;3,5;
2011-04-24;12:00;-9999;946,8;946,8;946,3;736,3;24,5;17,3;24,5;21,6;18,2;17;78;64;64;60;4,3;2,8;
2011-04-24;13:00;-9999;947,5;947,5;946,8;1584,5;26;17,2;26,3;24,1;18,6;17,2;69;58;58;49;3,9;1,8;
2011-04-24;14:00;-9999;947,9;948;947,5;2221,3;28,2;18,5;28,4;26;19,1;17,6;62;55;56;42;4,1;2,7;
2011-04-24;15:00;-9999;947,5;947,9;947,5;2777,5;28,9;18,9;29,8;28,1;19,9;18,4;58;53;55;16;5,3;3,2;
2011-04-24;16:00;-9999;946,7;947,5;946,7;2589,7;30,1;18,6;30,5;28,9;20,2;18,4;59;49;50;14;5,5;2,6;
2011-04-24;17:00;-9999;945,5;946,7;945,5;2565,7;30,5;17,9;30,6;29,6;19,5;17,3;54;45;47;4;5,6;3,3;
2011-04-24;18:00;-9999;945;945,5;945;1667,8;29,1;19;30,8;28,6;20,3;18,3;60;47;55;25;5,9;2,7;
2011-04-24;19:00;-9999;944,4;945;944,4;1812,5;29,4;18,4;30,1;29,1;20;17,1;57;47;52;35;4,2;2,4;
2011-04-24;20:00;-9999;944,4;944,4;944,3;650,2;27,6;19,6;29,4;27,3;19,9;18;64;50;62;47;3,3;2;
2011-04-24;21:00;-9999;944,6;944,6;944,4;244;25,6;20,3;27,6;25,6;21;19,7;72;62;72;54;2,5;1,9;
2011-04-24;22:00;-9999;944,7;944,7;944,5;9;23,5;19,6;25,6;23,3;20,7;19,6;80;72;79;226;2,3;0;
2011-04-24;23:00;-9999;945,1;945,2;944,7;-9999;23,1;19,9;24,2;22,9;20;19,5;83;76;82;216;,8;0;
2011-04-25;00:00;-9999;945,8;945,8;945,1;-9999;23,4;20,1;23,4;22,8;20,2;19,8;84;81;81;169;0;0;
2011-04-25;01:00;-9999;946,2;946,2;945,8;-9999;23,5;19,8;23,7;23,2;20;19,6;82;79;80;150;0;0;
2011-04-25;02:00;-9999;946,1;946,2;946,1;-9999;23,5;19,9;24,1;23,4;20,1;19,7;80;78;80;187;0;0;
2011-04-25;03:00;-9999;946,3;946,3;946,1;-9999;23;19,6;23,6;23;20;19,5;81;80;81;190;0;0;
2011-04-25;04:00;-9999;946,3;946,4;946,2;-9999;22,9;18,9;23,2;22,9;19,6;18,9;82;78;78;157;0;0;
2011-04-25;05:00;-9999;946,1;946,3;946,1;-9999;22,8;18,8;22,9;22,4;19;18,7;81;78;78;133;2,5;,8;
2011-04-25;06:00;-9999;945,8;946,1;945,8;-9999;21,8;18,7;22,9;21,8;18,8;18,5;83;78;83;142;2,5;,5;
2011-04-25;07:00;-9999;945,9;945,9;945,8;-9999;21,2;18,9;21,8;21,1;18,9;18,6;87;83;87;163;3,6;1,3;
2011-04-25;08:00;-9999;946,1;946,1;945,9;-9999;21,2;19,4;21,7;21,1;19,5;18,8;89;86;89;171;4,5;1,3;
2011-04-25;09:00;-9999;946,7;946,7;946,1;-9999;21,4;19,9;21,4;21;19,9;19,2;92;89;91;164;2,6;1,2;
2011-04-25;10:00;-9999;947,4;947,4;946,7;7,8;21,2;19,7;21,6;21,1;20;19,7;92;90;92;146;4,2;3;
2011-04-25;11:00;-9999;948,3;948,3;947,4;340,6;22,3;20,1;22,3;21,1;20,3;19,7;92;87;87;165;4,3;2,1;
2011-04-25;12:00;-9999;948,6;948,6;948,3;1113,6;24,6;20,7;24,6;22,3;20,8;20,1;88;79;79;162;4,1;2,4;
2011-04-25;13:00;-9999;949,5;949,5;948,6;1894,4;26,7;21;26,7;24,6;21,1;20,2;79;69;71;160;5,8;2,8;
2011-04-25;14:00;-9999;949,2;949,5;949,2;2511,7;28,5;19,3;28,7;26,6;21,1;18,6;71;54;58;121;5,2;3,2;
2011-04-25;15:00;-9999;948,4;949,2;948,4;3018,8;30,5;15,9;31,1;28,3;19,5;15,7;59;42;42;65;5,2;1,8;
2011-04-25;16:00;-9999;947,6;948,4;947,6;2806;30,6;15,3;31,7;30,2;17,1;13,8;44;35;39;10;4,3;1,7;
2011-04-25;17:00;-9999;946,5;947,6;946,5;2807,9;31,1;15,1;32,2;30,2;16,5;14,9;42;37;38;171;3,9;,5;
2011-04-25;18:00;-9999;945,5;946,5;945,5;2424,7;31,6;15;31,9;30,6;16,7;14,6;42;36;37;148;3,9;,2;
2011-04-25;19:00;-9999;945,1;945,5;945;2197,5;31,8;18,7;32,5;31;18,7;13,9;46;34;46;331;5,4;1,6;
2011-04-25;20:00;-9999;945,2;945,2;945;1226,5;29;20,3;31,7;29;20,4;19;60;46;60;291;5,9;4;
2011-04-25;21:00;-9999;945,5;945,5;945,2;394,9;26,2;20,4;29;26,2;20,6;19,7;71;59;71;276;5,9;2,6;
2011-04-25;22:00;-9999;946,4;946,4;945,5;20,1;24,9;20,3;26,2;24,9;20,4;19,4;75;69;75;184;5,3;1,4;
2011-04-25;23:00;-9999;946,5;946,9;946,4;-9999;20,3;17,5;24,9;20,3;20,3;16,8;84;70;84;267;8,6;3,1;
2011-04-26;00:00;-9999;947,4;947,4;946,5;-9999;21,5;19,2;22,5;20,3;19,2;17,2;86;76;86;202;4,8;,3;
2011-04-26;01:00;-9999;948,1;948,1;947,4;-9999;21,7;19,3;21,7;21,2;19,6;19,1;89;86;86;280;2,3;1,3;
2011-04-26;02:00;-9999;948,3;948,3;948,1;-9999;22,1;20,2;22,3;21,7;20,2;19,2;90;83;89;60;3;0;
2011-04-26;03:00;-9999;948,4;948,5;948,2;-9999;22,8;19,9;23,3;22,1;20,6;19,9;90;83;84;189;5,1;2,8;
2011-04-26;04:00;-9999;948,2;948,5;948,1;-9999;21,3;17,9;22,8;21,3;19,9;17,9;84;80;81;159;9,4;4,4;
2011-04-26;05:00;-9999;948;948,2;948;-9999;19,9;17,2;21,3;19,9;17,9;17,2;85;81;85;157;9,4;4,2;
2011-04-26;06:00;-9999;947,7;948,2;947,7;-9999;19,2;17;19,9;19,2;17,2;17;88;84;87;140;7,7;5,1;
2011-04-26;07:00;-9999;947,2;947,7;947,2;-9999;19,2;16,3;19,4;19,1;17;16,3;87;83;83;140;8,5;4,2;
2011-04-26;08:00;-9999;947;947,2;947;-9999;19,2;16,1;19,2;19,1;16,3;16;84;82;82;132;7,3;3,1;
2011-04-26;09:00;-9999;947;947,1;946,8;-9999;19;15,9;19,4;19;16;15,9;82;80;82;143;8,5;4,6;
2011-04-26;10:00;-9999;947,3;947,3;947;2,6;19,2;15,8;19,2;18,6;16;15,8;85;81;81;128;8,2;3,3;
2011-04-26;11:00;-9999;947,9;947,9;947,3;306,3;20,6;17;20,6;19;17;15,8;82;78;80;96;7;3,2;
2011-04-26;12:00;-9999;948,5;948,5;947,9;980,2;22,3;17,3;22,3;20,6;17,5;16,5;80;73;73;87;8,1;3,6;
2011-04-26;13:00;-9999;948,6;948,7;948,5;1805,9;25,3;17,9;25,3;22,3;18;17,2;74;63;63;136;6,9;3,1;
2011-04-26;14:00;-9999;948,4;948,6;948,4;2573,7;27,6;17,8;27,8;25,3;18,7;17,6;65;54;55;97;6,2;4;
2011-04-26;15:00;-9999;947,8;948,4;947,8;2979;28,4;18,9;28,5;27,5;19,4;17,6;59;54;57;141;5,3;2,5;
2011-04-26;16:00;-9999;947,1;947,8;947,1;3107;29,8;17,2;30;28,4;19,3;17;57;46;47;127;4,8;1,7;
2011-04-26;17:00;-9999;946,4;947,1;946,4;3013,9;31,1;16,1;31,2;29,7;17,7;13,8;47;36;40;134;4,3;1,5;
2011-04-26;18:00;-9999;945,6;946,4;945,6;2722,9;31,1;14,9;32,4;31,1;16,4;13,7;41;33;37;285;4,1;1,8;
2011-04-26;19:00;-9999;945,3;945,6;945,1;1583;28,1;19,9;32,6;28,1;19,9;13,5;61;33;61;235;6,6;2,6;
2011-04-26;20:00;-9999;945,8;945,8;945,2;662,6;27,1;18,3;28,3;26,6;20,9;18,2;68;58;59;156;5,7;2,5;
2011-04-26;21:00;-9999;946,3;946,3;945,8;166,1;23,6;18,2;27,1;23,6;19,6;17,9;72;58;72;24;6,6;1,9;
2011-04-26;22:00;-9999;946,6;946,6;946,3;11,4;23,4;18,6;23,9;22,5;19,2;18,2;80;72;75;174;2,9;0;
2011-04-26;23:00;-9999;946,9;946,9;946,5;-9999;22,1;18,8;24,1;22,1;19;18,5;82;72;82;102;5,8;2,1;
2011-04-27;00:00;-9999;947,3;947,3;946,9;-9999;21,8;18,9;22,9;21,8;19,1;18,8;84;79;83;140;4,2;2,5;
2011-04-27;01:00;-9999;947,6;947,7;947,3;-9999;21,6;18,8;22;21,3;19;18,8;85;83;84;137;4,2;1,9;
2011-04-27;02:00;-9999;947,8;947,8;947,6;-9999;21;18,6;21,7;21;18,9;18,6;86;84;86;141;3,6;1,5;
2011-04-27;03:00;-9999;948,1;948,1;947,7;-9999;20,9;18,2;21,9;20,9;18,7;18,1;86;79;84;144;6,3;3,5;
2011-04-27;04:00;-9999;947,6;948,1;947,6;-9999;20,4;18,2;21,2;20,4;18,2;18;87;82;87;147;6,8;2,6;
2011-04-27;05:00;-9999;947,2;947,6;947,2;-9999;20,4;18,4;20,5;20,2;18,4;18,2;89;87;88;143;5,7;3,1;
2011-04-27;06:00;-9999;947,2;947,3;947,2;-9999;20,8;18,4;20,8;20,4;18,4;18,3;88;86;86;126;6,2;2,3;
2011-04-27;07:00;-9999;947,2;947,3;947,1;-9999;19,9;18,3;20,8;19,7;18,4;17,9;91;86;91;125;5,3;1,3;
2011-04-27;08:00;-9999;947,1;947,2;947,1;-9999;19,6;18,1;20,5;19,6;18,5;18,1;91;88;91;137;5,3;3,4;
2011-04-27;09:00;-9999;947,2;947,2;947,1;-9999;19,8;18,4;19,8;19,2;18,4;17,9;94;91;92;140;5,2;3,5;
2011-04-27;10:00;-9999;947,9;947,9;947,2;1,7;19,6;18,2;20;19,6;18,4;17,9;92;90;91;131;5,8;2,5;
2011-04-27;11:00;-9999;948,5;948,6;947,9;352,2;21,2;18,7;21,2;19,6;18,8;18,2;91;86;86;132;6,6;3,6;
2011-04-27;12:00;-9999;948,8;948,8;948,5;1153,4;24,3;19,4;24,3;21,2;19,4;18,8;86;74;74;130;7,6;3,6;
2011-04-27;13:00;-9999;949;949;948,8;1924;26,7;19,8;26,7;24,3;19,9;19,2;74;66;66;93;7,7;4,9;
2011-04-27;14:00;-9999;948,9;949;948,9;2555,3;27,7;19,6;28,2;26,3;20,3;19,2;67;59;61;95;7,5;4;
2011-04-27;15:00;-9999;948,2;948,9;948,2;2944,4;29,2;19,8;29,3;27,7;20,1;18,9;62;55;57;50;6,2;2,3;
2011-04-27;16:00;-9999;947,6;948,2;947,6;2555,3;29,7;19,6;30;28,3;20;18,6;58;52;55;4;5,3;2;
2011-04-27;17:00;-9999;946,4;947,7;946,4;3219,6;30,5;19,1;31,1;29,3;20,3;18,3;56;49;51;357;7,7;2,7;
2011-04-27;18:00;-9999;945,8;946,4;945,5;1545,4;25,9;21,3;31,4;25,7;21,7;17,7;79;47;75;277;7,3;3,1;
2011-04-27;19:00;-9999;946,5;946,5;945,5;344,2;23,5;19;26,9;23,5;22;18,2;77;64;76;139;8,1;4,5;
2011-04-27;20:00;-9999;945,9;947;945,9;447,5;22,3;19,7;23,5;21,5;19,8;18,8;89;76;85;145;8,1;2;
2011-04-27;21:00;-9999;946,1;946,3;945,9;464,1;21,6;18,9;23;21,6;20,4;18,8;86;80;85;52;4;2,3;
2011-04-27;22:00;-9999;946,5;946,5;946;28,3;21,1;18,2;21,6;20,6;19,1;18,2;90;83;83;163;3,3;1,6;
2011-04-27;23:00;-9999;947,4;947,4;946,5;-9999;20;18,5;21,6;20;18,6;17,8;91;79;91;105;5,1;2,7;
2011-04-28;00:00;-9999;947,9;947,9;947,4;-9999;19,5;17,6;20,4;19,5;18,5;17,6;91;85;89;84;4,9;2,1;
2011-04-28;01:00;-9999;948,1;948,2;947,9;-9999;19,7;17,2;20,4;19,4;17,6;17;89;82;86;82;3,3;1,9;
2011-04-28;02:00;-9999;948,2;948,3;948,1;-9999;19,9;16,7;20,6;19;17,3;16,6;88;78;82;118;3,5;1,8;
2011-04-28;03:00;-9999;948,2;948,4;948,1;-9999;18,8;17,2;20;18,8;17,2;16,5;90;81;90;122;5,4;3;
2011-04-28;04:00;-9999;947,5;948,2;947,5;-9999;19;17,2;19,4;18,3;17,2;16,7;91;87;89;54;5,3;3,7;
2011-04-28;05:00;-9999;947,1;947,6;947,1;-9999;19,2;17,2;19,2;18,8;17,2;16,9;90;88;88;83;5,3;3,2;
2011-04-28;06:00;-9999;946,8;947,2;946,8;-9999;18,9;16,7;19,3;18,3;17,1;16,5;90;86;87;126;5,1;1,9;
2011-04-28;07:00;-9999;946,8;946,9;946,8;-9999;18,5;16,9;19;17,5;16,9;16,2;93;87;91;93;5,8;2,3;
2011-04-28;08:00;-9999;946,8;947;946,7;-9999;18,5;16,6;18,7;18,2;16,9;16,6;91;88;89;94;4,8;2,6;
2011-04-28;09:00;-9999;946,9;946,9;946,8;-9999;19;16,3;19;18,1;16,6;16;90;85;85;78;5,2;4,2;
2011-04-28;10:00;-9999;947,6;947,6;946,9;2;18,4;16,1;19;18,3;16,3;16,1;87;85;86;74;5,2;3,5;
2011-04-28;11:00;-9999;948,3;948,3;947,6;378,6;20,9;17,5;20,9;18,3;17,5;16,1;87;81;81;95;4,7;2,2;
2011-04-28;12:00;-9999;948,5;948,5;948,3;1167,5;23,2;18,3;23,2;20,9;18,3;17,1;81;72;74;102;3,1;1,2;
2011-04-28;13:00;-9999;948,9;949;948,5;1950,5;25,5;18,4;25,5;23,2;19,2;17,8;74;64;65;55;5,1;3,4;
2011-04-28;14:00;-9999;948,9;949,1;948,9;2570,3;26,5;19,7;26,5;25,5;20,1;18,2;69;63;66;41;5,7;3,3;
2011-04-28;15:00;-9999;948,4;949;948,4;2969,7;26,9;18,9;27,4;26,1;20;17,7;66;59;62;10;6,1;3,4;
2011-04-28;16:00;-9999;947,7;948,4;947,7;3120,9;28,1;18,9;28,3;26,7;20,1;18,4;64;56;57;358;6,4;3,8;
2011-04-28;17:00;-9999;946,7;947,7;946,7;3035,7;28,3;18,5;28,8;27,8;19,3;17,8;59;52;55;19;7;4,2;
2011-04-28;18:00;-9999;945,8;946,7;945,8;2672,3;29,3;19;29,3;28,3;19,2;17,8;56;51;54;8;6,4;3,1;
2011-04-28;19:00;-9999;945,2;945,8;945,2;2092,3;29,1;17,5;29,4;28,7;18,7;16,6;54;47;50;21;5,9;4,2;
2011-04-28;20:00;-9999;945;945,2;944,9;1347;28,4;18,5;29,1;28,3;18,6;16,9;55;48;55;26;5,9;2,6;
2011-04-28;21:00;-9999;945,4;945,4;944,9;514,2;25,7;19,6;28,4;25,7;19,7;18,1;69;54;69;38;4,2;2,5;
2011-04-28;22:00;-9999;945,7;945,7;945,4;9,5;23,2;19,1;25,7;23,2;19,8;19,1;78;69;78;67;3,6;3,1;
2011-04-28;23:00;-9999;946;946;945,7;-9999;22,4;18,9;23,2;22,3;19,1;18,8;81;78;80;84;3,8;2,6;
2011-04-29;00:00;-9999;946,4;946,4;946;-9999;21,9;18,2;23,1;21,4;18,9;18,1;83;74;80;140;4,2;,8;
2011-04-29;01:00;-9999;946,5;946,6;946,4;-9999;20,8;18;22,6;20,1;18,2;17,4;86;74;84;154;3,1;1,1;
2011-04-29;02:00;-9999;946,4;946,6;946,4;-9999;20,7;17;20,9;20,2;18;17;85;79;80;136;5,1;2,7;
2011-04-29;03:00;-9999;946,2;946,4;946,2;-9999;21,7;17,1;21,8;19,7;17,5;16,8;84;75;75;113;5,1;2,4;
2011-04-29;04:00;-9999;946;946,2;946;-9999;20,9;17;22,3;20,4;17,1;16,7;80;72;78;133;4,5;2,6;
2011-04-29;05:00;-9999;945,5;946;945,5;-9999;21,1;17;22,2;20,5;17,1;16,7;79;72;78;125;4,5;2,2;
2011-04-29;06:00;-9999;945,2;945,5;945,2;-9999;20,2;17,1;21,1;19,8;17,3;16,7;83;77;82;97;3,4;2,2;
2011-04-29;07:00;-9999;945,1;945,2;945,1;-9999;19,6;17,3;20,3;18,8;17,3;16,7;89;82;86;80;3,5;2,8;
2011-04-29;08:00;-9999;945,4;945,4;945,1;-9999;19,4;17,2;19,8;19;17,3;16,9;88;85;87;81;4,4;3,4;
2011-04-29;09:00;-9999;946;946;945,3;-9999;19;17,1;19,8;18,8;17,4;16,8;89;85;89;79;4,4;2,6;
2011-04-29;10:00;-9999;946,7;946,7;946;1,8;19,1;17;19,8;19;17,3;16,7;89;84;87;98;4,6;2,7;
2011-04-29;11:00;-9999;947,4;947,4;946,7;358,7;22;18;22;19,1;18;17;87;78;78;82;5,9;3,9;
2011-04-29;12:00;-9999;947,8;947,8;947,4;1159,5;24,7;19,4;24,7;22;19,4;17,9;78;71;72;58;6,1;4,1;
2011-04-29;13:00;-9999;948,3;948,3;947,8;1919,5;26,1;18,8;26,1;24,5;19,5;18,3;72;64;64;44;6,9;5,1;
2011-04-29;14:00;-9999;948,1;948,3;948,1;2545,4;27,5;19,2;27,6;26;19,5;18,5;66;59;60;46;7,6;4;
2011-04-29;15:00;-9999;947,5;948,1;947,5;2938,3;27,8;19;28,2;27,1;19,8;18,6;62;58;59;32;7,6;5,2;
2011-04-29;16:00;-9999;946,6;947,5;946,6;3073;28,9;19,4;29,1;27,8;20,3;18,8;61;55;57;33;8,1;4,9;
2011-04-29;17:00;-9999;945,6;946,6;945,6;2687,5;29,4;19,3;29,6;27,8;20,1;18,9;61;54;55;14;7,5;4,9;
2011-04-29;18:00;-9999;944,6;945,6;944,6;2650,5;29,4;18,9;29,9;28,8;19,9;18,7;57;53;53;26;7,4;4;
2011-04-29;19:00;-9999;943,8;944,6;943,8;2112,1;29;19,2;30,2;28,9;20,1;18,6;56;52;56;23;7,3;4,4;
2011-04-29;20:00;-9999;943,7;943,8;943,6;1209,5;27,4;18,7;29,3;27,4;19,4;18,3;59;52;59;29;6,6;3,6;
2011-04-29;21:00;-9999;943,6;943,8;943,6;297,3;25,9;20,2;27,4;25,9;20,2;18,7;71;59;71;39;5,4;1,9;
2011-04-29;22:00;-9999;943,1;943,6;943,1;8,3;23,2;19,5;25,9;23,2;20,1;19,5;80;71;80;44;3,7;3,2;
2011-04-29;23:00;-9999;943,9;943,9;943,1;-9999;23;19,7;23,2;22,1;19,7;19,4;85;80;82;53;3,5;3;
2011-04-30;00:00;-9999;944,1;944,2;943,9;-9999;23;19,7;23,2;22,8;19,8;19,7;83;81;82;77;3,4;2,7;
2011-04-30;01:00;-9999;944,6;944,6;944,1;-9999;22,6;19,5;23,3;22,6;19,7;19,5;83;79;83;61;3,6;2,7;
2011-04-30;02:00;-9999;944,6;944,8;944,5;-9999;22;18,8;22,6;21,9;19,5;18,8;84;82;82;81;4;2,9;
2011-04-30;03:00;-9999;944,9;944,9;944,6;-9999;21,5;18,5;22;21;18,8;18,5;86;82;83;72;4;1,2;
2011-04-30;04:00;-9999;945,3;945,3;944,9;-9999;21,2;17,6;21,8;20,9;18,5;17,6;83;79;80;65;3,4;2,5;
2011-04-30;05:00;-9999;944,9;945,3;944,8;-9999;21,3;18,3;21,4;20,4;18,3;17,5;84;80;83;56;3,4;2,4;
2011-04-30;06:00;-9999;944,5;944,9;944,5;-9999;21,8;18,3;21,9;21,2;18,4;18,1;84;79;81;63;3,1;2,2;
2011-04-30;07:00;-9999;944,5;944,7;944,3;-9999;21,1;18,3;21,8;21,1;18,4;18,2;84;81;84;51;3,5;3,1;
2011-04-30;08:00;-9999;944,6;944,7;944,3;-9999;20,6;18,5;21,1;20,6;18,5;18,3;88;84;88;31;3,8;2,2;
2011-04-30;09:00;-9999;945;945;944,3;-9999;20,5;18,6;20,7;20,1;18,6;18,3;90;87;89;32;4,7;3,7;
2011-04-30;10:00;-9999;945,9;945,9;945;11,5;21,2;18,7;21,2;20,5;18,7;18,5;89;85;86;32;4,9;2,6;
2011-04-30;11:00;-9999;948,7;948,8;945,9;9,9;16,9;16,5;21,2;16,9;18,7;16,1;97;83;97;209;14;4,5;
2011-04-30;12:00;-9999;949,5;949,5;948,7;121;17,5;17,1;17,5;16,9;17,1;16,5;98;97;97;182;8,3;1,3;
2011-04-30;13:00;-9999;949,3;949,8;949,1;109,9;17,8;17,2;17,8;17,5;17,2;17;97;97;97;156;6,7;2,7;
2011-04-30;14:00;-9999;949;949,7;949;559;18,7;17,8;18,7;17,8;17,8;17,1;97;94;95;142;8,5;5,3;
2011-04-30;15:00;-9999;947,8;949;947,8;894,7;19,3;18,1;19,3;18,7;18,1;17,5;94;92;93;146;8,6;4,4;
2011-04-30;16:00;-9999;946,7;947,8;946,7;1759,7;22,3;19,6;22,3;19,3;19,8;17,9;93;85;85;113;8,7;3,3;
2011-04-30;17:00;-9999;945,9;946,7;945,9;1986,4;23,8;20,4;23,8;22,1;20,8;19,2;87;81;82;83;6,4;2,4;
2011-04-30;18:00;-9999;944,9;945,9;944,9;2271;25,2;20,5;25,4;23,7;20,9;19,8;82;72;76;61;4,7;2;
2011-04-30;19:00;-9999;944,4;944,9;944,4;1676,3;25,6;20;26,5;25,2;21,3;19,6;78;69;71;46;3,6;1,1;
2011-04-30;20:00;-9999;944,5;944,5;944,2;1029,8;25,8;20,9;25,9;25,5;21,1;20;76;71;74;32;2,7;,4;
2011-04-30;21:00;-9999;944,9;944,9;944,5;265,1;23,8;21,7;25,8;23,8;21,8;20,5;88;74;88;319;1,7;0;
2011-04-30;22:00;-9999;944,8;945;944,8;5,4;22,7;20,9;23,8;22,7;21,6;20,6;90;85;90;84;0;0;
2011-04-30;23:00;-9999;945;945;944,6;-9999;22,6;20,8;23,2;22,5;21,4;20,4;91;87;89;144;0;0;
2011-05-01;00:00;0;945,1;945,2;945;-9999;22,1;20,4;23,1;22,1;20,9;20,3;90;86;90;124;3,4;1,5;
2011-05-01;01:00;0;945,6;945,6;945;-9999;22,6;20,2;22,8;22,1;20,6;20,1;90;86;86;121;4;1,6;
2011-05-01;02:00;0;945,7;945,7;945,5;-9999;22,4;20;22,6;21,7;20,4;19,8;89;86;86;124;3,6;1,8;
2011-05-01;03:00;0;946;946;945,6;-9999;21,9;19,9;22,5;21,4;20,1;19,5;90;86;88;135;3,4;1,2;
2011-05-01;04:00;0;945,8;946;945,8;-9999;21,2;19,7;22;21;20,1;19,2;92;88;91;120;3,2;1,5;
2011-05-01;05:00;0;945,6;945,9;945,6;-9999;21,3;19,4;22,4;20,8;20;19;91;85;89;128;3,9;1,3;
2011-05-01;06:00;0;945,4;945,7;945,4;-9999;21,6;19,6;21,9;20,6;19,8;19;92;87;89;129;3,7;1,8;
2011-05-01;07:00;0;945,7;945,7;945,4;-9999;20,5;19,4;21,8;20,5;19,7;19,2;93;88;93;150;4;1,9;
2011-05-01;08:00;0;945,7;945,7;945,5;-9999;21,3;19,6;21,7;20,5;20;19,4;94;88;90;133;4,5;2,8;
2011-05-01;09:00;0;946,1;946,1;945,7;-9999;21;19,5;21,4;20,6;19,7;19,3;93;89;92;138;3,9;2;
2011-05-01;10:00;0;946,8;946,8;946,1;,5;21,4;19,6;21,5;20,9;19,7;19,4;92;89;89;138;4,6;2,8;
2011-05-01;11:00;0;947,6;947,6;946,8;104,1;21,3;20;21,5;21,1;20;19,5;92;89;92;148;4,5;1,6;
2011-05-01;12:00;0;947,9;948;947,6;1081,5;24;19,6;24;21,3;20,7;19,6;92;76;76;139;4,8;2,6;
2011-05-01;13:00;0;948,4;948,4;947,9;1515,9;24,3;19,9;24,8;23,4;21;19,3;82;75;76;108;5,2;3,1;
2011-05-01;14:00;0;948,5;948,5;948,2;1162,8;24,7;19,9;25,2;24,3;20,3;19,2;77;71;75;181;5;,3;
2011-05-01;15:00;0;948,2;948,5;948,2;543,4;22,4;21,2;24,7;22,3;21,4;19,8;93;74;93;225;4,7;2,1;
2011-05-01;16:00;0;947,7;948,2;947,6;1261,4;22,2;20,9;23,4;22,2;21,9;20,7;94;88;92;227;5,5;1,6;
2011-05-01;17:00;0;947,2;947,8;947;474,4;21,7;20,9;22,3;21,3;21,1;20,3;96;92;95;188;6,3;,7;
2011-05-01;18:00;0;946,4;947,2;946,2;1926,4;23,8;21,1;24,4;21,6;22,4;20,5;95;83;85;221;5,1;2,1;
2011-05-01;19:00;0;945,8;946,4;945,8;767,1;22,6;20,5;23,9;22,6;21,6;20,1;91;83;88;244;6,3;2,7;
2011-05-01;20:00;0;946,1;946,1;945,7;667,5;22,9;20,7;23,2;22,6;21;20,2;89;85;87;237;6,6;2;
2011-05-01;21:00;0;946,6;946,6;946,1;155,4;20,8;19,7;22,9;20,8;20,7;19,7;93;87;93;220;8;3,8;
2011-05-01;22:00;0;947;947,1;946,6;5,6;20,2;19,5;20,8;20,2;19,8;19,5;96;93;96;221;8;3;
2011-05-01;23:00;0;947,8;947,8;947;-9999;19,6;18,9;20,2;19,5;19,5;18,9;96;96;96;209;6,4;3,3;
2011-05-02;00:00;0;948,8;948,8;947,8;-9999;19,4;18,9;19,6;19,3;19;18,8;97;96;97;202;6,1;1,6;
2011-05-02;01:00;0;949,3;949,3;948,8;1;19;18,5;19,4;19;18,9;18,5;97;97;97;220;6,7;2,7;
2011-05-02;02:00;0;949,2;949,4;949,2;,1;18,8;18,4;19;18,8;18,6;18,4;98;97;98;208;5,9;2,3;
2011-05-02;03:00;0;949,1;949,2;949,1;-9999;18,1;17,8;18,8;18,1;18,4;17,7;98;98;98;204;5,8;2,4;
2011-05-02;04:00;0;948,9;949,1;948,9;-9999;18;17,7;18,2;18;17,8;17,6;98;98;98;203;7;2,2;
2011-05-02;05:00;0;948,7;948,9;948,7;-9999;18,1;17,7;18,1;17,9;17,7;17,6;98;98;98;194;5,6;1,4;
2011-05-02;06:00;0;948,5;948,7;948,4;-9999;18,2;17,8;18,2;18;17,9;17,7;98;98;98;191;3,7;1,6;
2011-05-02;07:00;0;948,2;948,5;948,1;0;17,8;17,4;18,2;17,8;17,8;17,4;98;98;98;210;6;3,2;
2011-05-02;08:00;0;948,4;948,5;948,1;,4;17,7;17,3;17,9;17,7;17,5;17,3;98;98;98;214;6,5;3,5;
2011-05-02;09:00;0;949;949;948,4;,1;17,5;17,2;17,7;17,5;17,4;17,2;98;98;98;203;6,2;2,1;
2011-05-02;10:00;0;949,6;949,6;949;2,7;17,5;17,1;17,6;17,4;17,2;17,1;98;98;98;193;5,9;0;
2011-05-02;11:00;0;950,6;950,7;949,6;73,5;17,3;16,9;17,5;17,2;17,1;16,8;98;97;98;201;5,7;2,2;
2011-05-02;12:00;0;951;951,1;950,6;333,2;17,7;17,3;17,7;17,2;17,3;16,8;98;97;97;197;6;1,6;
2011-05-02;13:00;0;951,3;951,3;951;747,2;18,5;17;18,5;17,6;17,4;16,7;97;90;91;193;5,2;2;
2011-05-02;14:00;0;951,2;951,3;951,2;963,2;18,7;16,9;19,6;18,4;17,8;16,8;92;86;89;197;5,1;2,4;
2011-05-02;15:00;0;950,6;951,2;950,6;890,5;18,6;17,2;19,9;18,6;17,6;16,8;93;85;92;208;6,6;2,9;
2011-05-02;16:00;0;950,2;950,7;950,2;1329,2;19,5;17;20,1;18,2;17,7;16,6;93;83;85;198;5,6;2,7;
2011-05-02;17:00;0;950,1;950,3;950,1;1068,1;19,6;17,5;20,1;18,5;17,5;16,2;88;81;88;196;6,6;2;
2011-05-02;18:00;2,6;949,7;950,1;949,7;712,8;18,9;15,8;19,7;18,7;16,9;15,8;88;82;82;187;5,9;1,7;
2011-05-02;19:00;5,2;949,4;949,7;949,4;414,4;18,6;15,8;19;18,5;16,3;15,7;85;82;84;181;5,4;2;
2011-05-02;20:00;0;949,7;949,7;949,4;255,2;18,3;15,9;18,7;18,3;16,2;15,8;86;84;86;189;5,1;1,4;
2011-05-02;21:00;0;950;950;949,7;121,9;17,9;16,4;18,3;17,7;16,4;16;91;86;91;195;5,4;,7;
2011-05-02;22:00;0;950,1;950,1;949,9;6,3;17,7;16,3;17,9;17,7;16,5;16,3;92;91;92;199;3,6;,3;
2011-05-02;23:00;0;950,6;950,6;950,1;-9999;17,4;16,2;17,7;17,4;16,4;16,2;93;92;93;195;4,1;,2;
2011-05-03;00:00;0;951,3;951,3;950,6;-9999;17;16;17,4;17;16,3;16;94;92;94;190;3,9;,6;
2011-05-03;01:00;0;951,3;951,4;951,2;-9999;17;15,8;17;16,9;16,1;15,8;95;93;93;191;3,9;1,2;
2011-05-03;02:00;0;951,3;951,4;951,2;-9999;16,8;15,6;17;16,8;15,8;15,6;93;92;92;188;3,9;0;
2011-05-03;03:00;0;951;951,3;951;-9999;16,9;15,2;16,9;16,8;15,7;15,2;93;90;90;186;3,6;,2;
2011-05-03;04:00;0;950,8;951,1;950,8;-9999;16,5;14,9;16,9;16,5;15,3;14,9;91;89;91;181;3,5;,1;
2011-05-03;05:00;0;950,4;950,8;950,4;-9999;15,7;14,9;16,5;15,7;15;14,8;95;91;95;178;3,4;,1;
2011-05-03;06:00;0;950,2;950,4;950,1;-9999;15,1;13,9;15,7;15,1;15;13,9;95;93;93;178;4,9;,9;
2011-05-03;07:00;0;950;950,2;950;-9999;15;14;15,1;15;14,1;13,6;94;91;94;184;4,4;1,3;
2011-05-03;08:00;0;949,9;950,1;949,8;-9999;14,6;13,6;15;14,6;14,1;13,5;94;93;93;177;4,9;1,6;
2011-05-03;09:00;0;949,9;949,9;949,7;-9999;14,5;13,3;14,6;14,4;13,5;13,2;93;92;93;171;5,3;2,1;
2011-05-03;10:00;0;950,4;950,5;949,9;2,9;14,5;13,2;14,5;14,4;13,4;13,1;93;91;92;167;5,8;2,5;
2011-05-03;11:00;0;951,1;951,2;950,4;139,2;14,8;13,1;14,9;14,5;13,3;13;92;90;90;162;7,1;2,7;
2011-05-03;12:00;0;951,5;951,5;951,1;394,4;15,3;13,5;15,4;14,8;13,6;13,1;91;89;89;152;8,4;4,1;
2011-05-03;13:00;,6;951,8;951,8;951,5;623;15,8;13,7;15,8;15,3;13,9;13,4;90;87;88;141;8,4;4,9;
2011-05-03;14:00;3;952;952;951,8;1140,2;17,4;14,6;17,5;15,8;14,8;13,8;88;82;84;156;6,8;1,7;
2011-05-03;15:00;0;951,2;952;951,2;2088,6;19,6;15,3;19,6;17,2;15,5;14;84;75;76;149;5,3;2,7;
2011-05-03;16:00;0;950,3;951,2;950,3;2702,8;21,3;15,7;21,6;19,1;16,3;14,7;78;70;70;211;5,3;1;
2011-05-03;17:00;0;949,4;950,3;949,4;2851;21,9;16,2;22,5;20,5;16,7;15,1;74;66;70;166;4,6;1,4;
2011-05-03;18:00;0;948,7;949,4;948,7;2605,5;22,9;16;23,6;21,6;17,1;15,4;71;63;65;161;6,4;2,2;
2011-05-03;19:00;0;948,2;948,7;948,2;2010,3;23,5;16,3;23,9;22,9;17;15,9;68;62;64;214;6,4;2,4;
2011-05-03;20:00;0;948,4;948,4;948,2;1287,3;23,4;16,3;23,9;23,3;16,8;15,8;66;62;65;216;4,8;2,5;
2011-05-03;21:00;0;948,8;948,8;948,4;454,4;21,4;16,3;23,4;21,4;16,8;15,7;74;64;73;203;4,7;1,5;
2011-05-03;22:00;0;949,1;949,1;948,8;14,1;18,9;15,9;21,4;18,9;16,4;15,9;83;73;83;205;4,2;1,4;
2011-05-03;23:00;0;949,7;949,7;949,1;-9999;17,8;15,7;18,9;17,8;15,9;15,7;87;83;87;192;2,7;1,2;
2011-05-04;00:00;0;950,1;950,1;949,7;-9999;17,5;15,2;17,8;17,5;15,7;15,2;88;86;87;194;2,5;1,3;
2011-05-04;01:00;0;950,1;950,1;950;-9999;17;14,8;17,8;17;15,2;14,7;87;84;87;202;3,1;1;
2011-05-04;02:00;0;950,1;950,1;950;-9999;16,5;14,5;17,1;16,5;14,8;14,4;88;86;88;197;2,5;0;
2011-05-04;03:00;0;949,9;950,1;949,9;-9999;16,7;14,3;16,7;16,4;14,5;14,3;88;86;86;190;1,9;,7;
2011-05-04;04:00;0;949,7;949,9;949,5;-9999;17;14;17,1;16,7;14,3;13,9;86;82;82;164;2,7;1,5;
2011-05-04;05:00;0;949;949,7;949;-9999;16;13,7;17;15,9;14;13,7;87;82;87;156;3,9;2,1;
2011-05-04;06:00;0;948,7;949,1;948,7;-9999;15,8;13,8;16;15,7;13,8;13,7;88;87;88;155;3,6;2,5;
2011-05-04;07:00;0;948,5;948,7;948,5;-9999;15,5;13,8;16,2;15,5;13,9;13,6;90;86;90;154;3,6;1,5;
2011-05-04;08:00;0;948;948,5;948;-9999;15,4;14;15,5;15,3;14;13,8;92;90;92;157;3,2;,9;
2011-05-04;09:00;0;948;948;947,9;-9999;15,5;14,2;15,5;15,2;14,2;13,9;93;91;92;142;5,1;3,9;
2011-05-04;10:00;0;948,9;948,9;948;4,5;16,4;14,5;16,4;15,2;14,6;14;93;88;88;142;5,6;3,3;
2011-05-04;11:00;0;949,6;949,6;948,9;356,2;17,4;15;17,4;16,3;15;14,4;89;85;86;141;7;4,2;
2011-05-04;12:00;0;950,1;950,2;949,6;1007,7;19,2;15,3;19,3;17,4;15,6;15;86;78;78;133;7;2,7;
2011-05-04;13:00;0;950,5;950,5;950,1;1952,9;22,6;17,2;22,6;19,2;17,4;15,4;79;70;71;108;6,8;3,9;
2011-05-04;14:00;0;950,5;950,6;950,4;2470,2;24,5;17,1;24,7;22,5;17,9;16,6;72;63;63;87;6,3;3,3;
2011-05-04;15:00;0;949,7;950,5;949,7;2931,1;26;17,6;26,5;24,5;18,7;16,9;66;59;60;66;5,6;2,2;
2011-05-04;16:00;-9999;-9999;-9999;-9999;-9999;-9999;-9999;-9999;-9999;-9999;-9999;-9999;-9999;-9999;-9999;-9999;-9999;
2011-05-04;17:00;-9999;-9999;-9999;-9999;-9999;-9999;-9999;-9999;-9999;-9999;-9999;-9999;-9999;-9999;-9999;-9999;-9999;
2011-05-04;18:00;-9999;-9999;-9999;-9999;-9999;-9999;-9999;-9999;-9999;-9999;-9999;-9999;-9999;-9999;-9999;-9999;-9999;
2011-05-04;19:00;-9999;-9999;-9999;-9999;-9999;-9999;-9999;-9999;-9999;-9999;-9999;-9999;-9999;-9999;-9999;-9999;-9999;
2011-05-04;20:00;-9999;-9999;-9999;-9999;-9999;-9999;-9999;-9999;-9999;-9999;-9999;-9999;-9999;-9999;-9999;-9999;-9999;
2011-05-04;21:00;-9999;-9999;-9999;-9999;-9999;-9999;-9999;-9999;-9999;-9999;-9999;-9999;-9999;-9999;-9999;-9999;-9999;
2011-05-04;22:00;-9999;-9999;-9999;-9999;-9999;-9999;-9999;-9999;-9999;-9999;-9999;-9999;-9999;-9999;-9999;-9999;-9999;
2011-05-04;23:00;-9999;-9999;-9999;-9999;-9999;-9999;-9999;-9999;-9999;-9999;-9999;-9999;-9999;-9999;-9999;-9999;-9999;
2011-05-05;00:00;-9999;-9999;-9999;-9999;-9999;-9999;-9999;-9999;-9999;-9999;-9999;-9999;-9999;-9999;-9999;-9999;-9999;
2011-05-05;01:00;-9999;-9999;-9999;-9999;-9999;-9999;-9999;-9999;-9999;-9999;-9999;-9999;-9999;-9999;-9999;-9999;-9999;
2011-05-05;02:00;-9999;-9999;-9999;-9999;-9999;-9999;-9999;-9999;-9999;-9999;-9999;-9999;-9999;-9999;-9999;-9999;-9999;
2011-05-05;03:00;-9999;-9999;-9999;-9999;-9999;-9999;-9999;-9999;-9999;-9999;-9999;-9999;-9999;-9999;-9999;-9999;-9999;
2011-05-05;04:00;-9999;-9999;-9999;-9999;-9999;-9999;-9999;-9999;-9999;-9999;-9999;-9999;-9999;-9999;-9999;-9999;-9999;
2011-05-05;05:00;-9999;-9999;-9999;-9999;-9999;-9999;-9999;-9999;-9999;-9999;-9999;-9999;-9999;-9999;-9999;-9999;-9999;
2011-05-05;06:00;-9999;-9999;-9999;-9999;-9999;-9999;-9999;-9999;-9999;-9999;-9999;-9999;-9999;-9999;-9999;-9999;-9999;
2011-05-05;07:00;-9999;-9999;-9999;-9999;-9999;-9999;-9999;-9999;-9999;-9999;-9999;-9999;-9999;-9999;-9999;-9999;-9999;
2011-05-05;08:00;-9999;-9999;-9999;-9999;-9999;-9999;-9999;-9999;-9999;-9999;-9999;-9999;-9999;-9999;-9999;-9999;-9999;
2011-05-05;09:00;-9999;-9999;-9999;-9999;-9999;-9999;-9999;-9999;-9999;-9999;-9999;-9999;-9999;-9999;-9999;-9999;-9999;
2011-05-05;10:00;-9999;-9999;-9999;-9999;-9999;-9999;-9999;-9999;-9999;-9999;-9999;-9999;-9999;-9999;-9999;-9999;-9999;
2011-05-05;11:00;-9999;-9999;-9999;-9999;-9999;-9999;-9999;-9999;-9999;-9999;-9999;-9999;-9999;-9999;-9999;-9999;-9999;
2011-05-05;12:00;-9999;-9999;-9999;-9999;-9999;-9999;-9999;-9999;-9999;-9999;-9999;-9999;-9999;-9999;-9999;-9999;-9999;
2011-05-05;13:00;-9999;-9999;-9999;-9999;-9999;-9999;-9999;-9999;-9999;-9999;-9999;-9999;-9999;-9999;-9999;-9999;-9999;
2011-05-05;14:00;-9999;-9999;-9999;-9999;-9999;-9999;-9999;-9999;-9999;-9999;-9999;-9999;-9999;-9999;-9999;-9999;-9999;
2011-05-05;15:00;-9999;-9999;-9999;-9999;-9999;-9999;-9999;-9999;-9999;-9999;-9999;-9999;-9999;-9999;-9999;-9999;-9999;
2011-05-05;16:00;-9999;-9999;-9999;-9999;-9999;-9999;-9999;-9999;-9999;-9999;-9999;-9999;-9999;-9999;-9999;-9999;-9999;
2011-05-05;17:00;-9999;-9999;-9999;-9999;-9999;-9999;-9999;-9999;-9999;-9999;-9999;-9999;-9999;-9999;-9999;-9999;-9999;
2011-05-05;18:00;-9999;-9999;-9999;-9999;-9999;-9999;-9999;-9999;-9999;-9999;-9999;-9999;-9999;-9999;-9999;-9999;-9999;
2011-05-05;19:00;-9999;-9999;-9999;-9999;-9999;-9999;-9999;-9999;-9999;-9999;-9999;-9999;-9999;-9999;-9999;-9999;-9999;
2011-05-05;20:00;-9999;-9999;-9999;-9999;-9999;-9999;-9999;-9999;-9999;-9999;-9999;-9999;-9999;-9999;-9999;-9999;-9999;
2011-05-05;21:00;-9999;-9999;-9999;-9999;-9999;-9999;-9999;-9999;-9999;-9999;-9999;-9999;-9999;-9999;-9999;-9999;-9999;
2011-05-05;22:00;-9999;-9999;-9999;-9999;-9999;-9999;-9999;-9999;-9999;-9999;-9999;-9999;-9999;-9999;-9999;-9999;-9999;
2011-05-05;23:00;-9999;-9999;-9999;-9999;-9999;-9999;-9999;-9999;-9999;-9999;-9999;-9999;-9999;-9999;-9999;-9999;-9999;
2011-05-06;00:00;-9999;-9999;-9999;-9999;-9999;-9999;-9999;-9999;-9999;-9999;-9999;-9999;-9999;-9999;-9999;-9999;-9999;
2011-05-06;01:00;-9999;-9999;-9999;-9999;-9999;-9999;-9999;-9999;-9999;-9999;-9999;-9999;-9999;-9999;-9999;-9999;-9999;
2011-05-06;02:00;-9999;-9999;-9999;-9999;-9999;-9999;-9999;-9999;-9999;-9999;-9999;-9999;-9999;-9999;-9999;-9999;-9999;
2011-05-06;03:00;-9999;-9999;-9999;-9999;-9999;-9999;-9999;-9999;-9999;-9999;-9999;-9999;-9999;-9999;-9999;-9999;-9999;
2011-05-06;04:00;-9999;-9999;-9999;-9999;-9999;-9999;-9999;-9999;-9999;-9999;-9999;-9999;-9999;-9999;-9999;-9999;-9999;
2011-05-06;05:00;-9999;-9999;-9999;-9999;-9999;-9999;-9999;-9999;-9999;-9999;-9999;-9999;-9999;-9999;-9999;-9999;-9999;
2011-05-06;06:00;-9999;-9999;-9999;-9999;-9999;-9999;-9999;-9999;-9999;-9999;-9999;-9999;-9999;-9999;-9999;-9999;-9999;
2011-05-06;07:00;-9999;-9999;-9999;-9999;-9999;-9999;-9999;-9999;-9999;-9999;-9999;-9999;-9999;-9999;-9999;-9999;-9999;
2011-05-06;08:00;-9999;-9999;-9999;-9999;-9999;-9999;-9999;-9999;-9999;-9999;-9999;-9999;-9999;-9999;-9999;-9999;-9999;
2011-05-06;09:00;-9999;-9999;-9999;-9999;-9999;-9999;-9999;-9999;-9999;-9999;-9999;-9999;-9999;-9999;-9999;-9999;-9999;
2011-05-06;10:00;-9999;-9999;-9999;-9999;-9999;-9999;-9999;-9999;-9999;-9999;-9999;-9999;-9999;-9999;-9999;-9999;-9999;
2011-05-06;11:00;-9999;-9999;-9999;-9999;-9999;-9999;-9999;-9999;-9999;-9999;-9999;-9999;-9999;-9999;-9999;-9999;-9999;
2011-05-06;12:00;-9999;-9999;-9999;-9999;-9999;-9999;-9999;-9999;-9999;-9999;-9999;-9999;-9999;-9999;-9999;-9999;-9999;
2011-05-06;13:00;-9999;-9999;-9999;-9999;-9999;-9999;-9999;-9999;-9999;-9999;-9999;-9999;-9999;-9999;-9999;-9999;-9999;
2011-05-06;14:00;-9999;-9999;-9999;-9999;-9999;-9999;-9999;-9999;-9999;-9999;-9999;-9999;-9999;-9999;-9999;-9999;-9999;
2011-05-06;15:00;-9999;-9999;-9999;-9999;-9999;-9999;-9999;-9999;-9999;-9999;-9999;-9999;-9999;-9999;-9999;-9999;-9999;
2011-05-06;16:00;-9999;-9999;-9999;-9999;-9999;-9999;-9999;-9999;-9999;-9999;-9999;-9999;-9999;-9999;-9999;-9999;-9999;
2011-05-06;17:00;-9999;-9999;-9999;-9999;-9999;-9999;-9999;-9999;-9999;-9999;-9999;-9999;-9999;-9999;-9999;-9999;-9999;
2011-05-06;18:00;-9999;-9999;-9999;-9999;-9999;-9999;-9999;-9999;-9999;-9999;-9999;-9999;-9999;-9999;-9999;-9999;-9999;
2011-05-06;19:00;-9999;-9999;-9999;-9999;-9999;-9999;-9999;-9999;-9999;-9999;-9999;-9999;-9999;-9999;-9999;-9999;-9999;
2011-05-06;20:00;-9999;-9999;-9999;-9999;-9999;-9999;-9999;-9999;-9999;-9999;-9999;-9999;-9999;-9999;-9999;-9999;-9999;
2011-05-06;21:00;-9999;-9999;-9999;-9999;-9999;-9999;-9999;-9999;-9999;-9999;-9999;-9999;-9999;-9999;-9999;-9999;-9999;
2011-05-06;22:00;-9999;-9999;-9999;-9999;-9999;-9999;-9999;-9999;-9999;-9999;-9999;-9999;-9999;-9999;-9999;-9999;-9999;
2011-05-06;23:00;-9999;-9999;-9999;-9999;-9999;-9999;-9999;-9999;-9999;-9999;-9999;-9999;-9999;-9999;-9999;-9999;-9999;
2011-05-07;00:00;-9999;-9999;-9999;-9999;-9999;-9999;-9999;-9999;-9999;-9999;-9999;-9999;-9999;-9999;-9999;-9999;-9999;
2011-05-07;01:00;-9999;-9999;-9999;-9999;-9999;-9999;-9999;-9999;-9999;-9999;-9999;-9999;-9999;-9999;-9999;-9999;-9999;
2011-05-07;02:00;-9999;-9999;-9999;-9999;-9999;-9999;-9999;-9999;-9999;-9999;-9999;-9999;-9999;-9999;-9999;-9999;-9999;
2011-05-07;03:00;-9999;-9999;-9999;-9999;-9999;-9999;-9999;-9999;-9999;-9999;-9999;-9999;-9999;-9999;-9999;-9999;-9999;
2011-05-07;04:00;-9999;-9999;-9999;-9999;-9999;-9999;-9999;-9999;-9999;-9999;-9999;-9999;-9999;-9999;-9999;-9999;-9999;
2011-05-07;05:00;-9999;-9999;-9999;-9999;-9999;-9999;-9999;-9999;-9999;-9999;-9999;-9999;-9999;-9999;-9999;-9999;-9999;
2011-05-07;06:00;-9999;-9999;-9999;-9999;-9999;-9999;-9999;-9999;-9999;-9999;-9999;-9999;-9999;-9999;-9999;-9999;-9999;
2011-05-07;07:00;-9999;-9999;-9999;-9999;-9999;-9999;-9999;-9999;-9999;-9999;-9999;-9999;-9999;-9999;-9999;-9999;-9999;
2011-05-07;08:00;-9999;-9999;-9999;-9999;-9999;-9999;-9999;-9999;-9999;-9999;-9999;-9999;-9999;-9999;-9999;-9999;-9999;
2011-05-07;09:00;-9999;-9999;-9999;-9999;-9999;-9999;-9999;-9999;-9999;-9999;-9999;-9999;-9999;-9999;-9999;-9999;-9999;
2011-05-07;10:00;-9999;-9999;-9999;-9999;-9999;-9999;-9999;-9999;-9999;-9999;-9999;-9999;-9999;-9999;-9999;-9999;-9999;
2011-05-07;11:00;-9999;-9999;-9999;-9999;-9999;-9999;-9999;-9999;-9999;-9999;-9999;-9999;-9999;-9999;-9999;-9999;-9999;
2011-05-07;12:00;-9999;-9999;-9999;-9999;-9999;-9999;-9999;-9999;-9999;-9999;-9999;-9999;-9999;-9999;-9999;-9999;-9999;
2011-05-07;13:00;-9999;-9999;-9999;-9999;-9999;-9999;-9999;-9999;-9999;-9999;-9999;-9999;-9999;-9999;-9999;-9999;-9999;
2011-05-07;14:00;-9999;-9999;-9999;-9999;-9999;-9999;-9999;-9999;-9999;-9999;-9999;-9999;-9999;-9999;-9999;-9999;-9999;
2011-05-07;15:00;-9999;-9999;-9999;-9999;-9999;-9999;-9999;-9999;-9999;-9999;-9999;-9999;-9999;-9999;-9999;-9999;-9999;
2011-05-07;16:00;-9999;-9999;-9999;-9999;-9999;-9999;-9999;-9999;-9999;-9999;-9999;-9999;-9999;-9999;-9999;-9999;-9999;
2011-05-07;17:00;-9999;-9999;-9999;-9999;-9999;-9999;-9999;-9999;-9999;-9999;-9999;-9999;-9999;-9999;-9999;-9999;-9999;
2011-05-07;18:00;-9999;-9999;-9999;-9999;-9999;-9999;-9999;-9999;-9999;-9999;-9999;-9999;-9999;-9999;-9999;-9999;-9999;
2011-05-07;19:00;-9999;-9999;-9999;-9999;-9999;-9999;-9999;-9999;-9999;-9999;-9999;-9999;-9999;-9999;-9999;-9999;-9999;
2011-05-07;20:00;-9999;-9999;-9999;-9999;-9999;-9999;-9999;-9999;-9999;-9999;-9999;-9999;-9999;-9999;-9999;-9999;-9999;
2011-05-07;21:00;-9999;-9999;-9999;-9999;-9999;-9999;-9999;-9999;-9999;-9999;-9999;-9999;-9999;-9999;-9999;-9999;-9999;
2011-05-07;22:00;-9999;-9999;-9999;-9999;-9999;-9999;-9999;-9999;-9999;-9999;-9999;-9999;-9999;-9999;-9999;-9999;-9999;
2011-05-07;23:00;-9999;-9999;-9999;-9999;-9999;-9999;-9999;-9999;-9999;-9999;-9999;-9999;-9999;-9999;-9999;-9999;-9999;
2011-05-08;00:00;-9999;-9999;-9999;-9999;-9999;-9999;-9999;-9999;-9999;-9999;-9999;-9999;-9999;-9999;-9999;-9999;-9999;
2011-05-08;01:00;-9999;-9999;-9999;-9999;-9999;-9999;-9999;-9999;-9999;-9999;-9999;-9999;-9999;-9999;-9999;-9999;-9999;
2011-05-08;02:00;-9999;-9999;-9999;-9999;-9999;-9999;-9999;-9999;-9999;-9999;-9999;-9999;-9999;-9999;-9999;-9999;-9999;
2011-05-08;03:00;-9999;-9999;-9999;-9999;-9999;-9999;-9999;-9999;-9999;-9999;-9999;-9999;-9999;-9999;-9999;-9999;-9999;
2011-05-08;04:00;-9999;-9999;-9999;-9999;-9999;-9999;-9999;-9999;-9999;-9999;-9999;-9999;-9999;-9999;-9999;-9999;-9999;
2011-05-08;05:00;-9999;-9999;-9999;-9999;-9999;-9999;-9999;-9999;-9999;-9999;-9999;-9999;-9999;-9999;-9999;-9999;-9999;
2011-05-08;06:00;-9999;-9999;-9999;-9999;-9999;-9999;-9999;-9999;-9999;-9999;-9999;-9999;-9999;-9999;-9999;-9999;-9999;
2011-05-08;07:00;-9999;-9999;-9999;-9999;-9999;-9999;-9999;-9999;-9999;-9999;-9999;-9999;-9999;-9999;-9999;-9999;-9999;
2011-05-08;08:00;-9999;-9999;-9999;-9999;-9999;-9999;-9999;-9999;-9999;-9999;-9999;-9999;-9999;-9999;-9999;-9999;-9999;
2011-05-08;09:00;-9999;-9999;-9999;-9999;-9999;-9999;-9999;-9999;-9999;-9999;-9999;-9999;-9999;-9999;-9999;-9999;-9999;
2011-05-08;10:00;-9999;-9999;-9999;-9999;-9999;-9999;-9999;-9999;-9999;-9999;-9999;-9999;-9999;-9999;-9999;-9999;-9999;
2011-05-08;11:00;-9999;-9999;-9999;-9999;-9999;-9999;-9999;-9999;-9999;-9999;-9999;-9999;-9999;-9999;-9999;-9999;-9999;
2011-05-08;12:00;-9999;-9999;-9999;-9999;-9999;-9999;-9999;-9999;-9999;-9999;-9999;-9999;-9999;-9999;-9999;-9999;-9999;
2011-05-08;13:00;-9999;-9999;-9999;-9999;-9999;-9999;-9999;-9999;-9999;-9999;-9999;-9999;-9999;-9999;-9999;-9999;-9999;
2011-05-08;14:00;-9999;-9999;-9999;-9999;-9999;-9999;-9999;-9999;-9999;-9999;-9999;-9999;-9999;-9999;-9999;-9999;-9999;
2011-05-08;15:00;-9999;-9999;-9999;-9999;-9999;-9999;-9999;-9999;-9999;-9999;-9999;-9999;-9999;-9999;-9999;-9999;-9999;
2011-05-08;16:00;-9999;-9999;-9999;-9999;-9999;-9999;-9999;-9999;-9999;-9999;-9999;-9999;-9999;-9999;-9999;-9999;-9999;
2011-05-08;17:00;-9999;-9999;-9999;-9999;-9999;-9999;-9999;-9999;-9999;-9999;-9999;-9999;-9999;-9999;-9999;-9999;-9999;
2011-05-08;18:00;-9999;-9999;-9999;-9999;-9999;-9999;-9999;-9999;-9999;-9999;-9999;-9999;-9999;-9999;-9999;-9999;-9999;
2011-05-08;19:00;-9999;-9999;-9999;-9999;-9999;-9999;-9999;-9999;-9999;-9999;-9999;-9999;-9999;-9999;-9999;-9999;-9999;
2011-05-08;20:00;-9999;-9999;-9999;-9999;-9999;-9999;-9999;-9999;-9999;-9999;-9999;-9999;-9999;-9999;-9999;-9999;-9999;
2011-05-08;21:00;-9999;-9999;-9999;-9999;-9999;-9999;-9999;-9999;-9999;-9999;-9999;-9999;-9999;-9999;-9999;-9999;-9999;
2011-05-08;22:00;-9999;-9999;-9999;-9999;-9999;-9999;-9999;-9999;-9999;-9999;-9999;-9999;-9999;-9999;-9999;-9999;-9999;
2011-05-08;23:00;-9999;-9999;-9999;-9999;-9999;-9999;-9999;-9999;-9999;-9999;-9999;-9999;-9999;-9999;-9999;-9999;-9999;
2011-05-09;00:00;-9999;-9999;-9999;-9999;-9999;-9999;-9999;-9999;-9999;-9999;-9999;-9999;-9999;-9999;-9999;-9999;-9999;
2011-05-09;01:00;-9999;-9999;-9999;-9999;-9999;-9999;-9999;-9999;-9999;-9999;-9999;-9999;-9999;-9999;-9999;-9999;-9999;
2011-05-09;02:00;-9999;-9999;-9999;-9999;-9999;-9999;-9999;-9999;-9999;-9999;-9999;-9999;-9999;-9999;-9999;-9999;-9999;
2011-05-09;03:00;-9999;-9999;-9999;-9999;-9999;-9999;-9999;-9999;-9999;-9999;-9999;-9999;-9999;-9999;-9999;-9999;-9999;
2011-05-09;04:00;-9999;-9999;-9999;-9999;-9999;-9999;-9999;-9999;-9999;-9999;-9999;-9999;-9999;-9999;-9999;-9999;-9999;
2011-05-09;05:00;-9999;-9999;-9999;-9999;-9999;-9999;-9999;-9999;-9999;-9999;-9999;-9999;-9999;-9999;-9999;-9999;-9999;
2011-05-09;06:00;-9999;-9999;-9999;-9999;-9999;-9999;-9999;-9999;-9999;-9999;-9999;-9999;-9999;-9999;-9999;-9999;-9999;
2011-05-09;07:00;-9999;-9999;-9999;-9999;-9999;-9999;-9999;-9999;-9999;-9999;-9999;-9999;-9999;-9999;-9999;-9999;-9999;
2011-05-09;08:00;-9999;-9999;-9999;-9999;-9999;-9999;-9999;-9999;-9999;-9999;-9999;-9999;-9999;-9999;-9999;-9999;-9999;
2011-05-09;09:00;-9999;-9999;-9999;-9999;-9999;-9999;-9999;-9999;-9999;-9999;-9999;-9999;-9999;-9999;-9999;-9999;-9999;
2011-05-09;10:00;-9999;-9999;-9999;-9999;-9999;-9999;-9999;-9999;-9999;-9999;-9999;-9999;-9999;-9999;-9999;-9999;-9999;
2011-05-09;11:00;-9999;-9999;-9999;-9999;-9999;-9999;-9999;-9999;-9999;-9999;-9999;-9999;-9999;-9999;-9999;-9999;-9999;
2011-05-09;12:00;-9999;-9999;-9999;-9999;-9999;-9999;-9999;-9999;-9999;-9999;-9999;-9999;-9999;-9999;-9999;-9999;-9999;
2011-05-09;13:00;-9999;-9999;-9999;-9999;-9999;-9999;-9999;-9999;-9999;-9999;-9999;-9999;-9999;-9999;-9999;-9999;-9999;
2011-05-09;14:00;-9999;-9999;-9999;-9999;-9999;-9999;-9999;-9999;-9999;-9999;-9999;-9999;-9999;-9999;-9999;-9999;-9999;
2011-05-09;15:00;-9999;-9999;-9999;-9999;-9999;-9999;-9999;-9999;-9999;-9999;-9999;-9999;-9999;-9999;-9999;-9999;-9999;
2011-05-09;16:00;-9999;-9999;-9999;-9999;-9999;-9999;-9999;-9999;-9999;-9999;-9999;-9999;-9999;-9999;-9999;-9999;-9999;
2011-05-09;17:00;-9999;-9999;-9999;-9999;-9999;-9999;-9999;-9999;-9999;-9999;-9999;-9999;-9999;-9999;-9999;-9999;-9999;
2011-05-09;18:00;-9999;-9999;-9999;-9999;-9999;-9999;-9999;-9999;-9999;-9999;-9999;-9999;-9999;-9999;-9999;-9999;-9999;
2011-05-09;19:00;-9999;-9999;-9999;-9999;-9999;-9999;-9999;-9999;-9999;-9999;-9999;-9999;-9999;-9999;-9999;-9999;-9999;
2011-05-09;20:00;-9999;-9999;-9999;-9999;-9999;-9999;-9999;-9999;-9999;-9999;-9999;-9999;-9999;-9999;-9999;-9999;-9999;
2011-05-09;21:00;-9999;-9999;-9999;-9999;-9999;-9999;-9999;-9999;-9999;-9999;-9999;-9999;-9999;-9999;-9999;-9999;-9999;
2011-05-09;22:00;-9999;-9999;-9999;-9999;-9999;-9999;-9999;-9999;-9999;-9999;-9999;-9999;-9999;-9999;-9999;-9999;-9999;
2011-05-09;23:00;-9999;-9999;-9999;-9999;-9999;-9999;-9999;-9999;-9999;-9999;-9999;-9999;-9999;-9999;-9999;-9999;-9999;
2011-05-10;00:00;-9999;-9999;-9999;-9999;-9999;-9999;-9999;-9999;-9999;-9999;-9999;-9999;-9999;-9999;-9999;-9999;-9999;
2011-05-10;01:00;-9999;-9999;-9999;-9999;-9999;-9999;-9999;-9999;-9999;-9999;-9999;-9999;-9999;-9999;-9999;-9999;-9999;
2011-05-10;02:00;-9999;-9999;-9999;-9999;-9999;-9999;-9999;-9999;-9999;-9999;-9999;-9999;-9999;-9999;-9999;-9999;-9999;
2011-05-10;03:00;-9999;-9999;-9999;-9999;-9999;-9999;-9999;-9999;-9999;-9999;-9999;-9999;-9999;-9999;-9999;-9999;-9999;
2011-05-10;04:00;-9999;-9999;-9999;-9999;-9999;-9999;-9999;-9999;-9999;-9999;-9999;-9999;-9999;-9999;-9999;-9999;-9999;
2011-05-10;05:00;-9999;-9999;-9999;-9999;-9999;-9999;-9999;-9999;-9999;-9999;-9999;-9999;-9999;-9999;-9999;-9999;-9999;
2011-05-10;06:00;-9999;-9999;-9999;-9999;-9999;-9999;-9999;-9999;-9999;-9999;-9999;-9999;-9999;-9999;-9999;-9999;-9999;
2011-05-10;07:00;-9999;-9999;-9999;-9999;-9999;-9999;-9999;-9999;-9999;-9999;-9999;-9999;-9999;-9999;-9999;-9999;-9999;
2011-05-10;08:00;-9999;-9999;-9999;-9999;-9999;-9999;-9999;-9999;-9999;-9999;-9999;-9999;-9999;-9999;-9999;-9999;-9999;
2011-05-10;09:00;-9999;-9999;-9999;-9999;-9999;-9999;-9999;-9999;-9999;-9999;-9999;-9999;-9999;-9999;-9999;-9999;-9999;
2011-05-10;10:00;-9999;-9999;-9999;-9999;-9999;-9999;-9999;-9999;-9999;-9999;-9999;-9999;-9999;-9999;-9999;-9999;-9999;
2011-05-10;11:00;-9999;-9999;-9999;-9999;-9999;-9999;-9999;-9999;-9999;-9999;-9999;-9999;-9999;-9999;-9999;-9999;-9999;
2011-05-10;12:00;-9999;-9999;-9999;-9999;-9999;-9999;-9999;-9999;-9999;-9999;-9999;-9999;-9999;-9999;-9999;-9999;-9999;
2011-05-10;13:00;-9999;-9999;-9999;-9999;-9999;-9999;-9999;-9999;-9999;-9999;-9999;-9999;-9999;-9999;-9999;-9999;-9999;
2011-05-10;14:00;-9999;-9999;-9999;-9999;-9999;-9999;-9999;-9999;-9999;-9999;-9999;-9999;-9999;-9999;-9999;-9999;-9999;
2011-05-10;15:00;-9999;-9999;-9999;-9999;-9999;-9999;-9999;-9999;-9999;-9999;-9999;-9999;-9999;-9999;-9999;-9999;-9999;
2011-05-10;16:00;-9999;-9999;-9999;-9999;-9999;-9999;-9999;-9999;-9999;-9999;-9999;-9999;-9999;-9999;-9999;-9999;-9999;
2011-05-10;17:00;-9999;-9999;-9999;-9999;-9999;-9999;-9999;-9999;-9999;-9999;-9999;-9999;-9999;-9999;-9999;-9999;-9999;
2011-05-10;18:00;-9999;-9999;-9999;-9999;-9999;-9999;-9999;-9999;-9999;-9999;-9999;-9999;-9999;-9999;-9999;-9999;-9999;
2011-05-10;19:00;-9999;-9999;-9999;-9999;-9999;-9999;-9999;-9999;-9999;-9999;-9999;-9999;-9999;-9999;-9999;-9999;-9999;
2011-05-10;20:00;-9999;-9999;-9999;-9999;-9999;-9999;-9999;-9999;-9999;-9999;-9999;-9999;-9999;-9999;-9999;-9999;-9999;
2011-05-10;21:00;-9999;-9999;-9999;-9999;-9999;-9999;-9999;-9999;-9999;-9999;-9999;-9999;-9999;-9999;-9999;-9999;-9999;
2011-05-10;22:00;-9999;-9999;-9999;-9999;-9999;-9999;-9999;-9999;-9999;-9999;-9999;-9999;-9999;-9999;-9999;-9999;-9999;
2011-05-10;23:00;-9999;-9999;-9999;-9999;-9999;-9999;-9999;-9999;-9999;-9999;-9999;-9999;-9999;-9999;-9999;-9999;-9999;
2011-05-11;00:00;-9999;-9999;-9999;-9999;-9999;-9999;-9999;-9999;-9999;-9999;-9999;-9999;-9999;-9999;-9999;-9999;-9999;
2011-05-11;01:00;-9999;-9999;-9999;-9999;-9999;-9999;-9999;-9999;-9999;-9999;-9999;-9999;-9999;-9999;-9999;-9999;-9999;
2011-05-11;02:00;-9999;-9999;-9999;-9999;-9999;-9999;-9999;-9999;-9999;-9999;-9999;-9999;-9999;-9999;-9999;-9999;-9999;
2011-05-11;03:00;-9999;-9999;-9999;-9999;-9999;-9999;-9999;-9999;-9999;-9999;-9999;-9999;-9999;-9999;-9999;-9999;-9999;
2011-05-11;04:00;-9999;-9999;-9999;-9999;-9999;-9999;-9999;-9999;-9999;-9999;-9999;-9999;-9999;-9999;-9999;-9999;-9999;
2011-05-11;05:00;-9999;-9999;-9999;-9999;-9999;-9999;-9999;-9999;-9999;-9999;-9999;-9999;-9999;-9999;-9999;-9999;-9999;
2011-05-11;06:00;-9999;-9999;-9999;-9999;-9999;-9999;-9999;-9999;-9999;-9999;-9999;-9999;-9999;-9999;-9999;-9999;-9999;
2011-05-11;07:00;-9999;-9999;-9999;-9999;-9999;-9999;-9999;-9999;-9999;-9999;-9999;-9999;-9999;-9999;-9999;-9999;-9999;
2011-05-11;08:00;-9999;-9999;-9999;-9999;-9999;-9999;-9999;-9999;-9999;-9999;-9999;-9999;-9999;-9999;-9999;-9999;-9999;
2011-05-11;09:00;-9999;-9999;-9999;-9999;-9999;-9999;-9999;-9999;-9999;-9999;-9999;-9999;-9999;-9999;-9999;-9999;-9999;
2011-05-11;10:00;-9999;-9999;-9999;-9999;-9999;-9999;-9999;-9999;-9999;-9999;-9999;-9999;-9999;-9999;-9999;-9999;-9999;
2011-05-11;11:00;-9999;-9999;-9999;-9999;-9999;-9999;-9999;-9999;-9999;-9999;-9999;-9999;-9999;-9999;-9999;-9999;-9999;
2011-05-11;12:00;-9999;-9999;-9999;-9999;-9999;-9999;-9999;-9999;-9999;-9999;-9999;-9999;-9999;-9999;-9999;-9999;-9999;
2011-05-11;13:00;-9999;-9999;-9999;-9999;-9999;-9999;-9999;-9999;-9999;-9999;-9999;-9999;-9999;-9999;-9999;-9999;-9999;
2011-05-11;14:00;-9999;-9999;-9999;-9999;-9999;-9999;-9999;-9999;-9999;-9999;-9999;-9999;-9999;-9999;-9999;-9999;-9999;
2011-05-11;15:00;-9999;-9999;-9999;-9999;-9999;-9999;-9999;-9999;-9999;-9999;-9999;-9999;-9999;-9999;-9999;-9999;-9999;
2011-05-11;16:00;-9999;-9999;-9999;-9999;-9999;-9999;-9999;-9999;-9999;-9999;-9999;-9999;-9999;-9999;-9999;-9999;-9999;
2011-05-11;17:00;-9999;-9999;-9999;-9999;-9999;-9999;-9999;-9999;-9999;-9999;-9999;-9999;-9999;-9999;-9999;-9999;-9999;
2011-05-11;18:00;-9999;-9999;-9999;-9999;-9999;-9999;-9999;-9999;-9999;-9999;-9999;-9999;-9999;-9999;-9999;-9999;-9999;
2011-05-11;19:00;-9999;-9999;-9999;-9999;-9999;-9999;-9999;-9999;-9999;-9999;-9999;-9999;-9999;-9999;-9999;-9999;-9999;
2011-05-11;20:00;-9999;-9999;-9999;-9999;-9999;-9999;-9999;-9999;-9999;-9999;-9999;-9999;-9999;-9999;-9999;-9999;-9999;
2011-05-11;21:00;-9999;-9999;-9999;-9999;-9999;-9999;-9999;-9999;-9999;-9999;-9999;-9999;-9999;-9999;-9999;-9999;-9999;
2011-05-11;22:00;-9999;-9999;-9999;-9999;-9999;-9999;-9999;-9999;-9999;-9999;-9999;-9999;-9999;-9999;-9999;-9999;-9999;
2011-05-11;23:00;-9999;-9999;-9999;-9999;-9999;-9999;-9999;-9999;-9999;-9999;-9999;-9999;-9999;-9999;-9999;-9999;-9999;
2011-05-12;00:00;-9999;-9999;-9999;-9999;-9999;-9999;-9999;-9999;-9999;-9999;-9999;-9999;-9999;-9999;-9999;-9999;-9999;
2011-05-12;01:00;-9999;-9999;-9999;-9999;-9999;-9999;-9999;-9999;-9999;-9999;-9999;-9999;-9999;-9999;-9999;-9999;-9999;
2011-05-12;02:00;-9999;-9999;-9999;-9999;-9999;-9999;-9999;-9999;-9999;-9999;-9999;-9999;-9999;-9999;-9999;-9999;-9999;
2011-05-12;03:00;-9999;-9999;-9999;-9999;-9999;-9999;-9999;-9999;-9999;-9999;-9999;-9999;-9999;-9999;-9999;-9999;-9999;
2011-05-12;04:00;-9999;-9999;-9999;-9999;-9999;-9999;-9999;-9999;-9999;-9999;-9999;-9999;-9999;-9999;-9999;-9999;-9999;
2011-05-12;05:00;-9999;-9999;-9999;-9999;-9999;-9999;-9999;-9999;-9999;-9999;-9999;-9999;-9999;-9999;-9999;-9999;-9999;
2011-05-12;06:00;-9999;-9999;-9999;-9999;-9999;-9999;-9999;-9999;-9999;-9999;-9999;-9999;-9999;-9999;-9999;-9999;-9999;
2011-05-12;07:00;-9999;-9999;-9999;-9999;-9999;-9999;-9999;-9999;-9999;-9999;-9999;-9999;-9999;-9999;-9999;-9999;-9999;
2011-05-12;08:00;-9999;-9999;-9999;-9999;-9999;-9999;-9999;-9999;-9999;-9999;-9999;-9999;-9999;-9999;-9999;-9999;-9999;
2011-05-12;09:00;-9999;-9999;-9999;-9999;-9999;-9999;-9999;-9999;-9999;-9999;-9999;-9999;-9999;-9999;-9999;-9999;-9999;
2011-05-12;10:00;-9999;-9999;-9999;-9999;-9999;-9999;-9999;-9999;-9999;-9999;-9999;-9999;-9999;-9999;-9999;-9999;-9999;
2011-05-12;11:00;-9999;-9999;-9999;-9999;-9999;-9999;-9999;-9999;-9999;-9999;-9999;-9999;-9999;-9999;-9999;-9999;-9999;
2011-05-12;12:00;-9999;-9999;-9999;-9999;-9999;-9999;-9999;-9999;-9999;-9999;-9999;-9999;-9999;-9999;-9999;-9999;-9999;
2011-05-12;13:00;-9999;-9999;-9999;-9999;-9999;-9999;-9999;-9999;-9999;-9999;-9999;-9999;-9999;-9999;-9999;-9999;-9999;
2011-05-12;14:00;-9999;-9999;-9999;-9999;-9999;-9999;-9999;-9999;-9999;-9999;-9999;-9999;-9999;-9999;-9999;-9999;-9999;
2011-05-12;15:00;-9999;-9999;-9999;-9999;-9999;-9999;-9999;-9999;-9999;-9999;-9999;-9999;-9999;-9999;-9999;-9999;-9999;
2011-05-12;16:00;-9999;-9999;-9999;-9999;-9999;-9999;-9999;-9999;-9999;-9999;-9999;-9999;-9999;-9999;-9999;-9999;-9999;
2011-05-12;17:00;-9999;-9999;-9999;-9999;-9999;-9999;-9999;-9999;-9999;-9999;-9999;-9999;-9999;-9999;-9999;-9999;-9999;
2011-05-12;18:00;-9999;-9999;-9999;-9999;-9999;-9999;-9999;-9999;-9999;-9999;-9999;-9999;-9999;-9999;-9999;-9999;-9999;
2011-05-12;19:00;-9999;-9999;-9999;-9999;-9999;-9999;-9999;-9999;-9999;-9999;-9999;-9999;-9999;-9999;-9999;-9999;-9999;
2011-05-12;20:00;-9999;-9999;-9999;-9999;-9999;-9999;-9999;-9999;-9999;-9999;-9999;-9999;-9999;-9999;-9999;-9999;-9999;
2011-05-12;21:00;-9999;-9999;-9999;-9999;-9999;-9999;-9999;-9999;-9999;-9999;-9999;-9999;-9999;-9999;-9999;-9999;-9999;
2011-05-12;22:00;-9999;-9999;-9999;-9999;-9999;-9999;-9999;-9999;-9999;-9999;-9999;-9999;-9999;-9999;-9999;-9999;-9999;
2011-05-12;23:00;-9999;-9999;-9999;-9999;-9999;-9999;-9999;-9999;-9999;-9999;-9999;-9999;-9999;-9999;-9999;-9999;-9999;
2011-05-13;00:00;-9999;-9999;-9999;-9999;-9999;-9999;-9999;-9999;-9999;-9999;-9999;-9999;-9999;-9999;-9999;-9999;-9999;
2011-05-13;01:00;-9999;-9999;-9999;-9999;-9999;-9999;-9999;-9999;-9999;-9999;-9999;-9999;-9999;-9999;-9999;-9999;-9999;
2011-05-13;02:00;-9999;-9999;-9999;-9999;-9999;-9999;-9999;-9999;-9999;-9999;-9999;-9999;-9999;-9999;-9999;-9999;-9999;
2011-05-13;03:00;-9999;-9999;-9999;-9999;-9999;-9999;-9999;-9999;-9999;-9999;-9999;-9999;-9999;-9999;-9999;-9999;-9999;
2011-05-13;04:00;-9999;-9999;-9999;-9999;-9999;-9999;-9999;-9999;-9999;-9999;-9999;-9999;-9999;-9999;-9999;-9999;-9999;
2011-05-13;05:00;-9999;-9999;-9999;-9999;-9999;-9999;-9999;-9999;-9999;-9999;-9999;-9999;-9999;-9999;-9999;-9999;-9999;
2011-05-13;06:00;-9999;-9999;-9999;-9999;-9999;-9999;-9999;-9999;-9999;-9999;-9999;-9999;-9999;-9999;-9999;-9999;-9999;
2011-05-13;07:00;-9999;-9999;-9999;-9999;-9999;-9999;-9999;-9999;-9999;-9999;-9999;-9999;-9999;-9999;-9999;-9999;-9999;
2011-05-13;08:00;-9999;-9999;-9999;-9999;-9999;-9999;-9999;-9999;-9999;-9999;-9999;-9999;-9999;-9999;-9999;-9999;-9999;
2011-05-13;09:00;-9999;-9999;-9999;-9999;-9999;-9999;-9999;-9999;-9999;-9999;-9999;-9999;-9999;-9999;-9999;-9999;-9999;
2011-05-13;10:00;-9999;-9999;-9999;-9999;-9999;-9999;-9999;-9999;-9999;-9999;-9999;-9999;-9999;-9999;-9999;-9999;-9999;
2011-05-13;11:00;-9999;-9999;-9999;-9999;-9999;-9999;-9999;-9999;-9999;-9999;-9999;-9999;-9999;-9999;-9999;-9999;-9999;
2011-05-13;12:00;-9999;-9999;-9999;-9999;-9999;-9999;-9999;-9999;-9999;-9999;-9999;-9999;-9999;-9999;-9999;-9999;-9999;
2011-05-13;13:00;-9999;-9999;-9999;-9999;-9999;-9999;-9999;-9999;-9999;-9999;-9999;-9999;-9999;-9999;-9999;-9999;-9999;
2011-05-13;14:00;-9999;-9999;-9999;-9999;-9999;-9999;-9999;-9999;-9999;-9999;-9999;-9999;-9999;-9999;-9999;-9999;-9999;
2011-05-13;15:00;-9999;-9999;-9999;-9999;-9999;-9999;-9999;-9999;-9999;-9999;-9999;-9999;-9999;-9999;-9999;-9999;-9999;
2011-05-13;16:00;-9999;-9999;-9999;-9999;-9999;-9999;-9999;-9999;-9999;-9999;-9999;-9999;-9999;-9999;-9999;-9999;-9999;
2011-05-13;17:00;-9999;-9999;-9999;-9999;-9999;-9999;-9999;-9999;-9999;-9999;-9999;-9999;-9999;-9999;-9999;-9999;-9999;
2011-05-13;18:00;-9999;-9999;-9999;-9999;-9999;-9999;-9999;-9999;-9999;-9999;-9999;-9999;-9999;-9999;-9999;-9999;-9999;
2011-05-13;19:00;-9999;-9999;-9999;-9999;-9999;-9999;-9999;-9999;-9999;-9999;-9999;-9999;-9999;-9999;-9999;-9999;-9999;
2011-05-13;20:00;-9999;-9999;-9999;-9999;-9999;-9999;-9999;-9999;-9999;-9999;-9999;-9999;-9999;-9999;-9999;-9999;-9999;
2011-05-13;21:00;-9999;-9999;-9999;-9999;-9999;-9999;-9999;-9999;-9999;-9999;-9999;-9999;-9999;-9999;-9999;-9999;-9999;
2011-05-13;22:00;-9999;-9999;-9999;-9999;-9999;-9999;-9999;-9999;-9999;-9999;-9999;-9999;-9999;-9999;-9999;-9999;-9999;
2011-05-13;23:00;-9999;-9999;-9999;-9999;-9999;-9999;-9999;-9999;-9999;-9999;-9999;-9999;-9999;-9999;-9999;-9999;-9999;
2011-05-14;00:00;-9999;-9999;-9999;-9999;-9999;-9999;-9999;-9999;-9999;-9999;-9999;-9999;-9999;-9999;-9999;-9999;-9999;
2011-05-14;01:00;-9999;-9999;-9999;-9999;-9999;-9999;-9999;-9999;-9999;-9999;-9999;-9999;-9999;-9999;-9999;-9999;-9999;
2011-05-14;02:00;-9999;-9999;-9999;-9999;-9999;-9999;-9999;-9999;-9999;-9999;-9999;-9999;-9999;-9999;-9999;-9999;-9999;
2011-05-14;03:00;-9999;-9999;-9999;-9999;-9999;-9999;-9999;-9999;-9999;-9999;-9999;-9999;-9999;-9999;-9999;-9999;-9999;
2011-05-14;04:00;-9999;-9999;-9999;-9999;-9999;-9999;-9999;-9999;-9999;-9999;-9999;-9999;-9999;-9999;-9999;-9999;-9999;
2011-05-14;05:00;-9999;-9999;-9999;-9999;-9999;-9999;-9999;-9999;-9999;-9999;-9999;-9999;-9999;-9999;-9999;-9999;-9999;
2011-05-14;06:00;-9999;-9999;-9999;-9999;-9999;-9999;-9999;-9999;-9999;-9999;-9999;-9999;-9999;-9999;-9999;-9999;-9999;
2011-05-14;07:00;-9999;-9999;-9999;-9999;-9999;-9999;-9999;-9999;-9999;-9999;-9999;-9999;-9999;-9999;-9999;-9999;-9999;
2011-05-14;08:00;-9999;-9999;-9999;-9999;-9999;-9999;-9999;-9999;-9999;-9999;-9999;-9999;-9999;-9999;-9999;-9999;-9999;
2011-05-14;09:00;-9999;-9999;-9999;-9999;-9999;-9999;-9999;-9999;-9999;-9999;-9999;-9999;-9999;-9999;-9999;-9999;-9999;
2011-05-14;10:00;-9999;-9999;-9999;-9999;-9999;-9999;-9999;-9999;-9999;-9999;-9999;-9999;-9999;-9999;-9999;-9999;-9999;
2011-05-14;11:00;-9999;-9999;-9999;-9999;-9999;-9999;-9999;-9999;-9999;-9999;-9999;-9999;-9999;-9999;-9999;-9999;-9999;
2011-05-14;12:00;-9999;-9999;-9999;-9999;-9999;-9999;-9999;-9999;-9999;-9999;-9999;-9999;-9999;-9999;-9999;-9999;-9999;
2011-05-14;13:00;-9999;-9999;-9999;-9999;-9999;-9999;-9999;-9999;-9999;-9999;-9999;-9999;-9999;-9999;-9999;-9999;-9999;
2011-05-14;14:00;-9999;-9999;-9999;-9999;-9999;-9999;-9999;-9999;-9999;-9999;-9999;-9999;-9999;-9999;-9999;-9999;-9999;
2011-05-14;15:00;-9999;-9999;-9999;-9999;-9999;-9999;-9999;-9999;-9999;-9999;-9999;-9999;-9999;-9999;-9999;-9999;-9999;
2011-05-14;16:00;-9999;-9999;-9999;-9999;-9999;-9999;-9999;-9999;-9999;-9999;-9999;-9999;-9999;-9999;-9999;-9999;-9999;
2011-05-14;17:00;-9999;-9999;-9999;-9999;-9999;-9999;-9999;-9999;-9999;-9999;-9999;-9999;-9999;-9999;-9999;-9999;-9999;
2011-05-14;18:00;-9999;-9999;-9999;-9999;-9999;-9999;-9999;-9999;-9999;-9999;-9999;-9999;-9999;-9999;-9999;-9999;-9999;
2011-05-14;19:00;-9999;-9999;-9999;-9999;-9999;-9999;-9999;-9999;-9999;-9999;-9999;-9999;-9999;-9999;-9999;-9999;-9999;
2011-05-14;20:00;-9999;-9999;-9999;-9999;-9999;-9999;-9999;-9999;-9999;-9999;-9999;-9999;-9999;-9999;-9999;-9999;-9999;
2011-05-14;21:00;-9999;-9999;-9999;-9999;-9999;-9999;-9999;-9999;-9999;-9999;-9999;-9999;-9999;-9999;-9999;-9999;-9999;
2011-05-14;22:00;-9999;-9999;-9999;-9999;-9999;-9999;-9999;-9999;-9999;-9999;-9999;-9999;-9999;-9999;-9999;-9999;-9999;
2011-05-14;23:00;-9999;-9999;-9999;-9999;-9999;-9999;-9999;-9999;-9999;-9999;-9999;-9999;-9999;-9999;-9999;-9999;-9999;
2011-05-15;00:00;-9999;-9999;-9999;-9999;-9999;-9999;-9999;-9999;-9999;-9999;-9999;-9999;-9999;-9999;-9999;-9999;-9999;
2011-05-15;01:00;-9999;-9999;-9999;-9999;-9999;-9999;-9999;-9999;-9999;-9999;-9999;-9999;-9999;-9999;-9999;-9999;-9999;
2011-05-15;02:00;-9999;-9999;-9999;-9999;-9999;-9999;-9999;-9999;-9999;-9999;-9999;-9999;-9999;-9999;-9999;-9999;-9999;
2011-05-15;03:00;-9999;-9999;-9999;-9999;-9999;-9999;-9999;-9999;-9999;-9999;-9999;-9999;-9999;-9999;-9999;-9999;-9999;
2011-05-15;04:00;-9999;-9999;-9999;-9999;-9999;-9999;-9999;-9999;-9999;-9999;-9999;-9999;-9999;-9999;-9999;-9999;-9999;
2011-05-15;05:00;-9999;-9999;-9999;-9999;-9999;-9999;-9999;-9999;-9999;-9999;-9999;-9999;-9999;-9999;-9999;-9999;-9999;
2011-05-15;06:00;-9999;-9999;-9999;-9999;-9999;-9999;-9999;-9999;-9999;-9999;-9999;-9999;-9999;-9999;-9999;-9999;-9999;
2011-05-15;07:00;-9999;-9999;-9999;-9999;-9999;-9999;-9999;-9999;-9999;-9999;-9999;-9999;-9999;-9999;-9999;-9999;-9999;
2011-05-15;08:00;-9999;-9999;-9999;-9999;-9999;-9999;-9999;-9999;-9999;-9999;-9999;-9999;-9999;-9999;-9999;-9999;-9999;
2011-05-15;09:00;-9999;-9999;-9999;-9999;-9999;-9999;-9999;-9999;-9999;-9999;-9999;-9999;-9999;-9999;-9999;-9999;-9999;
2011-05-15;10:00;-9999;-9999;-9999;-9999;-9999;-9999;-9999;-9999;-9999;-9999;-9999;-9999;-9999;-9999;-9999;-9999;-9999;
2011-05-15;11:00;-9999;-9999;-9999;-9999;-9999;-9999;-9999;-9999;-9999;-9999;-9999;-9999;-9999;-9999;-9999;-9999;-9999;
2011-05-15;12:00;-9999;-9999;-9999;-9999;-9999;-9999;-9999;-9999;-9999;-9999;-9999;-9999;-9999;-9999;-9999;-9999;-9999;
2011-05-15;13:00;-9999;-9999;-9999;-9999;-9999;-9999;-9999;-9999;-9999;-9999;-9999;-9999;-9999;-9999;-9999;-9999;-9999;
2011-05-15;14:00;-9999;-9999;-9999;-9999;-9999;-9999;-9999;-9999;-9999;-9999;-9999;-9999;-9999;-9999;-9999;-9999;-9999;
2011-05-15;15:00;-9999;-9999;-9999;-9999;-9999;-9999;-9999;-9999;-9999;-9999;-9999;-9999;-9999;-9999;-9999;-9999;-9999;
2011-05-15;16:00;-9999;-9999;-9999;-9999;-9999;-9999;-9999;-9999;-9999;-9999;-9999;-9999;-9999;-9999;-9999;-9999;-9999;
2011-05-15;17:00;-9999;-9999;-9999;-9999;-9999;-9999;-9999;-9999;-9999;-9999;-9999;-9999;-9999;-9999;-9999;-9999;-9999;
2011-05-15;18:00;-9999;-9999;-9999;-9999;-9999;-9999;-9999;-9999;-9999;-9999;-9999;-9999;-9999;-9999;-9999;-9999;-9999;
2011-05-15;19:00;-9999;-9999;-9999;-9999;-9999;-9999;-9999;-9999;-9999;-9999;-9999;-9999;-9999;-9999;-9999;-9999;-9999;
2011-05-15;20:00;-9999;-9999;-9999;-9999;-9999;-9999;-9999;-9999;-9999;-9999;-9999;-9999;-9999;-9999;-9999;-9999;-9999;
2011-05-15;21:00;-9999;-9999;-9999;-9999;-9999;-9999;-9999;-9999;-9999;-9999;-9999;-9999;-9999;-9999;-9999;-9999;-9999;
2011-05-15;22:00;-9999;-9999;-9999;-9999;-9999;-9999;-9999;-9999;-9999;-9999;-9999;-9999;-9999;-9999;-9999;-9999;-9999;
2011-05-15;23:00;-9999;-9999;-9999;-9999;-9999;-9999;-9999;-9999;-9999;-9999;-9999;-9999;-9999;-9999;-9999;-9999;-9999;
2011-05-16;00:00;-9999;-9999;-9999;-9999;-9999;-9999;-9999;-9999;-9999;-9999;-9999;-9999;-9999;-9999;-9999;-9999;-9999;
2011-05-16;01:00;-9999;-9999;-9999;-9999;-9999;-9999;-9999;-9999;-9999;-9999;-9999;-9999;-9999;-9999;-9999;-9999;-9999;
2011-05-16;02:00;-9999;-9999;-9999;-9999;-9999;-9999;-9999;-9999;-9999;-9999;-9999;-9999;-9999;-9999;-9999;-9999;-9999;
2011-05-16;03:00;-9999;-9999;-9999;-9999;-9999;-9999;-9999;-9999;-9999;-9999;-9999;-9999;-9999;-9999;-9999;-9999;-9999;
2011-05-16;04:00;-9999;-9999;-9999;-9999;-9999;-9999;-9999;-9999;-9999;-9999;-9999;-9999;-9999;-9999;-9999;-9999;-9999;
2011-05-16;05:00;-9999;-9999;-9999;-9999;-9999;-9999;-9999;-9999;-9999;-9999;-9999;-9999;-9999;-9999;-9999;-9999;-9999;
2011-05-16;06:00;-9999;-9999;-9999;-9999;-9999;-9999;-9999;-9999;-9999;-9999;-9999;-9999;-9999;-9999;-9999;-9999;-9999;
2011-05-16;07:00;-9999;-9999;-9999;-9999;-9999;-9999;-9999;-9999;-9999;-9999;-9999;-9999;-9999;-9999;-9999;-9999;-9999;
2011-05-16;08:00;-9999;-9999;-9999;-9999;-9999;-9999;-9999;-9999;-9999;-9999;-9999;-9999;-9999;-9999;-9999;-9999;-9999;
2011-05-16;09:00;-9999;-9999;-9999;-9999;-9999;-9999;-9999;-9999;-9999;-9999;-9999;-9999;-9999;-9999;-9999;-9999;-9999;
2011-05-16;10:00;-9999;-9999;-9999;-9999;-9999;-9999;-9999;-9999;-9999;-9999;-9999;-9999;-9999;-9999;-9999;-9999;-9999;
2011-05-16;11:00;-9999;-9999;-9999;-9999;-9999;-9999;-9999;-9999;-9999;-9999;-9999;-9999;-9999;-9999;-9999;-9999;-9999;
2011-05-16;12:00;-9999;-9999;-9999;-9999;-9999;-9999;-9999;-9999;-9999;-9999;-9999;-9999;-9999;-9999;-9999;-9999;-9999;
2011-05-16;13:00;-9999;-9999;-9999;-9999;-9999;-9999;-9999;-9999;-9999;-9999;-9999;-9999;-9999;-9999;-9999;-9999;-9999;
2011-05-16;14:00;-9999;-9999;-9999;-9999;-9999;-9999;-9999;-9999;-9999;-9999;-9999;-9999;-9999;-9999;-9999;-9999;-9999;
2011-05-16;15:00;-9999;-9999;-9999;-9999;-9999;-9999;-9999;-9999;-9999;-9999;-9999;-9999;-9999;-9999;-9999;-9999;-9999;
2011-05-16;16:00;-9999;-9999;-9999;-9999;-9999;-9999;-9999;-9999;-9999;-9999;-9999;-9999;-9999;-9999;-9999;-9999;-9999;
2011-05-16;17:00;-9999;-9999;-9999;-9999;-9999;-9999;-9999;-9999;-9999;-9999;-9999;-9999;-9999;-9999;-9999;-9999;-9999;
2011-05-16;18:00;-9999;-9999;-9999;-9999;-9999;-9999;-9999;-9999;-9999;-9999;-9999;-9999;-9999;-9999;-9999;-9999;-9999;
2011-05-16;19:00;-9999;-9999;-9999;-9999;-9999;-9999;-9999;-9999;-9999;-9999;-9999;-9999;-9999;-9999;-9999;-9999;-9999;
2011-05-16;20:00;-9999;-9999;-9999;-9999;-9999;-9999;-9999;-9999;-9999;-9999;-9999;-9999;-9999;-9999;-9999;-9999;-9999;
2011-05-16;21:00;-9999;-9999;-9999;-9999;-9999;-9999;-9999;-9999;-9999;-9999;-9999;-9999;-9999;-9999;-9999;-9999;-9999;
2011-05-16;22:00;-9999;-9999;-9999;-9999;-9999;-9999;-9999;-9999;-9999;-9999;-9999;-9999;-9999;-9999;-9999;-9999;-9999;
2011-05-16;23:00;-9999;-9999;-9999;-9999;-9999;-9999;-9999;-9999;-9999;-9999;-9999;-9999;-9999;-9999;-9999;-9999;-9999;
2011-05-17;00:00;-9999;-9999;-9999;-9999;-9999;-9999;-9999;-9999;-9999;-9999;-9999;-9999;-9999;-9999;-9999;-9999;-9999;
2011-05-17;01:00;-9999;-9999;-9999;-9999;-9999;-9999;-9999;-9999;-9999;-9999;-9999;-9999;-9999;-9999;-9999;-9999;-9999;
2011-05-17;02:00;-9999;-9999;-9999;-9999;-9999;-9999;-9999;-9999;-9999;-9999;-9999;-9999;-9999;-9999;-9999;-9999;-9999;
2011-05-17;03:00;-9999;-9999;-9999;-9999;-9999;-9999;-9999;-9999;-9999;-9999;-9999;-9999;-9999;-9999;-9999;-9999;-9999;
2011-05-17;04:00;-9999;-9999;-9999;-9999;-9999;-9999;-9999;-9999;-9999;-9999;-9999;-9999;-9999;-9999;-9999;-9999;-9999;
2011-05-17;05:00;-9999;-9999;-9999;-9999;-9999;-9999;-9999;-9999;-9999;-9999;-9999;-9999;-9999;-9999;-9999;-9999;-9999;
2011-05-17;06:00;-9999;-9999;-9999;-9999;-9999;-9999;-9999;-9999;-9999;-9999;-9999;-9999;-9999;-9999;-9999;-9999;-9999;
2011-05-17;07:00;-9999;-9999;-9999;-9999;-9999;-9999;-9999;-9999;-9999;-9999;-9999;-9999;-9999;-9999;-9999;-9999;-9999;
2011-05-17;08:00;-9999;-9999;-9999;-9999;-9999;-9999;-9999;-9999;-9999;-9999;-9999;-9999;-9999;-9999;-9999;-9999;-9999;
2011-05-17;09:00;-9999;-9999;-9999;-9999;-9999;-9999;-9999;-9999;-9999;-9999;-9999;-9999;-9999;-9999;-9999;-9999;-9999;
2011-05-17;10:00;-9999;-9999;-9999;-9999;-9999;-9999;-9999;-9999;-9999;-9999;-9999;-9999;-9999;-9999;-9999;-9999;-9999;
2011-05-17;11:00;-9999;-9999;-9999;-9999;-9999;-9999;-9999;-9999;-9999;-9999;-9999;-9999;-9999;-9999;-9999;-9999;-9999;
2011-05-17;12:00;-9999;-9999;-9999;-9999;-9999;-9999;-9999;-9999;-9999;-9999;-9999;-9999;-9999;-9999;-9999;-9999;-9999;
2011-05-17;13:00;-9999;-9999;-9999;-9999;-9999;-9999;-9999;-9999;-9999;-9999;-9999;-9999;-9999;-9999;-9999;-9999;-9999;
2011-05-17;14:00;-9999;-9999;-9999;-9999;-9999;-9999;-9999;-9999;-9999;-9999;-9999;-9999;-9999;-9999;-9999;-9999;-9999;
2011-05-17;15:00;-9999;-9999;-9999;-9999;-9999;-9999;-9999;-9999;-9999;-9999;-9999;-9999;-9999;-9999;-9999;-9999;-9999;
2011-05-17;16:00;-9999;-9999;-9999;-9999;-9999;-9999;-9999;-9999;-9999;-9999;-9999;-9999;-9999;-9999;-9999;-9999;-9999;
2011-05-17;17:00;-9999;-9999;-9999;-9999;-9999;-9999;-9999;-9999;-9999;-9999;-9999;-9999;-9999;-9999;-9999;-9999;-9999;
2011-05-17;18:00;-9999;-9999;-9999;-9999;-9999;-9999;-9999;-9999;-9999;-9999;-9999;-9999;-9999;-9999;-9999;-9999;-9999;
2011-05-17;19:00;-9999;-9999;-9999;-9999;-9999;-9999;-9999;-9999;-9999;-9999;-9999;-9999;-9999;-9999;-9999;-9999;-9999;
2011-05-17;20:00;-9999;-9999;-9999;-9999;-9999;-9999;-9999;-9999;-9999;-9999;-9999;-9999;-9999;-9999;-9999;-9999;-9999;
2011-05-17;21:00;-9999;-9999;-9999;-9999;-9999;-9999;-9999;-9999;-9999;-9999;-9999;-9999;-9999;-9999;-9999;-9999;-9999;
2011-05-17;22:00;-9999;-9999;-9999;-9999;-9999;-9999;-9999;-9999;-9999;-9999;-9999;-9999;-9999;-9999;-9999;-9999;-9999;
2011-05-17;23:00;-9999;-9999;-9999;-9999;-9999;-9999;-9999;-9999;-9999;-9999;-9999;-9999;-9999;-9999;-9999;-9999;-9999;
2011-05-18;00:00;-9999;-9999;-9999;-9999;-9999;-9999;-9999;-9999;-9999;-9999;-9999;-9999;-9999;-9999;-9999;-9999;-9999;
2011-05-18;01:00;-9999;-9999;-9999;-9999;-9999;-9999;-9999;-9999;-9999;-9999;-9999;-9999;-9999;-9999;-9999;-9999;-9999;
2011-05-18;02:00;-9999;-9999;-9999;-9999;-9999;-9999;-9999;-9999;-9999;-9999;-9999;-9999;-9999;-9999;-9999;-9999;-9999;
2011-05-18;03:00;-9999;-9999;-9999;-9999;-9999;-9999;-9999;-9999;-9999;-9999;-9999;-9999;-9999;-9999;-9999;-9999;-9999;
2011-05-18;04:00;-9999;-9999;-9999;-9999;-9999;-9999;-9999;-9999;-9999;-9999;-9999;-9999;-9999;-9999;-9999;-9999;-9999;
2011-05-18;05:00;-9999;-9999;-9999;-9999;-9999;-9999;-9999;-9999;-9999;-9999;-9999;-9999;-9999;-9999;-9999;-9999;-9999;
2011-05-18;06:00;-9999;-9999;-9999;-9999;-9999;-9999;-9999;-9999;-9999;-9999;-9999;-9999;-9999;-9999;-9999;-9999;-9999;
2011-05-18;07:00;-9999;-9999;-9999;-9999;-9999;-9999;-9999;-9999;-9999;-9999;-9999;-9999;-9999;-9999;-9999;-9999;-9999;
2011-05-18;08:00;-9999;-9999;-9999;-9999;-9999;-9999;-9999;-9999;-9999;-9999;-9999;-9999;-9999;-9999;-9999;-9999;-9999;
2011-05-18;09:00;-9999;-9999;-9999;-9999;-9999;-9999;-9999;-9999;-9999;-9999;-9999;-9999;-9999;-9999;-9999;-9999;-9999;
2011-05-18;10:00;-9999;-9999;-9999;-9999;-9999;-9999;-9999;-9999;-9999;-9999;-9999;-9999;-9999;-9999;-9999;-9999;-9999;
2011-05-18;11:00;-9999;-9999;-9999;-9999;-9999;-9999;-9999;-9999;-9999;-9999;-9999;-9999;-9999;-9999;-9999;-9999;-9999;
2011-05-18;12:00;-9999;-9999;-9999;-9999;-9999;-9999;-9999;-9999;-9999;-9999;-9999;-9999;-9999;-9999;-9999;-9999;-9999;
2011-05-18;13:00;-9999;-9999;-9999;-9999;-9999;-9999;-9999;-9999;-9999;-9999;-9999;-9999;-9999;-9999;-9999;-9999;-9999;
2011-05-18;14:00;-9999;-9999;-9999;-9999;-9999;-9999;-9999;-9999;-9999;-9999;-9999;-9999;-9999;-9999;-9999;-9999;-9999;
2011-05-18;15:00;-9999;-9999;-9999;-9999;-9999;-9999;-9999;-9999;-9999;-9999;-9999;-9999;-9999;-9999;-9999;-9999;-9999;
2011-05-18;16:00;-9999;-9999;-9999;-9999;-9999;-9999;-9999;-9999;-9999;-9999;-9999;-9999;-9999;-9999;-9999;-9999;-9999;
2011-05-18;17:00;-9999;-9999;-9999;-9999;-9999;-9999;-9999;-9999;-9999;-9999;-9999;-9999;-9999;-9999;-9999;-9999;-9999;
2011-05-18;18:00;-9999;-9999;-9999;-9999;-9999;-9999;-9999;-9999;-9999;-9999;-9999;-9999;-9999;-9999;-9999;-9999;-9999;
2011-05-18;19:00;-9999;-9999;-9999;-9999;-9999;-9999;-9999;-9999;-9999;-9999;-9999;-9999;-9999;-9999;-9999;-9999;-9999;
2011-05-18;20:00;-9999;-9999;-9999;-9999;-9999;-9999;-9999;-9999;-9999;-9999;-9999;-9999;-9999;-9999;-9999;-9999;-9999;
2011-05-18;21:00;-9999;-9999;-9999;-9999;-9999;-9999;-9999;-9999;-9999;-9999;-9999;-9999;-9999;-9999;-9999;-9999;-9999;
2011-05-18;22:00;-9999;-9999;-9999;-9999;-9999;-9999;-9999;-9999;-9999;-9999;-9999;-9999;-9999;-9999;-9999;-9999;-9999;
2011-05-18;23:00;-9999;-9999;-9999;-9999;-9999;-9999;-9999;-9999;-9999;-9999;-9999;-9999;-9999;-9999;-9999;-9999;-9999;
2011-05-19;00:00;-9999;-9999;-9999;-9999;-9999;-9999;-9999;-9999;-9999;-9999;-9999;-9999;-9999;-9999;-9999;-9999;-9999;
2011-05-19;01:00;-9999;-9999;-9999;-9999;-9999;-9999;-9999;-9999;-9999;-9999;-9999;-9999;-9999;-9999;-9999;-9999;-9999;
2011-05-19;02:00;-9999;-9999;-9999;-9999;-9999;-9999;-9999;-9999;-9999;-9999;-9999;-9999;-9999;-9999;-9999;-9999;-9999;
2011-05-19;03:00;-9999;-9999;-9999;-9999;-9999;-9999;-9999;-9999;-9999;-9999;-9999;-9999;-9999;-9999;-9999;-9999;-9999;
2011-05-19;04:00;-9999;-9999;-9999;-9999;-9999;-9999;-9999;-9999;-9999;-9999;-9999;-9999;-9999;-9999;-9999;-9999;-9999;
2011-05-19;05:00;-9999;-9999;-9999;-9999;-9999;-9999;-9999;-9999;-9999;-9999;-9999;-9999;-9999;-9999;-9999;-9999;-9999;
2011-05-19;06:00;-9999;-9999;-9999;-9999;-9999;-9999;-9999;-9999;-9999;-9999;-9999;-9999;-9999;-9999;-9999;-9999;-9999;
2011-05-19;07:00;-9999;-9999;-9999;-9999;-9999;-9999;-9999;-9999;-9999;-9999;-9999;-9999;-9999;-9999;-9999;-9999;-9999;
2011-05-19;08:00;-9999;-9999;-9999;-9999;-9999;-9999;-9999;-9999;-9999;-9999;-9999;-9999;-9999;-9999;-9999;-9999;-9999;
2011-05-19;09:00;-9999;-9999;-9999;-9999;-9999;-9999;-9999;-9999;-9999;-9999;-9999;-9999;-9999;-9999;-9999;-9999;-9999;
2011-05-19;10:00;-9999;-9999;-9999;-9999;-9999;-9999;-9999;-9999;-9999;-9999;-9999;-9999;-9999;-9999;-9999;-9999;-9999;
2011-05-19;11:00;-9999;-9999;-9999;-9999;-9999;-9999;-9999;-9999;-9999;-9999;-9999;-9999;-9999;-9999;-9999;-9999;-9999;
2011-05-19;12:00;-9999;-9999;-9999;-9999;-9999;-9999;-9999;-9999;-9999;-9999;-9999;-9999;-9999;-9999;-9999;-9999;-9999;
2011-05-19;13:00;-9999;-9999;-9999;-9999;-9999;-9999;-9999;-9999;-9999;-9999;-9999;-9999;-9999;-9999;-9999;-9999;-9999;
2011-05-19;14:00;-9999;-9999;-9999;-9999;-9999;-9999;-9999;-9999;-9999;-9999;-9999;-9999;-9999;-9999;-9999;-9999;-9999;
2011-05-19;15:00;-9999;-9999;-9999;-9999;-9999;-9999;-9999;-9999;-9999;-9999;-9999;-9999;-9999;-9999;-9999;-9999;-9999;
2011-05-19;16:00;-9999;-9999;-9999;-9999;-9999;-9999;-9999;-9999;-9999;-9999;-9999;-9999;-9999;-9999;-9999;-9999;-9999;
2011-05-19;17:00;-9999;-9999;-9999;-9999;-9999;-9999;-9999;-9999;-9999;-9999;-9999;-9999;-9999;-9999;-9999;-9999;-9999;
2011-05-19;18:00;-9999;-9999;-9999;-9999;-9999;-9999;-9999;-9999;-9999;-9999;-9999;-9999;-9999;-9999;-9999;-9999;-9999;
2011-05-19;19:00;-9999;-9999;-9999;-9999;-9999;-9999;-9999;-9999;-9999;-9999;-9999;-9999;-9999;-9999;-9999;-9999;-9999;
2011-05-19;20:00;-9999;-9999;-9999;-9999;-9999;-9999;-9999;-9999;-9999;-9999;-9999;-9999;-9999;-9999;-9999;-9999;-9999;
2011-05-19;21:00;-9999;-9999;-9999;-9999;-9999;-9999;-9999;-9999;-9999;-9999;-9999;-9999;-9999;-9999;-9999;-9999;-9999;
2011-05-19;22:00;-9999;-9999;-9999;-9999;-9999;-9999;-9999;-9999;-9999;-9999;-9999;-9999;-9999;-9999;-9999;-9999;-9999;
2011-05-19;23:00;-9999;-9999;-9999;-9999;-9999;-9999;-9999;-9999;-9999;-9999;-9999;-9999;-9999;-9999;-9999;-9999;-9999;
2011-05-20;00:00;-9999;-9999;-9999;-9999;-9999;-9999;-9999;-9999;-9999;-9999;-9999;-9999;-9999;-9999;-9999;-9999;-9999;
2011-05-20;01:00;-9999;-9999;-9999;-9999;-9999;-9999;-9999;-9999;-9999;-9999;-9999;-9999;-9999;-9999;-9999;-9999;-9999;
2011-05-20;02:00;-9999;-9999;-9999;-9999;-9999;-9999;-9999;-9999;-9999;-9999;-9999;-9999;-9999;-9999;-9999;-9999;-9999;
2011-05-20;03:00;-9999;-9999;-9999;-9999;-9999;-9999;-9999;-9999;-9999;-9999;-9999;-9999;-9999;-9999;-9999;-9999;-9999;
2011-05-20;04:00;-9999;-9999;-9999;-9999;-9999;-9999;-9999;-9999;-9999;-9999;-9999;-9999;-9999;-9999;-9999;-9999;-9999;
2011-05-20;05:00;-9999;-9999;-9999;-9999;-9999;-9999;-9999;-9999;-9999;-9999;-9999;-9999;-9999;-9999;-9999;-9999;-9999;
2011-05-20;06:00;-9999;-9999;-9999;-9999;-9999;-9999;-9999;-9999;-9999;-9999;-9999;-9999;-9999;-9999;-9999;-9999;-9999;
2011-05-20;07:00;-9999;-9999;-9999;-9999;-9999;-9999;-9999;-9999;-9999;-9999;-9999;-9999;-9999;-9999;-9999;-9999;-9999;
2011-05-20;08:00;-9999;-9999;-9999;-9999;-9999;-9999;-9999;-9999;-9999;-9999;-9999;-9999;-9999;-9999;-9999;-9999;-9999;
2011-05-20;09:00;-9999;-9999;-9999;-9999;-9999;-9999;-9999;-9999;-9999;-9999;-9999;-9999;-9999;-9999;-9999;-9999;-9999;
2011-05-20;10:00;-9999;-9999;-9999;-9999;-9999;-9999;-9999;-9999;-9999;-9999;-9999;-9999;-9999;-9999;-9999;-9999;-9999;
2011-05-20;11:00;-9999;-9999;-9999;-9999;-9999;-9999;-9999;-9999;-9999;-9999;-9999;-9999;-9999;-9999;-9999;-9999;-9999;
2011-05-20;12:00;-9999;-9999;-9999;-9999;-9999;-9999;-9999;-9999;-9999;-9999;-9999;-9999;-9999;-9999;-9999;-9999;-9999;
2011-05-20;13:00;-9999;-9999;-9999;-9999;-9999;-9999;-9999;-9999;-9999;-9999;-9999;-9999;-9999;-9999;-9999;-9999;-9999;
2011-05-20;14:00;-9999;-9999;-9999;-9999;-9999;-9999;-9999;-9999;-9999;-9999;-9999;-9999;-9999;-9999;-9999;-9999;-9999;
2011-05-20;15:00;-9999;-9999;-9999;-9999;-9999;-9999;-9999;-9999;-9999;-9999;-9999;-9999;-9999;-9999;-9999;-9999;-9999;
2011-05-20;16:00;-9999;-9999;-9999;-9999;-9999;-9999;-9999;-9999;-9999;-9999;-9999;-9999;-9999;-9999;-9999;-9999;-9999;
2011-05-20;17:00;-9999;-9999;-9999;-9999;-9999;-9999;-9999;-9999;-9999;-9999;-9999;-9999;-9999;-9999;-9999;-9999;-9999;
2011-05-20;18:00;-9999;-9999;-9999;-9999;-9999;-9999;-9999;-9999;-9999;-9999;-9999;-9999;-9999;-9999;-9999;-9999;-9999;
2011-05-20;19:00;-9999;-9999;-9999;-9999;-9999;-9999;-9999;-9999;-9999;-9999;-9999;-9999;-9999;-9999;-9999;-9999;-9999;
2011-05-20;20:00;-9999;-9999;-9999;-9999;-9999;-9999;-9999;-9999;-9999;-9999;-9999;-9999;-9999;-9999;-9999;-9999;-9999;
2011-05-20;21:00;-9999;-9999;-9999;-9999;-9999;-9999;-9999;-9999;-9999;-9999;-9999;-9999;-9999;-9999;-9999;-9999;-9999;
2011-05-20;22:00;-9999;-9999;-9999;-9999;-9999;-9999;-9999;-9999;-9999;-9999;-9999;-9999;-9999;-9999;-9999;-9999;-9999;
2011-05-20;23:00;-9999;-9999;-9999;-9999;-9999;-9999;-9999;-9999;-9999;-9999;-9999;-9999;-9999;-9999;-9999;-9999;-9999;
2011-05-21;00:00;-9999;-9999;-9999;-9999;-9999;-9999;-9999;-9999;-9999;-9999;-9999;-9999;-9999;-9999;-9999;-9999;-9999;
2011-05-21;01:00;-9999;-9999;-9999;-9999;-9999;-9999;-9999;-9999;-9999;-9999;-9999;-9999;-9999;-9999;-9999;-9999;-9999;
2011-05-21;02:00;-9999;-9999;-9999;-9999;-9999;-9999;-9999;-9999;-9999;-9999;-9999;-9999;-9999;-9999;-9999;-9999;-9999;
2011-05-21;03:00;-9999;-9999;-9999;-9999;-9999;-9999;-9999;-9999;-9999;-9999;-9999;-9999;-9999;-9999;-9999;-9999;-9999;
2011-05-21;04:00;-9999;-9999;-9999;-9999;-9999;-9999;-9999;-9999;-9999;-9999;-9999;-9999;-9999;-9999;-9999;-9999;-9999;
2011-05-21;05:00;-9999;-9999;-9999;-9999;-9999;-9999;-9999;-9999;-9999;-9999;-9999;-9999;-9999;-9999;-9999;-9999;-9999;
2011-05-21;06:00;-9999;-9999;-9999;-9999;-9999;-9999;-9999;-9999;-9999;-9999;-9999;-9999;-9999;-9999;-9999;-9999;-9999;
2011-05-21;07:00;-9999;-9999;-9999;-9999;-9999;-9999;-9999;-9999;-9999;-9999;-9999;-9999;-9999;-9999;-9999;-9999;-9999;
2011-05-21;08:00;-9999;-9999;-9999;-9999;-9999;-9999;-9999;-9999;-9999;-9999;-9999;-9999;-9999;-9999;-9999;-9999;-9999;
2011-05-21;09:00;-9999;-9999;-9999;-9999;-9999;-9999;-9999;-9999;-9999;-9999;-9999;-9999;-9999;-9999;-9999;-9999;-9999;
2011-05-21;10:00;-9999;-9999;-9999;-9999;-9999;-9999;-9999;-9999;-9999;-9999;-9999;-9999;-9999;-9999;-9999;-9999;-9999;
2011-05-21;11:00;-9999;-9999;-9999;-9999;-9999;-9999;-9999;-9999;-9999;-9999;-9999;-9999;-9999;-9999;-9999;-9999;-9999;
2011-05-21;12:00;-9999;-9999;-9999;-9999;-9999;-9999;-9999;-9999;-9999;-9999;-9999;-9999;-9999;-9999;-9999;-9999;-9999;
2011-05-21;13:00;-9999;-9999;-9999;-9999;-9999;-9999;-9999;-9999;-9999;-9999;-9999;-9999;-9999;-9999;-9999;-9999;-9999;
2011-05-21;14:00;-9999;-9999;-9999;-9999;-9999;-9999;-9999;-9999;-9999;-9999;-9999;-9999;-9999;-9999;-9999;-9999;-9999;
2011-05-21;15:00;-9999;-9999;-9999;-9999;-9999;-9999;-9999;-9999;-9999;-9999;-9999;-9999;-9999;-9999;-9999;-9999;-9999;
2011-05-21;16:00;-9999;-9999;-9999;-9999;-9999;-9999;-9999;-9999;-9999;-9999;-9999;-9999;-9999;-9999;-9999;-9999;-9999;
2011-05-21;17:00;-9999;-9999;-9999;-9999;-9999;-9999;-9999;-9999;-9999;-9999;-9999;-9999;-9999;-9999;-9999;-9999;-9999;
2011-05-21;18:00;-9999;-9999;-9999;-9999;-9999;-9999;-9999;-9999;-9999;-9999;-9999;-9999;-9999;-9999;-9999;-9999;-9999;
2011-05-21;19:00;-9999;-9999;-9999;-9999;-9999;-9999;-9999;-9999;-9999;-9999;-9999;-9999;-9999;-9999;-9999;-9999;-9999;
2011-05-21;20:00;-9999;-9999;-9999;-9999;-9999;-9999;-9999;-9999;-9999;-9999;-9999;-9999;-9999;-9999;-9999;-9999;-9999;
2011-05-21;21:00;-9999;-9999;-9999;-9999;-9999;-9999;-9999;-9999;-9999;-9999;-9999;-9999;-9999;-9999;-9999;-9999;-9999;
2011-05-21;22:00;-9999;-9999;-9999;-9999;-9999;-9999;-9999;-9999;-9999;-9999;-9999;-9999;-9999;-9999;-9999;-9999;-9999;
2011-05-21;23:00;-9999;-9999;-9999;-9999;-9999;-9999;-9999;-9999;-9999;-9999;-9999;-9999;-9999;-9999;-9999;-9999;-9999;
2011-05-22;00:00;-9999;-9999;-9999;-9999;-9999;-9999;-9999;-9999;-9999;-9999;-9999;-9999;-9999;-9999;-9999;-9999;-9999;
2011-05-22;01:00;-9999;-9999;-9999;-9999;-9999;-9999;-9999;-9999;-9999;-9999;-9999;-9999;-9999;-9999;-9999;-9999;-9999;
2011-05-22;02:00;-9999;-9999;-9999;-9999;-9999;-9999;-9999;-9999;-9999;-9999;-9999;-9999;-9999;-9999;-9999;-9999;-9999;
2011-05-22;03:00;-9999;-9999;-9999;-9999;-9999;-9999;-9999;-9999;-9999;-9999;-9999;-9999;-9999;-9999;-9999;-9999;-9999;
2011-05-22;04:00;-9999;-9999;-9999;-9999;-9999;-9999;-9999;-9999;-9999;-9999;-9999;-9999;-9999;-9999;-9999;-9999;-9999;
2011-05-22;05:00;-9999;-9999;-9999;-9999;-9999;-9999;-9999;-9999;-9999;-9999;-9999;-9999;-9999;-9999;-9999;-9999;-9999;
2011-05-22;06:00;-9999;-9999;-9999;-9999;-9999;-9999;-9999;-9999;-9999;-9999;-9999;-9999;-9999;-9999;-9999;-9999;-9999;
2011-05-22;07:00;-9999;-9999;-9999;-9999;-9999;-9999;-9999;-9999;-9999;-9999;-9999;-9999;-9999;-9999;-9999;-9999;-9999;
2011-05-22;08:00;-9999;-9999;-9999;-9999;-9999;-9999;-9999;-9999;-9999;-9999;-9999;-9999;-9999;-9999;-9999;-9999;-9999;
2011-05-22;09:00;-9999;-9999;-9999;-9999;-9999;-9999;-9999;-9999;-9999;-9999;-9999;-9999;-9999;-9999;-9999;-9999;-9999;
2011-05-22;10:00;-9999;-9999;-9999;-9999;-9999;-9999;-9999;-9999;-9999;-9999;-9999;-9999;-9999;-9999;-9999;-9999;-9999;
2011-05-22;11:00;-9999;-9999;-9999;-9999;-9999;-9999;-9999;-9999;-9999;-9999;-9999;-9999;-9999;-9999;-9999;-9999;-9999;
2011-05-22;12:00;-9999;-9999;-9999;-9999;-9999;-9999;-9999;-9999;-9999;-9999;-9999;-9999;-9999;-9999;-9999;-9999;-9999;
2011-05-22;13:00;-9999;-9999;-9999;-9999;-9999;-9999;-9999;-9999;-9999;-9999;-9999;-9999;-9999;-9999;-9999;-9999;-9999;
2011-05-22;14:00;-9999;-9999;-9999;-9999;-9999;-9999;-9999;-9999;-9999;-9999;-9999;-9999;-9999;-9999;-9999;-9999;-9999;
2011-05-22;15:00;-9999;-9999;-9999;-9999;-9999;-9999;-9999;-9999;-9999;-9999;-9999;-9999;-9999;-9999;-9999;-9999;-9999;
2011-05-22;16:00;-9999;-9999;-9999;-9999;-9999;-9999;-9999;-9999;-9999;-9999;-9999;-9999;-9999;-9999;-9999;-9999;-9999;
2011-05-22;17:00;-9999;-9999;-9999;-9999;-9999;-9999;-9999;-9999;-9999;-9999;-9999;-9999;-9999;-9999;-9999;-9999;-9999;
2011-05-22;18:00;-9999;-9999;-9999;-9999;-9999;-9999;-9999;-9999;-9999;-9999;-9999;-9999;-9999;-9999;-9999;-9999;-9999;
2011-05-22;19:00;-9999;-9999;-9999;-9999;-9999;-9999;-9999;-9999;-9999;-9999;-9999;-9999;-9999;-9999;-9999;-9999;-9999;
2011-05-22;20:00;-9999;-9999;-9999;-9999;-9999;-9999;-9999;-9999;-9999;-9999;-9999;-9999;-9999;-9999;-9999;-9999;-9999;
2011-05-22;21:00;-9999;-9999;-9999;-9999;-9999;-9999;-9999;-9999;-9999;-9999;-9999;-9999;-9999;-9999;-9999;-9999;-9999;
2011-05-22;22:00;-9999;-9999;-9999;-9999;-9999;-9999;-9999;-9999;-9999;-9999;-9999;-9999;-9999;-9999;-9999;-9999;-9999;
2011-05-22;23:00;-9999;-9999;-9999;-9999;-9999;-9999;-9999;-9999;-9999;-9999;-9999;-9999;-9999;-9999;-9999;-9999;-9999;
2011-05-23;00:00;-9999;-9999;-9999;-9999;-9999;-9999;-9999;-9999;-9999;-9999;-9999;-9999;-9999;-9999;-9999;-9999;-9999;
2011-05-23;01:00;-9999;-9999;-9999;-9999;-9999;-9999;-9999;-9999;-9999;-9999;-9999;-9999;-9999;-9999;-9999;-9999;-9999;
2011-05-23;02:00;-9999;-9999;-9999;-9999;-9999;-9999;-9999;-9999;-9999;-9999;-9999;-9999;-9999;-9999;-9999;-9999;-9999;
2011-05-23;03:00;-9999;-9999;-9999;-9999;-9999;-9999;-9999;-9999;-9999;-9999;-9999;-9999;-9999;-9999;-9999;-9999;-9999;
2011-05-23;04:00;-9999;-9999;-9999;-9999;-9999;-9999;-9999;-9999;-9999;-9999;-9999;-9999;-9999;-9999;-9999;-9999;-9999;
2011-05-23;05:00;-9999;-9999;-9999;-9999;-9999;-9999;-9999;-9999;-9999;-9999;-9999;-9999;-9999;-9999;-9999;-9999;-9999;
2011-05-23;06:00;-9999;-9999;-9999;-9999;-9999;-9999;-9999;-9999;-9999;-9999;-9999;-9999;-9999;-9999;-9999;-9999;-9999;
2011-05-23;07:00;-9999;-9999;-9999;-9999;-9999;-9999;-9999;-9999;-9999;-9999;-9999;-9999;-9999;-9999;-9999;-9999;-9999;
2011-05-23;08:00;-9999;-9999;-9999;-9999;-9999;-9999;-9999;-9999;-9999;-9999;-9999;-9999;-9999;-9999;-9999;-9999;-9999;
2011-05-23;09:00;-9999;-9999;-9999;-9999;-9999;-9999;-9999;-9999;-9999;-9999;-9999;-9999;-9999;-9999;-9999;-9999;-9999;
2011-05-23;10:00;-9999;-9999;-9999;-9999;-9999;-9999;-9999;-9999;-9999;-9999;-9999;-9999;-9999;-9999;-9999;-9999;-9999;
2011-05-23;11:00;-9999;-9999;-9999;-9999;-9999;-9999;-9999;-9999;-9999;-9999;-9999;-9999;-9999;-9999;-9999;-9999;-9999;
2011-05-23;12:00;-9999;-9999;-9999;-9999;-9999;-9999;-9999;-9999;-9999;-9999;-9999;-9999;-9999;-9999;-9999;-9999;-9999;
2011-05-23;13:00;-9999;-9999;-9999;-9999;-9999;-9999;-9999;-9999;-9999;-9999;-9999;-9999;-9999;-9999;-9999;-9999;-9999;
2011-05-23;14:00;-9999;-9999;-9999;-9999;-9999;-9999;-9999;-9999;-9999;-9999;-9999;-9999;-9999;-9999;-9999;-9999;-9999;
2011-05-23;15:00;-9999;-9999;-9999;-9999;-9999;-9999;-9999;-9999;-9999;-9999;-9999;-9999;-9999;-9999;-9999;-9999;-9999;
2011-05-23;16:00;-9999;-9999;-9999;-9999;-9999;-9999;-9999;-9999;-9999;-9999;-9999;-9999;-9999;-9999;-9999;-9999;-9999;
2011-05-23;17:00;-9999;-9999;-9999;-9999;-9999;-9999;-9999;-9999;-9999;-9999;-9999;-9999;-9999;-9999;-9999;-9999;-9999;
2011-05-23;18:00;-9999;-9999;-9999;-9999;-9999;-9999;-9999;-9999;-9999;-9999;-9999;-9999;-9999;-9999;-9999;-9999;-9999;
2011-05-23;19:00;-9999;-9999;-9999;-9999;-9999;-9999;-9999;-9999;-9999;-9999;-9999;-9999;-9999;-9999;-9999;-9999;-9999;
2011-05-23;20:00;-9999;-9999;-9999;-9999;-9999;-9999;-9999;-9999;-9999;-9999;-9999;-9999;-9999;-9999;-9999;-9999;-9999;
2011-05-23;21:00;-9999;-9999;-9999;-9999;-9999;-9999;-9999;-9999;-9999;-9999;-9999;-9999;-9999;-9999;-9999;-9999;-9999;
2011-05-23;22:00;-9999;-9999;-9999;-9999;-9999;-9999;-9999;-9999;-9999;-9999;-9999;-9999;-9999;-9999;-9999;-9999;-9999;
2011-05-23;23:00;-9999;-9999;-9999;-9999;-9999;-9999;-9999;-9999;-9999;-9999;-9999;-9999;-9999;-9999;-9999;-9999;-9999;
2011-05-24;00:00;-9999;-9999;-9999;-9999;-9999;-9999;-9999;-9999;-9999;-9999;-9999;-9999;-9999;-9999;-9999;-9999;-9999;
2011-05-24;01:00;-9999;-9999;-9999;-9999;-9999;-9999;-9999;-9999;-9999;-9999;-9999;-9999;-9999;-9999;-9999;-9999;-9999;
2011-05-24;02:00;-9999;-9999;-9999;-9999;-9999;-9999;-9999;-9999;-9999;-9999;-9999;-9999;-9999;-9999;-9999;-9999;-9999;
2011-05-24;03:00;-9999;-9999;-9999;-9999;-9999;-9999;-9999;-9999;-9999;-9999;-9999;-9999;-9999;-9999;-9999;-9999;-9999;
2011-05-24;04:00;-9999;-9999;-9999;-9999;-9999;-9999;-9999;-9999;-9999;-9999;-9999;-9999;-9999;-9999;-9999;-9999;-9999;
2011-05-24;05:00;-9999;-9999;-9999;-9999;-9999;-9999;-9999;-9999;-9999;-9999;-9999;-9999;-9999;-9999;-9999;-9999;-9999;
2011-05-24;06:00;-9999;-9999;-9999;-9999;-9999;-9999;-9999;-9999;-9999;-9999;-9999;-9999;-9999;-9999;-9999;-9999;-9999;
2011-05-24;07:00;-9999;-9999;-9999;-9999;-9999;-9999;-9999;-9999;-9999;-9999;-9999;-9999;-9999;-9999;-9999;-9999;-9999;
2011-05-24;08:00;-9999;-9999;-9999;-9999;-9999;-9999;-9999;-9999;-9999;-9999;-9999;-9999;-9999;-9999;-9999;-9999;-9999;
2011-05-24;09:00;-9999;-9999;-9999;-9999;-9999;-9999;-9999;-9999;-9999;-9999;-9999;-9999;-9999;-9999;-9999;-9999;-9999;
2011-05-24;10:00;-9999;-9999;-9999;-9999;-9999;-9999;-9999;-9999;-9999;-9999;-9999;-9999;-9999;-9999;-9999;-9999;-9999;
2011-05-24;11:00;-9999;-9999;-9999;-9999;-9999;-9999;-9999;-9999;-9999;-9999;-9999;-9999;-9999;-9999;-9999;-9999;-9999;
2011-05-24;12:00;-9999;-9999;-9999;-9999;-9999;-9999;-9999;-9999;-9999;-9999;-9999;-9999;-9999;-9999;-9999;-9999;-9999;
2011-05-24;13:00;-9999;-9999;-9999;-9999;-9999;-9999;-9999;-9999;-9999;-9999;-9999;-9999;-9999;-9999;-9999;-9999;-9999;
2011-05-24;14:00;-9999;-9999;-9999;-9999;-9999;-9999;-9999;-9999;-9999;-9999;-9999;-9999;-9999;-9999;-9999;-9999;-9999;
2011-05-24;15:00;-9999;-9999;-9999;-9999;-9999;-9999;-9999;-9999;-9999;-9999;-9999;-9999;-9999;-9999;-9999;-9999;-9999;
2011-05-24;16:00;-9999;-9999;-9999;-9999;-9999;-9999;-9999;-9999;-9999;-9999;-9999;-9999;-9999;-9999;-9999;-9999;-9999;
2011-05-24;17:00;-9999;-9999;-9999;-9999;-9999;-9999;-9999;-9999;-9999;-9999;-9999;-9999;-9999;-9999;-9999;-9999;-9999;
2011-05-24;18:00;-9999;-9999;-9999;-9999;-9999;-9999;-9999;-9999;-9999;-9999;-9999;-9999;-9999;-9999;-9999;-9999;-9999;
2011-05-24;19:00;-9999;-9999;-9999;-9999;-9999;-9999;-9999;-9999;-9999;-9999;-9999;-9999;-9999;-9999;-9999;-9999;-9999;
2011-05-24;20:00;-9999;-9999;-9999;-9999;-9999;-9999;-9999;-9999;-9999;-9999;-9999;-9999;-9999;-9999;-9999;-9999;-9999;
2011-05-24;21:00;-9999;-9999;-9999;-9999;-9999;-9999;-9999;-9999;-9999;-9999;-9999;-9999;-9999;-9999;-9999;-9999;-9999;
2011-05-24;22:00;-9999;-9999;-9999;-9999;-9999;-9999;-9999;-9999;-9999;-9999;-9999;-9999;-9999;-9999;-9999;-9999;-9999;
2011-05-24;23:00;-9999;-9999;-9999;-9999;-9999;-9999;-9999;-9999;-9999;-9999;-9999;-9999;-9999;-9999;-9999;-9999;-9999;
2011-05-25;00:00;-9999;-9999;-9999;-9999;-9999;-9999;-9999;-9999;-9999;-9999;-9999;-9999;-9999;-9999;-9999;-9999;-9999;
2011-05-25;01:00;-9999;-9999;-9999;-9999;-9999;-9999;-9999;-9999;-9999;-9999;-9999;-9999;-9999;-9999;-9999;-9999;-9999;
2011-05-25;02:00;-9999;-9999;-9999;-9999;-9999;-9999;-9999;-9999;-9999;-9999;-9999;-9999;-9999;-9999;-9999;-9999;-9999;
2011-05-25;03:00;-9999;-9999;-9999;-9999;-9999;-9999;-9999;-9999;-9999;-9999;-9999;-9999;-9999;-9999;-9999;-9999;-9999;
2011-05-25;04:00;-9999;-9999;-9999;-9999;-9999;-9999;-9999;-9999;-9999;-9999;-9999;-9999;-9999;-9999;-9999;-9999;-9999;
2011-05-25;05:00;-9999;-9999;-9999;-9999;-9999;-9999;-9999;-9999;-9999;-9999;-9999;-9999;-9999;-9999;-9999;-9999;-9999;
2011-05-25;06:00;-9999;-9999;-9999;-9999;-9999;-9999;-9999;-9999;-9999;-9999;-9999;-9999;-9999;-9999;-9999;-9999;-9999;
2011-05-25;07:00;-9999;-9999;-9999;-9999;-9999;-9999;-9999;-9999;-9999;-9999;-9999;-9999;-9999;-9999;-9999;-9999;-9999;
2011-05-25;08:00;-9999;-9999;-9999;-9999;-9999;-9999;-9999;-9999;-9999;-9999;-9999;-9999;-9999;-9999;-9999;-9999;-9999;
2011-05-25;09:00;-9999;-9999;-9999;-9999;-9999;-9999;-9999;-9999;-9999;-9999;-9999;-9999;-9999;-9999;-9999;-9999;-9999;
2011-05-25;10:00;-9999;-9999;-9999;-9999;-9999;-9999;-9999;-9999;-9999;-9999;-9999;-9999;-9999;-9999;-9999;-9999;-9999;
2011-05-25;11:00;-9999;-9999;-9999;-9999;-9999;-9999;-9999;-9999;-9999;-9999;-9999;-9999;-9999;-9999;-9999;-9999;-9999;
2011-05-25;12:00;-9999;-9999;-9999;-9999;-9999;-9999;-9999;-9999;-9999;-9999;-9999;-9999;-9999;-9999;-9999;-9999;-9999;
2011-05-25;13:00;-9999;-9999;-9999;-9999;-9999;-9999;-9999;-9999;-9999;-9999;-9999;-9999;-9999;-9999;-9999;-9999;-9999;
2011-05-25;14:00;-9999;-9999;-9999;-9999;-9999;-9999;-9999;-9999;-9999;-9999;-9999;-9999;-9999;-9999;-9999;-9999;-9999;
2011-05-25;15:00;-9999;-9999;-9999;-9999;-9999;-9999;-9999;-9999;-9999;-9999;-9999;-9999;-9999;-9999;-9999;-9999;-9999;
2011-05-25;16:00;-9999;-9999;-9999;-9999;-9999;-9999;-9999;-9999;-9999;-9999;-9999;-9999;-9999;-9999;-9999;-9999;-9999;
2011-05-25;17:00;-9999;-9999;-9999;-9999;-9999;-9999;-9999;-9999;-9999;-9999;-9999;-9999;-9999;-9999;-9999;-9999;-9999;
2011-05-25;18:00;-9999;-9999;-9999;-9999;-9999;-9999;-9999;-9999;-9999;-9999;-9999;-9999;-9999;-9999;-9999;-9999;-9999;
2011-05-25;19:00;-9999;-9999;-9999;-9999;-9999;-9999;-9999;-9999;-9999;-9999;-9999;-9999;-9999;-9999;-9999;-9999;-9999;
2011-05-25;20:00;-9999;-9999;-9999;-9999;-9999;-9999;-9999;-9999;-9999;-9999;-9999;-9999;-9999;-9999;-9999;-9999;-9999;
2011-05-25;21:00;-9999;-9999;-9999;-9999;-9999;-9999;-9999;-9999;-9999;-9999;-9999;-9999;-9999;-9999;-9999;-9999;-9999;
2011-05-25;22:00;-9999;-9999;-9999;-9999;-9999;-9999;-9999;-9999;-9999;-9999;-9999;-9999;-9999;-9999;-9999;-9999;-9999;
2011-05-25;23:00;-9999;-9999;-9999;-9999;-9999;-9999;-9999;-9999;-9999;-9999;-9999;-9999;-9999;-9999;-9999;-9999;-9999;
2011-05-26;00:00;-9999;-9999;-9999;-9999;-9999;-9999;-9999;-9999;-9999;-9999;-9999;-9999;-9999;-9999;-9999;-9999;-9999;
2011-05-26;01:00;-9999;-9999;-9999;-9999;-9999;-9999;-9999;-9999;-9999;-9999;-9999;-9999;-9999;-9999;-9999;-9999;-9999;
2011-05-26;02:00;-9999;-9999;-9999;-9999;-9999;-9999;-9999;-9999;-9999;-9999;-9999;-9999;-9999;-9999;-9999;-9999;-9999;
2011-05-26;03:00;-9999;-9999;-9999;-9999;-9999;-9999;-9999;-9999;-9999;-9999;-9999;-9999;-9999;-9999;-9999;-9999;-9999;
2011-05-26;04:00;-9999;-9999;-9999;-9999;-9999;-9999;-9999;-9999;-9999;-9999;-9999;-9999;-9999;-9999;-9999;-9999;-9999;
2011-05-26;05:00;-9999;-9999;-9999;-9999;-9999;-9999;-9999;-9999;-9999;-9999;-9999;-9999;-9999;-9999;-9999;-9999;-9999;
2011-05-26;06:00;-9999;-9999;-9999;-9999;-9999;-9999;-9999;-9999;-9999;-9999;-9999;-9999;-9999;-9999;-9999;-9999;-9999;
2011-05-26;07:00;-9999;-9999;-9999;-9999;-9999;-9999;-9999;-9999;-9999;-9999;-9999;-9999;-9999;-9999;-9999;-9999;-9999;
2011-05-26;08:00;-9999;-9999;-9999;-9999;-9999;-9999;-9999;-9999;-9999;-9999;-9999;-9999;-9999;-9999;-9999;-9999;-9999;
2011-05-26;09:00;-9999;-9999;-9999;-9999;-9999;-9999;-9999;-9999;-9999;-9999;-9999;-9999;-9999;-9999;-9999;-9999;-9999;
2011-05-26;10:00;-9999;-9999;-9999;-9999;-9999;-9999;-9999;-9999;-9999;-9999;-9999;-9999;-9999;-9999;-9999;-9999;-9999;
2011-05-26;11:00;-9999;-9999;-9999;-9999;-9999;-9999;-9999;-9999;-9999;-9999;-9999;-9999;-9999;-9999;-9999;-9999;-9999;
2011-05-26;12:00;-9999;-9999;-9999;-9999;-9999;-9999;-9999;-9999;-9999;-9999;-9999;-9999;-9999;-9999;-9999;-9999;-9999;
2011-05-26;13:00;-9999;-9999;-9999;-9999;-9999;-9999;-9999;-9999;-9999;-9999;-9999;-9999;-9999;-9999;-9999;-9999;-9999;
2011-05-26;14:00;-9999;-9999;-9999;-9999;-9999;-9999;-9999;-9999;-9999;-9999;-9999;-9999;-9999;-9999;-9999;-9999;-9999;
2011-05-26;15:00;-9999;-9999;-9999;-9999;-9999;-9999;-9999;-9999;-9999;-9999;-9999;-9999;-9999;-9999;-9999;-9999;-9999;
2011-05-26;16:00;-9999;-9999;-9999;-9999;-9999;-9999;-9999;-9999;-9999;-9999;-9999;-9999;-9999;-9999;-9999;-9999;-9999;
2011-05-26;17:00;-9999;-9999;-9999;-9999;-9999;-9999;-9999;-9999;-9999;-9999;-9999;-9999;-9999;-9999;-9999;-9999;-9999;
2011-05-26;18:00;-9999;-9999;-9999;-9999;-9999;-9999;-9999;-9999;-9999;-9999;-9999;-9999;-9999;-9999;-9999;-9999;-9999;
2011-05-26;19:00;-9999;-9999;-9999;-9999;-9999;-9999;-9999;-9999;-9999;-9999;-9999;-9999;-9999;-9999;-9999;-9999;-9999;
2011-05-26;20:00;-9999;-9999;-9999;-9999;-9999;-9999;-9999;-9999;-9999;-9999;-9999;-9999;-9999;-9999;-9999;-9999;-9999;
2011-05-26;21:00;-9999;-9999;-9999;-9999;-9999;-9999;-9999;-9999;-9999;-9999;-9999;-9999;-9999;-9999;-9999;-9999;-9999;
2011-05-26;22:00;-9999;-9999;-9999;-9999;-9999;-9999;-9999;-9999;-9999;-9999;-9999;-9999;-9999;-9999;-9999;-9999;-9999;
2011-05-26;23:00;-9999;-9999;-9999;-9999;-9999;-9999;-9999;-9999;-9999;-9999;-9999;-9999;-9999;-9999;-9999;-9999;-9999;
2011-05-27;00:00;-9999;-9999;-9999;-9999;-9999;-9999;-9999;-9999;-9999;-9999;-9999;-9999;-9999;-9999;-9999;-9999;-9999;
2011-05-27;01:00;-9999;-9999;-9999;-9999;-9999;-9999;-9999;-9999;-9999;-9999;-9999;-9999;-9999;-9999;-9999;-9999;-9999;
2011-05-27;02:00;-9999;-9999;-9999;-9999;-9999;-9999;-9999;-9999;-9999;-9999;-9999;-9999;-9999;-9999;-9999;-9999;-9999;
2011-05-27;03:00;-9999;-9999;-9999;-9999;-9999;-9999;-9999;-9999;-9999;-9999;-9999;-9999;-9999;-9999;-9999;-9999;-9999;
2011-05-27;04:00;-9999;-9999;-9999;-9999;-9999;-9999;-9999;-9999;-9999;-9999;-9999;-9999;-9999;-9999;-9999;-9999;-9999;
2011-05-27;05:00;-9999;-9999;-9999;-9999;-9999;-9999;-9999;-9999;-9999;-9999;-9999;-9999;-9999;-9999;-9999;-9999;-9999;
2011-05-27;06:00;-9999;-9999;-9999;-9999;-9999;-9999;-9999;-9999;-9999;-9999;-9999;-9999;-9999;-9999;-9999;-9999;-9999;
2011-05-27;07:00;-9999;-9999;-9999;-9999;-9999;-9999;-9999;-9999;-9999;-9999;-9999;-9999;-9999;-9999;-9999;-9999;-9999;
2011-05-27;08:00;-9999;-9999;-9999;-9999;-9999;-9999;-9999;-9999;-9999;-9999;-9999;-9999;-9999;-9999;-9999;-9999;-9999;
2011-05-27;09:00;-9999;-9999;-9999;-9999;-9999;-9999;-9999;-9999;-9999;-9999;-9999;-9999;-9999;-9999;-9999;-9999;-9999;
2011-05-27;10:00;-9999;-9999;-9999;-9999;-9999;-9999;-9999;-9999;-9999;-9999;-9999;-9999;-9999;-9999;-9999;-9999;-9999;
2011-05-27;11:00;-9999;-9999;-9999;-9999;-9999;-9999;-9999;-9999;-9999;-9999;-9999;-9999;-9999;-9999;-9999;-9999;-9999;
2011-05-27;12:00;-9999;-9999;-9999;-9999;-9999;-9999;-9999;-9999;-9999;-9999;-9999;-9999;-9999;-9999;-9999;-9999;-9999;
2011-05-27;13:00;-9999;-9999;-9999;-9999;-9999;-9999;-9999;-9999;-9999;-9999;-9999;-9999;-9999;-9999;-9999;-9999;-9999;
2011-05-27;14:00;-9999;-9999;-9999;-9999;-9999;-9999;-9999;-9999;-9999;-9999;-9999;-9999;-9999;-9999;-9999;-9999;-9999;
2011-05-27;15:00;-9999;-9999;-9999;-9999;-9999;-9999;-9999;-9999;-9999;-9999;-9999;-9999;-9999;-9999;-9999;-9999;-9999;
2011-05-27;16:00;-9999;-9999;-9999;-9999;-9999;-9999;-9999;-9999;-9999;-9999;-9999;-9999;-9999;-9999;-9999;-9999;-9999;
2011-05-27;17:00;-9999;-9999;-9999;-9999;-9999;-9999;-9999;-9999;-9999;-9999;-9999;-9999;-9999;-9999;-9999;-9999;-9999;
2011-05-27;18:00;-9999;-9999;-9999;-9999;-9999;-9999;-9999;-9999;-9999;-9999;-9999;-9999;-9999;-9999;-9999;-9999;-9999;
2011-05-27;19:00;-9999;-9999;-9999;-9999;-9999;-9999;-9999;-9999;-9999;-9999;-9999;-9999;-9999;-9999;-9999;-9999;-9999;
2011-05-27;20:00;-9999;-9999;-9999;-9999;-9999;-9999;-9999;-9999;-9999;-9999;-9999;-9999;-9999;-9999;-9999;-9999;-9999;
2011-05-27;21:00;-9999;-9999;-9999;-9999;-9999;-9999;-9999;-9999;-9999;-9999;-9999;-9999;-9999;-9999;-9999;-9999;-9999;
2011-05-27;22:00;-9999;-9999;-9999;-9999;-9999;-9999;-9999;-9999;-9999;-9999;-9999;-9999;-9999;-9999;-9999;-9999;-9999;
2011-05-27;23:00;-9999;-9999;-9999;-9999;-9999;-9999;-9999;-9999;-9999;-9999;-9999;-9999;-9999;-9999;-9999;-9999;-9999;
2011-05-28;00:00;-9999;-9999;-9999;-9999;-9999;-9999;-9999;-9999;-9999;-9999;-9999;-9999;-9999;-9999;-9999;-9999;-9999;
2011-05-28;01:00;-9999;-9999;-9999;-9999;-9999;-9999;-9999;-9999;-9999;-9999;-9999;-9999;-9999;-9999;-9999;-9999;-9999;
2011-05-28;02:00;-9999;-9999;-9999;-9999;-9999;-9999;-9999;-9999;-9999;-9999;-9999;-9999;-9999;-9999;-9999;-9999;-9999;
2011-05-28;03:00;-9999;-9999;-9999;-9999;-9999;-9999;-9999;-9999;-9999;-9999;-9999;-9999;-9999;-9999;-9999;-9999;-9999;
2011-05-28;04:00;-9999;-9999;-9999;-9999;-9999;-9999;-9999;-9999;-9999;-9999;-9999;-9999;-9999;-9999;-9999;-9999;-9999;
2011-05-28;05:00;-9999;-9999;-9999;-9999;-9999;-9999;-9999;-9999;-9999;-9999;-9999;-9999;-9999;-9999;-9999;-9999;-9999;
2011-05-28;06:00;-9999;-9999;-9999;-9999;-9999;-9999;-9999;-9999;-9999;-9999;-9999;-9999;-9999;-9999;-9999;-9999;-9999;
2011-05-28;07:00;-9999;-9999;-9999;-9999;-9999;-9999;-9999;-9999;-9999;-9999;-9999;-9999;-9999;-9999;-9999;-9999;-9999;
2011-05-28;08:00;-9999;-9999;-9999;-9999;-9999;-9999;-9999;-9999;-9999;-9999;-9999;-9999;-9999;-9999;-9999;-9999;-9999;
2011-05-28;09:00;-9999;-9999;-9999;-9999;-9999;-9999;-9999;-9999;-9999;-9999;-9999;-9999;-9999;-9999;-9999;-9999;-9999;
2011-05-28;10:00;-9999;-9999;-9999;-9999;-9999;-9999;-9999;-9999;-9999;-9999;-9999;-9999;-9999;-9999;-9999;-9999;-9999;
2011-05-28;11:00;-9999;-9999;-9999;-9999;-9999;-9999;-9999;-9999;-9999;-9999;-9999;-9999;-9999;-9999;-9999;-9999;-9999;
2011-05-28;12:00;-9999;-9999;-9999;-9999;-9999;-9999;-9999;-9999;-9999;-9999;-9999;-9999;-9999;-9999;-9999;-9999;-9999;
2011-05-28;13:00;-9999;-9999;-9999;-9999;-9999;-9999;-9999;-9999;-9999;-9999;-9999;-9999;-9999;-9999;-9999;-9999;-9999;
2011-05-28;14:00;-9999;-9999;-9999;-9999;-9999;-9999;-9999;-9999;-9999;-9999;-9999;-9999;-9999;-9999;-9999;-9999;-9999;
2011-05-28;15:00;-9999;-9999;-9999;-9999;-9999;-9999;-9999;-9999;-9999;-9999;-9999;-9999;-9999;-9999;-9999;-9999;-9999;
2011-05-28;16:00;-9999;-9999;-9999;-9999;-9999;-9999;-9999;-9999;-9999;-9999;-9999;-9999;-9999;-9999;-9999;-9999;-9999;
2011-05-28;17:00;-9999;-9999;-9999;-9999;-9999;-9999;-9999;-9999;-9999;-9999;-9999;-9999;-9999;-9999;-9999;-9999;-9999;
2011-05-28;18:00;-9999;-9999;-9999;-9999;-9999;-9999;-9999;-9999;-9999;-9999;-9999;-9999;-9999;-9999;-9999;-9999;-9999;
2011-05-28;19:00;-9999;-9999;-9999;-9999;-9999;-9999;-9999;-9999;-9999;-9999;-9999;-9999;-9999;-9999;-9999;-9999;-9999;
2011-05-28;20:00;-9999;-9999;-9999;-9999;-9999;-9999;-9999;-9999;-9999;-9999;-9999;-9999;-9999;-9999;-9999;-9999;-9999;
2011-05-28;21:00;-9999;-9999;-9999;-9999;-9999;-9999;-9999;-9999;-9999;-9999;-9999;-9999;-9999;-9999;-9999;-9999;-9999;
2011-05-28;22:00;-9999;-9999;-9999;-9999;-9999;-9999;-9999;-9999;-9999;-9999;-9999;-9999;-9999;-9999;-9999;-9999;-9999;
2011-05-28;23:00;-9999;-9999;-9999;-9999;-9999;-9999;-9999;-9999;-9999;-9999;-9999;-9999;-9999;-9999;-9999;-9999;-9999;
2011-05-29;00:00;-9999;-9999;-9999;-9999;-9999;-9999;-9999;-9999;-9999;-9999;-9999;-9999;-9999;-9999;-9999;-9999;-9999;
2011-05-29;01:00;-9999;-9999;-9999;-9999;-9999;-9999;-9999;-9999;-9999;-9999;-9999;-9999;-9999;-9999;-9999;-9999;-9999;
2011-05-29;02:00;-9999;-9999;-9999;-9999;-9999;-9999;-9999;-9999;-9999;-9999;-9999;-9999;-9999;-9999;-9999;-9999;-9999;
2011-05-29;03:00;-9999;-9999;-9999;-9999;-9999;-9999;-9999;-9999;-9999;-9999;-9999;-9999;-9999;-9999;-9999;-9999;-9999;
2011-05-29;04:00;-9999;-9999;-9999;-9999;-9999;-9999;-9999;-9999;-9999;-9999;-9999;-9999;-9999;-9999;-9999;-9999;-9999;
2011-05-29;05:00;-9999;-9999;-9999;-9999;-9999;-9999;-9999;-9999;-9999;-9999;-9999;-9999;-9999;-9999;-9999;-9999;-9999;
2011-05-29;06:00;-9999;-9999;-9999;-9999;-9999;-9999;-9999;-9999;-9999;-9999;-9999;-9999;-9999;-9999;-9999;-9999;-9999;
2011-05-29;07:00;-9999;-9999;-9999;-9999;-9999;-9999;-9999;-9999;-9999;-9999;-9999;-9999;-9999;-9999;-9999;-9999;-9999;
2011-05-29;08:00;-9999;-9999;-9999;-9999;-9999;-9999;-9999;-9999;-9999;-9999;-9999;-9999;-9999;-9999;-9999;-9999;-9999;
2011-05-29;09:00;-9999;-9999;-9999;-9999;-9999;-9999;-9999;-9999;-9999;-9999;-9999;-9999;-9999;-9999;-9999;-9999;-9999;
2011-05-29;10:00;-9999;-9999;-9999;-9999;-9999;-9999;-9999;-9999;-9999;-9999;-9999;-9999;-9999;-9999;-9999;-9999;-9999;
2011-05-29;11:00;-9999;-9999;-9999;-9999;-9999;-9999;-9999;-9999;-9999;-9999;-9999;-9999;-9999;-9999;-9999;-9999;-9999;
2011-05-29;12:00;-9999;-9999;-9999;-9999;-9999;-9999;-9999;-9999;-9999;-9999;-9999;-9999;-9999;-9999;-9999;-9999;-9999;
2011-05-29;13:00;-9999;-9999;-9999;-9999;-9999;-9999;-9999;-9999;-9999;-9999;-9999;-9999;-9999;-9999;-9999;-9999;-9999;
2011-05-29;14:00;-9999;-9999;-9999;-9999;-9999;-9999;-9999;-9999;-9999;-9999;-9999;-9999;-9999;-9999;-9999;-9999;-9999;
2011-05-29;15:00;-9999;-9999;-9999;-9999;-9999;-9999;-9999;-9999;-9999;-9999;-9999;-9999;-9999;-9999;-9999;-9999;-9999;
2011-05-29;16:00;-9999;-9999;-9999;-9999;-9999;-9999;-9999;-9999;-9999;-9999;-9999;-9999;-9999;-9999;-9999;-9999;-9999;
2011-05-29;17:00;-9999;-9999;-9999;-9999;-9999;-9999;-9999;-9999;-9999;-9999;-9999;-9999;-9999;-9999;-9999;-9999;-9999;
2011-05-29;18:00;-9999;-9999;-9999;-9999;-9999;-9999;-9999;-9999;-9999;-9999;-9999;-9999;-9999;-9999;-9999;-9999;-9999;
2011-05-29;19:00;-9999;-9999;-9999;-9999;-9999;-9999;-9999;-9999;-9999;-9999;-9999;-9999;-9999;-9999;-9999;-9999;-9999;
2011-05-29;20:00;-9999;-9999;-9999;-9999;-9999;-9999;-9999;-9999;-9999;-9999;-9999;-9999;-9999;-9999;-9999;-9999;-9999;
2011-05-29;21:00;-9999;-9999;-9999;-9999;-9999;-9999;-9999;-9999;-9999;-9999;-9999;-9999;-9999;-9999;-9999;-9999;-9999;
2011-05-29;22:00;-9999;-9999;-9999;-9999;-9999;-9999;-9999;-9999;-9999;-9999;-9999;-9999;-9999;-9999;-9999;-9999;-9999;
2011-05-29;23:00;-9999;-9999;-9999;-9999;-9999;-9999;-9999;-9999;-9999;-9999;-9999;-9999;-9999;-9999;-9999;-9999;-9999;
2011-05-30;00:00;-9999;-9999;-9999;-9999;-9999;-9999;-9999;-9999;-9999;-9999;-9999;-9999;-9999;-9999;-9999;-9999;-9999;
2011-05-30;01:00;-9999;-9999;-9999;-9999;-9999;-9999;-9999;-9999;-9999;-9999;-9999;-9999;-9999;-9999;-9999;-9999;-9999;
2011-05-30;02:00;-9999;-9999;-9999;-9999;-9999;-9999;-9999;-9999;-9999;-9999;-9999;-9999;-9999;-9999;-9999;-9999;-9999;
2011-05-30;03:00;-9999;-9999;-9999;-9999;-9999;-9999;-9999;-9999;-9999;-9999;-9999;-9999;-9999;-9999;-9999;-9999;-9999;
2011-05-30;04:00;-9999;-9999;-9999;-9999;-9999;-9999;-9999;-9999;-9999;-9999;-9999;-9999;-9999;-9999;-9999;-9999;-9999;
2011-05-30;05:00;-9999;-9999;-9999;-9999;-9999;-9999;-9999;-9999;-9999;-9999;-9999;-9999;-9999;-9999;-9999;-9999;-9999;
2011-05-30;06:00;-9999;-9999;-9999;-9999;-9999;-9999;-9999;-9999;-9999;-9999;-9999;-9999;-9999;-9999;-9999;-9999;-9999;
2011-05-30;07:00;-9999;-9999;-9999;-9999;-9999;-9999;-9999;-9999;-9999;-9999;-9999;-9999;-9999;-9999;-9999;-9999;-9999;
2011-05-30;08:00;-9999;-9999;-9999;-9999;-9999;-9999;-9999;-9999;-9999;-9999;-9999;-9999;-9999;-9999;-9999;-9999;-9999;
2011-05-30;09:00;-9999;-9999;-9999;-9999;-9999;-9999;-9999;-9999;-9999;-9999;-9999;-9999;-9999;-9999;-9999;-9999;-9999;
2011-05-30;10:00;-9999;-9999;-9999;-9999;-9999;-9999;-9999;-9999;-9999;-9999;-9999;-9999;-9999;-9999;-9999;-9999;-9999;
2011-05-30;11:00;-9999;-9999;-9999;-9999;-9999;-9999;-9999;-9999;-9999;-9999;-9999;-9999;-9999;-9999;-9999;-9999;-9999;
2011-05-30;12:00;-9999;-9999;-9999;-9999;-9999;-9999;-9999;-9999;-9999;-9999;-9999;-9999;-9999;-9999;-9999;-9999;-9999;
2011-05-30;13:00;-9999;-9999;-9999;-9999;-9999;-9999;-9999;-9999;-9999;-9999;-9999;-9999;-9999;-9999;-9999;-9999;-9999;
2011-05-30;14:00;-9999;-9999;-9999;-9999;-9999;-9999;-9999;-9999;-9999;-9999;-9999;-9999;-9999;-9999;-9999;-9999;-9999;
2011-05-30;15:00;-9999;-9999;-9999;-9999;-9999;-9999;-9999;-9999;-9999;-9999;-9999;-9999;-9999;-9999;-9999;-9999;-9999;
2011-05-30;16:00;-9999;-9999;-9999;-9999;-9999;-9999;-9999;-9999;-9999;-9999;-9999;-9999;-9999;-9999;-9999;-9999;-9999;
2011-05-30;17:00;-9999;-9999;-9999;-9999;-9999;-9999;-9999;-9999;-9999;-9999;-9999;-9999;-9999;-9999;-9999;-9999;-9999;
2011-05-30;18:00;-9999;-9999;-9999;-9999;-9999;-9999;-9999;-9999;-9999;-9999;-9999;-9999;-9999;-9999;-9999;-9999;-9999;
2011-05-30;19:00;-9999;-9999;-9999;-9999;-9999;-9999;-9999;-9999;-9999;-9999;-9999;-9999;-9999;-9999;-9999;-9999;-9999;
2011-05-30;20:00;-9999;-9999;-9999;-9999;-9999;-9999;-9999;-9999;-9999;-9999;-9999;-9999;-9999;-9999;-9999;-9999;-9999;
2011-05-30;21:00;-9999;-9999;-9999;-9999;-9999;-9999;-9999;-9999;-9999;-9999;-9999;-9999;-9999;-9999;-9999;-9999;-9999;
2011-05-30;22:00;-9999;-9999;-9999;-9999;-9999;-9999;-9999;-9999;-9999;-9999;-9999;-9999;-9999;-9999;-9999;-9999;-9999;
2011-05-30;23:00;-9999;-9999;-9999;-9999;-9999;-9999;-9999;-9999;-9999;-9999;-9999;-9999;-9999;-9999;-9999;-9999;-9999;
2011-05-31;00:00;-9999;-9999;-9999;-9999;-9999;-9999;-9999;-9999;-9999;-9999;-9999;-9999;-9999;-9999;-9999;-9999;-9999;
2011-05-31;01:00;-9999;-9999;-9999;-9999;-9999;-9999;-9999;-9999;-9999;-9999;-9999;-9999;-9999;-9999;-9999;-9999;-9999;
2011-05-31;02:00;-9999;-9999;-9999;-9999;-9999;-9999;-9999;-9999;-9999;-9999;-9999;-9999;-9999;-9999;-9999;-9999;-9999;
2011-05-31;03:00;-9999;-9999;-9999;-9999;-9999;-9999;-9999;-9999;-9999;-9999;-9999;-9999;-9999;-9999;-9999;-9999;-9999;
2011-05-31;04:00;-9999;-9999;-9999;-9999;-9999;-9999;-9999;-9999;-9999;-9999;-9999;-9999;-9999;-9999;-9999;-9999;-9999;
2011-05-31;05:00;-9999;-9999;-9999;-9999;-9999;-9999;-9999;-9999;-9999;-9999;-9999;-9999;-9999;-9999;-9999;-9999;-9999;
2011-05-31;06:00;-9999;-9999;-9999;-9999;-9999;-9999;-9999;-9999;-9999;-9999;-9999;-9999;-9999;-9999;-9999;-9999;-9999;
2011-05-31;07:00;-9999;-9999;-9999;-9999;-9999;-9999;-9999;-9999;-9999;-9999;-9999;-9999;-9999;-9999;-9999;-9999;-9999;
2011-05-31;08:00;-9999;-9999;-9999;-9999;-9999;-9999;-9999;-9999;-9999;-9999;-9999;-9999;-9999;-9999;-9999;-9999;-9999;
2011-05-31;09:00;-9999;-9999;-9999;-9999;-9999;-9999;-9999;-9999;-9999;-9999;-9999;-9999;-9999;-9999;-9999;-9999;-9999;
2011-05-31;10:00;-9999;-9999;-9999;-9999;-9999;-9999;-9999;-9999;-9999;-9999;-9999;-9999;-9999;-9999;-9999;-9999;-9999;
2011-05-31;11:00;-9999;-9999;-9999;-9999;-9999;-9999;-9999;-9999;-9999;-9999;-9999;-9999;-9999;-9999;-9999;-9999;-9999;
2011-05-31;12:00;-9999;-9999;-9999;-9999;-9999;-9999;-9999;-9999;-9999;-9999;-9999;-9999;-9999;-9999;-9999;-9999;-9999;
2011-05-31;13:00;-9999;-9999;-9999;-9999;-9999;-9999;-9999;-9999;-9999;-9999;-9999;-9999;-9999;-9999;-9999;-9999;-9999;
2011-05-31;14:00;-9999;-9999;-9999;-9999;-9999;-9999;-9999;-9999;-9999;-9999;-9999;-9999;-9999;-9999;-9999;-9999;-9999;
2011-05-31;15:00;-9999;-9999;-9999;-9999;-9999;-9999;-9999;-9999;-9999;-9999;-9999;-9999;-9999;-9999;-9999;-9999;-9999;
2011-05-31;16:00;-9999;-9999;-9999;-9999;-9999;-9999;-9999;-9999;-9999;-9999;-9999;-9999;-9999;-9999;-9999;-9999;-9999;
2011-05-31;17:00;-9999;-9999;-9999;-9999;-9999;-9999;-9999;-9999;-9999;-9999;-9999;-9999;-9999;-9999;-9999;-9999;-9999;
2011-05-31;18:00;-9999;-9999;-9999;-9999;-9999;-9999;-9999;-9999;-9999;-9999;-9999;-9999;-9999;-9999;-9999;-9999;-9999;
2011-05-31;19:00;-9999;-9999;-9999;-9999;-9999;-9999;-9999;-9999;-9999;-9999;-9999;-9999;-9999;-9999;-9999;-9999;-9999;
2011-05-31;20:00;-9999;-9999;-9999;-9999;-9999;-9999;-9999;-9999;-9999;-9999;-9999;-9999;-9999;-9999;-9999;-9999;-9999;
2011-05-31;21:00;-9999;-9999;-9999;-9999;-9999;-9999;-9999;-9999;-9999;-9999;-9999;-9999;-9999;-9999;-9999;-9999;-9999;
2011-05-31;22:00;-9999;-9999;-9999;-9999;-9999;-9999;-9999;-9999;-9999;-9999;-9999;-9999;-9999;-9999;-9999;-9999;-9999;
2011-05-31;23:00;-9999;-9999;-9999;-9999;-9999;-9999;-9999;-9999;-9999;-9999;-9999;-9999;-9999;-9999;-9999;-9999;-9999;
2011-06-01;00:00;-9999;-9999;-9999;-9999;-9999;-9999;-9999;-9999;-9999;-9999;-9999;-9999;-9999;-9999;-9999;-9999;-9999;
2011-06-01;01:00;-9999;-9999;-9999;-9999;-9999;-9999;-9999;-9999;-9999;-9999;-9999;-9999;-9999;-9999;-9999;-9999;-9999;
2011-06-01;02:00;-9999;-9999;-9999;-9999;-9999;-9999;-9999;-9999;-9999;-9999;-9999;-9999;-9999;-9999;-9999;-9999;-9999;
2011-06-01;03:00;-9999;-9999;-9999;-9999;-9999;-9999;-9999;-9999;-9999;-9999;-9999;-9999;-9999;-9999;-9999;-9999;-9999;
2011-06-01;04:00;-9999;-9999;-9999;-9999;-9999;-9999;-9999;-9999;-9999;-9999;-9999;-9999;-9999;-9999;-9999;-9999;-9999;
2011-06-01;05:00;-9999;-9999;-9999;-9999;-9999;-9999;-9999;-9999;-9999;-9999;-9999;-9999;-9999;-9999;-9999;-9999;-9999;
2011-06-01;06:00;-9999;-9999;-9999;-9999;-9999;-9999;-9999;-9999;-9999;-9999;-9999;-9999;-9999;-9999;-9999;-9999;-9999;
2011-06-01;07:00;-9999;-9999;-9999;-9999;-9999;-9999;-9999;-9999;-9999;-9999;-9999;-9999;-9999;-9999;-9999;-9999;-9999;
2011-06-01;08:00;-9999;-9999;-9999;-9999;-9999;-9999;-9999;-9999;-9999;-9999;-9999;-9999;-9999;-9999;-9999;-9999;-9999;
2011-06-01;09:00;-9999;-9999;-9999;-9999;-9999;-9999;-9999;-9999;-9999;-9999;-9999;-9999;-9999;-9999;-9999;-9999;-9999;
2011-06-01;10:00;-9999;-9999;-9999;-9999;-9999;-9999;-9999;-9999;-9999;-9999;-9999;-9999;-9999;-9999;-9999;-9999;-9999;
2011-06-01;11:00;-9999;-9999;-9999;-9999;-9999;-9999;-9999;-9999;-9999;-9999;-9999;-9999;-9999;-9999;-9999;-9999;-9999;
2011-06-01;12:00;-9999;-9999;-9999;-9999;-9999;-9999;-9999;-9999;-9999;-9999;-9999;-9999;-9999;-9999;-9999;-9999;-9999;
2011-06-01;13:00;-9999;-9999;-9999;-9999;-9999;-9999;-9999;-9999;-9999;-9999;-9999;-9999;-9999;-9999;-9999;-9999;-9999;
2011-06-01;14:00;-9999;-9999;-9999;-9999;-9999;-9999;-9999;-9999;-9999;-9999;-9999;-9999;-9999;-9999;-9999;-9999;-9999;
2011-06-01;15:00;-9999;-9999;-9999;-9999;-9999;-9999;-9999;-9999;-9999;-9999;-9999;-9999;-9999;-9999;-9999;-9999;-9999;
2011-06-01;16:00;-9999;-9999;-9999;-9999;-9999;-9999;-9999;-9999;-9999;-9999;-9999;-9999;-9999;-9999;-9999;-9999;-9999;
2011-06-01;17:00;-9999;-9999;-9999;-9999;-9999;-9999;-9999;-9999;-9999;-9999;-9999;-9999;-9999;-9999;-9999;-9999;-9999;
2011-06-01;18:00;-9999;-9999;-9999;-9999;-9999;-9999;-9999;-9999;-9999;-9999;-9999;-9999;-9999;-9999;-9999;-9999;-9999;
2011-06-01;19:00;-9999;-9999;-9999;-9999;-9999;-9999;-9999;-9999;-9999;-9999;-9999;-9999;-9999;-9999;-9999;-9999;-9999;
2011-06-01;20:00;-9999;-9999;-9999;-9999;-9999;-9999;-9999;-9999;-9999;-9999;-9999;-9999;-9999;-9999;-9999;-9999;-9999;
2011-06-01;21:00;-9999;-9999;-9999;-9999;-9999;-9999;-9999;-9999;-9999;-9999;-9999;-9999;-9999;-9999;-9999;-9999;-9999;
2011-06-01;22:00;-9999;-9999;-9999;-9999;-9999;-9999;-9999;-9999;-9999;-9999;-9999;-9999;-9999;-9999;-9999;-9999;-9999;
2011-06-01;23:00;-9999;-9999;-9999;-9999;-9999;-9999;-9999;-9999;-9999;-9999;-9999;-9999;-9999;-9999;-9999;-9999;-9999;
2011-06-02;00:00;-9999;-9999;-9999;-9999;-9999;-9999;-9999;-9999;-9999;-9999;-9999;-9999;-9999;-9999;-9999;-9999;-9999;
2011-06-02;01:00;-9999;-9999;-9999;-9999;-9999;-9999;-9999;-9999;-9999;-9999;-9999;-9999;-9999;-9999;-9999;-9999;-9999;
2011-06-02;02:00;-9999;-9999;-9999;-9999;-9999;-9999;-9999;-9999;-9999;-9999;-9999;-9999;-9999;-9999;-9999;-9999;-9999;
2011-06-02;03:00;-9999;-9999;-9999;-9999;-9999;-9999;-9999;-9999;-9999;-9999;-9999;-9999;-9999;-9999;-9999;-9999;-9999;
2011-06-02;04:00;-9999;-9999;-9999;-9999;-9999;-9999;-9999;-9999;-9999;-9999;-9999;-9999;-9999;-9999;-9999;-9999;-9999;
2011-06-02;05:00;-9999;-9999;-9999;-9999;-9999;-9999;-9999;-9999;-9999;-9999;-9999;-9999;-9999;-9999;-9999;-9999;-9999;
2011-06-02;06:00;-9999;-9999;-9999;-9999;-9999;-9999;-9999;-9999;-9999;-9999;-9999;-9999;-9999;-9999;-9999;-9999;-9999;
2011-06-02;07:00;-9999;-9999;-9999;-9999;-9999;-9999;-9999;-9999;-9999;-9999;-9999;-9999;-9999;-9999;-9999;-9999;-9999;
2011-06-02;08:00;-9999;-9999;-9999;-9999;-9999;-9999;-9999;-9999;-9999;-9999;-9999;-9999;-9999;-9999;-9999;-9999;-9999;
2011-06-02;09:00;-9999;-9999;-9999;-9999;-9999;-9999;-9999;-9999;-9999;-9999;-9999;-9999;-9999;-9999;-9999;-9999;-9999;
2011-06-02;10:00;-9999;-9999;-9999;-9999;-9999;-9999;-9999;-9999;-9999;-9999;-9999;-9999;-9999;-9999;-9999;-9999;-9999;
2011-06-02;11:00;-9999;-9999;-9999;-9999;-9999;-9999;-9999;-9999;-9999;-9999;-9999;-9999;-9999;-9999;-9999;-9999;-9999;
2011-06-02;12:00;-9999;-9999;-9999;-9999;-9999;-9999;-9999;-9999;-9999;-9999;-9999;-9999;-9999;-9999;-9999;-9999;-9999;
2011-06-02;13:00;-9999;-9999;-9999;-9999;-9999;-9999;-9999;-9999;-9999;-9999;-9999;-9999;-9999;-9999;-9999;-9999;-9999;
2011-06-02;14:00;-9999;-9999;-9999;-9999;-9999;-9999;-9999;-9999;-9999;-9999;-9999;-9999;-9999;-9999;-9999;-9999;-9999;
2011-06-02;15:00;-9999;-9999;-9999;-9999;-9999;-9999;-9999;-9999;-9999;-9999;-9999;-9999;-9999;-9999;-9999;-9999;-9999;
2011-06-02;16:00;-9999;-9999;-9999;-9999;-9999;-9999;-9999;-9999;-9999;-9999;-9999;-9999;-9999;-9999;-9999;-9999;-9999;
2011-06-02;17:00;-9999;-9999;-9999;-9999;-9999;-9999;-9999;-9999;-9999;-9999;-9999;-9999;-9999;-9999;-9999;-9999;-9999;
2011-06-02;18:00;-9999;-9999;-9999;-9999;-9999;-9999;-9999;-9999;-9999;-9999;-9999;-9999;-9999;-9999;-9999;-9999;-9999;
2011-06-02;19:00;-9999;-9999;-9999;-9999;-9999;-9999;-9999;-9999;-9999;-9999;-9999;-9999;-9999;-9999;-9999;-9999;-9999;
2011-06-02;20:00;-9999;-9999;-9999;-9999;-9999;-9999;-9999;-9999;-9999;-9999;-9999;-9999;-9999;-9999;-9999;-9999;-9999;
2011-06-02;21:00;-9999;-9999;-9999;-9999;-9999;-9999;-9999;-9999;-9999;-9999;-9999;-9999;-9999;-9999;-9999;-9999;-9999;
2011-06-02;22:00;-9999;-9999;-9999;-9999;-9999;-9999;-9999;-9999;-9999;-9999;-9999;-9999;-9999;-9999;-9999;-9999;-9999;
2011-06-02;23:00;-9999;-9999;-9999;-9999;-9999;-9999;-9999;-9999;-9999;-9999;-9999;-9999;-9999;-9999;-9999;-9999;-9999;
2011-06-03;00:00;-9999;-9999;-9999;-9999;-9999;-9999;-9999;-9999;-9999;-9999;-9999;-9999;-9999;-9999;-9999;-9999;-9999;
2011-06-03;01:00;-9999;-9999;-9999;-9999;-9999;-9999;-9999;-9999;-9999;-9999;-9999;-9999;-9999;-9999;-9999;-9999;-9999;
2011-06-03;02:00;-9999;-9999;-9999;-9999;-9999;-9999;-9999;-9999;-9999;-9999;-9999;-9999;-9999;-9999;-9999;-9999;-9999;
2011-06-03;03:00;-9999;-9999;-9999;-9999;-9999;-9999;-9999;-9999;-9999;-9999;-9999;-9999;-9999;-9999;-9999;-9999;-9999;
2011-06-03;04:00;-9999;-9999;-9999;-9999;-9999;-9999;-9999;-9999;-9999;-9999;-9999;-9999;-9999;-9999;-9999;-9999;-9999;
2011-06-03;05:00;-9999;-9999;-9999;-9999;-9999;-9999;-9999;-9999;-9999;-9999;-9999;-9999;-9999;-9999;-9999;-9999;-9999;
2011-06-03;06:00;-9999;-9999;-9999;-9999;-9999;-9999;-9999;-9999;-9999;-9999;-9999;-9999;-9999;-9999;-9999;-9999;-9999;
2011-06-03;07:00;-9999;-9999;-9999;-9999;-9999;-9999;-9999;-9999;-9999;-9999;-9999;-9999;-9999;-9999;-9999;-9999;-9999;
2011-06-03;08:00;-9999;-9999;-9999;-9999;-9999;-9999;-9999;-9999;-9999;-9999;-9999;-9999;-9999;-9999;-9999;-9999;-9999;
2011-06-03;09:00;-9999;-9999;-9999;-9999;-9999;-9999;-9999;-9999;-9999;-9999;-9999;-9999;-9999;-9999;-9999;-9999;-9999;
2011-06-03;10:00;-9999;-9999;-9999;-9999;-9999;-9999;-9999;-9999;-9999;-9999;-9999;-9999;-9999;-9999;-9999;-9999;-9999;
2011-06-03;11:00;-9999;-9999;-9999;-9999;-9999;-9999;-9999;-9999;-9999;-9999;-9999;-9999;-9999;-9999;-9999;-9999;-9999;
2011-06-03;12:00;-9999;-9999;-9999;-9999;-9999;-9999;-9999;-9999;-9999;-9999;-9999;-9999;-9999;-9999;-9999;-9999;-9999;
2011-06-03;13:00;-9999;-9999;-9999;-9999;-9999;-9999;-9999;-9999;-9999;-9999;-9999;-9999;-9999;-9999;-9999;-9999;-9999;
2011-06-03;14:00;-9999;-9999;-9999;-9999;-9999;-9999;-9999;-9999;-9999;-9999;-9999;-9999;-9999;-9999;-9999;-9999;-9999;
2011-06-03;15:00;-9999;-9999;-9999;-9999;-9999;-9999;-9999;-9999;-9999;-9999;-9999;-9999;-9999;-9999;-9999;-9999;-9999;
2011-06-03;16:00;-9999;-9999;-9999;-9999;-9999;-9999;-9999;-9999;-9999;-9999;-9999;-9999;-9999;-9999;-9999;-9999;-9999;
2011-06-03;17:00;-9999;-9999;-9999;-9999;-9999;-9999;-9999;-9999;-9999;-9999;-9999;-9999;-9999;-9999;-9999;-9999;-9999;
2011-06-03;18:00;-9999;-9999;-9999;-9999;-9999;-9999;-9999;-9999;-9999;-9999;-9999;-9999;-9999;-9999;-9999;-9999;-9999;
2011-06-03;19:00;-9999;-9999;-9999;-9999;-9999;-9999;-9999;-9999;-9999;-9999;-9999;-9999;-9999;-9999;-9999;-9999;-9999;
2011-06-03;20:00;-9999;-9999;-9999;-9999;-9999;-9999;-9999;-9999;-9999;-9999;-9999;-9999;-9999;-9999;-9999;-9999;-9999;
2011-06-03;21:00;-9999;-9999;-9999;-9999;-9999;-9999;-9999;-9999;-9999;-9999;-9999;-9999;-9999;-9999;-9999;-9999;-9999;
2011-06-03;22:00;-9999;-9999;-9999;-9999;-9999;-9999;-9999;-9999;-9999;-9999;-9999;-9999;-9999;-9999;-9999;-9999;-9999;
2011-06-03;23:00;-9999;-9999;-9999;-9999;-9999;-9999;-9999;-9999;-9999;-9999;-9999;-9999;-9999;-9999;-9999;-9999;-9999;
2011-06-04;00:00;-9999;-9999;-9999;-9999;-9999;-9999;-9999;-9999;-9999;-9999;-9999;-9999;-9999;-9999;-9999;-9999;-9999;
2011-06-04;01:00;-9999;-9999;-9999;-9999;-9999;-9999;-9999;-9999;-9999;-9999;-9999;-9999;-9999;-9999;-9999;-9999;-9999;
2011-06-04;02:00;-9999;-9999;-9999;-9999;-9999;-9999;-9999;-9999;-9999;-9999;-9999;-9999;-9999;-9999;-9999;-9999;-9999;
2011-06-04;03:00;-9999;-9999;-9999;-9999;-9999;-9999;-9999;-9999;-9999;-9999;-9999;-9999;-9999;-9999;-9999;-9999;-9999;
2011-06-04;04:00;-9999;-9999;-9999;-9999;-9999;-9999;-9999;-9999;-9999;-9999;-9999;-9999;-9999;-9999;-9999;-9999;-9999;
2011-06-04;05:00;-9999;-9999;-9999;-9999;-9999;-9999;-9999;-9999;-9999;-9999;-9999;-9999;-9999;-9999;-9999;-9999;-9999;
2011-06-04;06:00;-9999;-9999;-9999;-9999;-9999;-9999;-9999;-9999;-9999;-9999;-9999;-9999;-9999;-9999;-9999;-9999;-9999;
2011-06-04;07:00;-9999;-9999;-9999;-9999;-9999;-9999;-9999;-9999;-9999;-9999;-9999;-9999;-9999;-9999;-9999;-9999;-9999;
2011-06-04;08:00;-9999;-9999;-9999;-9999;-9999;-9999;-9999;-9999;-9999;-9999;-9999;-9999;-9999;-9999;-9999;-9999;-9999;
2011-06-04;09:00;-9999;-9999;-9999;-9999;-9999;-9999;-9999;-9999;-9999;-9999;-9999;-9999;-9999;-9999;-9999;-9999;-9999;
2011-06-04;10:00;-9999;-9999;-9999;-9999;-9999;-9999;-9999;-9999;-9999;-9999;-9999;-9999;-9999;-9999;-9999;-9999;-9999;
2011-06-04;11:00;-9999;-9999;-9999;-9999;-9999;-9999;-9999;-9999;-9999;-9999;-9999;-9999;-9999;-9999;-9999;-9999;-9999;
2011-06-04;12:00;-9999;-9999;-9999;-9999;-9999;-9999;-9999;-9999;-9999;-9999;-9999;-9999;-9999;-9999;-9999;-9999;-9999;
2011-06-04;13:00;-9999;-9999;-9999;-9999;-9999;-9999;-9999;-9999;-9999;-9999;-9999;-9999;-9999;-9999;-9999;-9999;-9999;
2011-06-04;14:00;-9999;-9999;-9999;-9999;-9999;-9999;-9999;-9999;-9999;-9999;-9999;-9999;-9999;-9999;-9999;-9999;-9999;
2011-06-04;15:00;-9999;-9999;-9999;-9999;-9999;-9999;-9999;-9999;-9999;-9999;-9999;-9999;-9999;-9999;-9999;-9999;-9999;
2011-06-04;16:00;-9999;-9999;-9999;-9999;-9999;-9999;-9999;-9999;-9999;-9999;-9999;-9999;-9999;-9999;-9999;-9999;-9999;
2011-06-04;17:00;-9999;-9999;-9999;-9999;-9999;-9999;-9999;-9999;-9999;-9999;-9999;-9999;-9999;-9999;-9999;-9999;-9999;
2011-06-04;18:00;-9999;-9999;-9999;-9999;-9999;-9999;-9999;-9999;-9999;-9999;-9999;-9999;-9999;-9999;-9999;-9999;-9999;
2011-06-04;19:00;-9999;-9999;-9999;-9999;-9999;-9999;-9999;-9999;-9999;-9999;-9999;-9999;-9999;-9999;-9999;-9999;-9999;
2011-06-04;20:00;-9999;-9999;-9999;-9999;-9999;-9999;-9999;-9999;-9999;-9999;-9999;-9999;-9999;-9999;-9999;-9999;-9999;
2011-06-04;21:00;-9999;-9999;-9999;-9999;-9999;-9999;-9999;-9999;-9999;-9999;-9999;-9999;-9999;-9999;-9999;-9999;-9999;
2011-06-04;22:00;-9999;-9999;-9999;-9999;-9999;-9999;-9999;-9999;-9999;-9999;-9999;-9999;-9999;-9999;-9999;-9999;-9999;
2011-06-04;23:00;-9999;-9999;-9999;-9999;-9999;-9999;-9999;-9999;-9999;-9999;-9999;-9999;-9999;-9999;-9999;-9999;-9999;
2011-06-05;00:00;-9999;-9999;-9999;-9999;-9999;-9999;-9999;-9999;-9999;-9999;-9999;-9999;-9999;-9999;-9999;-9999;-9999;
2011-06-05;01:00;-9999;-9999;-9999;-9999;-9999;-9999;-9999;-9999;-9999;-9999;-9999;-9999;-9999;-9999;-9999;-9999;-9999;
2011-06-05;02:00;-9999;-9999;-9999;-9999;-9999;-9999;-9999;-9999;-9999;-9999;-9999;-9999;-9999;-9999;-9999;-9999;-9999;
2011-06-05;03:00;-9999;-9999;-9999;-9999;-9999;-9999;-9999;-9999;-9999;-9999;-9999;-9999;-9999;-9999;-9999;-9999;-9999;
2011-06-05;04:00;-9999;-9999;-9999;-9999;-9999;-9999;-9999;-9999;-9999;-9999;-9999;-9999;-9999;-9999;-9999;-9999;-9999;
2011-06-05;05:00;-9999;-9999;-9999;-9999;-9999;-9999;-9999;-9999;-9999;-9999;-9999;-9999;-9999;-9999;-9999;-9999;-9999;
2011-06-05;06:00;-9999;-9999;-9999;-9999;-9999;-9999;-9999;-9999;-9999;-9999;-9999;-9999;-9999;-9999;-9999;-9999;-9999;
2011-06-05;07:00;-9999;-9999;-9999;-9999;-9999;-9999;-9999;-9999;-9999;-9999;-9999;-9999;-9999;-9999;-9999;-9999;-9999;
2011-06-05;08:00;-9999;-9999;-9999;-9999;-9999;-9999;-9999;-9999;-9999;-9999;-9999;-9999;-9999;-9999;-9999;-9999;-9999;
2011-06-05;09:00;-9999;-9999;-9999;-9999;-9999;-9999;-9999;-9999;-9999;-9999;-9999;-9999;-9999;-9999;-9999;-9999;-9999;
2011-06-05;10:00;-9999;-9999;-9999;-9999;-9999;-9999;-9999;-9999;-9999;-9999;-9999;-9999;-9999;-9999;-9999;-9999;-9999;
2011-06-05;11:00;-9999;-9999;-9999;-9999;-9999;-9999;-9999;-9999;-9999;-9999;-9999;-9999;-9999;-9999;-9999;-9999;-9999;
2011-06-05;12:00;-9999;-9999;-9999;-9999;-9999;-9999;-9999;-9999;-9999;-9999;-9999;-9999;-9999;-9999;-9999;-9999;-9999;
2011-06-05;13:00;-9999;-9999;-9999;-9999;-9999;-9999;-9999;-9999;-9999;-9999;-9999;-9999;-9999;-9999;-9999;-9999;-9999;
2011-06-05;14:00;-9999;-9999;-9999;-9999;-9999;-9999;-9999;-9999;-9999;-9999;-9999;-9999;-9999;-9999;-9999;-9999;-9999;
2011-06-05;15:00;-9999;-9999;-9999;-9999;-9999;-9999;-9999;-9999;-9999;-9999;-9999;-9999;-9999;-9999;-9999;-9999;-9999;
2011-06-05;16:00;-9999;-9999;-9999;-9999;-9999;-9999;-9999;-9999;-9999;-9999;-9999;-9999;-9999;-9999;-9999;-9999;-9999;
2011-06-05;17:00;-9999;-9999;-9999;-9999;-9999;-9999;-9999;-9999;-9999;-9999;-9999;-9999;-9999;-9999;-9999;-9999;-9999;
2011-06-05;18:00;-9999;-9999;-9999;-9999;-9999;-9999;-9999;-9999;-9999;-9999;-9999;-9999;-9999;-9999;-9999;-9999;-9999;
2011-06-05;19:00;-9999;-9999;-9999;-9999;-9999;-9999;-9999;-9999;-9999;-9999;-9999;-9999;-9999;-9999;-9999;-9999;-9999;
2011-06-05;20:00;-9999;-9999;-9999;-9999;-9999;-9999;-9999;-9999;-9999;-9999;-9999;-9999;-9999;-9999;-9999;-9999;-9999;
2011-06-05;21:00;-9999;-9999;-9999;-9999;-9999;-9999;-9999;-9999;-9999;-9999;-9999;-9999;-9999;-9999;-9999;-9999;-9999;
2011-06-05;22:00;-9999;-9999;-9999;-9999;-9999;-9999;-9999;-9999;-9999;-9999;-9999;-9999;-9999;-9999;-9999;-9999;-9999;
2011-06-05;23:00;-9999;-9999;-9999;-9999;-9999;-9999;-9999;-9999;-9999;-9999;-9999;-9999;-9999;-9999;-9999;-9999;-9999;
2011-06-06;00:00;-9999;-9999;-9999;-9999;-9999;-9999;-9999;-9999;-9999;-9999;-9999;-9999;-9999;-9999;-9999;-9999;-9999;
2011-06-06;01:00;-9999;-9999;-9999;-9999;-9999;-9999;-9999;-9999;-9999;-9999;-9999;-9999;-9999;-9999;-9999;-9999;-9999;
2011-06-06;02:00;-9999;-9999;-9999;-9999;-9999;-9999;-9999;-9999;-9999;-9999;-9999;-9999;-9999;-9999;-9999;-9999;-9999;
2011-06-06;03:00;-9999;-9999;-9999;-9999;-9999;-9999;-9999;-9999;-9999;-9999;-9999;-9999;-9999;-9999;-9999;-9999;-9999;
2011-06-06;04:00;-9999;-9999;-9999;-9999;-9999;-9999;-9999;-9999;-9999;-9999;-9999;-9999;-9999;-9999;-9999;-9999;-9999;
2011-06-06;05:00;-9999;-9999;-9999;-9999;-9999;-9999;-9999;-9999;-9999;-9999;-9999;-9999;-9999;-9999;-9999;-9999;-9999;
2011-06-06;06:00;-9999;-9999;-9999;-9999;-9999;-9999;-9999;-9999;-9999;-9999;-9999;-9999;-9999;-9999;-9999;-9999;-9999;
2011-06-06;07:00;-9999;-9999;-9999;-9999;-9999;-9999;-9999;-9999;-9999;-9999;-9999;-9999;-9999;-9999;-9999;-9999;-9999;
2011-06-06;08:00;-9999;-9999;-9999;-9999;-9999;-9999;-9999;-9999;-9999;-9999;-9999;-9999;-9999;-9999;-9999;-9999;-9999;
2011-06-06;09:00;-9999;-9999;-9999;-9999;-9999;-9999;-9999;-9999;-9999;-9999;-9999;-9999;-9999;-9999;-9999;-9999;-9999;
2011-06-06;10:00;-9999;-9999;-9999;-9999;-9999;-9999;-9999;-9999;-9999;-9999;-9999;-9999;-9999;-9999;-9999;-9999;-9999;
2011-06-06;11:00;-9999;-9999;-9999;-9999;-9999;-9999;-9999;-9999;-9999;-9999;-9999;-9999;-9999;-9999;-9999;-9999;-9999;
2011-06-06;12:00;-9999;-9999;-9999;-9999;-9999;-9999;-9999;-9999;-9999;-9999;-9999;-9999;-9999;-9999;-9999;-9999;-9999;
2011-06-06;13:00;-9999;-9999;-9999;-9999;-9999;-9999;-9999;-9999;-9999;-9999;-9999;-9999;-9999;-9999;-9999;-9999;-9999;
2011-06-06;14:00;-9999;-9999;-9999;-9999;-9999;-9999;-9999;-9999;-9999;-9999;-9999;-9999;-9999;-9999;-9999;-9999;-9999;
2011-06-06;15:00;-9999;-9999;-9999;-9999;-9999;-9999;-9999;-9999;-9999;-9999;-9999;-9999;-9999;-9999;-9999;-9999;-9999;
2011-06-06;16:00;-9999;-9999;-9999;-9999;-9999;-9999;-9999;-9999;-9999;-9999;-9999;-9999;-9999;-9999;-9999;-9999;-9999;
2011-06-06;17:00;-9999;-9999;-9999;-9999;-9999;-9999;-9999;-9999;-9999;-9999;-9999;-9999;-9999;-9999;-9999;-9999;-9999;
2011-06-06;18:00;-9999;-9999;-9999;-9999;-9999;-9999;-9999;-9999;-9999;-9999;-9999;-9999;-9999;-9999;-9999;-9999;-9999;
2011-06-06;19:00;-9999;-9999;-9999;-9999;-9999;-9999;-9999;-9999;-9999;-9999;-9999;-9999;-9999;-9999;-9999;-9999;-9999;
2011-06-06;20:00;-9999;-9999;-9999;-9999;-9999;-9999;-9999;-9999;-9999;-9999;-9999;-9999;-9999;-9999;-9999;-9999;-9999;
2011-06-06;21:00;-9999;-9999;-9999;-9999;-9999;-9999;-9999;-9999;-9999;-9999;-9999;-9999;-9999;-9999;-9999;-9999;-9999;
2011-06-06;22:00;-9999;-9999;-9999;-9999;-9999;-9999;-9999;-9999;-9999;-9999;-9999;-9999;-9999;-9999;-9999;-9999;-9999;
2011-06-06;23:00;-9999;-9999;-9999;-9999;-9999;-9999;-9999;-9999;-9999;-9999;-9999;-9999;-9999;-9999;-9999;-9999;-9999;
2011-06-07;00:00;-9999;-9999;-9999;-9999;-9999;-9999;-9999;-9999;-9999;-9999;-9999;-9999;-9999;-9999;-9999;-9999;-9999;
2011-06-07;01:00;-9999;-9999;-9999;-9999;-9999;-9999;-9999;-9999;-9999;-9999;-9999;-9999;-9999;-9999;-9999;-9999;-9999;
2011-06-07;02:00;-9999;-9999;-9999;-9999;-9999;-9999;-9999;-9999;-9999;-9999;-9999;-9999;-9999;-9999;-9999;-9999;-9999;
2011-06-07;03:00;-9999;-9999;-9999;-9999;-9999;-9999;-9999;-9999;-9999;-9999;-9999;-9999;-9999;-9999;-9999;-9999;-9999;
2011-06-07;04:00;-9999;-9999;-9999;-9999;-9999;-9999;-9999;-9999;-9999;-9999;-9999;-9999;-9999;-9999;-9999;-9999;-9999;
2011-06-07;05:00;-9999;-9999;-9999;-9999;-9999;-9999;-9999;-9999;-9999;-9999;-9999;-9999;-9999;-9999;-9999;-9999;-9999;
2011-06-07;06:00;-9999;-9999;-9999;-9999;-9999;-9999;-9999;-9999;-9999;-9999;-9999;-9999;-9999;-9999;-9999;-9999;-9999;
2011-06-07;07:00;-9999;-9999;-9999;-9999;-9999;-9999;-9999;-9999;-9999;-9999;-9999;-9999;-9999;-9999;-9999;-9999;-9999;
2011-06-07;08:00;-9999;-9999;-9999;-9999;-9999;-9999;-9999;-9999;-9999;-9999;-9999;-9999;-9999;-9999;-9999;-9999;-9999;
2011-06-07;09:00;-9999;-9999;-9999;-9999;-9999;-9999;-9999;-9999;-9999;-9999;-9999;-9999;-9999;-9999;-9999;-9999;-9999;
2011-06-07;10:00;-9999;-9999;-9999;-9999;-9999;-9999;-9999;-9999;-9999;-9999;-9999;-9999;-9999;-9999;-9999;-9999;-9999;
2011-06-07;11:00;-9999;-9999;-9999;-9999;-9999;-9999;-9999;-9999;-9999;-9999;-9999;-9999;-9999;-9999;-9999;-9999;-9999;
2011-06-07;12:00;-9999;-9999;-9999;-9999;-9999;-9999;-9999;-9999;-9999;-9999;-9999;-9999;-9999;-9999;-9999;-9999;-9999;
2011-06-07;13:00;-9999;-9999;-9999;-9999;-9999;-9999;-9999;-9999;-9999;-9999;-9999;-9999;-9999;-9999;-9999;-9999;-9999;
2011-06-07;14:00;-9999;-9999;-9999;-9999;-9999;-9999;-9999;-9999;-9999;-9999;-9999;-9999;-9999;-9999;-9999;-9999;-9999;
2011-06-07;15:00;-9999;-9999;-9999;-9999;-9999;-9999;-9999;-9999;-9999;-9999;-9999;-9999;-9999;-9999;-9999;-9999;-9999;
2011-06-07;16:00;-9999;-9999;-9999;-9999;-9999;-9999;-9999;-9999;-9999;-9999;-9999;-9999;-9999;-9999;-9999;-9999;-9999;
2011-06-07;17:00;-9999;-9999;-9999;-9999;-9999;-9999;-9999;-9999;-9999;-9999;-9999;-9999;-9999;-9999;-9999;-9999;-9999;
2011-06-07;18:00;-9999;-9999;-9999;-9999;-9999;-9999;-9999;-9999;-9999;-9999;-9999;-9999;-9999;-9999;-9999;-9999;-9999;
2011-06-07;19:00;-9999;-9999;-9999;-9999;-9999;-9999;-9999;-9999;-9999;-9999;-9999;-9999;-9999;-9999;-9999;-9999;-9999;
2011-06-07;20:00;-9999;-9999;-9999;-9999;-9999;-9999;-9999;-9999;-9999;-9999;-9999;-9999;-9999;-9999;-9999;-9999;-9999;
2011-06-07;21:00;-9999;-9999;-9999;-9999;-9999;-9999;-9999;-9999;-9999;-9999;-9999;-9999;-9999;-9999;-9999;-9999;-9999;
2011-06-07;22:00;-9999;-9999;-9999;-9999;-9999;-9999;-9999;-9999;-9999;-9999;-9999;-9999;-9999;-9999;-9999;-9999;-9999;
2011-06-07;23:00;-9999;-9999;-9999;-9999;-9999;-9999;-9999;-9999;-9999;-9999;-9999;-9999;-9999;-9999;-9999;-9999;-9999;
2011-06-08;00:00;-9999;-9999;-9999;-9999;-9999;-9999;-9999;-9999;-9999;-9999;-9999;-9999;-9999;-9999;-9999;-9999;-9999;
2011-06-08;01:00;-9999;-9999;-9999;-9999;-9999;-9999;-9999;-9999;-9999;-9999;-9999;-9999;-9999;-9999;-9999;-9999;-9999;
2011-06-08;02:00;-9999;-9999;-9999;-9999;-9999;-9999;-9999;-9999;-9999;-9999;-9999;-9999;-9999;-9999;-9999;-9999;-9999;
2011-06-08;03:00;-9999;-9999;-9999;-9999;-9999;-9999;-9999;-9999;-9999;-9999;-9999;-9999;-9999;-9999;-9999;-9999;-9999;
2011-06-08;04:00;-9999;-9999;-9999;-9999;-9999;-9999;-9999;-9999;-9999;-9999;-9999;-9999;-9999;-9999;-9999;-9999;-9999;
2011-06-08;05:00;-9999;-9999;-9999;-9999;-9999;-9999;-9999;-9999;-9999;-9999;-9999;-9999;-9999;-9999;-9999;-9999;-9999;
2011-06-08;06:00;-9999;-9999;-9999;-9999;-9999;-9999;-9999;-9999;-9999;-9999;-9999;-9999;-9999;-9999;-9999;-9999;-9999;
2011-06-08;07:00;-9999;-9999;-9999;-9999;-9999;-9999;-9999;-9999;-9999;-9999;-9999;-9999;-9999;-9999;-9999;-9999;-9999;
2011-06-08;08:00;-9999;-9999;-9999;-9999;-9999;-9999;-9999;-9999;-9999;-9999;-9999;-9999;-9999;-9999;-9999;-9999;-9999;
2011-06-08;09:00;-9999;-9999;-9999;-9999;-9999;-9999;-9999;-9999;-9999;-9999;-9999;-9999;-9999;-9999;-9999;-9999;-9999;
2011-06-08;10:00;-9999;-9999;-9999;-9999;-9999;-9999;-9999;-9999;-9999;-9999;-9999;-9999;-9999;-9999;-9999;-9999;-9999;
2011-06-08;11:00;-9999;-9999;-9999;-9999;-9999;-9999;-9999;-9999;-9999;-9999;-9999;-9999;-9999;-9999;-9999;-9999;-9999;
2011-06-08;12:00;-9999;-9999;-9999;-9999;-9999;-9999;-9999;-9999;-9999;-9999;-9999;-9999;-9999;-9999;-9999;-9999;-9999;
2011-06-08;13:00;-9999;-9999;-9999;-9999;-9999;-9999;-9999;-9999;-9999;-9999;-9999;-9999;-9999;-9999;-9999;-9999;-9999;
2011-06-08;14:00;-9999;-9999;-9999;-9999;-9999;-9999;-9999;-9999;-9999;-9999;-9999;-9999;-9999;-9999;-9999;-9999;-9999;
2011-06-08;15:00;0;947,3;-9999;-9999;134,2;28,9;17,8;-9999;-9999;-9999;-9999;-9999;-9999;51;-9999;-9999;-9999;
2011-06-08;16:00;-9999;-9999;-9999;-9999;-9999;-9999;-9999;-9999;-9999;-9999;-9999;-9999;-9999;-9999;-9999;-9999;-9999;
2011-06-08;17:00;-9999;-9999;-9999;-9999;-9999;-9999;-9999;-9999;-9999;-9999;-9999;-9999;-9999;-9999;-9999;-9999;-9999;
2011-06-08;18:00;-9999;-9999;-9999;-9999;-9999;-9999;-9999;-9999;-9999;-9999;-9999;-9999;-9999;-9999;-9999;-9999;-9999;
2011-06-08;19:00;-9999;-9999;-9999;-9999;-9999;-9999;-9999;-9999;-9999;-9999;-9999;-9999;-9999;-9999;-9999;-9999;-9999;
2011-06-08;20:00;-9999;-9999;-9999;-9999;-9999;-9999;-9999;-9999;-9999;-9999;-9999;-9999;-9999;-9999;-9999;-9999;-9999;
2011-06-08;21:00;-9999;-9999;-9999;-9999;-9999;-9999;-9999;-9999;-9999;-9999;-9999;-9999;-9999;-9999;-9999;-9999;-9999;
2011-06-08;22:00;-9999;-9999;-9999;-9999;-9999;-9999;-9999;-9999;-9999;-9999;-9999;-9999;-9999;-9999;-9999;-9999;-9999;
2011-06-08;23:00;-9999;-9999;-9999;-9999;-9999;-9999;-9999;-9999;-9999;-9999;-9999;-9999;-9999;-9999;-9999;-9999;-9999;
2011-06-09;00:00;-9999;-9999;-9999;-9999;-9999;-9999;-9999;-9999;-9999;-9999;-9999;-9999;-9999;-9999;-9999;-9999;-9999;
2011-06-09;01:00;-9999;-9999;-9999;-9999;-9999;-9999;-9999;-9999;-9999;-9999;-9999;-9999;-9999;-9999;-9999;-9999;-9999;
2011-06-09;02:00;-9999;-9999;-9999;-9999;-9999;-9999;-9999;-9999;-9999;-9999;-9999;-9999;-9999;-9999;-9999;-9999;-9999;
2011-06-09;03:00;-9999;-9999;-9999;-9999;-9999;-9999;-9999;-9999;-9999;-9999;-9999;-9999;-9999;-9999;-9999;-9999;-9999;
2011-06-09;04:00;-9999;-9999;-9999;-9999;-9999;-9999;-9999;-9999;-9999;-9999;-9999;-9999;-9999;-9999;-9999;-9999;-9999;
2011-06-09;05:00;-9999;-9999;-9999;-9999;-9999;-9999;-9999;-9999;-9999;-9999;-9999;-9999;-9999;-9999;-9999;-9999;-9999;
2011-06-09;06:00;-9999;-9999;-9999;-9999;-9999;-9999;-9999;-9999;-9999;-9999;-9999;-9999;-9999;-9999;-9999;-9999;-9999;
2011-06-09;07:00;-9999;-9999;-9999;-9999;-9999;-9999;-9999;-9999;-9999;-9999;-9999;-9999;-9999;-9999;-9999;-9999;-9999;
2011-06-09;08:00;-9999;-9999;-9999;-9999;-9999;-9999;-9999;-9999;-9999;-9999;-9999;-9999;-9999;-9999;-9999;-9999;-9999;
2011-06-09;09:00;-9999;-9999;-9999;-9999;-9999;-9999;-9999;-9999;-9999;-9999;-9999;-9999;-9999;-9999;-9999;-9999;-9999;
2011-06-09;10:00;-9999;-9999;-9999;-9999;-9999;-9999;-9999;-9999;-9999;-9999;-9999;-9999;-9999;-9999;-9999;-9999;-9999;
2011-06-09;11:00;-9999;-9999;-9999;-9999;-9999;-9999;-9999;-9999;-9999;-9999;-9999;-9999;-9999;-9999;-9999;-9999;-9999;
2011-06-09;12:00;-9999;-9999;-9999;-9999;-9999;-9999;-9999;-9999;-9999;-9999;-9999;-9999;-9999;-9999;-9999;-9999;-9999;
2011-06-09;13:00;-9999;-9999;-9999;-9999;-9999;-9999;-9999;-9999;-9999;-9999;-9999;-9999;-9999;-9999;-9999;-9999;-9999;
2011-06-09;14:00;-9999;-9999;-9999;-9999;-9999;-9999;-9999;-9999;-9999;-9999;-9999;-9999;-9999;-9999;-9999;-9999;-9999;
2011-06-09;15:00;-9999;-9999;-9999;-9999;-9999;-9999;-9999;-9999;-9999;-9999;-9999;-9999;-9999;-9999;-9999;-9999;-9999;
2011-06-09;16:00;-9999;-9999;-9999;-9999;-9999;-9999;-9999;-9999;-9999;-9999;-9999;-9999;-9999;-9999;-9999;-9999;-9999;
2011-06-09;17:00;-9999;-9999;-9999;-9999;-9999;-9999;-9999;-9999;-9999;-9999;-9999;-9999;-9999;-9999;-9999;-9999;-9999;
2011-06-09;18:00;-9999;-9999;-9999;-9999;-9999;-9999;-9999;-9999;-9999;-9999;-9999;-9999;-9999;-9999;-9999;-9999;-9999;
2011-06-09;19:00;-9999;-9999;-9999;-9999;-9999;-9999;-9999;-9999;-9999;-9999;-9999;-9999;-9999;-9999;-9999;-9999;-9999;
2011-06-09;20:00;-9999;-9999;-9999;-9999;-9999;-9999;-9999;-9999;-9999;-9999;-9999;-9999;-9999;-9999;-9999;-9999;-9999;
2011-06-09;21:00;-9999;-9999;-9999;-9999;-9999;-9999;-9999;-9999;-9999;-9999;-9999;-9999;-9999;-9999;-9999;-9999;-9999;
2011-06-09;22:00;-9999;-9999;-9999;-9999;-9999;-9999;-9999;-9999;-9999;-9999;-9999;-9999;-9999;-9999;-9999;-9999;-9999;
2011-06-09;23:00;-9999;-9999;-9999;-9999;-9999;-9999;-9999;-9999;-9999;-9999;-9999;-9999;-9999;-9999;-9999;-9999;-9999;
2011-06-10;00:00;-9999;-9999;-9999;-9999;-9999;-9999;-9999;-9999;-9999;-9999;-9999;-9999;-9999;-9999;-9999;-9999;-9999;
2011-06-10;01:00;-9999;-9999;-9999;-9999;-9999;-9999;-9999;-9999;-9999;-9999;-9999;-9999;-9999;-9999;-9999;-9999;-9999;
2011-06-10;02:00;-9999;-9999;-9999;-9999;-9999;-9999;-9999;-9999;-9999;-9999;-9999;-9999;-9999;-9999;-9999;-9999;-9999;
2011-06-10;03:00;-9999;-9999;-9999;-9999;-9999;-9999;-9999;-9999;-9999;-9999;-9999;-9999;-9999;-9999;-9999;-9999;-9999;
2011-06-10;04:00;-9999;-9999;-9999;-9999;-9999;-9999;-9999;-9999;-9999;-9999;-9999;-9999;-9999;-9999;-9999;-9999;-9999;
2011-06-10;05:00;-9999;-9999;-9999;-9999;-9999;-9999;-9999;-9999;-9999;-9999;-9999;-9999;-9999;-9999;-9999;-9999;-9999;
2011-06-10;06:00;-9999;-9999;-9999;-9999;-9999;-9999;-9999;-9999;-9999;-9999;-9999;-9999;-9999;-9999;-9999;-9999;-9999;
2011-06-10;07:00;-9999;-9999;-9999;-9999;-9999;-9999;-9999;-9999;-9999;-9999;-9999;-9999;-9999;-9999;-9999;-9999;-9999;
2011-06-10;08:00;-9999;-9999;-9999;-9999;-9999;-9999;-9999;-9999;-9999;-9999;-9999;-9999;-9999;-9999;-9999;-9999;-9999;
2011-06-10;09:00;-9999;-9999;-9999;-9999;-9999;-9999;-9999;-9999;-9999;-9999;-9999;-9999;-9999;-9999;-9999;-9999;-9999;
2011-06-10;10:00;-9999;-9999;-9999;-9999;-9999;-9999;-9999;-9999;-9999;-9999;-9999;-9999;-9999;-9999;-9999;-9999;-9999;
2011-06-10;11:00;-9999;-9999;-9999;-9999;-9999;-9999;-9999;-9999;-9999;-9999;-9999;-9999;-9999;-9999;-9999;-9999;-9999;
2011-06-10;12:00;-9999;-9999;-9999;-9999;-9999;-9999;-9999;-9999;-9999;-9999;-9999;-9999;-9999;-9999;-9999;-9999;-9999;
2011-06-10;13:00;-9999;-9999;-9999;-9999;-9999;-9999;-9999;-9999;-9999;-9999;-9999;-9999;-9999;-9999;-9999;-9999;-9999;
2011-06-10;14:00;-9999;-9999;-9999;-9999;-9999;-9999;-9999;-9999;-9999;-9999;-9999;-9999;-9999;-9999;-9999;-9999;-9999;
2011-06-10;15:00;-9999;-9999;-9999;-9999;-9999;-9999;-9999;-9999;-9999;-9999;-9999;-9999;-9999;-9999;-9999;-9999;-9999;
2011-06-10;16:00;-9999;-9999;-9999;-9999;-9999;-9999;-9999;-9999;-9999;-9999;-9999;-9999;-9999;-9999;-9999;-9999;-9999;
2011-06-10;17:00;-9999;-9999;-9999;-9999;-9999;-9999;-9999;-9999;-9999;-9999;-9999;-9999;-9999;-9999;-9999;-9999;-9999;
2011-06-10;18:00;-9999;-9999;-9999;-9999;-9999;-9999;-9999;-9999;-9999;-9999;-9999;-9999;-9999;-9999;-9999;-9999;-9999;
2011-06-10;19:00;-9999;-9999;-9999;-9999;-9999;-9999;-9999;-9999;-9999;-9999;-9999;-9999;-9999;-9999;-9999;-9999;-9999;
2011-06-10;20:00;-9999;-9999;-9999;-9999;-9999;-9999;-9999;-9999;-9999;-9999;-9999;-9999;-9999;-9999;-9999;-9999;-9999;
2011-06-10;21:00;-9999;-9999;-9999;-9999;-9999;-9999;-9999;-9999;-9999;-9999;-9999;-9999;-9999;-9999;-9999;-9999;-9999;
2011-06-10;22:00;-9999;-9999;-9999;-9999;-9999;-9999;-9999;-9999;-9999;-9999;-9999;-9999;-9999;-9999;-9999;-9999;-9999;
2011-06-10;23:00;-9999;-9999;-9999;-9999;-9999;-9999;-9999;-9999;-9999;-9999;-9999;-9999;-9999;-9999;-9999;-9999;-9999;
2011-06-11;00:00;-9999;-9999;-9999;-9999;-9999;-9999;-9999;-9999;-9999;-9999;-9999;-9999;-9999;-9999;-9999;-9999;-9999;
2011-06-11;01:00;-9999;-9999;-9999;-9999;-9999;-9999;-9999;-9999;-9999;-9999;-9999;-9999;-9999;-9999;-9999;-9999;-9999;
2011-06-11;02:00;-9999;-9999;-9999;-9999;-9999;-9999;-9999;-9999;-9999;-9999;-9999;-9999;-9999;-9999;-9999;-9999;-9999;
2011-06-11;03:00;-9999;-9999;-9999;-9999;-9999;-9999;-9999;-9999;-9999;-9999;-9999;-9999;-9999;-9999;-9999;-9999;-9999;
2011-06-11;04:00;-9999;-9999;-9999;-9999;-9999;-9999;-9999;-9999;-9999;-9999;-9999;-9999;-9999;-9999;-9999;-9999;-9999;
2011-06-11;05:00;-9999;-9999;-9999;-9999;-9999;-9999;-9999;-9999;-9999;-9999;-9999;-9999;-9999;-9999;-9999;-9999;-9999;
2011-06-11;06:00;-9999;-9999;-9999;-9999;-9999;-9999;-9999;-9999;-9999;-9999;-9999;-9999;-9999;-9999;-9999;-9999;-9999;
2011-06-11;07:00;-9999;-9999;-9999;-9999;-9999;-9999;-9999;-9999;-9999;-9999;-9999;-9999;-9999;-9999;-9999;-9999;-9999;
2011-06-11;08:00;-9999;-9999;-9999;-9999;-9999;-9999;-9999;-9999;-9999;-9999;-9999;-9999;-9999;-9999;-9999;-9999;-9999;
2011-06-11;09:00;-9999;-9999;-9999;-9999;-9999;-9999;-9999;-9999;-9999;-9999;-9999;-9999;-9999;-9999;-9999;-9999;-9999;
2011-06-11;10:00;-9999;-9999;-9999;-9999;-9999;-9999;-9999;-9999;-9999;-9999;-9999;-9999;-9999;-9999;-9999;-9999;-9999;
2011-06-11;11:00;-9999;-9999;-9999;-9999;-9999;-9999;-9999;-9999;-9999;-9999;-9999;-9999;-9999;-9999;-9999;-9999;-9999;
2011-06-11;12:00;-9999;-9999;-9999;-9999;-9999;-9999;-9999;-9999;-9999;-9999;-9999;-9999;-9999;-9999;-9999;-9999;-9999;
2011-06-11;13:00;-9999;-9999;-9999;-9999;-9999;-9999;-9999;-9999;-9999;-9999;-9999;-9999;-9999;-9999;-9999;-9999;-9999;
2011-06-11;14:00;-9999;-9999;-9999;-9999;-9999;-9999;-9999;-9999;-9999;-9999;-9999;-9999;-9999;-9999;-9999;-9999;-9999;
2011-06-11;15:00;-9999;-9999;-9999;-9999;-9999;-9999;-9999;-9999;-9999;-9999;-9999;-9999;-9999;-9999;-9999;-9999;-9999;
2011-06-11;16:00;-9999;-9999;-9999;-9999;-9999;-9999;-9999;-9999;-9999;-9999;-9999;-9999;-9999;-9999;-9999;-9999;-9999;
2011-06-11;17:00;-9999;-9999;-9999;-9999;-9999;-9999;-9999;-9999;-9999;-9999;-9999;-9999;-9999;-9999;-9999;-9999;-9999;
2011-06-11;18:00;-9999;-9999;-9999;-9999;-9999;-9999;-9999;-9999;-9999;-9999;-9999;-9999;-9999;-9999;-9999;-9999;-9999;
2011-06-11;19:00;-9999;-9999;-9999;-9999;-9999;-9999;-9999;-9999;-9999;-9999;-9999;-9999;-9999;-9999;-9999;-9999;-9999;
2011-06-11;20:00;-9999;-9999;-9999;-9999;-9999;-9999;-9999;-9999;-9999;-9999;-9999;-9999;-9999;-9999;-9999;-9999;-9999;
2011-06-11;21:00;-9999;-9999;-9999;-9999;-9999;-9999;-9999;-9999;-9999;-9999;-9999;-9999;-9999;-9999;-9999;-9999;-9999;
2011-06-11;22:00;-9999;-9999;-9999;-9999;-9999;-9999;-9999;-9999;-9999;-9999;-9999;-9999;-9999;-9999;-9999;-9999;-9999;
2011-06-11;23:00;-9999;-9999;-9999;-9999;-9999;-9999;-9999;-9999;-9999;-9999;-9999;-9999;-9999;-9999;-9999;-9999;-9999;
2011-06-12;00:00;-9999;-9999;-9999;-9999;-9999;-9999;-9999;-9999;-9999;-9999;-9999;-9999;-9999;-9999;-9999;-9999;-9999;
2011-06-12;01:00;-9999;-9999;-9999;-9999;-9999;-9999;-9999;-9999;-9999;-9999;-9999;-9999;-9999;-9999;-9999;-9999;-9999;
2011-06-12;02:00;-9999;-9999;-9999;-9999;-9999;-9999;-9999;-9999;-9999;-9999;-9999;-9999;-9999;-9999;-9999;-9999;-9999;
2011-06-12;03:00;-9999;-9999;-9999;-9999;-9999;-9999;-9999;-9999;-9999;-9999;-9999;-9999;-9999;-9999;-9999;-9999;-9999;
2011-06-12;04:00;-9999;-9999;-9999;-9999;-9999;-9999;-9999;-9999;-9999;-9999;-9999;-9999;-9999;-9999;-9999;-9999;-9999;
2011-06-12;05:00;-9999;-9999;-9999;-9999;-9999;-9999;-9999;-9999;-9999;-9999;-9999;-9999;-9999;-9999;-9999;-9999;-9999;
2011-06-12;06:00;-9999;-9999;-9999;-9999;-9999;-9999;-9999;-9999;-9999;-9999;-9999;-9999;-9999;-9999;-9999;-9999;-9999;
2011-06-12;07:00;-9999;-9999;-9999;-9999;-9999;-9999;-9999;-9999;-9999;-9999;-9999;-9999;-9999;-9999;-9999;-9999;-9999;
2011-06-12;08:00;-9999;-9999;-9999;-9999;-9999;-9999;-9999;-9999;-9999;-9999;-9999;-9999;-9999;-9999;-9999;-9999;-9999;
2011-06-12;09:00;-9999;-9999;-9999;-9999;-9999;-9999;-9999;-9999;-9999;-9999;-9999;-9999;-9999;-9999;-9999;-9999;-9999;
2011-06-12;10:00;-9999;-9999;-9999;-9999;-9999;-9999;-9999;-9999;-9999;-9999;-9999;-9999;-9999;-9999;-9999;-9999;-9999;
2011-06-12;11:00;-9999;-9999;-9999;-9999;-9999;-9999;-9999;-9999;-9999;-9999;-9999;-9999;-9999;-9999;-9999;-9999;-9999;
2011-06-12;12:00;-9999;-9999;-9999;-9999;-9999;-9999;-9999;-9999;-9999;-9999;-9999;-9999;-9999;-9999;-9999;-9999;-9999;
2011-06-12;13:00;-9999;-9999;-9999;-9999;-9999;-9999;-9999;-9999;-9999;-9999;-9999;-9999;-9999;-9999;-9999;-9999;-9999;
2011-06-12;14:00;-9999;-9999;-9999;-9999;-9999;-9999;-9999;-9999;-9999;-9999;-9999;-9999;-9999;-9999;-9999;-9999;-9999;
2011-06-12;15:00;-9999;-9999;-9999;-9999;-9999;-9999;-9999;-9999;-9999;-9999;-9999;-9999;-9999;-9999;-9999;-9999;-9999;
2011-06-12;16:00;-9999;-9999;-9999;-9999;-9999;-9999;-9999;-9999;-9999;-9999;-9999;-9999;-9999;-9999;-9999;-9999;-9999;
2011-06-12;17:00;-9999;-9999;-9999;-9999;-9999;-9999;-9999;-9999;-9999;-9999;-9999;-9999;-9999;-9999;-9999;-9999;-9999;
2011-06-12;18:00;-9999;-9999;-9999;-9999;-9999;-9999;-9999;-9999;-9999;-9999;-9999;-9999;-9999;-9999;-9999;-9999;-9999;
2011-06-12;19:00;-9999;-9999;-9999;-9999;-9999;-9999;-9999;-9999;-9999;-9999;-9999;-9999;-9999;-9999;-9999;-9999;-9999;
2011-06-12;20:00;-9999;-9999;-9999;-9999;-9999;-9999;-9999;-9999;-9999;-9999;-9999;-9999;-9999;-9999;-9999;-9999;-9999;
2011-06-12;21:00;-9999;-9999;-9999;-9999;-9999;-9999;-9999;-9999;-9999;-9999;-9999;-9999;-9999;-9999;-9999;-9999;-9999;
2011-06-12;22:00;-9999;-9999;-9999;-9999;-9999;-9999;-9999;-9999;-9999;-9999;-9999;-9999;-9999;-9999;-9999;-9999;-9999;
2011-06-12;23:00;-9999;-9999;-9999;-9999;-9999;-9999;-9999;-9999;-9999;-9999;-9999;-9999;-9999;-9999;-9999;-9999;-9999;
2011-06-13;00:00;-9999;-9999;-9999;-9999;-9999;-9999;-9999;-9999;-9999;-9999;-9999;-9999;-9999;-9999;-9999;-9999;-9999;
2011-06-13;01:00;-9999;-9999;-9999;-9999;-9999;-9999;-9999;-9999;-9999;-9999;-9999;-9999;-9999;-9999;-9999;-9999;-9999;
2011-06-13;02:00;-9999;-9999;-9999;-9999;-9999;-9999;-9999;-9999;-9999;-9999;-9999;-9999;-9999;-9999;-9999;-9999;-9999;
2011-06-13;03:00;-9999;-9999;-9999;-9999;-9999;-9999;-9999;-9999;-9999;-9999;-9999;-9999;-9999;-9999;-9999;-9999;-9999;
2011-06-13;04:00;-9999;-9999;-9999;-9999;-9999;-9999;-9999;-9999;-9999;-9999;-9999;-9999;-9999;-9999;-9999;-9999;-9999;
2011-06-13;05:00;-9999;-9999;-9999;-9999;-9999;-9999;-9999;-9999;-9999;-9999;-9999;-9999;-9999;-9999;-9999;-9999;-9999;
2011-06-13;06:00;-9999;-9999;-9999;-9999;-9999;-9999;-9999;-9999;-9999;-9999;-9999;-9999;-9999;-9999;-9999;-9999;-9999;
2011-06-13;07:00;-9999;-9999;-9999;-9999;-9999;-9999;-9999;-9999;-9999;-9999;-9999;-9999;-9999;-9999;-9999;-9999;-9999;
2011-06-13;08:00;-9999;-9999;-9999;-9999;-9999;-9999;-9999;-9999;-9999;-9999;-9999;-9999;-9999;-9999;-9999;-9999;-9999;
2011-06-13;09:00;-9999;-9999;-9999;-9999;-9999;-9999;-9999;-9999;-9999;-9999;-9999;-9999;-9999;-9999;-9999;-9999;-9999;
2011-06-13;10:00;-9999;-9999;-9999;-9999;-9999;-9999;-9999;-9999;-9999;-9999;-9999;-9999;-9999;-9999;-9999;-9999;-9999;
2011-06-13;11:00;-9999;-9999;-9999;-9999;-9999;-9999;-9999;-9999;-9999;-9999;-9999;-9999;-9999;-9999;-9999;-9999;-9999;
2011-06-13;12:00;-9999;-9999;-9999;-9999;-9999;-9999;-9999;-9999;-9999;-9999;-9999;-9999;-9999;-9999;-9999;-9999;-9999;
2011-06-13;13:00;-9999;-9999;-9999;-9999;-9999;-9999;-9999;-9999;-9999;-9999;-9999;-9999;-9999;-9999;-9999;-9999;-9999;
2011-06-13;14:00;-9999;-9999;-9999;-9999;-9999;-9999;-9999;-9999;-9999;-9999;-9999;-9999;-9999;-9999;-9999;-9999;-9999;
2011-06-13;15:00;-9999;-9999;-9999;-9999;-9999;-9999;-9999;-9999;-9999;-9999;-9999;-9999;-9999;-9999;-9999;-9999;-9999;
2011-06-13;16:00;-9999;-9999;-9999;-9999;-9999;-9999;-9999;-9999;-9999;-9999;-9999;-9999;-9999;-9999;-9999;-9999;-9999;
2011-06-13;17:00;-9999;-9999;-9999;-9999;-9999;-9999;-9999;-9999;-9999;-9999;-9999;-9999;-9999;-9999;-9999;-9999;-9999;
2011-06-13;18:00;-9999;-9999;-9999;-9999;-9999;-9999;-9999;-9999;-9999;-9999;-9999;-9999;-9999;-9999;-9999;-9999;-9999;
2011-06-13;19:00;-9999;-9999;-9999;-9999;-9999;-9999;-9999;-9999;-9999;-9999;-9999;-9999;-9999;-9999;-9999;-9999;-9999;
2011-06-13;20:00;-9999;-9999;-9999;-9999;-9999;-9999;-9999;-9999;-9999;-9999;-9999;-9999;-9999;-9999;-9999;-9999;-9999;
2011-06-13;21:00;-9999;-9999;-9999;-9999;-9999;-9999;-9999;-9999;-9999;-9999;-9999;-9999;-9999;-9999;-9999;-9999;-9999;
2011-06-13;22:00;-9999;-9999;-9999;-9999;-9999;-9999;-9999;-9999;-9999;-9999;-9999;-9999;-9999;-9999;-9999;-9999;-9999;
2011-06-13;23:00;-9999;-9999;-9999;-9999;-9999;-9999;-9999;-9999;-9999;-9999;-9999;-9999;-9999;-9999;-9999;-9999;-9999;
2011-06-14;00:00;-9999;-9999;-9999;-9999;-9999;-9999;-9999;-9999;-9999;-9999;-9999;-9999;-9999;-9999;-9999;-9999;-9999;
2011-06-14;01:00;-9999;-9999;-9999;-9999;-9999;-9999;-9999;-9999;-9999;-9999;-9999;-9999;-9999;-9999;-9999;-9999;-9999;
2011-06-14;02:00;-9999;-9999;-9999;-9999;-9999;-9999;-9999;-9999;-9999;-9999;-9999;-9999;-9999;-9999;-9999;-9999;-9999;
2011-06-14;03:00;-9999;-9999;-9999;-9999;-9999;-9999;-9999;-9999;-9999;-9999;-9999;-9999;-9999;-9999;-9999;-9999;-9999;
2011-06-14;04:00;-9999;-9999;-9999;-9999;-9999;-9999;-9999;-9999;-9999;-9999;-9999;-9999;-9999;-9999;-9999;-9999;-9999;
2011-06-14;05:00;-9999;-9999;-9999;-9999;-9999;-9999;-9999;-9999;-9999;-9999;-9999;-9999;-9999;-9999;-9999;-9999;-9999;
2011-06-14;06:00;-9999;-9999;-9999;-9999;-9999;-9999;-9999;-9999;-9999;-9999;-9999;-9999;-9999;-9999;-9999;-9999;-9999;
2011-06-14;07:00;-9999;-9999;-9999;-9999;-9999;-9999;-9999;-9999;-9999;-9999;-9999;-9999;-9999;-9999;-9999;-9999;-9999;
2011-06-14;08:00;-9999;-9999;-9999;-9999;-9999;-9999;-9999;-9999;-9999;-9999;-9999;-9999;-9999;-9999;-9999;-9999;-9999;
2011-06-14;09:00;-9999;-9999;-9999;-9999;-9999;-9999;-9999;-9999;-9999;-9999;-9999;-9999;-9999;-9999;-9999;-9999;-9999;
2011-06-14;10:00;-9999;-9999;-9999;-9999;-9999;-9999;-9999;-9999;-9999;-9999;-9999;-9999;-9999;-9999;-9999;-9999;-9999;
2011-06-14;11:00;-9999;-9999;-9999;-9999;-9999;-9999;-9999;-9999;-9999;-9999;-9999;-9999;-9999;-9999;-9999;-9999;-9999;
2011-06-14;12:00;-9999;-9999;-9999;-9999;-9999;-9999;-9999;-9999;-9999;-9999;-9999;-9999;-9999;-9999;-9999;-9999;-9999;
2011-06-14;13:00;-9999;-9999;-9999;-9999;-9999;-9999;-9999;-9999;-9999;-9999;-9999;-9999;-9999;-9999;-9999;-9999;-9999;
2011-06-14;14:00;-9999;-9999;-9999;-9999;-9999;-9999;-9999;-9999;-9999;-9999;-9999;-9999;-9999;-9999;-9999;-9999;-9999;
2011-06-14;15:00;-9999;-9999;-9999;-9999;-9999;-9999;-9999;-9999;-9999;-9999;-9999;-9999;-9999;-9999;-9999;-9999;-9999;
2011-06-14;16:00;-9999;-9999;-9999;-9999;-9999;-9999;-9999;-9999;-9999;-9999;-9999;-9999;-9999;-9999;-9999;-9999;-9999;
2011-06-14;17:00;-9999;-9999;-9999;-9999;-9999;-9999;-9999;-9999;-9999;-9999;-9999;-9999;-9999;-9999;-9999;-9999;-9999;
2011-06-14;18:00;-9999;-9999;-9999;-9999;-9999;-9999;-9999;-9999;-9999;-9999;-9999;-9999;-9999;-9999;-9999;-9999;-9999;
2011-06-14;19:00;-9999;-9999;-9999;-9999;-9999;-9999;-9999;-9999;-9999;-9999;-9999;-9999;-9999;-9999;-9999;-9999;-9999;
2011-06-14;20:00;-9999;-9999;-9999;-9999;-9999;-9999;-9999;-9999;-9999;-9999;-9999;-9999;-9999;-9999;-9999;-9999;-9999;
2011-06-14;21:00;-9999;-9999;-9999;-9999;-9999;-9999;-9999;-9999;-9999;-9999;-9999;-9999;-9999;-9999;-9999;-9999;-9999;
2011-06-14;22:00;-9999;-9999;-9999;-9999;-9999;-9999;-9999;-9999;-9999;-9999;-9999;-9999;-9999;-9999;-9999;-9999;-9999;
2011-06-14;23:00;-9999;-9999;-9999;-9999;-9999;-9999;-9999;-9999;-9999;-9999;-9999;-9999;-9999;-9999;-9999;-9999;-9999;
2011-06-15;00:00;-9999;-9999;-9999;-9999;-9999;-9999;-9999;-9999;-9999;-9999;-9999;-9999;-9999;-9999;-9999;-9999;-9999;
2011-06-15;01:00;-9999;-9999;-9999;-9999;-9999;-9999;-9999;-9999;-9999;-9999;-9999;-9999;-9999;-9999;-9999;-9999;-9999;
2011-06-15;02:00;-9999;-9999;-9999;-9999;-9999;-9999;-9999;-9999;-9999;-9999;-9999;-9999;-9999;-9999;-9999;-9999;-9999;
2011-06-15;03:00;-9999;-9999;-9999;-9999;-9999;-9999;-9999;-9999;-9999;-9999;-9999;-9999;-9999;-9999;-9999;-9999;-9999;
2011-06-15;04:00;-9999;-9999;-9999;-9999;-9999;-9999;-9999;-9999;-9999;-9999;-9999;-9999;-9999;-9999;-9999;-9999;-9999;
2011-06-15;05:00;-9999;-9999;-9999;-9999;-9999;-9999;-9999;-9999;-9999;-9999;-9999;-9999;-9999;-9999;-9999;-9999;-9999;
2011-06-15;06:00;-9999;-9999;-9999;-9999;-9999;-9999;-9999;-9999;-9999;-9999;-9999;-9999;-9999;-9999;-9999;-9999;-9999;
2011-06-15;07:00;-9999;-9999;-9999;-9999;-9999;-9999;-9999;-9999;-9999;-9999;-9999;-9999;-9999;-9999;-9999;-9999;-9999;
2011-06-15;08:00;-9999;-9999;-9999;-9999;-9999;-9999;-9999;-9999;-9999;-9999;-9999;-9999;-9999;-9999;-9999;-9999;-9999;
2011-06-15;09:00;-9999;-9999;-9999;-9999;-9999;-9999;-9999;-9999;-9999;-9999;-9999;-9999;-9999;-9999;-9999;-9999;-9999;
2011-06-15;10:00;-9999;-9999;-9999;-9999;-9999;-9999;-9999;-9999;-9999;-9999;-9999;-9999;-9999;-9999;-9999;-9999;-9999;
2011-06-15;11:00;-9999;-9999;-9999;-9999;-9999;-9999;-9999;-9999;-9999;-9999;-9999;-9999;-9999;-9999;-9999;-9999;-9999;
2011-06-15;12:00;-9999;-9999;-9999;-9999;-9999;-9999;-9999;-9999;-9999;-9999;-9999;-9999;-9999;-9999;-9999;-9999;-9999;
2011-06-15;13:00;-9999;-9999;-9999;-9999;-9999;-9999;-9999;-9999;-9999;-9999;-9999;-9999;-9999;-9999;-9999;-9999;-9999;
2011-06-15;14:00;-9999;-9999;-9999;-9999;-9999;-9999;-9999;-9999;-9999;-9999;-9999;-9999;-9999;-9999;-9999;-9999;-9999;
2011-06-15;15:00;-9999;-9999;-9999;-9999;-9999;-9999;-9999;-9999;-9999;-9999;-9999;-9999;-9999;-9999;-9999;-9999;-9999;
2011-06-15;16:00;-9999;-9999;-9999;-9999;-9999;-9999;-9999;-9999;-9999;-9999;-9999;-9999;-9999;-9999;-9999;-9999;-9999;
2011-06-15;17:00;-9999;-9999;-9999;-9999;-9999;-9999;-9999;-9999;-9999;-9999;-9999;-9999;-9999;-9999;-9999;-9999;-9999;
2011-06-15;18:00;-9999;-9999;-9999;-9999;-9999;-9999;-9999;-9999;-9999;-9999;-9999;-9999;-9999;-9999;-9999;-9999;-9999;
2011-06-15;19:00;-9999;-9999;-9999;-9999;-9999;-9999;-9999;-9999;-9999;-9999;-9999;-9999;-9999;-9999;-9999;-9999;-9999;
2011-06-15;20:00;-9999;-9999;-9999;-9999;-9999;-9999;-9999;-9999;-9999;-9999;-9999;-9999;-9999;-9999;-9999;-9999;-9999;
2011-06-15;21:00;-9999;-9999;-9999;-9999;-9999;-9999;-9999;-9999;-9999;-9999;-9999;-9999;-9999;-9999;-9999;-9999;-9999;
2011-06-15;22:00;-9999;-9999;-9999;-9999;-9999;-9999;-9999;-9999;-9999;-9999;-9999;-9999;-9999;-9999;-9999;-9999;-9999;
2011-06-15;23:00;-9999;-9999;-9999;-9999;-9999;-9999;-9999;-9999;-9999;-9999;-9999;-9999;-9999;-9999;-9999;-9999;-9999;
2011-06-16;00:00;-9999;-9999;-9999;-9999;-9999;-9999;-9999;-9999;-9999;-9999;-9999;-9999;-9999;-9999;-9999;-9999;-9999;
2011-06-16;01:00;-9999;-9999;-9999;-9999;-9999;-9999;-9999;-9999;-9999;-9999;-9999;-9999;-9999;-9999;-9999;-9999;-9999;
2011-06-16;02:00;-9999;-9999;-9999;-9999;-9999;-9999;-9999;-9999;-9999;-9999;-9999;-9999;-9999;-9999;-9999;-9999;-9999;
2011-06-16;03:00;-9999;-9999;-9999;-9999;-9999;-9999;-9999;-9999;-9999;-9999;-9999;-9999;-9999;-9999;-9999;-9999;-9999;
2011-06-16;04:00;-9999;-9999;-9999;-9999;-9999;-9999;-9999;-9999;-9999;-9999;-9999;-9999;-9999;-9999;-9999;-9999;-9999;
2011-06-16;05:00;-9999;-9999;-9999;-9999;-9999;-9999;-9999;-9999;-9999;-9999;-9999;-9999;-9999;-9999;-9999;-9999;-9999;
2011-06-16;06:00;-9999;-9999;-9999;-9999;-9999;-9999;-9999;-9999;-9999;-9999;-9999;-9999;-9999;-9999;-9999;-9999;-9999;
2011-06-16;07:00;-9999;-9999;-9999;-9999;-9999;-9999;-9999;-9999;-9999;-9999;-9999;-9999;-9999;-9999;-9999;-9999;-9999;
2011-06-16;08:00;-9999;-9999;-9999;-9999;-9999;-9999;-9999;-9999;-9999;-9999;-9999;-9999;-9999;-9999;-9999;-9999;-9999;
2011-06-16;09:00;-9999;-9999;-9999;-9999;-9999;-9999;-9999;-9999;-9999;-9999;-9999;-9999;-9999;-9999;-9999;-9999;-9999;
2011-06-16;10:00;-9999;-9999;-9999;-9999;-9999;-9999;-9999;-9999;-9999;-9999;-9999;-9999;-9999;-9999;-9999;-9999;-9999;
2011-06-16;11:00;-9999;-9999;-9999;-9999;-9999;-9999;-9999;-9999;-9999;-9999;-9999;-9999;-9999;-9999;-9999;-9999;-9999;
2011-06-16;12:00;-9999;-9999;-9999;-9999;-9999;-9999;-9999;-9999;-9999;-9999;-9999;-9999;-9999;-9999;-9999;-9999;-9999;
2011-06-16;13:00;-9999;-9999;-9999;-9999;-9999;-9999;-9999;-9999;-9999;-9999;-9999;-9999;-9999;-9999;-9999;-9999;-9999;
2011-06-16;14:00;-9999;-9999;-9999;-9999;-9999;-9999;-9999;-9999;-9999;-9999;-9999;-9999;-9999;-9999;-9999;-9999;-9999;
2011-06-16;15:00;-9999;-9999;-9999;-9999;-9999;-9999;-9999;-9999;-9999;-9999;-9999;-9999;-9999;-9999;-9999;-9999;-9999;
2011-06-16;16:00;-9999;-9999;-9999;-9999;-9999;-9999;-9999;-9999;-9999;-9999;-9999;-9999;-9999;-9999;-9999;-9999;-9999;
2011-06-16;17:00;-9999;-9999;-9999;-9999;-9999;-9999;-9999;-9999;-9999;-9999;-9999;-9999;-9999;-9999;-9999;-9999;-9999;
2011-06-16;18:00;-9999;-9999;-9999;-9999;-9999;-9999;-9999;-9999;-9999;-9999;-9999;-9999;-9999;-9999;-9999;-9999;-9999;
2011-06-16;19:00;-9999;-9999;-9999;-9999;-9999;-9999;-9999;-9999;-9999;-9999;-9999;-9999;-9999;-9999;-9999;-9999;-9999;
2011-06-16;20:00;-9999;-9999;-9999;-9999;-9999;-9999;-9999;-9999;-9999;-9999;-9999;-9999;-9999;-9999;-9999;-9999;-9999;
2011-06-16;21:00;-9999;-9999;-9999;-9999;-9999;-9999;-9999;-9999;-9999;-9999;-9999;-9999;-9999;-9999;-9999;-9999;-9999;
2011-06-16;22:00;-9999;-9999;-9999;-9999;-9999;-9999;-9999;-9999;-9999;-9999;-9999;-9999;-9999;-9999;-9999;-9999;-9999;
2011-06-16;23:00;-9999;-9999;-9999;-9999;-9999;-9999;-9999;-9999;-9999;-9999;-9999;-9999;-9999;-9999;-9999;-9999;-9999;
2011-06-17;00:00;-9999;-9999;-9999;-9999;-9999;-9999;-9999;-9999;-9999;-9999;-9999;-9999;-9999;-9999;-9999;-9999;-9999;
2011-06-17;01:00;-9999;-9999;-9999;-9999;-9999;-9999;-9999;-9999;-9999;-9999;-9999;-9999;-9999;-9999;-9999;-9999;-9999;
2011-06-17;02:00;-9999;-9999;-9999;-9999;-9999;-9999;-9999;-9999;-9999;-9999;-9999;-9999;-9999;-9999;-9999;-9999;-9999;
2011-06-17;03:00;-9999;-9999;-9999;-9999;-9999;-9999;-9999;-9999;-9999;-9999;-9999;-9999;-9999;-9999;-9999;-9999;-9999;
2011-06-17;04:00;-9999;-9999;-9999;-9999;-9999;-9999;-9999;-9999;-9999;-9999;-9999;-9999;-9999;-9999;-9999;-9999;-9999;
2011-06-17;05:00;-9999;-9999;-9999;-9999;-9999;-9999;-9999;-9999;-9999;-9999;-9999;-9999;-9999;-9999;-9999;-9999;-9999;
2011-06-17;06:00;-9999;-9999;-9999;-9999;-9999;-9999;-9999;-9999;-9999;-9999;-9999;-9999;-9999;-9999;-9999;-9999;-9999;
2011-06-17;07:00;-9999;-9999;-9999;-9999;-9999;-9999;-9999;-9999;-9999;-9999;-9999;-9999;-9999;-9999;-9999;-9999;-9999;
2011-06-17;08:00;-9999;-9999;-9999;-9999;-9999;-9999;-9999;-9999;-9999;-9999;-9999;-9999;-9999;-9999;-9999;-9999;-9999;
2011-06-17;09:00;-9999;-9999;-9999;-9999;-9999;-9999;-9999;-9999;-9999;-9999;-9999;-9999;-9999;-9999;-9999;-9999;-9999;
2011-06-17;10:00;-9999;-9999;-9999;-9999;-9999;-9999;-9999;-9999;-9999;-9999;-9999;-9999;-9999;-9999;-9999;-9999;-9999;
2011-06-17;11:00;-9999;-9999;-9999;-9999;-9999;-9999;-9999;-9999;-9999;-9999;-9999;-9999;-9999;-9999;-9999;-9999;-9999;
2011-06-17;12:00;-9999;-9999;-9999;-9999;-9999;-9999;-9999;-9999;-9999;-9999;-9999;-9999;-9999;-9999;-9999;-9999;-9999;
2011-06-17;13:00;-9999;-9999;-9999;-9999;-9999;-9999;-9999;-9999;-9999;-9999;-9999;-9999;-9999;-9999;-9999;-9999;-9999;
2011-06-17;14:00;-9999;-9999;-9999;-9999;-9999;-9999;-9999;-9999;-9999;-9999;-9999;-9999;-9999;-9999;-9999;-9999;-9999;
2011-06-17;15:00;-9999;-9999;-9999;-9999;-9999;-9999;-9999;-9999;-9999;-9999;-9999;-9999;-9999;-9999;-9999;-9999;-9999;
2011-06-17;16:00;-9999;-9999;-9999;-9999;-9999;-9999;-9999;-9999;-9999;-9999;-9999;-9999;-9999;-9999;-9999;-9999;-9999;
2011-06-17;17:00;-9999;-9999;-9999;-9999;-9999;-9999;-9999;-9999;-9999;-9999;-9999;-9999;-9999;-9999;-9999;-9999;-9999;
2011-06-17;18:00;-9999;-9999;-9999;-9999;-9999;-9999;-9999;-9999;-9999;-9999;-9999;-9999;-9999;-9999;-9999;-9999;-9999;
2011-06-17;19:00;-9999;-9999;-9999;-9999;-9999;-9999;-9999;-9999;-9999;-9999;-9999;-9999;-9999;-9999;-9999;-9999;-9999;
2011-06-17;20:00;-9999;-9999;-9999;-9999;-9999;-9999;-9999;-9999;-9999;-9999;-9999;-9999;-9999;-9999;-9999;-9999;-9999;
2011-06-17;21:00;-9999;-9999;-9999;-9999;-9999;-9999;-9999;-9999;-9999;-9999;-9999;-9999;-9999;-9999;-9999;-9999;-9999;
2011-06-17;22:00;-9999;-9999;-9999;-9999;-9999;-9999;-9999;-9999;-9999;-9999;-9999;-9999;-9999;-9999;-9999;-9999;-9999;
2011-06-17;23:00;-9999;-9999;-9999;-9999;-9999;-9999;-9999;-9999;-9999;-9999;-9999;-9999;-9999;-9999;-9999;-9999;-9999;
2011-06-18;00:00;-9999;-9999;-9999;-9999;-9999;-9999;-9999;-9999;-9999;-9999;-9999;-9999;-9999;-9999;-9999;-9999;-9999;
2011-06-18;01:00;-9999;-9999;-9999;-9999;-9999;-9999;-9999;-9999;-9999;-9999;-9999;-9999;-9999;-9999;-9999;-9999;-9999;
2011-06-18;02:00;-9999;-9999;-9999;-9999;-9999;-9999;-9999;-9999;-9999;-9999;-9999;-9999;-9999;-9999;-9999;-9999;-9999;
2011-06-18;03:00;-9999;-9999;-9999;-9999;-9999;-9999;-9999;-9999;-9999;-9999;-9999;-9999;-9999;-9999;-9999;-9999;-9999;
2011-06-18;04:00;-9999;-9999;-9999;-9999;-9999;-9999;-9999;-9999;-9999;-9999;-9999;-9999;-9999;-9999;-9999;-9999;-9999;
2011-06-18;05:00;-9999;-9999;-9999;-9999;-9999;-9999;-9999;-9999;-9999;-9999;-9999;-9999;-9999;-9999;-9999;-9999;-9999;
2011-06-18;06:00;-9999;-9999;-9999;-9999;-9999;-9999;-9999;-9999;-9999;-9999;-9999;-9999;-9999;-9999;-9999;-9999;-9999;
2011-06-18;07:00;-9999;-9999;-9999;-9999;-9999;-9999;-9999;-9999;-9999;-9999;-9999;-9999;-9999;-9999;-9999;-9999;-9999;
2011-06-18;08:00;-9999;-9999;-9999;-9999;-9999;-9999;-9999;-9999;-9999;-9999;-9999;-9999;-9999;-9999;-9999;-9999;-9999;
2011-06-18;09:00;-9999;-9999;-9999;-9999;-9999;-9999;-9999;-9999;-9999;-9999;-9999;-9999;-9999;-9999;-9999;-9999;-9999;
2011-06-18;10:00;-9999;-9999;-9999;-9999;-9999;-9999;-9999;-9999;-9999;-9999;-9999;-9999;-9999;-9999;-9999;-9999;-9999;
2011-06-18;11:00;-9999;-9999;-9999;-9999;-9999;-9999;-9999;-9999;-9999;-9999;-9999;-9999;-9999;-9999;-9999;-9999;-9999;
2011-06-18;12:00;-9999;-9999;-9999;-9999;-9999;-9999;-9999;-9999;-9999;-9999;-9999;-9999;-9999;-9999;-9999;-9999;-9999;
2011-06-18;13:00;-9999;-9999;-9999;-9999;-9999;-9999;-9999;-9999;-9999;-9999;-9999;-9999;-9999;-9999;-9999;-9999;-9999;
2011-06-18;14:00;-9999;-9999;-9999;-9999;-9999;-9999;-9999;-9999;-9999;-9999;-9999;-9999;-9999;-9999;-9999;-9999;-9999;
2011-06-18;15:00;-9999;-9999;-9999;-9999;-9999;-9999;-9999;-9999;-9999;-9999;-9999;-9999;-9999;-9999;-9999;-9999;-9999;
2011-06-18;16:00;-9999;-9999;-9999;-9999;-9999;-9999;-9999;-9999;-9999;-9999;-9999;-9999;-9999;-9999;-9999;-9999;-9999;
2011-06-18;17:00;-9999;-9999;-9999;-9999;-9999;-9999;-9999;-9999;-9999;-9999;-9999;-9999;-9999;-9999;-9999;-9999;-9999;
2011-06-18;18:00;-9999;-9999;-9999;-9999;-9999;-9999;-9999;-9999;-9999;-9999;-9999;-9999;-9999;-9999;-9999;-9999;-9999;
2011-06-18;19:00;-9999;-9999;-9999;-9999;-9999;-9999;-9999;-9999;-9999;-9999;-9999;-9999;-9999;-9999;-9999;-9999;-9999;
2011-06-18;20:00;-9999;-9999;-9999;-9999;-9999;-9999;-9999;-9999;-9999;-9999;-9999;-9999;-9999;-9999;-9999;-9999;-9999;
2011-06-18;21:00;-9999;-9999;-9999;-9999;-9999;-9999;-9999;-9999;-9999;-9999;-9999;-9999;-9999;-9999;-9999;-9999;-9999;
2011-06-18;22:00;-9999;-9999;-9999;-9999;-9999;-9999;-9999;-9999;-9999;-9999;-9999;-9999;-9999;-9999;-9999;-9999;-9999;
2011-06-18;23:00;-9999;-9999;-9999;-9999;-9999;-9999;-9999;-9999;-9999;-9999;-9999;-9999;-9999;-9999;-9999;-9999;-9999;
2011-06-19;00:00;-9999;-9999;-9999;-9999;-9999;-9999;-9999;-9999;-9999;-9999;-9999;-9999;-9999;-9999;-9999;-9999;-9999;
2011-06-19;01:00;-9999;-9999;-9999;-9999;-9999;-9999;-9999;-9999;-9999;-9999;-9999;-9999;-9999;-9999;-9999;-9999;-9999;
2011-06-19;02:00;-9999;-9999;-9999;-9999;-9999;-9999;-9999;-9999;-9999;-9999;-9999;-9999;-9999;-9999;-9999;-9999;-9999;
2011-06-19;03:00;-9999;-9999;-9999;-9999;-9999;-9999;-9999;-9999;-9999;-9999;-9999;-9999;-9999;-9999;-9999;-9999;-9999;
2011-06-19;04:00;-9999;-9999;-9999;-9999;-9999;-9999;-9999;-9999;-9999;-9999;-9999;-9999;-9999;-9999;-9999;-9999;-9999;
2011-06-19;05:00;-9999;-9999;-9999;-9999;-9999;-9999;-9999;-9999;-9999;-9999;-9999;-9999;-9999;-9999;-9999;-9999;-9999;
2011-06-19;06:00;-9999;-9999;-9999;-9999;-9999;-9999;-9999;-9999;-9999;-9999;-9999;-9999;-9999;-9999;-9999;-9999;-9999;
2011-06-19;07:00;-9999;-9999;-9999;-9999;-9999;-9999;-9999;-9999;-9999;-9999;-9999;-9999;-9999;-9999;-9999;-9999;-9999;
2011-06-19;08:00;-9999;-9999;-9999;-9999;-9999;-9999;-9999;-9999;-9999;-9999;-9999;-9999;-9999;-9999;-9999;-9999;-9999;
2011-06-19;09:00;-9999;-9999;-9999;-9999;-9999;-9999;-9999;-9999;-9999;-9999;-9999;-9999;-9999;-9999;-9999;-9999;-9999;
2011-06-19;10:00;-9999;-9999;-9999;-9999;-9999;-9999;-9999;-9999;-9999;-9999;-9999;-9999;-9999;-9999;-9999;-9999;-9999;
2011-06-19;11:00;-9999;-9999;-9999;-9999;-9999;-9999;-9999;-9999;-9999;-9999;-9999;-9999;-9999;-9999;-9999;-9999;-9999;
2011-06-19;12:00;-9999;-9999;-9999;-9999;-9999;-9999;-9999;-9999;-9999;-9999;-9999;-9999;-9999;-9999;-9999;-9999;-9999;
2011-06-19;13:00;-9999;-9999;-9999;-9999;-9999;-9999;-9999;-9999;-9999;-9999;-9999;-9999;-9999;-9999;-9999;-9999;-9999;
2011-06-19;14:00;-9999;-9999;-9999;-9999;-9999;-9999;-9999;-9999;-9999;-9999;-9999;-9999;-9999;-9999;-9999;-9999;-9999;
2011-06-19;15:00;-9999;-9999;-9999;-9999;-9999;-9999;-9999;-9999;-9999;-9999;-9999;-9999;-9999;-9999;-9999;-9999;-9999;
2011-06-19;16:00;-9999;-9999;-9999;-9999;-9999;-9999;-9999;-9999;-9999;-9999;-9999;-9999;-9999;-9999;-9999;-9999;-9999;
2011-06-19;17:00;-9999;-9999;-9999;-9999;-9999;-9999;-9999;-9999;-9999;-9999;-9999;-9999;-9999;-9999;-9999;-9999;-9999;
2011-06-19;18:00;-9999;-9999;-9999;-9999;-9999;-9999;-9999;-9999;-9999;-9999;-9999;-9999;-9999;-9999;-9999;-9999;-9999;
2011-06-19;19:00;-9999;-9999;-9999;-9999;-9999;-9999;-9999;-9999;-9999;-9999;-9999;-9999;-9999;-9999;-9999;-9999;-9999;
2011-06-19;20:00;-9999;-9999;-9999;-9999;-9999;-9999;-9999;-9999;-9999;-9999;-9999;-9999;-9999;-9999;-9999;-9999;-9999;
2011-06-19;21:00;-9999;-9999;-9999;-9999;-9999;-9999;-9999;-9999;-9999;-9999;-9999;-9999;-9999;-9999;-9999;-9999;-9999;
2011-06-19;22:00;-9999;-9999;-9999;-9999;-9999;-9999;-9999;-9999;-9999;-9999;-9999;-9999;-9999;-9999;-9999;-9999;-9999;
2011-06-19;23:00;-9999;-9999;-9999;-9999;-9999;-9999;-9999;-9999;-9999;-9999;-9999;-9999;-9999;-9999;-9999;-9999;-9999;
2011-06-20;00:00;-9999;-9999;-9999;-9999;-9999;-9999;-9999;-9999;-9999;-9999;-9999;-9999;-9999;-9999;-9999;-9999;-9999;
2011-06-20;01:00;-9999;-9999;-9999;-9999;-9999;-9999;-9999;-9999;-9999;-9999;-9999;-9999;-9999;-9999;-9999;-9999;-9999;
2011-06-20;02:00;-9999;-9999;-9999;-9999;-9999;-9999;-9999;-9999;-9999;-9999;-9999;-9999;-9999;-9999;-9999;-9999;-9999;
2011-06-20;03:00;-9999;-9999;-9999;-9999;-9999;-9999;-9999;-9999;-9999;-9999;-9999;-9999;-9999;-9999;-9999;-9999;-9999;
2011-06-20;04:00;-9999;-9999;-9999;-9999;-9999;-9999;-9999;-9999;-9999;-9999;-9999;-9999;-9999;-9999;-9999;-9999;-9999;
2011-06-20;05:00;-9999;-9999;-9999;-9999;-9999;-9999;-9999;-9999;-9999;-9999;-9999;-9999;-9999;-9999;-9999;-9999;-9999;
2011-06-20;06:00;-9999;-9999;-9999;-9999;-9999;-9999;-9999;-9999;-9999;-9999;-9999;-9999;-9999;-9999;-9999;-9999;-9999;
2011-06-20;07:00;-9999;-9999;-9999;-9999;-9999;-9999;-9999;-9999;-9999;-9999;-9999;-9999;-9999;-9999;-9999;-9999;-9999;
2011-06-20;08:00;-9999;-9999;-9999;-9999;-9999;-9999;-9999;-9999;-9999;-9999;-9999;-9999;-9999;-9999;-9999;-9999;-9999;
2011-06-20;09:00;-9999;-9999;-9999;-9999;-9999;-9999;-9999;-9999;-9999;-9999;-9999;-9999;-9999;-9999;-9999;-9999;-9999;
2011-06-20;10:00;-9999;-9999;-9999;-9999;-9999;-9999;-9999;-9999;-9999;-9999;-9999;-9999;-9999;-9999;-9999;-9999;-9999;
2011-06-20;11:00;-9999;-9999;-9999;-9999;-9999;-9999;-9999;-9999;-9999;-9999;-9999;-9999;-9999;-9999;-9999;-9999;-9999;
2011-06-20;12:00;-9999;-9999;-9999;-9999;-9999;-9999;-9999;-9999;-9999;-9999;-9999;-9999;-9999;-9999;-9999;-9999;-9999;
2011-06-20;13:00;-9999;-9999;-9999;-9999;-9999;-9999;-9999;-9999;-9999;-9999;-9999;-9999;-9999;-9999;-9999;-9999;-9999;
2011-06-20;14:00;-9999;-9999;-9999;-9999;-9999;-9999;-9999;-9999;-9999;-9999;-9999;-9999;-9999;-9999;-9999;-9999;-9999;
2011-06-20;15:00;-9999;-9999;-9999;-9999;-9999;-9999;-9999;-9999;-9999;-9999;-9999;-9999;-9999;-9999;-9999;-9999;-9999;
2011-06-20;16:00;-9999;-9999;-9999;-9999;-9999;-9999;-9999;-9999;-9999;-9999;-9999;-9999;-9999;-9999;-9999;-9999;-9999;
2011-06-20;17:00;-9999;-9999;-9999;-9999;-9999;-9999;-9999;-9999;-9999;-9999;-9999;-9999;-9999;-9999;-9999;-9999;-9999;
2011-06-20;18:00;-9999;-9999;-9999;-9999;-9999;-9999;-9999;-9999;-9999;-9999;-9999;-9999;-9999;-9999;-9999;-9999;-9999;
2011-06-20;19:00;-9999;-9999;-9999;-9999;-9999;-9999;-9999;-9999;-9999;-9999;-9999;-9999;-9999;-9999;-9999;-9999;-9999;
2011-06-20;20:00;-9999;-9999;-9999;-9999;-9999;-9999;-9999;-9999;-9999;-9999;-9999;-9999;-9999;-9999;-9999;-9999;-9999;
2011-06-20;21:00;-9999;-9999;-9999;-9999;-9999;-9999;-9999;-9999;-9999;-9999;-9999;-9999;-9999;-9999;-9999;-9999;-9999;
2011-06-20;22:00;-9999;-9999;-9999;-9999;-9999;-9999;-9999;-9999;-9999;-9999;-9999;-9999;-9999;-9999;-9999;-9999;-9999;
2011-06-20;23:00;-9999;-9999;-9999;-9999;-9999;-9999;-9999;-9999;-9999;-9999;-9999;-9999;-9999;-9999;-9999;-9999;-9999;
2011-06-21;00:00;-9999;-9999;-9999;-9999;-9999;-9999;-9999;-9999;-9999;-9999;-9999;-9999;-9999;-9999;-9999;-9999;-9999;
2011-06-21;01:00;-9999;-9999;-9999;-9999;-9999;-9999;-9999;-9999;-9999;-9999;-9999;-9999;-9999;-9999;-9999;-9999;-9999;
2011-06-21;02:00;-9999;-9999;-9999;-9999;-9999;-9999;-9999;-9999;-9999;-9999;-9999;-9999;-9999;-9999;-9999;-9999;-9999;
2011-06-21;03:00;-9999;-9999;-9999;-9999;-9999;-9999;-9999;-9999;-9999;-9999;-9999;-9999;-9999;-9999;-9999;-9999;-9999;
2011-06-21;04:00;-9999;-9999;-9999;-9999;-9999;-9999;-9999;-9999;-9999;-9999;-9999;-9999;-9999;-9999;-9999;-9999;-9999;
2011-06-21;05:00;-9999;-9999;-9999;-9999;-9999;-9999;-9999;-9999;-9999;-9999;-9999;-9999;-9999;-9999;-9999;-9999;-9999;
2011-06-21;06:00;-9999;-9999;-9999;-9999;-9999;-9999;-9999;-9999;-9999;-9999;-9999;-9999;-9999;-9999;-9999;-9999;-9999;
2011-06-21;07:00;-9999;-9999;-9999;-9999;-9999;-9999;-9999;-9999;-9999;-9999;-9999;-9999;-9999;-9999;-9999;-9999;-9999;
2011-06-21;08:00;-9999;-9999;-9999;-9999;-9999;-9999;-9999;-9999;-9999;-9999;-9999;-9999;-9999;-9999;-9999;-9999;-9999;
2011-06-21;09:00;-9999;-9999;-9999;-9999;-9999;-9999;-9999;-9999;-9999;-9999;-9999;-9999;-9999;-9999;-9999;-9999;-9999;
2011-06-21;10:00;-9999;-9999;-9999;-9999;-9999;-9999;-9999;-9999;-9999;-9999;-9999;-9999;-9999;-9999;-9999;-9999;-9999;
2011-06-21;11:00;-9999;-9999;-9999;-9999;-9999;-9999;-9999;-9999;-9999;-9999;-9999;-9999;-9999;-9999;-9999;-9999;-9999;
2011-06-21;12:00;-9999;-9999;-9999;-9999;-9999;-9999;-9999;-9999;-9999;-9999;-9999;-9999;-9999;-9999;-9999;-9999;-9999;
2011-06-21;13:00;-9999;-9999;-9999;-9999;-9999;-9999;-9999;-9999;-9999;-9999;-9999;-9999;-9999;-9999;-9999;-9999;-9999;
2011-06-21;14:00;-9999;-9999;-9999;-9999;-9999;-9999;-9999;-9999;-9999;-9999;-9999;-9999;-9999;-9999;-9999;-9999;-9999;
2011-06-21;15:00;-9999;-9999;-9999;-9999;-9999;-9999;-9999;-9999;-9999;-9999;-9999;-9999;-9999;-9999;-9999;-9999;-9999;
2011-06-21;16:00;-9999;-9999;-9999;-9999;-9999;-9999;-9999;-9999;-9999;-9999;-9999;-9999;-9999;-9999;-9999;-9999;-9999;
2011-06-21;17:00;-9999;-9999;-9999;-9999;-9999;-9999;-9999;-9999;-9999;-9999;-9999;-9999;-9999;-9999;-9999;-9999;-9999;
2011-06-21;18:00;-9999;-9999;-9999;-9999;-9999;-9999;-9999;-9999;-9999;-9999;-9999;-9999;-9999;-9999;-9999;-9999;-9999;
2011-06-21;19:00;-9999;-9999;-9999;-9999;-9999;-9999;-9999;-9999;-9999;-9999;-9999;-9999;-9999;-9999;-9999;-9999;-9999;
2011-06-21;20:00;-9999;-9999;-9999;-9999;-9999;-9999;-9999;-9999;-9999;-9999;-9999;-9999;-9999;-9999;-9999;-9999;-9999;
2011-06-21;21:00;-9999;-9999;-9999;-9999;-9999;-9999;-9999;-9999;-9999;-9999;-9999;-9999;-9999;-9999;-9999;-9999;-9999;
2011-06-21;22:00;-9999;-9999;-9999;-9999;-9999;-9999;-9999;-9999;-9999;-9999;-9999;-9999;-9999;-9999;-9999;-9999;-9999;
2011-06-21;23:00;-9999;-9999;-9999;-9999;-9999;-9999;-9999;-9999;-9999;-9999;-9999;-9999;-9999;-9999;-9999;-9999;-9999;
2011-06-22;00:00;-9999;-9999;-9999;-9999;-9999;-9999;-9999;-9999;-9999;-9999;-9999;-9999;-9999;-9999;-9999;-9999;-9999;
2011-06-22;01:00;-9999;-9999;-9999;-9999;-9999;-9999;-9999;-9999;-9999;-9999;-9999;-9999;-9999;-9999;-9999;-9999;-9999;
2011-06-22;02:00;-9999;-9999;-9999;-9999;-9999;-9999;-9999;-9999;-9999;-9999;-9999;-9999;-9999;-9999;-9999;-9999;-9999;
2011-06-22;03:00;-9999;-9999;-9999;-9999;-9999;-9999;-9999;-9999;-9999;-9999;-9999;-9999;-9999;-9999;-9999;-9999;-9999;
2011-06-22;04:00;-9999;-9999;-9999;-9999;-9999;-9999;-9999;-9999;-9999;-9999;-9999;-9999;-9999;-9999;-9999;-9999;-9999;
2011-06-22;05:00;-9999;-9999;-9999;-9999;-9999;-9999;-9999;-9999;-9999;-9999;-9999;-9999;-9999;-9999;-9999;-9999;-9999;
2011-06-22;06:00;-9999;-9999;-9999;-9999;-9999;-9999;-9999;-9999;-9999;-9999;-9999;-9999;-9999;-9999;-9999;-9999;-9999;
2011-06-22;07:00;-9999;-9999;-9999;-9999;-9999;-9999;-9999;-9999;-9999;-9999;-9999;-9999;-9999;-9999;-9999;-9999;-9999;
2011-06-22;08:00;-9999;-9999;-9999;-9999;-9999;-9999;-9999;-9999;-9999;-9999;-9999;-9999;-9999;-9999;-9999;-9999;-9999;
2011-06-22;09:00;-9999;-9999;-9999;-9999;-9999;-9999;-9999;-9999;-9999;-9999;-9999;-9999;-9999;-9999;-9999;-9999;-9999;
2011-06-22;10:00;-9999;-9999;-9999;-9999;-9999;-9999;-9999;-9999;-9999;-9999;-9999;-9999;-9999;-9999;-9999;-9999;-9999;
2011-06-22;11:00;-9999;-9999;-9999;-9999;-9999;-9999;-9999;-9999;-9999;-9999;-9999;-9999;-9999;-9999;-9999;-9999;-9999;
2011-06-22;12:00;-9999;-9999;-9999;-9999;-9999;-9999;-9999;-9999;-9999;-9999;-9999;-9999;-9999;-9999;-9999;-9999;-9999;
2011-06-22;13:00;-9999;-9999;-9999;-9999;-9999;-9999;-9999;-9999;-9999;-9999;-9999;-9999;-9999;-9999;-9999;-9999;-9999;
2011-06-22;14:00;-9999;-9999;-9999;-9999;-9999;-9999;-9999;-9999;-9999;-9999;-9999;-9999;-9999;-9999;-9999;-9999;-9999;
2011-06-22;15:00;-9999;-9999;-9999;-9999;-9999;-9999;-9999;-9999;-9999;-9999;-9999;-9999;-9999;-9999;-9999;-9999;-9999;
2011-06-22;16:00;-9999;-9999;-9999;-9999;-9999;-9999;-9999;-9999;-9999;-9999;-9999;-9999;-9999;-9999;-9999;-9999;-9999;
2011-06-22;17:00;-9999;-9999;-9999;-9999;-9999;-9999;-9999;-9999;-9999;-9999;-9999;-9999;-9999;-9999;-9999;-9999;-9999;
2011-06-22;18:00;-9999;-9999;-9999;-9999;-9999;-9999;-9999;-9999;-9999;-9999;-9999;-9999;-9999;-9999;-9999;-9999;-9999;
2011-06-22;19:00;-9999;-9999;-9999;-9999;-9999;-9999;-9999;-9999;-9999;-9999;-9999;-9999;-9999;-9999;-9999;-9999;-9999;
2011-06-22;20:00;-9999;-9999;-9999;-9999;-9999;-9999;-9999;-9999;-9999;-9999;-9999;-9999;-9999;-9999;-9999;-9999;-9999;
2011-06-22;21:00;-9999;-9999;-9999;-9999;-9999;-9999;-9999;-9999;-9999;-9999;-9999;-9999;-9999;-9999;-9999;-9999;-9999;
2011-06-22;22:00;-9999;-9999;-9999;-9999;-9999;-9999;-9999;-9999;-9999;-9999;-9999;-9999;-9999;-9999;-9999;-9999;-9999;
2011-06-22;23:00;-9999;-9999;-9999;-9999;-9999;-9999;-9999;-9999;-9999;-9999;-9999;-9999;-9999;-9999;-9999;-9999;-9999;
2011-06-23;00:00;-9999;-9999;-9999;-9999;-9999;-9999;-9999;-9999;-9999;-9999;-9999;-9999;-9999;-9999;-9999;-9999;-9999;
2011-06-23;01:00;-9999;-9999;-9999;-9999;-9999;-9999;-9999;-9999;-9999;-9999;-9999;-9999;-9999;-9999;-9999;-9999;-9999;
2011-06-23;02:00;-9999;-9999;-9999;-9999;-9999;-9999;-9999;-9999;-9999;-9999;-9999;-9999;-9999;-9999;-9999;-9999;-9999;
2011-06-23;03:00;-9999;-9999;-9999;-9999;-9999;-9999;-9999;-9999;-9999;-9999;-9999;-9999;-9999;-9999;-9999;-9999;-9999;
2011-06-23;04:00;-9999;-9999;-9999;-9999;-9999;-9999;-9999;-9999;-9999;-9999;-9999;-9999;-9999;-9999;-9999;-9999;-9999;
2011-06-23;05:00;-9999;-9999;-9999;-9999;-9999;-9999;-9999;-9999;-9999;-9999;-9999;-9999;-9999;-9999;-9999;-9999;-9999;
2011-06-23;06:00;-9999;-9999;-9999;-9999;-9999;-9999;-9999;-9999;-9999;-9999;-9999;-9999;-9999;-9999;-9999;-9999;-9999;
2011-06-23;07:00;-9999;-9999;-9999;-9999;-9999;-9999;-9999;-9999;-9999;-9999;-9999;-9999;-9999;-9999;-9999;-9999;-9999;
2011-06-23;08:00;-9999;-9999;-9999;-9999;-9999;-9999;-9999;-9999;-9999;-9999;-9999;-9999;-9999;-9999;-9999;-9999;-9999;
2011-06-23;09:00;-9999;-9999;-9999;-9999;-9999;-9999;-9999;-9999;-9999;-9999;-9999;-9999;-9999;-9999;-9999;-9999;-9999;
2011-06-23;10:00;-9999;-9999;-9999;-9999;-9999;-9999;-9999;-9999;-9999;-9999;-9999;-9999;-9999;-9999;-9999;-9999;-9999;
2011-06-23;11:00;-9999;-9999;-9999;-9999;-9999;-9999;-9999;-9999;-9999;-9999;-9999;-9999;-9999;-9999;-9999;-9999;-9999;
2011-06-23;12:00;-9999;-9999;-9999;-9999;-9999;-9999;-9999;-9999;-9999;-9999;-9999;-9999;-9999;-9999;-9999;-9999;-9999;
2011-06-23;13:00;-9999;-9999;-9999;-9999;-9999;-9999;-9999;-9999;-9999;-9999;-9999;-9999;-9999;-9999;-9999;-9999;-9999;
2011-06-23;14:00;-9999;-9999;-9999;-9999;-9999;-9999;-9999;-9999;-9999;-9999;-9999;-9999;-9999;-9999;-9999;-9999;-9999;
2011-06-23;15:00;-9999;-9999;-9999;-9999;-9999;-9999;-9999;-9999;-9999;-9999;-9999;-9999;-9999;-9999;-9999;-9999;-9999;
2011-06-23;16:00;-9999;-9999;-9999;-9999;-9999;-9999;-9999;-9999;-9999;-9999;-9999;-9999;-9999;-9999;-9999;-9999;-9999;
2011-06-23;17:00;-9999;-9999;-9999;-9999;-9999;-9999;-9999;-9999;-9999;-9999;-9999;-9999;-9999;-9999;-9999;-9999;-9999;
2011-06-23;18:00;-9999;-9999;-9999;-9999;-9999;-9999;-9999;-9999;-9999;-9999;-9999;-9999;-9999;-9999;-9999;-9999;-9999;
2011-06-23;19:00;-9999;-9999;-9999;-9999;-9999;-9999;-9999;-9999;-9999;-9999;-9999;-9999;-9999;-9999;-9999;-9999;-9999;
2011-06-23;20:00;-9999;-9999;-9999;-9999;-9999;-9999;-9999;-9999;-9999;-9999;-9999;-9999;-9999;-9999;-9999;-9999;-9999;
2011-06-23;21:00;-9999;-9999;-9999;-9999;-9999;-9999;-9999;-9999;-9999;-9999;-9999;-9999;-9999;-9999;-9999;-9999;-9999;
2011-06-23;22:00;-9999;-9999;-9999;-9999;-9999;-9999;-9999;-9999;-9999;-9999;-9999;-9999;-9999;-9999;-9999;-9999;-9999;
2011-06-23;23:00;-9999;-9999;-9999;-9999;-9999;-9999;-9999;-9999;-9999;-9999;-9999;-9999;-9999;-9999;-9999;-9999;-9999;
2011-06-24;00:00;-9999;-9999;-9999;-9999;-9999;-9999;-9999;-9999;-9999;-9999;-9999;-9999;-9999;-9999;-9999;-9999;-9999;
2011-06-24;01:00;-9999;-9999;-9999;-9999;-9999;-9999;-9999;-9999;-9999;-9999;-9999;-9999;-9999;-9999;-9999;-9999;-9999;
2011-06-24;02:00;-9999;-9999;-9999;-9999;-9999;-9999;-9999;-9999;-9999;-9999;-9999;-9999;-9999;-9999;-9999;-9999;-9999;
2011-06-24;03:00;-9999;-9999;-9999;-9999;-9999;-9999;-9999;-9999;-9999;-9999;-9999;-9999;-9999;-9999;-9999;-9999;-9999;
2011-06-24;04:00;-9999;-9999;-9999;-9999;-9999;-9999;-9999;-9999;-9999;-9999;-9999;-9999;-9999;-9999;-9999;-9999;-9999;
2011-06-24;05:00;-9999;-9999;-9999;-9999;-9999;-9999;-9999;-9999;-9999;-9999;-9999;-9999;-9999;-9999;-9999;-9999;-9999;
2011-06-24;06:00;-9999;-9999;-9999;-9999;-9999;-9999;-9999;-9999;-9999;-9999;-9999;-9999;-9999;-9999;-9999;-9999;-9999;
2011-06-24;07:00;-9999;-9999;-9999;-9999;-9999;-9999;-9999;-9999;-9999;-9999;-9999;-9999;-9999;-9999;-9999;-9999;-9999;
2011-06-24;08:00;-9999;-9999;-9999;-9999;-9999;-9999;-9999;-9999;-9999;-9999;-9999;-9999;-9999;-9999;-9999;-9999;-9999;
2011-06-24;09:00;-9999;-9999;-9999;-9999;-9999;-9999;-9999;-9999;-9999;-9999;-9999;-9999;-9999;-9999;-9999;-9999;-9999;
2011-06-24;10:00;-9999;-9999;-9999;-9999;-9999;-9999;-9999;-9999;-9999;-9999;-9999;-9999;-9999;-9999;-9999;-9999;-9999;
2011-06-24;11:00;-9999;-9999;-9999;-9999;-9999;-9999;-9999;-9999;-9999;-9999;-9999;-9999;-9999;-9999;-9999;-9999;-9999;
2011-06-24;12:00;-9999;-9999;-9999;-9999;-9999;-9999;-9999;-9999;-9999;-9999;-9999;-9999;-9999;-9999;-9999;-9999;-9999;
2011-06-24;13:00;-9999;-9999;-9999;-9999;-9999;-9999;-9999;-9999;-9999;-9999;-9999;-9999;-9999;-9999;-9999;-9999;-9999;
2011-06-24;14:00;-9999;-9999;-9999;-9999;-9999;-9999;-9999;-9999;-9999;-9999;-9999;-9999;-9999;-9999;-9999;-9999;-9999;
2011-06-24;15:00;-9999;-9999;-9999;-9999;-9999;-9999;-9999;-9999;-9999;-9999;-9999;-9999;-9999;-9999;-9999;-9999;-9999;
2011-06-24;16:00;-9999;-9999;-9999;-9999;-9999;-9999;-9999;-9999;-9999;-9999;-9999;-9999;-9999;-9999;-9999;-9999;-9999;
2011-06-24;17:00;-9999;-9999;-9999;-9999;-9999;-9999;-9999;-9999;-9999;-9999;-9999;-9999;-9999;-9999;-9999;-9999;-9999;
2011-06-24;18:00;-9999;-9999;-9999;-9999;-9999;-9999;-9999;-9999;-9999;-9999;-9999;-9999;-9999;-9999;-9999;-9999;-9999;
2011-06-24;19:00;-9999;-9999;-9999;-9999;-9999;-9999;-9999;-9999;-9999;-9999;-9999;-9999;-9999;-9999;-9999;-9999;-9999;
2011-06-24;20:00;-9999;-9999;-9999;-9999;-9999;-9999;-9999;-9999;-9999;-9999;-9999;-9999;-9999;-9999;-9999;-9999;-9999;
2011-06-24;21:00;-9999;-9999;-9999;-9999;-9999;-9999;-9999;-9999;-9999;-9999;-9999;-9999;-9999;-9999;-9999;-9999;-9999;
2011-06-24;22:00;-9999;-9999;-9999;-9999;-9999;-9999;-9999;-9999;-9999;-9999;-9999;-9999;-9999;-9999;-9999;-9999;-9999;
2011-06-24;23:00;-9999;-9999;-9999;-9999;-9999;-9999;-9999;-9999;-9999;-9999;-9999;-9999;-9999;-9999;-9999;-9999;-9999;
2011-06-25;00:00;-9999;-9999;-9999;-9999;-9999;-9999;-9999;-9999;-9999;-9999;-9999;-9999;-9999;-9999;-9999;-9999;-9999;
2011-06-25;01:00;-9999;-9999;-9999;-9999;-9999;-9999;-9999;-9999;-9999;-9999;-9999;-9999;-9999;-9999;-9999;-9999;-9999;
2011-06-25;02:00;-9999;-9999;-9999;-9999;-9999;-9999;-9999;-9999;-9999;-9999;-9999;-9999;-9999;-9999;-9999;-9999;-9999;
2011-06-25;03:00;-9999;-9999;-9999;-9999;-9999;-9999;-9999;-9999;-9999;-9999;-9999;-9999;-9999;-9999;-9999;-9999;-9999;
2011-06-25;04:00;-9999;-9999;-9999;-9999;-9999;-9999;-9999;-9999;-9999;-9999;-9999;-9999;-9999;-9999;-9999;-9999;-9999;
2011-06-25;05:00;-9999;-9999;-9999;-9999;-9999;-9999;-9999;-9999;-9999;-9999;-9999;-9999;-9999;-9999;-9999;-9999;-9999;
2011-06-25;06:00;-9999;-9999;-9999;-9999;-9999;-9999;-9999;-9999;-9999;-9999;-9999;-9999;-9999;-9999;-9999;-9999;-9999;
2011-06-25;07:00;-9999;-9999;-9999;-9999;-9999;-9999;-9999;-9999;-9999;-9999;-9999;-9999;-9999;-9999;-9999;-9999;-9999;
2011-06-25;08:00;-9999;-9999;-9999;-9999;-9999;-9999;-9999;-9999;-9999;-9999;-9999;-9999;-9999;-9999;-9999;-9999;-9999;
2011-06-25;09:00;-9999;-9999;-9999;-9999;-9999;-9999;-9999;-9999;-9999;-9999;-9999;-9999;-9999;-9999;-9999;-9999;-9999;
2011-06-25;10:00;-9999;-9999;-9999;-9999;-9999;-9999;-9999;-9999;-9999;-9999;-9999;-9999;-9999;-9999;-9999;-9999;-9999;
2011-06-25;11:00;-9999;-9999;-9999;-9999;-9999;-9999;-9999;-9999;-9999;-9999;-9999;-9999;-9999;-9999;-9999;-9999;-9999;
2011-06-25;12:00;-9999;-9999;-9999;-9999;-9999;-9999;-9999;-9999;-9999;-9999;-9999;-9999;-9999;-9999;-9999;-9999;-9999;
2011-06-25;13:00;-9999;-9999;-9999;-9999;-9999;-9999;-9999;-9999;-9999;-9999;-9999;-9999;-9999;-9999;-9999;-9999;-9999;
2011-06-25;14:00;-9999;-9999;-9999;-9999;-9999;-9999;-9999;-9999;-9999;-9999;-9999;-9999;-9999;-9999;-9999;-9999;-9999;
2011-06-25;15:00;-9999;-9999;-9999;-9999;-9999;-9999;-9999;-9999;-9999;-9999;-9999;-9999;-9999;-9999;-9999;-9999;-9999;
2011-06-25;16:00;-9999;-9999;-9999;-9999;-9999;-9999;-9999;-9999;-9999;-9999;-9999;-9999;-9999;-9999;-9999;-9999;-9999;
2011-06-25;17:00;-9999;-9999;-9999;-9999;-9999;-9999;-9999;-9999;-9999;-9999;-9999;-9999;-9999;-9999;-9999;-9999;-9999;
2011-06-25;18:00;-9999;-9999;-9999;-9999;-9999;-9999;-9999;-9999;-9999;-9999;-9999;-9999;-9999;-9999;-9999;-9999;-9999;
2011-06-25;19:00;-9999;-9999;-9999;-9999;-9999;-9999;-9999;-9999;-9999;-9999;-9999;-9999;-9999;-9999;-9999;-9999;-9999;
2011-06-25;20:00;-9999;-9999;-9999;-9999;-9999;-9999;-9999;-9999;-9999;-9999;-9999;-9999;-9999;-9999;-9999;-9999;-9999;
2011-06-25;21:00;-9999;-9999;-9999;-9999;-9999;-9999;-9999;-9999;-9999;-9999;-9999;-9999;-9999;-9999;-9999;-9999;-9999;
2011-06-25;22:00;-9999;-9999;-9999;-9999;-9999;-9999;-9999;-9999;-9999;-9999;-9999;-9999;-9999;-9999;-9999;-9999;-9999;
2011-06-25;23:00;-9999;-9999;-9999;-9999;-9999;-9999;-9999;-9999;-9999;-9999;-9999;-9999;-9999;-9999;-9999;-9999;-9999;
2011-06-26;00:00;-9999;-9999;-9999;-9999;-9999;-9999;-9999;-9999;-9999;-9999;-9999;-9999;-9999;-9999;-9999;-9999;-9999;
2011-06-26;01:00;-9999;-9999;-9999;-9999;-9999;-9999;-9999;-9999;-9999;-9999;-9999;-9999;-9999;-9999;-9999;-9999;-9999;
2011-06-26;02:00;-9999;-9999;-9999;-9999;-9999;-9999;-9999;-9999;-9999;-9999;-9999;-9999;-9999;-9999;-9999;-9999;-9999;
2011-06-26;03:00;-9999;-9999;-9999;-9999;-9999;-9999;-9999;-9999;-9999;-9999;-9999;-9999;-9999;-9999;-9999;-9999;-9999;
2011-06-26;04:00;-9999;-9999;-9999;-9999;-9999;-9999;-9999;-9999;-9999;-9999;-9999;-9999;-9999;-9999;-9999;-9999;-9999;
2011-06-26;05:00;-9999;-9999;-9999;-9999;-9999;-9999;-9999;-9999;-9999;-9999;-9999;-9999;-9999;-9999;-9999;-9999;-9999;
2011-06-26;06:00;-9999;-9999;-9999;-9999;-9999;-9999;-9999;-9999;-9999;-9999;-9999;-9999;-9999;-9999;-9999;-9999;-9999;
2011-06-26;07:00;-9999;-9999;-9999;-9999;-9999;-9999;-9999;-9999;-9999;-9999;-9999;-9999;-9999;-9999;-9999;-9999;-9999;
2011-06-26;08:00;-9999;-9999;-9999;-9999;-9999;-9999;-9999;-9999;-9999;-9999;-9999;-9999;-9999;-9999;-9999;-9999;-9999;
2011-06-26;09:00;-9999;-9999;-9999;-9999;-9999;-9999;-9999;-9999;-9999;-9999;-9999;-9999;-9999;-9999;-9999;-9999;-9999;
2011-06-26;10:00;-9999;-9999;-9999;-9999;-9999;-9999;-9999;-9999;-9999;-9999;-9999;-9999;-9999;-9999;-9999;-9999;-9999;
2011-06-26;11:00;-9999;-9999;-9999;-9999;-9999;-9999;-9999;-9999;-9999;-9999;-9999;-9999;-9999;-9999;-9999;-9999;-9999;
2011-06-26;12:00;-9999;-9999;-9999;-9999;-9999;-9999;-9999;-9999;-9999;-9999;-9999;-9999;-9999;-9999;-9999;-9999;-9999;
2011-06-26;13:00;-9999;-9999;-9999;-9999;-9999;-9999;-9999;-9999;-9999;-9999;-9999;-9999;-9999;-9999;-9999;-9999;-9999;
2011-06-26;14:00;-9999;-9999;-9999;-9999;-9999;-9999;-9999;-9999;-9999;-9999;-9999;-9999;-9999;-9999;-9999;-9999;-9999;
2011-06-26;15:00;-9999;-9999;-9999;-9999;-9999;-9999;-9999;-9999;-9999;-9999;-9999;-9999;-9999;-9999;-9999;-9999;-9999;
2011-06-26;16:00;-9999;-9999;-9999;-9999;-9999;-9999;-9999;-9999;-9999;-9999;-9999;-9999;-9999;-9999;-9999;-9999;-9999;
2011-06-26;17:00;-9999;-9999;-9999;-9999;-9999;-9999;-9999;-9999;-9999;-9999;-9999;-9999;-9999;-9999;-9999;-9999;-9999;
2011-06-26;18:00;-9999;-9999;-9999;-9999;-9999;-9999;-9999;-9999;-9999;-9999;-9999;-9999;-9999;-9999;-9999;-9999;-9999;
2011-06-26;19:00;-9999;-9999;-9999;-9999;-9999;-9999;-9999;-9999;-9999;-9999;-9999;-9999;-9999;-9999;-9999;-9999;-9999;
2011-06-26;20:00;-9999;-9999;-9999;-9999;-9999;-9999;-9999;-9999;-9999;-9999;-9999;-9999;-9999;-9999;-9999;-9999;-9999;
2011-06-26;21:00;-9999;-9999;-9999;-9999;-9999;-9999;-9999;-9999;-9999;-9999;-9999;-9999;-9999;-9999;-9999;-9999;-9999;
2011-06-26;22:00;-9999;-9999;-9999;-9999;-9999;-9999;-9999;-9999;-9999;-9999;-9999;-9999;-9999;-9999;-9999;-9999;-9999;
2011-06-26;23:00;-9999;-9999;-9999;-9999;-9999;-9999;-9999;-9999;-9999;-9999;-9999;-9999;-9999;-9999;-9999;-9999;-9999;
2011-06-27;00:00;-9999;-9999;-9999;-9999;-9999;-9999;-9999;-9999;-9999;-9999;-9999;-9999;-9999;-9999;-9999;-9999;-9999;
2011-06-27;01:00;-9999;-9999;-9999;-9999;-9999;-9999;-9999;-9999;-9999;-9999;-9999;-9999;-9999;-9999;-9999;-9999;-9999;
2011-06-27;02:00;-9999;-9999;-9999;-9999;-9999;-9999;-9999;-9999;-9999;-9999;-9999;-9999;-9999;-9999;-9999;-9999;-9999;
2011-06-27;03:00;-9999;-9999;-9999;-9999;-9999;-9999;-9999;-9999;-9999;-9999;-9999;-9999;-9999;-9999;-9999;-9999;-9999;
2011-06-27;04:00;-9999;-9999;-9999;-9999;-9999;-9999;-9999;-9999;-9999;-9999;-9999;-9999;-9999;-9999;-9999;-9999;-9999;
2011-06-27;05:00;-9999;-9999;-9999;-9999;-9999;-9999;-9999;-9999;-9999;-9999;-9999;-9999;-9999;-9999;-9999;-9999;-9999;
2011-06-27;06:00;-9999;-9999;-9999;-9999;-9999;-9999;-9999;-9999;-9999;-9999;-9999;-9999;-9999;-9999;-9999;-9999;-9999;
2011-06-27;07:00;-9999;-9999;-9999;-9999;-9999;-9999;-9999;-9999;-9999;-9999;-9999;-9999;-9999;-9999;-9999;-9999;-9999;
2011-06-27;08:00;-9999;-9999;-9999;-9999;-9999;-9999;-9999;-9999;-9999;-9999;-9999;-9999;-9999;-9999;-9999;-9999;-9999;
2011-06-27;09:00;-9999;-9999;-9999;-9999;-9999;-9999;-9999;-9999;-9999;-9999;-9999;-9999;-9999;-9999;-9999;-9999;-9999;
2011-06-27;10:00;-9999;-9999;-9999;-9999;-9999;-9999;-9999;-9999;-9999;-9999;-9999;-9999;-9999;-9999;-9999;-9999;-9999;
2011-06-27;11:00;-9999;-9999;-9999;-9999;-9999;-9999;-9999;-9999;-9999;-9999;-9999;-9999;-9999;-9999;-9999;-9999;-9999;
2011-06-27;12:00;-9999;-9999;-9999;-9999;-9999;-9999;-9999;-9999;-9999;-9999;-9999;-9999;-9999;-9999;-9999;-9999;-9999;
2011-06-27;13:00;-9999;-9999;-9999;-9999;-9999;-9999;-9999;-9999;-9999;-9999;-9999;-9999;-9999;-9999;-9999;-9999;-9999;
2011-06-27;14:00;-9999;-9999;-9999;-9999;-9999;-9999;-9999;-9999;-9999;-9999;-9999;-9999;-9999;-9999;-9999;-9999;-9999;
2011-06-27;15:00;-9999;-9999;-9999;-9999;-9999;-9999;-9999;-9999;-9999;-9999;-9999;-9999;-9999;-9999;-9999;-9999;-9999;
2011-06-27;16:00;-9999;-9999;-9999;-9999;-9999;-9999;-9999;-9999;-9999;-9999;-9999;-9999;-9999;-9999;-9999;-9999;-9999;
2011-06-27;17:00;-9999;-9999;-9999;-9999;-9999;-9999;-9999;-9999;-9999;-9999;-9999;-9999;-9999;-9999;-9999;-9999;-9999;
2011-06-27;18:00;-9999;-9999;-9999;-9999;-9999;-9999;-9999;-9999;-9999;-9999;-9999;-9999;-9999;-9999;-9999;-9999;-9999;
2011-06-27;19:00;-9999;-9999;-9999;-9999;-9999;-9999;-9999;-9999;-9999;-9999;-9999;-9999;-9999;-9999;-9999;-9999;-9999;
2011-06-27;20:00;-9999;-9999;-9999;-9999;-9999;-9999;-9999;-9999;-9999;-9999;-9999;-9999;-9999;-9999;-9999;-9999;-9999;
2011-06-27;21:00;-9999;-9999;-9999;-9999;-9999;-9999;-9999;-9999;-9999;-9999;-9999;-9999;-9999;-9999;-9999;-9999;-9999;
2011-06-27;22:00;-9999;-9999;-9999;-9999;-9999;-9999;-9999;-9999;-9999;-9999;-9999;-9999;-9999;-9999;-9999;-9999;-9999;
2011-06-27;23:00;-9999;-9999;-9999;-9999;-9999;-9999;-9999;-9999;-9999;-9999;-9999;-9999;-9999;-9999;-9999;-9999;-9999;
2011-06-28;00:00;-9999;-9999;-9999;-9999;-9999;-9999;-9999;-9999;-9999;-9999;-9999;-9999;-9999;-9999;-9999;-9999;-9999;
2011-06-28;01:00;-9999;-9999;-9999;-9999;-9999;-9999;-9999;-9999;-9999;-9999;-9999;-9999;-9999;-9999;-9999;-9999;-9999;
2011-06-28;02:00;-9999;-9999;-9999;-9999;-9999;-9999;-9999;-9999;-9999;-9999;-9999;-9999;-9999;-9999;-9999;-9999;-9999;
2011-06-28;03:00;-9999;-9999;-9999;-9999;-9999;-9999;-9999;-9999;-9999;-9999;-9999;-9999;-9999;-9999;-9999;-9999;-9999;
2011-06-28;04:00;-9999;-9999;-9999;-9999;-9999;-9999;-9999;-9999;-9999;-9999;-9999;-9999;-9999;-9999;-9999;-9999;-9999;
2011-06-28;05:00;-9999;-9999;-9999;-9999;-9999;-9999;-9999;-9999;-9999;-9999;-9999;-9999;-9999;-9999;-9999;-9999;-9999;
2011-06-28;06:00;-9999;-9999;-9999;-9999;-9999;-9999;-9999;-9999;-9999;-9999;-9999;-9999;-9999;-9999;-9999;-9999;-9999;
2011-06-28;07:00;-9999;-9999;-9999;-9999;-9999;-9999;-9999;-9999;-9999;-9999;-9999;-9999;-9999;-9999;-9999;-9999;-9999;
2011-06-28;08:00;-9999;-9999;-9999;-9999;-9999;-9999;-9999;-9999;-9999;-9999;-9999;-9999;-9999;-9999;-9999;-9999;-9999;
2011-06-28;09:00;-9999;-9999;-9999;-9999;-9999;-9999;-9999;-9999;-9999;-9999;-9999;-9999;-9999;-9999;-9999;-9999;-9999;
2011-06-28;10:00;-9999;-9999;-9999;-9999;-9999;-9999;-9999;-9999;-9999;-9999;-9999;-9999;-9999;-9999;-9999;-9999;-9999;
2011-06-28;11:00;-9999;-9999;-9999;-9999;-9999;-9999;-9999;-9999;-9999;-9999;-9999;-9999;-9999;-9999;-9999;-9999;-9999;
2011-06-28;12:00;-9999;-9999;-9999;-9999;-9999;-9999;-9999;-9999;-9999;-9999;-9999;-9999;-9999;-9999;-9999;-9999;-9999;
2011-06-28;13:00;-9999;-9999;-9999;-9999;-9999;-9999;-9999;-9999;-9999;-9999;-9999;-9999;-9999;-9999;-9999;-9999;-9999;
2011-06-28;14:00;-9999;-9999;-9999;-9999;-9999;-9999;-9999;-9999;-9999;-9999;-9999;-9999;-9999;-9999;-9999;-9999;-9999;
2011-06-28;15:00;-9999;-9999;-9999;-9999;-9999;-9999;-9999;-9999;-9999;-9999;-9999;-9999;-9999;-9999;-9999;-9999;-9999;
2011-06-28;16:00;-9999;-9999;-9999;-9999;-9999;-9999;-9999;-9999;-9999;-9999;-9999;-9999;-9999;-9999;-9999;-9999;-9999;
2011-06-28;17:00;-9999;-9999;-9999;-9999;-9999;-9999;-9999;-9999;-9999;-9999;-9999;-9999;-9999;-9999;-9999;-9999;-9999;
2011-06-28;18:00;-9999;-9999;-9999;-9999;-9999;-9999;-9999;-9999;-9999;-9999;-9999;-9999;-9999;-9999;-9999;-9999;-9999;
2011-06-28;19:00;-9999;-9999;-9999;-9999;-9999;-9999;-9999;-9999;-9999;-9999;-9999;-9999;-9999;-9999;-9999;-9999;-9999;
2011-06-28;20:00;-9999;-9999;-9999;-9999;-9999;-9999;-9999;-9999;-9999;-9999;-9999;-9999;-9999;-9999;-9999;-9999;-9999;
2011-06-28;21:00;-9999;-9999;-9999;-9999;-9999;-9999;-9999;-9999;-9999;-9999;-9999;-9999;-9999;-9999;-9999;-9999;-9999;
2011-06-28;22:00;-9999;-9999;-9999;-9999;-9999;-9999;-9999;-9999;-9999;-9999;-9999;-9999;-9999;-9999;-9999;-9999;-9999;
2011-06-28;23:00;-9999;-9999;-9999;-9999;-9999;-9999;-9999;-9999;-9999;-9999;-9999;-9999;-9999;-9999;-9999;-9999;-9999;
2011-06-29;00:00;-9999;-9999;-9999;-9999;-9999;-9999;-9999;-9999;-9999;-9999;-9999;-9999;-9999;-9999;-9999;-9999;-9999;
2011-06-29;01:00;-9999;-9999;-9999;-9999;-9999;-9999;-9999;-9999;-9999;-9999;-9999;-9999;-9999;-9999;-9999;-9999;-9999;
2011-06-29;02:00;-9999;-9999;-9999;-9999;-9999;-9999;-9999;-9999;-9999;-9999;-9999;-9999;-9999;-9999;-9999;-9999;-9999;
2011-06-29;03:00;-9999;-9999;-9999;-9999;-9999;-9999;-9999;-9999;-9999;-9999;-9999;-9999;-9999;-9999;-9999;-9999;-9999;
2011-06-29;04:00;-9999;-9999;-9999;-9999;-9999;-9999;-9999;-9999;-9999;-9999;-9999;-9999;-9999;-9999;-9999;-9999;-9999;
2011-06-29;05:00;-9999;-9999;-9999;-9999;-9999;-9999;-9999;-9999;-9999;-9999;-9999;-9999;-9999;-9999;-9999;-9999;-9999;
2011-06-29;06:00;-9999;-9999;-9999;-9999;-9999;-9999;-9999;-9999;-9999;-9999;-9999;-9999;-9999;-9999;-9999;-9999;-9999;
2011-06-29;07:00;-9999;-9999;-9999;-9999;-9999;-9999;-9999;-9999;-9999;-9999;-9999;-9999;-9999;-9999;-9999;-9999;-9999;
2011-06-29;08:00;-9999;-9999;-9999;-9999;-9999;-9999;-9999;-9999;-9999;-9999;-9999;-9999;-9999;-9999;-9999;-9999;-9999;
2011-06-29;09:00;-9999;-9999;-9999;-9999;-9999;-9999;-9999;-9999;-9999;-9999;-9999;-9999;-9999;-9999;-9999;-9999;-9999;
2011-06-29;10:00;-9999;-9999;-9999;-9999;-9999;-9999;-9999;-9999;-9999;-9999;-9999;-9999;-9999;-9999;-9999;-9999;-9999;
2011-06-29;11:00;-9999;-9999;-9999;-9999;-9999;-9999;-9999;-9999;-9999;-9999;-9999;-9999;-9999;-9999;-9999;-9999;-9999;
2011-06-29;12:00;-9999;-9999;-9999;-9999;-9999;-9999;-9999;-9999;-9999;-9999;-9999;-9999;-9999;-9999;-9999;-9999;-9999;
2011-06-29;13:00;-9999;-9999;-9999;-9999;-9999;-9999;-9999;-9999;-9999;-9999;-9999;-9999;-9999;-9999;-9999;-9999;-9999;
2011-06-29;14:00;-9999;-9999;-9999;-9999;-9999;-9999;-9999;-9999;-9999;-9999;-9999;-9999;-9999;-9999;-9999;-9999;-9999;
2011-06-29;15:00;-9999;-9999;-9999;-9999;-9999;-9999;-9999;-9999;-9999;-9999;-9999;-9999;-9999;-9999;-9999;-9999;-9999;
2011-06-29;16:00;-9999;-9999;-9999;-9999;-9999;-9999;-9999;-9999;-9999;-9999;-9999;-9999;-9999;-9999;-9999;-9999;-9999;
2011-06-29;17:00;-9999;-9999;-9999;-9999;-9999;-9999;-9999;-9999;-9999;-9999;-9999;-9999;-9999;-9999;-9999;-9999;-9999;
2011-06-29;18:00;-9999;-9999;-9999;-9999;-9999;-9999;-9999;-9999;-9999;-9999;-9999;-9999;-9999;-9999;-9999;-9999;-9999;
2011-06-29;19:00;-9999;-9999;-9999;-9999;-9999;-9999;-9999;-9999;-9999;-9999;-9999;-9999;-9999;-9999;-9999;-9999;-9999;
2011-06-29;20:00;-9999;-9999;-9999;-9999;-9999;-9999;-9999;-9999;-9999;-9999;-9999;-9999;-9999;-9999;-9999;-9999;-9999;
2011-06-29;21:00;-9999;-9999;-9999;-9999;-9999;-9999;-9999;-9999;-9999;-9999;-9999;-9999;-9999;-9999;-9999;-9999;-9999;
2011-06-29;22:00;-9999;-9999;-9999;-9999;-9999;-9999;-9999;-9999;-9999;-9999;-9999;-9999;-9999;-9999;-9999;-9999;-9999;
2011-06-29;23:00;-9999;-9999;-9999;-9999;-9999;-9999;-9999;-9999;-9999;-9999;-9999;-9999;-9999;-9999;-9999;-9999;-9999;
2011-06-30;00:00;-9999;-9999;-9999;-9999;-9999;-9999;-9999;-9999;-9999;-9999;-9999;-9999;-9999;-9999;-9999;-9999;-9999;
2011-06-30;01:00;-9999;-9999;-9999;-9999;-9999;-9999;-9999;-9999;-9999;-9999;-9999;-9999;-9999;-9999;-9999;-9999;-9999;
2011-06-30;02:00;-9999;-9999;-9999;-9999;-9999;-9999;-9999;-9999;-9999;-9999;-9999;-9999;-9999;-9999;-9999;-9999;-9999;
2011-06-30;03:00;-9999;-9999;-9999;-9999;-9999;-9999;-9999;-9999;-9999;-9999;-9999;-9999;-9999;-9999;-9999;-9999;-9999;
2011-06-30;04:00;-9999;-9999;-9999;-9999;-9999;-9999;-9999;-9999;-9999;-9999;-9999;-9999;-9999;-9999;-9999;-9999;-9999;
2011-06-30;05:00;-9999;-9999;-9999;-9999;-9999;-9999;-9999;-9999;-9999;-9999;-9999;-9999;-9999;-9999;-9999;-9999;-9999;
2011-06-30;06:00;-9999;-9999;-9999;-9999;-9999;-9999;-9999;-9999;-9999;-9999;-9999;-9999;-9999;-9999;-9999;-9999;-9999;
2011-06-30;07:00;-9999;-9999;-9999;-9999;-9999;-9999;-9999;-9999;-9999;-9999;-9999;-9999;-9999;-9999;-9999;-9999;-9999;
2011-06-30;08:00;-9999;-9999;-9999;-9999;-9999;-9999;-9999;-9999;-9999;-9999;-9999;-9999;-9999;-9999;-9999;-9999;-9999;
2011-06-30;09:00;-9999;-9999;-9999;-9999;-9999;-9999;-9999;-9999;-9999;-9999;-9999;-9999;-9999;-9999;-9999;-9999;-9999;
2011-06-30;10:00;-9999;-9999;-9999;-9999;-9999;-9999;-9999;-9999;-9999;-9999;-9999;-9999;-9999;-9999;-9999;-9999;-9999;
2011-06-30;11:00;-9999;-9999;-9999;-9999;-9999;-9999;-9999;-9999;-9999;-9999;-9999;-9999;-9999;-9999;-9999;-9999;-9999;
2011-06-30;12:00;-9999;-9999;-9999;-9999;-9999;-9999;-9999;-9999;-9999;-9999;-9999;-9999;-9999;-9999;-9999;-9999;-9999;
2011-06-30;13:00;-9999;-9999;-9999;-9999;-9999;-9999;-9999;-9999;-9999;-9999;-9999;-9999;-9999;-9999;-9999;-9999;-9999;
2011-06-30;14:00;-9999;-9999;-9999;-9999;-9999;-9999;-9999;-9999;-9999;-9999;-9999;-9999;-9999;-9999;-9999;-9999;-9999;
2011-06-30;15:00;-9999;-9999;-9999;-9999;-9999;-9999;-9999;-9999;-9999;-9999;-9999;-9999;-9999;-9999;-9999;-9999;-9999;
2011-06-30;16:00;-9999;-9999;-9999;-9999;-9999;-9999;-9999;-9999;-9999;-9999;-9999;-9999;-9999;-9999;-9999;-9999;-9999;
2011-06-30;17:00;-9999;-9999;-9999;-9999;-9999;-9999;-9999;-9999;-9999;-9999;-9999;-9999;-9999;-9999;-9999;-9999;-9999;
2011-06-30;18:00;-9999;-9999;-9999;-9999;-9999;-9999;-9999;-9999;-9999;-9999;-9999;-9999;-9999;-9999;-9999;-9999;-9999;
2011-06-30;19:00;-9999;-9999;-9999;-9999;-9999;-9999;-9999;-9999;-9999;-9999;-9999;-9999;-9999;-9999;-9999;-9999;-9999;
2011-06-30;20:00;-9999;-9999;-9999;-9999;-9999;-9999;-9999;-9999;-9999;-9999;-9999;-9999;-9999;-9999;-9999;-9999;-9999;
2011-06-30;21:00;-9999;-9999;-9999;-9999;-9999;-9999;-9999;-9999;-9999;-9999;-9999;-9999;-9999;-9999;-9999;-9999;-9999;
2011-06-30;22:00;-9999;-9999;-9999;-9999;-9999;-9999;-9999;-9999;-9999;-9999;-9999;-9999;-9999;-9999;-9999;-9999;-9999;
2011-06-30;23:00;-9999;-9999;-9999;-9999;-9999;-9999;-9999;-9999;-9999;-9999;-9999;-9999;-9999;-9999;-9999;-9999;-9999;
2011-07-01;00:00;-9999;-9999;-9999;-9999;-9999;-9999;-9999;-9999;-9999;-9999;-9999;-9999;-9999;-9999;-9999;-9999;-9999;
2011-07-01;01:00;-9999;-9999;-9999;-9999;-9999;-9999;-9999;-9999;-9999;-9999;-9999;-9999;-9999;-9999;-9999;-9999;-9999;
2011-07-01;02:00;-9999;-9999;-9999;-9999;-9999;-9999;-9999;-9999;-9999;-9999;-9999;-9999;-9999;-9999;-9999;-9999;-9999;
2011-07-01;03:00;-9999;-9999;-9999;-9999;-9999;-9999;-9999;-9999;-9999;-9999;-9999;-9999;-9999;-9999;-9999;-9999;-9999;
2011-07-01;04:00;-9999;-9999;-9999;-9999;-9999;-9999;-9999;-9999;-9999;-9999;-9999;-9999;-9999;-9999;-9999;-9999;-9999;
2011-07-01;05:00;-9999;-9999;-9999;-9999;-9999;-9999;-9999;-9999;-9999;-9999;-9999;-9999;-9999;-9999;-9999;-9999;-9999;
2011-07-01;06:00;-9999;-9999;-9999;-9999;-9999;-9999;-9999;-9999;-9999;-9999;-9999;-9999;-9999;-9999;-9999;-9999;-9999;
2011-07-01;07:00;-9999;-9999;-9999;-9999;-9999;-9999;-9999;-9999;-9999;-9999;-9999;-9999;-9999;-9999;-9999;-9999;-9999;
2011-07-01;08:00;-9999;-9999;-9999;-9999;-9999;-9999;-9999;-9999;-9999;-9999;-9999;-9999;-9999;-9999;-9999;-9999;-9999;
2011-07-01;09:00;-9999;-9999;-9999;-9999;-9999;-9999;-9999;-9999;-9999;-9999;-9999;-9999;-9999;-9999;-9999;-9999;-9999;
2011-07-01;10:00;-9999;-9999;-9999;-9999;-9999;-9999;-9999;-9999;-9999;-9999;-9999;-9999;-9999;-9999;-9999;-9999;-9999;
2011-07-01;11:00;-9999;-9999;-9999;-9999;-9999;-9999;-9999;-9999;-9999;-9999;-9999;-9999;-9999;-9999;-9999;-9999;-9999;
2011-07-01;12:00;-9999;-9999;-9999;-9999;-9999;-9999;-9999;-9999;-9999;-9999;-9999;-9999;-9999;-9999;-9999;-9999;-9999;
2011-07-01;13:00;-9999;-9999;-9999;-9999;-9999;-9999;-9999;-9999;-9999;-9999;-9999;-9999;-9999;-9999;-9999;-9999;-9999;
2011-07-01;14:00;-9999;-9999;-9999;-9999;-9999;-9999;-9999;-9999;-9999;-9999;-9999;-9999;-9999;-9999;-9999;-9999;-9999;
2011-07-01;15:00;-9999;-9999;-9999;-9999;-9999;-9999;-9999;-9999;-9999;-9999;-9999;-9999;-9999;-9999;-9999;-9999;-9999;
2011-07-01;16:00;-9999;-9999;-9999;-9999;-9999;-9999;-9999;-9999;-9999;-9999;-9999;-9999;-9999;-9999;-9999;-9999;-9999;
2011-07-01;17:00;-9999;-9999;-9999;-9999;-9999;-9999;-9999;-9999;-9999;-9999;-9999;-9999;-9999;-9999;-9999;-9999;-9999;
2011-07-01;18:00;-9999;-9999;-9999;-9999;-9999;-9999;-9999;-9999;-9999;-9999;-9999;-9999;-9999;-9999;-9999;-9999;-9999;
2011-07-01;19:00;-9999;-9999;-9999;-9999;-9999;-9999;-9999;-9999;-9999;-9999;-9999;-9999;-9999;-9999;-9999;-9999;-9999;
2011-07-01;20:00;-9999;-9999;-9999;-9999;-9999;-9999;-9999;-9999;-9999;-9999;-9999;-9999;-9999;-9999;-9999;-9999;-9999;
2011-07-01;21:00;-9999;-9999;-9999;-9999;-9999;-9999;-9999;-9999;-9999;-9999;-9999;-9999;-9999;-9999;-9999;-9999;-9999;
2011-07-01;22:00;-9999;-9999;-9999;-9999;-9999;-9999;-9999;-9999;-9999;-9999;-9999;-9999;-9999;-9999;-9999;-9999;-9999;
2011-07-01;23:00;-9999;-9999;-9999;-9999;-9999;-9999;-9999;-9999;-9999;-9999;-9999;-9999;-9999;-9999;-9999;-9999;-9999;
2011-07-02;00:00;-9999;-9999;-9999;-9999;-9999;-9999;-9999;-9999;-9999;-9999;-9999;-9999;-9999;-9999;-9999;-9999;-9999;
2011-07-02;01:00;-9999;-9999;-9999;-9999;-9999;-9999;-9999;-9999;-9999;-9999;-9999;-9999;-9999;-9999;-9999;-9999;-9999;
2011-07-02;02:00;-9999;-9999;-9999;-9999;-9999;-9999;-9999;-9999;-9999;-9999;-9999;-9999;-9999;-9999;-9999;-9999;-9999;
2011-07-02;03:00;-9999;-9999;-9999;-9999;-9999;-9999;-9999;-9999;-9999;-9999;-9999;-9999;-9999;-9999;-9999;-9999;-9999;
2011-07-02;04:00;-9999;-9999;-9999;-9999;-9999;-9999;-9999;-9999;-9999;-9999;-9999;-9999;-9999;-9999;-9999;-9999;-9999;
2011-07-02;05:00;-9999;-9999;-9999;-9999;-9999;-9999;-9999;-9999;-9999;-9999;-9999;-9999;-9999;-9999;-9999;-9999;-9999;
2011-07-02;06:00;-9999;-9999;-9999;-9999;-9999;-9999;-9999;-9999;-9999;-9999;-9999;-9999;-9999;-9999;-9999;-9999;-9999;
2011-07-02;07:00;-9999;-9999;-9999;-9999;-9999;-9999;-9999;-9999;-9999;-9999;-9999;-9999;-9999;-9999;-9999;-9999;-9999;
2011-07-02;08:00;-9999;-9999;-9999;-9999;-9999;-9999;-9999;-9999;-9999;-9999;-9999;-9999;-9999;-9999;-9999;-9999;-9999;
2011-07-02;09:00;-9999;-9999;-9999;-9999;-9999;-9999;-9999;-9999;-9999;-9999;-9999;-9999;-9999;-9999;-9999;-9999;-9999;
2011-07-02;10:00;-9999;-9999;-9999;-9999;-9999;-9999;-9999;-9999;-9999;-9999;-9999;-9999;-9999;-9999;-9999;-9999;-9999;
2011-07-02;11:00;-9999;-9999;-9999;-9999;-9999;-9999;-9999;-9999;-9999;-9999;-9999;-9999;-9999;-9999;-9999;-9999;-9999;
2011-07-02;12:00;-9999;-9999;-9999;-9999;-9999;-9999;-9999;-9999;-9999;-9999;-9999;-9999;-9999;-9999;-9999;-9999;-9999;
2011-07-02;13:00;-9999;-9999;-9999;-9999;-9999;-9999;-9999;-9999;-9999;-9999;-9999;-9999;-9999;-9999;-9999;-9999;-9999;
2011-07-02;14:00;-9999;-9999;-9999;-9999;-9999;-9999;-9999;-9999;-9999;-9999;-9999;-9999;-9999;-9999;-9999;-9999;-9999;
2011-07-02;15:00;-9999;-9999;-9999;-9999;-9999;-9999;-9999;-9999;-9999;-9999;-9999;-9999;-9999;-9999;-9999;-9999;-9999;
2011-07-02;16:00;-9999;-9999;-9999;-9999;-9999;-9999;-9999;-9999;-9999;-9999;-9999;-9999;-9999;-9999;-9999;-9999;-9999;
2011-07-02;17:00;-9999;-9999;-9999;-9999;-9999;-9999;-9999;-9999;-9999;-9999;-9999;-9999;-9999;-9999;-9999;-9999;-9999;
2011-07-02;18:00;-9999;-9999;-9999;-9999;-9999;-9999;-9999;-9999;-9999;-9999;-9999;-9999;-9999;-9999;-9999;-9999;-9999;
2011-07-02;19:00;-9999;-9999;-9999;-9999;-9999;-9999;-9999;-9999;-9999;-9999;-9999;-9999;-9999;-9999;-9999;-9999;-9999;
2011-07-02;20:00;-9999;-9999;-9999;-9999;-9999;-9999;-9999;-9999;-9999;-9999;-9999;-9999;-9999;-9999;-9999;-9999;-9999;
2011-07-02;21:00;-9999;-9999;-9999;-9999;-9999;-9999;-9999;-9999;-9999;-9999;-9999;-9999;-9999;-9999;-9999;-9999;-9999;
2011-07-02;22:00;-9999;-9999;-9999;-9999;-9999;-9999;-9999;-9999;-9999;-9999;-9999;-9999;-9999;-9999;-9999;-9999;-9999;
2011-07-02;23:00;-9999;-9999;-9999;-9999;-9999;-9999;-9999;-9999;-9999;-9999;-9999;-9999;-9999;-9999;-9999;-9999;-9999;
2011-07-03;00:00;-9999;-9999;-9999;-9999;-9999;-9999;-9999;-9999;-9999;-9999;-9999;-9999;-9999;-9999;-9999;-9999;-9999;
2011-07-03;01:00;-9999;-9999;-9999;-9999;-9999;-9999;-9999;-9999;-9999;-9999;-9999;-9999;-9999;-9999;-9999;-9999;-9999;
2011-07-03;02:00;-9999;-9999;-9999;-9999;-9999;-9999;-9999;-9999;-9999;-9999;-9999;-9999;-9999;-9999;-9999;-9999;-9999;
2011-07-03;03:00;-9999;-9999;-9999;-9999;-9999;-9999;-9999;-9999;-9999;-9999;-9999;-9999;-9999;-9999;-9999;-9999;-9999;
2011-07-03;04:00;-9999;-9999;-9999;-9999;-9999;-9999;-9999;-9999;-9999;-9999;-9999;-9999;-9999;-9999;-9999;-9999;-9999;
2011-07-03;05:00;-9999;-9999;-9999;-9999;-9999;-9999;-9999;-9999;-9999;-9999;-9999;-9999;-9999;-9999;-9999;-9999;-9999;
2011-07-03;06:00;-9999;-9999;-9999;-9999;-9999;-9999;-9999;-9999;-9999;-9999;-9999;-9999;-9999;-9999;-9999;-9999;-9999;
2011-07-03;07:00;-9999;-9999;-9999;-9999;-9999;-9999;-9999;-9999;-9999;-9999;-9999;-9999;-9999;-9999;-9999;-9999;-9999;
2011-07-03;08:00;-9999;-9999;-9999;-9999;-9999;-9999;-9999;-9999;-9999;-9999;-9999;-9999;-9999;-9999;-9999;-9999;-9999;
2011-07-03;09:00;-9999;-9999;-9999;-9999;-9999;-9999;-9999;-9999;-9999;-9999;-9999;-9999;-9999;-9999;-9999;-9999;-9999;
2011-07-03;10:00;-9999;-9999;-9999;-9999;-9999;-9999;-9999;-9999;-9999;-9999;-9999;-9999;-9999;-9999;-9999;-9999;-9999;
2011-07-03;11:00;-9999;-9999;-9999;-9999;-9999;-9999;-9999;-9999;-9999;-9999;-9999;-9999;-9999;-9999;-9999;-9999;-9999;
2011-07-03;12:00;-9999;-9999;-9999;-9999;-9999;-9999;-9999;-9999;-9999;-9999;-9999;-9999;-9999;-9999;-9999;-9999;-9999;
2011-07-03;13:00;-9999;-9999;-9999;-9999;-9999;-9999;-9999;-9999;-9999;-9999;-9999;-9999;-9999;-9999;-9999;-9999;-9999;
2011-07-03;14:00;-9999;-9999;-9999;-9999;-9999;-9999;-9999;-9999;-9999;-9999;-9999;-9999;-9999;-9999;-9999;-9999;-9999;
2011-07-03;15:00;-9999;-9999;-9999;-9999;-9999;-9999;-9999;-9999;-9999;-9999;-9999;-9999;-9999;-9999;-9999;-9999;-9999;
2011-07-03;16:00;-9999;-9999;-9999;-9999;-9999;-9999;-9999;-9999;-9999;-9999;-9999;-9999;-9999;-9999;-9999;-9999;-9999;
2011-07-03;17:00;-9999;-9999;-9999;-9999;-9999;-9999;-9999;-9999;-9999;-9999;-9999;-9999;-9999;-9999;-9999;-9999;-9999;
2011-07-03;18:00;-9999;-9999;-9999;-9999;-9999;-9999;-9999;-9999;-9999;-9999;-9999;-9999;-9999;-9999;-9999;-9999;-9999;
2011-07-03;19:00;-9999;-9999;-9999;-9999;-9999;-9999;-9999;-9999;-9999;-9999;-9999;-9999;-9999;-9999;-9999;-9999;-9999;
2011-07-03;20:00;-9999;-9999;-9999;-9999;-9999;-9999;-9999;-9999;-9999;-9999;-9999;-9999;-9999;-9999;-9999;-9999;-9999;
2011-07-03;21:00;-9999;-9999;-9999;-9999;-9999;-9999;-9999;-9999;-9999;-9999;-9999;-9999;-9999;-9999;-9999;-9999;-9999;
2011-07-03;22:00;-9999;-9999;-9999;-9999;-9999;-9999;-9999;-9999;-9999;-9999;-9999;-9999;-9999;-9999;-9999;-9999;-9999;
2011-07-03;23:00;-9999;-9999;-9999;-9999;-9999;-9999;-9999;-9999;-9999;-9999;-9999;-9999;-9999;-9999;-9999;-9999;-9999;
2011-07-04;00:00;-9999;-9999;-9999;-9999;-9999;-9999;-9999;-9999;-9999;-9999;-9999;-9999;-9999;-9999;-9999;-9999;-9999;
2011-07-04;01:00;-9999;-9999;-9999;-9999;-9999;-9999;-9999;-9999;-9999;-9999;-9999;-9999;-9999;-9999;-9999;-9999;-9999;
2011-07-04;02:00;-9999;-9999;-9999;-9999;-9999;-9999;-9999;-9999;-9999;-9999;-9999;-9999;-9999;-9999;-9999;-9999;-9999;
2011-07-04;03:00;-9999;-9999;-9999;-9999;-9999;-9999;-9999;-9999;-9999;-9999;-9999;-9999;-9999;-9999;-9999;-9999;-9999;
2011-07-04;04:00;-9999;-9999;-9999;-9999;-9999;-9999;-9999;-9999;-9999;-9999;-9999;-9999;-9999;-9999;-9999;-9999;-9999;
2011-07-04;05:00;-9999;-9999;-9999;-9999;-9999;-9999;-9999;-9999;-9999;-9999;-9999;-9999;-9999;-9999;-9999;-9999;-9999;
2011-07-04;06:00;-9999;-9999;-9999;-9999;-9999;-9999;-9999;-9999;-9999;-9999;-9999;-9999;-9999;-9999;-9999;-9999;-9999;
2011-07-04;07:00;-9999;-9999;-9999;-9999;-9999;-9999;-9999;-9999;-9999;-9999;-9999;-9999;-9999;-9999;-9999;-9999;-9999;
2011-07-04;08:00;-9999;-9999;-9999;-9999;-9999;-9999;-9999;-9999;-9999;-9999;-9999;-9999;-9999;-9999;-9999;-9999;-9999;
2011-07-04;09:00;-9999;-9999;-9999;-9999;-9999;-9999;-9999;-9999;-9999;-9999;-9999;-9999;-9999;-9999;-9999;-9999;-9999;
2011-07-04;10:00;-9999;-9999;-9999;-9999;-9999;-9999;-9999;-9999;-9999;-9999;-9999;-9999;-9999;-9999;-9999;-9999;-9999;
2011-07-04;11:00;-9999;-9999;-9999;-9999;-9999;-9999;-9999;-9999;-9999;-9999;-9999;-9999;-9999;-9999;-9999;-9999;-9999;
2011-07-04;12:00;-9999;-9999;-9999;-9999;-9999;-9999;-9999;-9999;-9999;-9999;-9999;-9999;-9999;-9999;-9999;-9999;-9999;
2011-07-04;13:00;-9999;-9999;-9999;-9999;-9999;-9999;-9999;-9999;-9999;-9999;-9999;-9999;-9999;-9999;-9999;-9999;-9999;
2011-07-04;14:00;-9999;-9999;-9999;-9999;-9999;-9999;-9999;-9999;-9999;-9999;-9999;-9999;-9999;-9999;-9999;-9999;-9999;
2011-07-04;15:00;-9999;-9999;-9999;-9999;-9999;-9999;-9999;-9999;-9999;-9999;-9999;-9999;-9999;-9999;-9999;-9999;-9999;
2011-07-04;16:00;-9999;-9999;-9999;-9999;-9999;-9999;-9999;-9999;-9999;-9999;-9999;-9999;-9999;-9999;-9999;-9999;-9999;
2011-07-04;17:00;-9999;-9999;-9999;-9999;-9999;-9999;-9999;-9999;-9999;-9999;-9999;-9999;-9999;-9999;-9999;-9999;-9999;
2011-07-04;18:00;-9999;-9999;-9999;-9999;-9999;-9999;-9999;-9999;-9999;-9999;-9999;-9999;-9999;-9999;-9999;-9999;-9999;
2011-07-04;19:00;-9999;-9999;-9999;-9999;-9999;-9999;-9999;-9999;-9999;-9999;-9999;-9999;-9999;-9999;-9999;-9999;-9999;
2011-07-04;20:00;-9999;-9999;-9999;-9999;-9999;-9999;-9999;-9999;-9999;-9999;-9999;-9999;-9999;-9999;-9999;-9999;-9999;
2011-07-04;21:00;-9999;-9999;-9999;-9999;-9999;-9999;-9999;-9999;-9999;-9999;-9999;-9999;-9999;-9999;-9999;-9999;-9999;
2011-07-04;22:00;-9999;-9999;-9999;-9999;-9999;-9999;-9999;-9999;-9999;-9999;-9999;-9999;-9999;-9999;-9999;-9999;-9999;
2011-07-04;23:00;-9999;-9999;-9999;-9999;-9999;-9999;-9999;-9999;-9999;-9999;-9999;-9999;-9999;-9999;-9999;-9999;-9999;
2011-07-05;00:00;-9999;-9999;-9999;-9999;-9999;-9999;-9999;-9999;-9999;-9999;-9999;-9999;-9999;-9999;-9999;-9999;-9999;
2011-07-05;01:00;-9999;-9999;-9999;-9999;-9999;-9999;-9999;-9999;-9999;-9999;-9999;-9999;-9999;-9999;-9999;-9999;-9999;
2011-07-05;02:00;-9999;-9999;-9999;-9999;-9999;-9999;-9999;-9999;-9999;-9999;-9999;-9999;-9999;-9999;-9999;-9999;-9999;
2011-07-05;03:00;-9999;-9999;-9999;-9999;-9999;-9999;-9999;-9999;-9999;-9999;-9999;-9999;-9999;-9999;-9999;-9999;-9999;
2011-07-05;04:00;-9999;-9999;-9999;-9999;-9999;-9999;-9999;-9999;-9999;-9999;-9999;-9999;-9999;-9999;-9999;-9999;-9999;
2011-07-05;05:00;-9999;-9999;-9999;-9999;-9999;-9999;-9999;-9999;-9999;-9999;-9999;-9999;-9999;-9999;-9999;-9999;-9999;
2011-07-05;06:00;-9999;-9999;-9999;-9999;-9999;-9999;-9999;-9999;-9999;-9999;-9999;-9999;-9999;-9999;-9999;-9999;-9999;
2011-07-05;07:00;-9999;-9999;-9999;-9999;-9999;-9999;-9999;-9999;-9999;-9999;-9999;-9999;-9999;-9999;-9999;-9999;-9999;
2011-07-05;08:00;-9999;-9999;-9999;-9999;-9999;-9999;-9999;-9999;-9999;-9999;-9999;-9999;-9999;-9999;-9999;-9999;-9999;
2011-07-05;09:00;-9999;-9999;-9999;-9999;-9999;-9999;-9999;-9999;-9999;-9999;-9999;-9999;-9999;-9999;-9999;-9999;-9999;
2011-07-05;10:00;-9999;-9999;-9999;-9999;-9999;-9999;-9999;-9999;-9999;-9999;-9999;-9999;-9999;-9999;-9999;-9999;-9999;
2011-07-05;11:00;-9999;-9999;-9999;-9999;-9999;-9999;-9999;-9999;-9999;-9999;-9999;-9999;-9999;-9999;-9999;-9999;-9999;
2011-07-05;12:00;-9999;-9999;-9999;-9999;-9999;-9999;-9999;-9999;-9999;-9999;-9999;-9999;-9999;-9999;-9999;-9999;-9999;
2011-07-05;13:00;-9999;-9999;-9999;-9999;-9999;-9999;-9999;-9999;-9999;-9999;-9999;-9999;-9999;-9999;-9999;-9999;-9999;
2011-07-05;14:00;-9999;-9999;-9999;-9999;-9999;-9999;-9999;-9999;-9999;-9999;-9999;-9999;-9999;-9999;-9999;-9999;-9999;
2011-07-05;15:00;-9999;-9999;-9999;-9999;-9999;-9999;-9999;-9999;-9999;-9999;-9999;-9999;-9999;-9999;-9999;-9999;-9999;
2011-07-05;16:00;-9999;-9999;-9999;-9999;-9999;-9999;-9999;-9999;-9999;-9999;-9999;-9999;-9999;-9999;-9999;-9999;-9999;
2011-07-05;17:00;-9999;-9999;-9999;-9999;-9999;-9999;-9999;-9999;-9999;-9999;-9999;-9999;-9999;-9999;-9999;-9999;-9999;
2011-07-05;18:00;-9999;-9999;-9999;-9999;-9999;-9999;-9999;-9999;-9999;-9999;-9999;-9999;-9999;-9999;-9999;-9999;-9999;
2011-07-05;19:00;-9999;-9999;-9999;-9999;-9999;-9999;-9999;-9999;-9999;-9999;-9999;-9999;-9999;-9999;-9999;-9999;-9999;
2011-07-05;20:00;-9999;-9999;-9999;-9999;-9999;-9999;-9999;-9999;-9999;-9999;-9999;-9999;-9999;-9999;-9999;-9999;-9999;
2011-07-05;21:00;-9999;-9999;-9999;-9999;-9999;-9999;-9999;-9999;-9999;-9999;-9999;-9999;-9999;-9999;-9999;-9999;-9999;
2011-07-05;22:00;-9999;-9999;-9999;-9999;-9999;-9999;-9999;-9999;-9999;-9999;-9999;-9999;-9999;-9999;-9999;-9999;-9999;
2011-07-05;23:00;-9999;-9999;-9999;-9999;-9999;-9999;-9999;-9999;-9999;-9999;-9999;-9999;-9999;-9999;-9999;-9999;-9999;
2011-07-06;00:00;-9999;-9999;-9999;-9999;-9999;-9999;-9999;-9999;-9999;-9999;-9999;-9999;-9999;-9999;-9999;-9999;-9999;
2011-07-06;01:00;-9999;-9999;-9999;-9999;-9999;-9999;-9999;-9999;-9999;-9999;-9999;-9999;-9999;-9999;-9999;-9999;-9999;
2011-07-06;02:00;-9999;-9999;-9999;-9999;-9999;-9999;-9999;-9999;-9999;-9999;-9999;-9999;-9999;-9999;-9999;-9999;-9999;
2011-07-06;03:00;-9999;-9999;-9999;-9999;-9999;-9999;-9999;-9999;-9999;-9999;-9999;-9999;-9999;-9999;-9999;-9999;-9999;
2011-07-06;04:00;-9999;-9999;-9999;-9999;-9999;-9999;-9999;-9999;-9999;-9999;-9999;-9999;-9999;-9999;-9999;-9999;-9999;
2011-07-06;05:00;-9999;-9999;-9999;-9999;-9999;-9999;-9999;-9999;-9999;-9999;-9999;-9999;-9999;-9999;-9999;-9999;-9999;
2011-07-06;06:00;-9999;-9999;-9999;-9999;-9999;-9999;-9999;-9999;-9999;-9999;-9999;-9999;-9999;-9999;-9999;-9999;-9999;
2011-07-06;07:00;-9999;-9999;-9999;-9999;-9999;-9999;-9999;-9999;-9999;-9999;-9999;-9999;-9999;-9999;-9999;-9999;-9999;
2011-07-06;08:00;-9999;-9999;-9999;-9999;-9999;-9999;-9999;-9999;-9999;-9999;-9999;-9999;-9999;-9999;-9999;-9999;-9999;
2011-07-06;09:00;-9999;-9999;-9999;-9999;-9999;-9999;-9999;-9999;-9999;-9999;-9999;-9999;-9999;-9999;-9999;-9999;-9999;
2011-07-06;10:00;-9999;-9999;-9999;-9999;-9999;-9999;-9999;-9999;-9999;-9999;-9999;-9999;-9999;-9999;-9999;-9999;-9999;
2011-07-06;11:00;-9999;-9999;-9999;-9999;-9999;-9999;-9999;-9999;-9999;-9999;-9999;-9999;-9999;-9999;-9999;-9999;-9999;
2011-07-06;12:00;-9999;-9999;-9999;-9999;-9999;-9999;-9999;-9999;-9999;-9999;-9999;-9999;-9999;-9999;-9999;-9999;-9999;
2011-07-06;13:00;-9999;-9999;-9999;-9999;-9999;-9999;-9999;-9999;-9999;-9999;-9999;-9999;-9999;-9999;-9999;-9999;-9999;
2011-07-06;14:00;-9999;-9999;-9999;-9999;-9999;-9999;-9999;-9999;-9999;-9999;-9999;-9999;-9999;-9999;-9999;-9999;-9999;
2011-07-06;15:00;-9999;-9999;-9999;-9999;-9999;-9999;-9999;-9999;-9999;-9999;-9999;-9999;-9999;-9999;-9999;-9999;-9999;
2011-07-06;16:00;-9999;-9999;-9999;-9999;-9999;-9999;-9999;-9999;-9999;-9999;-9999;-9999;-9999;-9999;-9999;-9999;-9999;
2011-07-06;17:00;-9999;-9999;-9999;-9999;-9999;-9999;-9999;-9999;-9999;-9999;-9999;-9999;-9999;-9999;-9999;-9999;-9999;
2011-07-06;18:00;-9999;-9999;-9999;-9999;-9999;-9999;-9999;-9999;-9999;-9999;-9999;-9999;-9999;-9999;-9999;-9999;-9999;
2011-07-06;19:00;-9999;-9999;-9999;-9999;-9999;-9999;-9999;-9999;-9999;-9999;-9999;-9999;-9999;-9999;-9999;-9999;-9999;
2011-07-06;20:00;-9999;-9999;-9999;-9999;-9999;-9999;-9999;-9999;-9999;-9999;-9999;-9999;-9999;-9999;-9999;-9999;-9999;
2011-07-06;21:00;-9999;-9999;-9999;-9999;-9999;-9999;-9999;-9999;-9999;-9999;-9999;-9999;-9999;-9999;-9999;-9999;-9999;
2011-07-06;22:00;-9999;-9999;-9999;-9999;-9999;-9999;-9999;-9999;-9999;-9999;-9999;-9999;-9999;-9999;-9999;-9999;-9999;
2011-07-06;23:00;-9999;-9999;-9999;-9999;-9999;-9999;-9999;-9999;-9999;-9999;-9999;-9999;-9999;-9999;-9999;-9999;-9999;
2011-07-07;00:00;-9999;-9999;-9999;-9999;-9999;-9999;-9999;-9999;-9999;-9999;-9999;-9999;-9999;-9999;-9999;-9999;-9999;
2011-07-07;01:00;-9999;-9999;-9999;-9999;-9999;-9999;-9999;-9999;-9999;-9999;-9999;-9999;-9999;-9999;-9999;-9999;-9999;
2011-07-07;02:00;-9999;-9999;-9999;-9999;-9999;-9999;-9999;-9999;-9999;-9999;-9999;-9999;-9999;-9999;-9999;-9999;-9999;
2011-07-07;03:00;-9999;-9999;-9999;-9999;-9999;-9999;-9999;-9999;-9999;-9999;-9999;-9999;-9999;-9999;-9999;-9999;-9999;
2011-07-07;04:00;-9999;-9999;-9999;-9999;-9999;-9999;-9999;-9999;-9999;-9999;-9999;-9999;-9999;-9999;-9999;-9999;-9999;
2011-07-07;05:00;-9999;-9999;-9999;-9999;-9999;-9999;-9999;-9999;-9999;-9999;-9999;-9999;-9999;-9999;-9999;-9999;-9999;
2011-07-07;06:00;-9999;-9999;-9999;-9999;-9999;-9999;-9999;-9999;-9999;-9999;-9999;-9999;-9999;-9999;-9999;-9999;-9999;
2011-07-07;07:00;-9999;-9999;-9999;-9999;-9999;-9999;-9999;-9999;-9999;-9999;-9999;-9999;-9999;-9999;-9999;-9999;-9999;
2011-07-07;08:00;-9999;-9999;-9999;-9999;-9999;-9999;-9999;-9999;-9999;-9999;-9999;-9999;-9999;-9999;-9999;-9999;-9999;
2011-07-07;09:00;-9999;-9999;-9999;-9999;-9999;-9999;-9999;-9999;-9999;-9999;-9999;-9999;-9999;-9999;-9999;-9999;-9999;
2011-07-07;10:00;-9999;-9999;-9999;-9999;-9999;-9999;-9999;-9999;-9999;-9999;-9999;-9999;-9999;-9999;-9999;-9999;-9999;
2011-07-07;11:00;-9999;-9999;-9999;-9999;-9999;-9999;-9999;-9999;-9999;-9999;-9999;-9999;-9999;-9999;-9999;-9999;-9999;
2011-07-07;12:00;-9999;-9999;-9999;-9999;-9999;-9999;-9999;-9999;-9999;-9999;-9999;-9999;-9999;-9999;-9999;-9999;-9999;
2011-07-07;13:00;-9999;-9999;-9999;-9999;-9999;-9999;-9999;-9999;-9999;-9999;-9999;-9999;-9999;-9999;-9999;-9999;-9999;
2011-07-07;14:00;-9999;-9999;-9999;-9999;-9999;-9999;-9999;-9999;-9999;-9999;-9999;-9999;-9999;-9999;-9999;-9999;-9999;
2011-07-07;15:00;-9999;-9999;-9999;-9999;-9999;-9999;-9999;-9999;-9999;-9999;-9999;-9999;-9999;-9999;-9999;-9999;-9999;
2011-07-07;16:00;-9999;-9999;-9999;-9999;-9999;-9999;-9999;-9999;-9999;-9999;-9999;-9999;-9999;-9999;-9999;-9999;-9999;
2011-07-07;17:00;-9999;-9999;-9999;-9999;-9999;-9999;-9999;-9999;-9999;-9999;-9999;-9999;-9999;-9999;-9999;-9999;-9999;
2011-07-07;18:00;-9999;-9999;-9999;-9999;-9999;-9999;-9999;-9999;-9999;-9999;-9999;-9999;-9999;-9999;-9999;-9999;-9999;
2011-07-07;19:00;-9999;-9999;-9999;-9999;-9999;-9999;-9999;-9999;-9999;-9999;-9999;-9999;-9999;-9999;-9999;-9999;-9999;
2011-07-07;20:00;-9999;-9999;-9999;-9999;-9999;-9999;-9999;-9999;-9999;-9999;-9999;-9999;-9999;-9999;-9999;-9999;-9999;
2011-07-07;21:00;-9999;-9999;-9999;-9999;-9999;-9999;-9999;-9999;-9999;-9999;-9999;-9999;-9999;-9999;-9999;-9999;-9999;
2011-07-07;22:00;-9999;-9999;-9999;-9999;-9999;-9999;-9999;-9999;-9999;-9999;-9999;-9999;-9999;-9999;-9999;-9999;-9999;
2011-07-07;23:00;-9999;-9999;-9999;-9999;-9999;-9999;-9999;-9999;-9999;-9999;-9999;-9999;-9999;-9999;-9999;-9999;-9999;
2011-07-08;00:00;-9999;-9999;-9999;-9999;-9999;-9999;-9999;-9999;-9999;-9999;-9999;-9999;-9999;-9999;-9999;-9999;-9999;
2011-07-08;01:00;-9999;-9999;-9999;-9999;-9999;-9999;-9999;-9999;-9999;-9999;-9999;-9999;-9999;-9999;-9999;-9999;-9999;
2011-07-08;02:00;-9999;-9999;-9999;-9999;-9999;-9999;-9999;-9999;-9999;-9999;-9999;-9999;-9999;-9999;-9999;-9999;-9999;
2011-07-08;03:00;-9999;-9999;-9999;-9999;-9999;-9999;-9999;-9999;-9999;-9999;-9999;-9999;-9999;-9999;-9999;-9999;-9999;
2011-07-08;04:00;-9999;-9999;-9999;-9999;-9999;-9999;-9999;-9999;-9999;-9999;-9999;-9999;-9999;-9999;-9999;-9999;-9999;
2011-07-08;05:00;-9999;-9999;-9999;-9999;-9999;-9999;-9999;-9999;-9999;-9999;-9999;-9999;-9999;-9999;-9999;-9999;-9999;
2011-07-08;06:00;-9999;-9999;-9999;-9999;-9999;-9999;-9999;-9999;-9999;-9999;-9999;-9999;-9999;-9999;-9999;-9999;-9999;
2011-07-08;07:00;-9999;-9999;-9999;-9999;-9999;-9999;-9999;-9999;-9999;-9999;-9999;-9999;-9999;-9999;-9999;-9999;-9999;
2011-07-08;08:00;-9999;-9999;-9999;-9999;-9999;-9999;-9999;-9999;-9999;-9999;-9999;-9999;-9999;-9999;-9999;-9999;-9999;
2011-07-08;09:00;-9999;-9999;-9999;-9999;-9999;-9999;-9999;-9999;-9999;-9999;-9999;-9999;-9999;-9999;-9999;-9999;-9999;
2011-07-08;10:00;-9999;-9999;-9999;-9999;-9999;-9999;-9999;-9999;-9999;-9999;-9999;-9999;-9999;-9999;-9999;-9999;-9999;
2011-07-08;11:00;-9999;-9999;-9999;-9999;-9999;-9999;-9999;-9999;-9999;-9999;-9999;-9999;-9999;-9999;-9999;-9999;-9999;
2011-07-08;12:00;-9999;-9999;-9999;-9999;-9999;-9999;-9999;-9999;-9999;-9999;-9999;-9999;-9999;-9999;-9999;-9999;-9999;
2011-07-08;13:00;-9999;-9999;-9999;-9999;-9999;-9999;-9999;-9999;-9999;-9999;-9999;-9999;-9999;-9999;-9999;-9999;-9999;
2011-07-08;14:00;-9999;-9999;-9999;-9999;-9999;-9999;-9999;-9999;-9999;-9999;-9999;-9999;-9999;-9999;-9999;-9999;-9999;
2011-07-08;15:00;-9999;-9999;-9999;-9999;-9999;-9999;-9999;-9999;-9999;-9999;-9999;-9999;-9999;-9999;-9999;-9999;-9999;
2011-07-08;16:00;-9999;-9999;-9999;-9999;-9999;-9999;-9999;-9999;-9999;-9999;-9999;-9999;-9999;-9999;-9999;-9999;-9999;
2011-07-08;17:00;-9999;-9999;-9999;-9999;-9999;-9999;-9999;-9999;-9999;-9999;-9999;-9999;-9999;-9999;-9999;-9999;-9999;
2011-07-08;18:00;-9999;-9999;-9999;-9999;-9999;-9999;-9999;-9999;-9999;-9999;-9999;-9999;-9999;-9999;-9999;-9999;-9999;
2011-07-08;19:00;-9999;-9999;-9999;-9999;-9999;-9999;-9999;-9999;-9999;-9999;-9999;-9999;-9999;-9999;-9999;-9999;-9999;
2011-07-08;20:00;-9999;-9999;-9999;-9999;-9999;-9999;-9999;-9999;-9999;-9999;-9999;-9999;-9999;-9999;-9999;-9999;-9999;
2011-07-08;21:00;-9999;-9999;-9999;-9999;-9999;-9999;-9999;-9999;-9999;-9999;-9999;-9999;-9999;-9999;-9999;-9999;-9999;
2011-07-08;22:00;-9999;-9999;-9999;-9999;-9999;-9999;-9999;-9999;-9999;-9999;-9999;-9999;-9999;-9999;-9999;-9999;-9999;
2011-07-08;23:00;-9999;-9999;-9999;-9999;-9999;-9999;-9999;-9999;-9999;-9999;-9999;-9999;-9999;-9999;-9999;-9999;-9999;
2011-07-09;00:00;-9999;-9999;-9999;-9999;-9999;-9999;-9999;-9999;-9999;-9999;-9999;-9999;-9999;-9999;-9999;-9999;-9999;
2011-07-09;01:00;-9999;-9999;-9999;-9999;-9999;-9999;-9999;-9999;-9999;-9999;-9999;-9999;-9999;-9999;-9999;-9999;-9999;
2011-07-09;02:00;-9999;-9999;-9999;-9999;-9999;-9999;-9999;-9999;-9999;-9999;-9999;-9999;-9999;-9999;-9999;-9999;-9999;
2011-07-09;03:00;-9999;-9999;-9999;-9999;-9999;-9999;-9999;-9999;-9999;-9999;-9999;-9999;-9999;-9999;-9999;-9999;-9999;
2011-07-09;04:00;-9999;-9999;-9999;-9999;-9999;-9999;-9999;-9999;-9999;-9999;-9999;-9999;-9999;-9999;-9999;-9999;-9999;
2011-07-09;05:00;-9999;-9999;-9999;-9999;-9999;-9999;-9999;-9999;-9999;-9999;-9999;-9999;-9999;-9999;-9999;-9999;-9999;
2011-07-09;06:00;-9999;-9999;-9999;-9999;-9999;-9999;-9999;-9999;-9999;-9999;-9999;-9999;-9999;-9999;-9999;-9999;-9999;
2011-07-09;07:00;-9999;-9999;-9999;-9999;-9999;-9999;-9999;-9999;-9999;-9999;-9999;-9999;-9999;-9999;-9999;-9999;-9999;
2011-07-09;08:00;-9999;-9999;-9999;-9999;-9999;-9999;-9999;-9999;-9999;-9999;-9999;-9999;-9999;-9999;-9999;-9999;-9999;
2011-07-09;09:00;-9999;-9999;-9999;-9999;-9999;-9999;-9999;-9999;-9999;-9999;-9999;-9999;-9999;-9999;-9999;-9999;-9999;
2011-07-09;10:00;-9999;-9999;-9999;-9999;-9999;-9999;-9999;-9999;-9999;-9999;-9999;-9999;-9999;-9999;-9999;-9999;-9999;
2011-07-09;11:00;-9999;-9999;-9999;-9999;-9999;-9999;-9999;-9999;-9999;-9999;-9999;-9999;-9999;-9999;-9999;-9999;-9999;
2011-07-09;12:00;-9999;-9999;-9999;-9999;-9999;-9999;-9999;-9999;-9999;-9999;-9999;-9999;-9999;-9999;-9999;-9999;-9999;
2011-07-09;13:00;-9999;-9999;-9999;-9999;-9999;-9999;-9999;-9999;-9999;-9999;-9999;-9999;-9999;-9999;-9999;-9999;-9999;
2011-07-09;14:00;-9999;-9999;-9999;-9999;-9999;-9999;-9999;-9999;-9999;-9999;-9999;-9999;-9999;-9999;-9999;-9999;-9999;
2011-07-09;15:00;-9999;-9999;-9999;-9999;-9999;-9999;-9999;-9999;-9999;-9999;-9999;-9999;-9999;-9999;-9999;-9999;-9999;
2011-07-09;16:00;-9999;-9999;-9999;-9999;-9999;-9999;-9999;-9999;-9999;-9999;-9999;-9999;-9999;-9999;-9999;-9999;-9999;
2011-07-09;17:00;-9999;-9999;-9999;-9999;-9999;-9999;-9999;-9999;-9999;-9999;-9999;-9999;-9999;-9999;-9999;-9999;-9999;
2011-07-09;18:00;-9999;-9999;-9999;-9999;-9999;-9999;-9999;-9999;-9999;-9999;-9999;-9999;-9999;-9999;-9999;-9999;-9999;
2011-07-09;19:00;-9999;-9999;-9999;-9999;-9999;-9999;-9999;-9999;-9999;-9999;-9999;-9999;-9999;-9999;-9999;-9999;-9999;
2011-07-09;20:00;-9999;-9999;-9999;-9999;-9999;-9999;-9999;-9999;-9999;-9999;-9999;-9999;-9999;-9999;-9999;-9999;-9999;
2011-07-09;21:00;-9999;-9999;-9999;-9999;-9999;-9999;-9999;-9999;-9999;-9999;-9999;-9999;-9999;-9999;-9999;-9999;-9999;
2011-07-09;22:00;-9999;-9999;-9999;-9999;-9999;-9999;-9999;-9999;-9999;-9999;-9999;-9999;-9999;-9999;-9999;-9999;-9999;
2011-07-09;23:00;-9999;-9999;-9999;-9999;-9999;-9999;-9999;-9999;-9999;-9999;-9999;-9999;-9999;-9999;-9999;-9999;-9999;
2011-07-10;00:00;-9999;-9999;-9999;-9999;-9999;-9999;-9999;-9999;-9999;-9999;-9999;-9999;-9999;-9999;-9999;-9999;-9999;
2011-07-10;01:00;-9999;-9999;-9999;-9999;-9999;-9999;-9999;-9999;-9999;-9999;-9999;-9999;-9999;-9999;-9999;-9999;-9999;
2011-07-10;02:00;-9999;-9999;-9999;-9999;-9999;-9999;-9999;-9999;-9999;-9999;-9999;-9999;-9999;-9999;-9999;-9999;-9999;
2011-07-10;03:00;-9999;-9999;-9999;-9999;-9999;-9999;-9999;-9999;-9999;-9999;-9999;-9999;-9999;-9999;-9999;-9999;-9999;
2011-07-10;04:00;-9999;-9999;-9999;-9999;-9999;-9999;-9999;-9999;-9999;-9999;-9999;-9999;-9999;-9999;-9999;-9999;-9999;
2011-07-10;05:00;-9999;-9999;-9999;-9999;-9999;-9999;-9999;-9999;-9999;-9999;-9999;-9999;-9999;-9999;-9999;-9999;-9999;
2011-07-10;06:00;-9999;-9999;-9999;-9999;-9999;-9999;-9999;-9999;-9999;-9999;-9999;-9999;-9999;-9999;-9999;-9999;-9999;
2011-07-10;07:00;-9999;-9999;-9999;-9999;-9999;-9999;-9999;-9999;-9999;-9999;-9999;-9999;-9999;-9999;-9999;-9999;-9999;
2011-07-10;08:00;-9999;-9999;-9999;-9999;-9999;-9999;-9999;-9999;-9999;-9999;-9999;-9999;-9999;-9999;-9999;-9999;-9999;
2011-07-10;09:00;-9999;-9999;-9999;-9999;-9999;-9999;-9999;-9999;-9999;-9999;-9999;-9999;-9999;-9999;-9999;-9999;-9999;
2011-07-10;10:00;-9999;-9999;-9999;-9999;-9999;-9999;-9999;-9999;-9999;-9999;-9999;-9999;-9999;-9999;-9999;-9999;-9999;
2011-07-10;11:00;-9999;-9999;-9999;-9999;-9999;-9999;-9999;-9999;-9999;-9999;-9999;-9999;-9999;-9999;-9999;-9999;-9999;
2011-07-10;12:00;-9999;-9999;-9999;-9999;-9999;-9999;-9999;-9999;-9999;-9999;-9999;-9999;-9999;-9999;-9999;-9999;-9999;
2011-07-10;13:00;-9999;-9999;-9999;-9999;-9999;-9999;-9999;-9999;-9999;-9999;-9999;-9999;-9999;-9999;-9999;-9999;-9999;
2011-07-10;14:00;-9999;-9999;-9999;-9999;-9999;-9999;-9999;-9999;-9999;-9999;-9999;-9999;-9999;-9999;-9999;-9999;-9999;
2011-07-10;15:00;-9999;-9999;-9999;-9999;-9999;-9999;-9999;-9999;-9999;-9999;-9999;-9999;-9999;-9999;-9999;-9999;-9999;
2011-07-10;16:00;-9999;-9999;-9999;-9999;-9999;-9999;-9999;-9999;-9999;-9999;-9999;-9999;-9999;-9999;-9999;-9999;-9999;
2011-07-10;17:00;-9999;-9999;-9999;-9999;-9999;-9999;-9999;-9999;-9999;-9999;-9999;-9999;-9999;-9999;-9999;-9999;-9999;
2011-07-10;18:00;-9999;-9999;-9999;-9999;-9999;-9999;-9999;-9999;-9999;-9999;-9999;-9999;-9999;-9999;-9999;-9999;-9999;
2011-07-10;19:00;-9999;-9999;-9999;-9999;-9999;-9999;-9999;-9999;-9999;-9999;-9999;-9999;-9999;-9999;-9999;-9999;-9999;
2011-07-10;20:00;-9999;-9999;-9999;-9999;-9999;-9999;-9999;-9999;-9999;-9999;-9999;-9999;-9999;-9999;-9999;-9999;-9999;
2011-07-10;21:00;-9999;-9999;-9999;-9999;-9999;-9999;-9999;-9999;-9999;-9999;-9999;-9999;-9999;-9999;-9999;-9999;-9999;
2011-07-10;22:00;-9999;-9999;-9999;-9999;-9999;-9999;-9999;-9999;-9999;-9999;-9999;-9999;-9999;-9999;-9999;-9999;-9999;
2011-07-10;23:00;-9999;-9999;-9999;-9999;-9999;-9999;-9999;-9999;-9999;-9999;-9999;-9999;-9999;-9999;-9999;-9999;-9999;
2011-07-11;00:00;-9999;-9999;-9999;-9999;-9999;-9999;-9999;-9999;-9999;-9999;-9999;-9999;-9999;-9999;-9999;-9999;-9999;
2011-07-11;01:00;-9999;-9999;-9999;-9999;-9999;-9999;-9999;-9999;-9999;-9999;-9999;-9999;-9999;-9999;-9999;-9999;-9999;
2011-07-11;02:00;-9999;-9999;-9999;-9999;-9999;-9999;-9999;-9999;-9999;-9999;-9999;-9999;-9999;-9999;-9999;-9999;-9999;
2011-07-11;03:00;-9999;-9999;-9999;-9999;-9999;-9999;-9999;-9999;-9999;-9999;-9999;-9999;-9999;-9999;-9999;-9999;-9999;
2011-07-11;04:00;-9999;-9999;-9999;-9999;-9999;-9999;-9999;-9999;-9999;-9999;-9999;-9999;-9999;-9999;-9999;-9999;-9999;
2011-07-11;05:00;-9999;-9999;-9999;-9999;-9999;-9999;-9999;-9999;-9999;-9999;-9999;-9999;-9999;-9999;-9999;-9999;-9999;
2011-07-11;06:00;-9999;-9999;-9999;-9999;-9999;-9999;-9999;-9999;-9999;-9999;-9999;-9999;-9999;-9999;-9999;-9999;-9999;
2011-07-11;07:00;-9999;-9999;-9999;-9999;-9999;-9999;-9999;-9999;-9999;-9999;-9999;-9999;-9999;-9999;-9999;-9999;-9999;
2011-07-11;08:00;-9999;-9999;-9999;-9999;-9999;-9999;-9999;-9999;-9999;-9999;-9999;-9999;-9999;-9999;-9999;-9999;-9999;
2011-07-11;09:00;-9999;-9999;-9999;-9999;-9999;-9999;-9999;-9999;-9999;-9999;-9999;-9999;-9999;-9999;-9999;-9999;-9999;
2011-07-11;10:00;-9999;-9999;-9999;-9999;-9999;-9999;-9999;-9999;-9999;-9999;-9999;-9999;-9999;-9999;-9999;-9999;-9999;
2011-07-11;11:00;-9999;-9999;-9999;-9999;-9999;-9999;-9999;-9999;-9999;-9999;-9999;-9999;-9999;-9999;-9999;-9999;-9999;
2011-07-11;12:00;-9999;-9999;-9999;-9999;-9999;-9999;-9999;-9999;-9999;-9999;-9999;-9999;-9999;-9999;-9999;-9999;-9999;
2011-07-11;13:00;-9999;-9999;-9999;-9999;-9999;-9999;-9999;-9999;-9999;-9999;-9999;-9999;-9999;-9999;-9999;-9999;-9999;
2011-07-11;14:00;-9999;-9999;-9999;-9999;-9999;-9999;-9999;-9999;-9999;-9999;-9999;-9999;-9999;-9999;-9999;-9999;-9999;
2011-07-11;15:00;-9999;-9999;-9999;-9999;-9999;-9999;-9999;-9999;-9999;-9999;-9999;-9999;-9999;-9999;-9999;-9999;-9999;
2011-07-11;16:00;-9999;-9999;-9999;-9999;-9999;-9999;-9999;-9999;-9999;-9999;-9999;-9999;-9999;-9999;-9999;-9999;-9999;
2011-07-11;17:00;-9999;-9999;-9999;-9999;-9999;-9999;-9999;-9999;-9999;-9999;-9999;-9999;-9999;-9999;-9999;-9999;-9999;
2011-07-11;18:00;-9999;-9999;-9999;-9999;-9999;-9999;-9999;-9999;-9999;-9999;-9999;-9999;-9999;-9999;-9999;-9999;-9999;
2011-07-11;19:00;-9999;-9999;-9999;-9999;-9999;-9999;-9999;-9999;-9999;-9999;-9999;-9999;-9999;-9999;-9999;-9999;-9999;
2011-07-11;20:00;-9999;-9999;-9999;-9999;-9999;-9999;-9999;-9999;-9999;-9999;-9999;-9999;-9999;-9999;-9999;-9999;-9999;
2011-07-11;21:00;-9999;-9999;-9999;-9999;-9999;-9999;-9999;-9999;-9999;-9999;-9999;-9999;-9999;-9999;-9999;-9999;-9999;
2011-07-11;22:00;-9999;-9999;-9999;-9999;-9999;-9999;-9999;-9999;-9999;-9999;-9999;-9999;-9999;-9999;-9999;-9999;-9999;
2011-07-11;23:00;-9999;-9999;-9999;-9999;-9999;-9999;-9999;-9999;-9999;-9999;-9999;-9999;-9999;-9999;-9999;-9999;-9999;
2011-07-12;00:00;-9999;-9999;-9999;-9999;-9999;-9999;-9999;-9999;-9999;-9999;-9999;-9999;-9999;-9999;-9999;-9999;-9999;
2011-07-12;01:00;-9999;-9999;-9999;-9999;-9999;-9999;-9999;-9999;-9999;-9999;-9999;-9999;-9999;-9999;-9999;-9999;-9999;
2011-07-12;02:00;-9999;-9999;-9999;-9999;-9999;-9999;-9999;-9999;-9999;-9999;-9999;-9999;-9999;-9999;-9999;-9999;-9999;
2011-07-12;03:00;-9999;-9999;-9999;-9999;-9999;-9999;-9999;-9999;-9999;-9999;-9999;-9999;-9999;-9999;-9999;-9999;-9999;
2011-07-12;04:00;-9999;-9999;-9999;-9999;-9999;-9999;-9999;-9999;-9999;-9999;-9999;-9999;-9999;-9999;-9999;-9999;-9999;
2011-07-12;05:00;-9999;-9999;-9999;-9999;-9999;-9999;-9999;-9999;-9999;-9999;-9999;-9999;-9999;-9999;-9999;-9999;-9999;
2011-07-12;06:00;-9999;-9999;-9999;-9999;-9999;-9999;-9999;-9999;-9999;-9999;-9999;-9999;-9999;-9999;-9999;-9999;-9999;
2011-07-12;07:00;-9999;-9999;-9999;-9999;-9999;-9999;-9999;-9999;-9999;-9999;-9999;-9999;-9999;-9999;-9999;-9999;-9999;
2011-07-12;08:00;-9999;-9999;-9999;-9999;-9999;-9999;-9999;-9999;-9999;-9999;-9999;-9999;-9999;-9999;-9999;-9999;-9999;
2011-07-12;09:00;-9999;-9999;-9999;-9999;-9999;-9999;-9999;-9999;-9999;-9999;-9999;-9999;-9999;-9999;-9999;-9999;-9999;
2011-07-12;10:00;-9999;-9999;-9999;-9999;-9999;-9999;-9999;-9999;-9999;-9999;-9999;-9999;-9999;-9999;-9999;-9999;-9999;
2011-07-12;11:00;-9999;-9999;-9999;-9999;-9999;-9999;-9999;-9999;-9999;-9999;-9999;-9999;-9999;-9999;-9999;-9999;-9999;
2011-07-12;12:00;-9999;-9999;-9999;-9999;-9999;-9999;-9999;-9999;-9999;-9999;-9999;-9999;-9999;-9999;-9999;-9999;-9999;
2011-07-12;13:00;-9999;-9999;-9999;-9999;-9999;-9999;-9999;-9999;-9999;-9999;-9999;-9999;-9999;-9999;-9999;-9999;-9999;
2011-07-12;14:00;-9999;-9999;-9999;-9999;-9999;-9999;-9999;-9999;-9999;-9999;-9999;-9999;-9999;-9999;-9999;-9999;-9999;
2011-07-12;15:00;-9999;-9999;-9999;-9999;-9999;-9999;-9999;-9999;-9999;-9999;-9999;-9999;-9999;-9999;-9999;-9999;-9999;
2011-07-12;16:00;-9999;-9999;-9999;-9999;-9999;-9999;-9999;-9999;-9999;-9999;-9999;-9999;-9999;-9999;-9999;-9999;-9999;
2011-07-12;17:00;-9999;-9999;-9999;-9999;-9999;-9999;-9999;-9999;-9999;-9999;-9999;-9999;-9999;-9999;-9999;-9999;-9999;
2011-07-12;18:00;-9999;-9999;-9999;-9999;-9999;-9999;-9999;-9999;-9999;-9999;-9999;-9999;-9999;-9999;-9999;-9999;-9999;
2011-07-12;19:00;-9999;-9999;-9999;-9999;-9999;-9999;-9999;-9999;-9999;-9999;-9999;-9999;-9999;-9999;-9999;-9999;-9999;
2011-07-12;20:00;-9999;-9999;-9999;-9999;-9999;-9999;-9999;-9999;-9999;-9999;-9999;-9999;-9999;-9999;-9999;-9999;-9999;
2011-07-12;21:00;-9999;-9999;-9999;-9999;-9999;-9999;-9999;-9999;-9999;-9999;-9999;-9999;-9999;-9999;-9999;-9999;-9999;
2011-07-12;22:00;-9999;-9999;-9999;-9999;-9999;-9999;-9999;-9999;-9999;-9999;-9999;-9999;-9999;-9999;-9999;-9999;-9999;
2011-07-12;23:00;-9999;-9999;-9999;-9999;-9999;-9999;-9999;-9999;-9999;-9999;-9999;-9999;-9999;-9999;-9999;-9999;-9999;
2011-07-13;00:00;-9999;-9999;-9999;-9999;-9999;-9999;-9999;-9999;-9999;-9999;-9999;-9999;-9999;-9999;-9999;-9999;-9999;
2011-07-13;01:00;-9999;-9999;-9999;-9999;-9999;-9999;-9999;-9999;-9999;-9999;-9999;-9999;-9999;-9999;-9999;-9999;-9999;
2011-07-13;02:00;-9999;-9999;-9999;-9999;-9999;-9999;-9999;-9999;-9999;-9999;-9999;-9999;-9999;-9999;-9999;-9999;-9999;
2011-07-13;03:00;-9999;-9999;-9999;-9999;-9999;-9999;-9999;-9999;-9999;-9999;-9999;-9999;-9999;-9999;-9999;-9999;-9999;
2011-07-13;04:00;-9999;-9999;-9999;-9999;-9999;-9999;-9999;-9999;-9999;-9999;-9999;-9999;-9999;-9999;-9999;-9999;-9999;
2011-07-13;05:00;-9999;-9999;-9999;-9999;-9999;-9999;-9999;-9999;-9999;-9999;-9999;-9999;-9999;-9999;-9999;-9999;-9999;
2011-07-13;06:00;-9999;-9999;-9999;-9999;-9999;-9999;-9999;-9999;-9999;-9999;-9999;-9999;-9999;-9999;-9999;-9999;-9999;
2011-07-13;07:00;-9999;-9999;-9999;-9999;-9999;-9999;-9999;-9999;-9999;-9999;-9999;-9999;-9999;-9999;-9999;-9999;-9999;
2011-07-13;08:00;-9999;-9999;-9999;-9999;-9999;-9999;-9999;-9999;-9999;-9999;-9999;-9999;-9999;-9999;-9999;-9999;-9999;
2011-07-13;09:00;-9999;-9999;-9999;-9999;-9999;-9999;-9999;-9999;-9999;-9999;-9999;-9999;-9999;-9999;-9999;-9999;-9999;
2011-07-13;10:00;-9999;-9999;-9999;-9999;-9999;-9999;-9999;-9999;-9999;-9999;-9999;-9999;-9999;-9999;-9999;-9999;-9999;
2011-07-13;11:00;-9999;-9999;-9999;-9999;-9999;-9999;-9999;-9999;-9999;-9999;-9999;-9999;-9999;-9999;-9999;-9999;-9999;
2011-07-13;12:00;-9999;-9999;-9999;-9999;-9999;-9999;-9999;-9999;-9999;-9999;-9999;-9999;-9999;-9999;-9999;-9999;-9999;
2011-07-13;13:00;-9999;-9999;-9999;-9999;-9999;-9999;-9999;-9999;-9999;-9999;-9999;-9999;-9999;-9999;-9999;-9999;-9999;
2011-07-13;14:00;-9999;-9999;-9999;-9999;-9999;-9999;-9999;-9999;-9999;-9999;-9999;-9999;-9999;-9999;-9999;-9999;-9999;
2011-07-13;15:00;-9999;-9999;-9999;-9999;-9999;-9999;-9999;-9999;-9999;-9999;-9999;-9999;-9999;-9999;-9999;-9999;-9999;
2011-07-13;16:00;-9999;-9999;-9999;-9999;-9999;-9999;-9999;-9999;-9999;-9999;-9999;-9999;-9999;-9999;-9999;-9999;-9999;
2011-07-13;17:00;-9999;-9999;-9999;-9999;-9999;-9999;-9999;-9999;-9999;-9999;-9999;-9999;-9999;-9999;-9999;-9999;-9999;
2011-07-13;18:00;-9999;-9999;-9999;-9999;-9999;-9999;-9999;-9999;-9999;-9999;-9999;-9999;-9999;-9999;-9999;-9999;-9999;
2011-07-13;19:00;-9999;-9999;-9999;-9999;-9999;-9999;-9999;-9999;-9999;-9999;-9999;-9999;-9999;-9999;-9999;-9999;-9999;
2011-07-13;20:00;-9999;-9999;-9999;-9999;-9999;-9999;-9999;-9999;-9999;-9999;-9999;-9999;-9999;-9999;-9999;-9999;-9999;
2011-07-13;21:00;-9999;-9999;-9999;-9999;-9999;-9999;-9999;-9999;-9999;-9999;-9999;-9999;-9999;-9999;-9999;-9999;-9999;
2011-07-13;22:00;-9999;-9999;-9999;-9999;-9999;-9999;-9999;-9999;-9999;-9999;-9999;-9999;-9999;-9999;-9999;-9999;-9999;
2011-07-13;23:00;-9999;-9999;-9999;-9999;-9999;-9999;-9999;-9999;-9999;-9999;-9999;-9999;-9999;-9999;-9999;-9999;-9999;
2011-07-14;00:00;-9999;-9999;-9999;-9999;-9999;-9999;-9999;-9999;-9999;-9999;-9999;-9999;-9999;-9999;-9999;-9999;-9999;
2011-07-14;01:00;-9999;-9999;-9999;-9999;-9999;-9999;-9999;-9999;-9999;-9999;-9999;-9999;-9999;-9999;-9999;-9999;-9999;
2011-07-14;02:00;-9999;-9999;-9999;-9999;-9999;-9999;-9999;-9999;-9999;-9999;-9999;-9999;-9999;-9999;-9999;-9999;-9999;
2011-07-14;03:00;-9999;-9999;-9999;-9999;-9999;-9999;-9999;-9999;-9999;-9999;-9999;-9999;-9999;-9999;-9999;-9999;-9999;
2011-07-14;04:00;-9999;-9999;-9999;-9999;-9999;-9999;-9999;-9999;-9999;-9999;-9999;-9999;-9999;-9999;-9999;-9999;-9999;
2011-07-14;05:00;-9999;-9999;-9999;-9999;-9999;-9999;-9999;-9999;-9999;-9999;-9999;-9999;-9999;-9999;-9999;-9999;-9999;
2011-07-14;06:00;-9999;-9999;-9999;-9999;-9999;-9999;-9999;-9999;-9999;-9999;-9999;-9999;-9999;-9999;-9999;-9999;-9999;
2011-07-14;07:00;-9999;-9999;-9999;-9999;-9999;-9999;-9999;-9999;-9999;-9999;-9999;-9999;-9999;-9999;-9999;-9999;-9999;
2011-07-14;08:00;-9999;-9999;-9999;-9999;-9999;-9999;-9999;-9999;-9999;-9999;-9999;-9999;-9999;-9999;-9999;-9999;-9999;
2011-07-14;09:00;-9999;-9999;-9999;-9999;-9999;-9999;-9999;-9999;-9999;-9999;-9999;-9999;-9999;-9999;-9999;-9999;-9999;
2011-07-14;10:00;-9999;-9999;-9999;-9999;-9999;-9999;-9999;-9999;-9999;-9999;-9999;-9999;-9999;-9999;-9999;-9999;-9999;
2011-07-14;11:00;-9999;-9999;-9999;-9999;-9999;-9999;-9999;-9999;-9999;-9999;-9999;-9999;-9999;-9999;-9999;-9999;-9999;
2011-07-14;12:00;-9999;-9999;-9999;-9999;-9999;-9999;-9999;-9999;-9999;-9999;-9999;-9999;-9999;-9999;-9999;-9999;-9999;
2011-07-14;13:00;-9999;-9999;-9999;-9999;-9999;-9999;-9999;-9999;-9999;-9999;-9999;-9999;-9999;-9999;-9999;-9999;-9999;
2011-07-14;14:00;-9999;-9999;-9999;-9999;-9999;-9999;-9999;-9999;-9999;-9999;-9999;-9999;-9999;-9999;-9999;-9999;-9999;
2011-07-14;15:00;-9999;-9999;-9999;-9999;-9999;-9999;-9999;-9999;-9999;-9999;-9999;-9999;-9999;-9999;-9999;-9999;-9999;
2011-07-14;16:00;-9999;-9999;-9999;-9999;-9999;-9999;-9999;-9999;-9999;-9999;-9999;-9999;-9999;-9999;-9999;-9999;-9999;
2011-07-14;17:00;-9999;-9999;-9999;-9999;-9999;-9999;-9999;-9999;-9999;-9999;-9999;-9999;-9999;-9999;-9999;-9999;-9999;
2011-07-14;18:00;-9999;-9999;-9999;-9999;-9999;-9999;-9999;-9999;-9999;-9999;-9999;-9999;-9999;-9999;-9999;-9999;-9999;
2011-07-14;19:00;-9999;-9999;-9999;-9999;-9999;-9999;-9999;-9999;-9999;-9999;-9999;-9999;-9999;-9999;-9999;-9999;-9999;
2011-07-14;20:00;-9999;-9999;-9999;-9999;-9999;-9999;-9999;-9999;-9999;-9999;-9999;-9999;-9999;-9999;-9999;-9999;-9999;
2011-07-14;21:00;-9999;-9999;-9999;-9999;-9999;-9999;-9999;-9999;-9999;-9999;-9999;-9999;-9999;-9999;-9999;-9999;-9999;
2011-07-14;22:00;-9999;-9999;-9999;-9999;-9999;-9999;-9999;-9999;-9999;-9999;-9999;-9999;-9999;-9999;-9999;-9999;-9999;
2011-07-14;23:00;-9999;-9999;-9999;-9999;-9999;-9999;-9999;-9999;-9999;-9999;-9999;-9999;-9999;-9999;-9999;-9999;-9999;
2011-07-15;00:00;-9999;-9999;-9999;-9999;-9999;-9999;-9999;-9999;-9999;-9999;-9999;-9999;-9999;-9999;-9999;-9999;-9999;
2011-07-15;01:00;-9999;-9999;-9999;-9999;-9999;-9999;-9999;-9999;-9999;-9999;-9999;-9999;-9999;-9999;-9999;-9999;-9999;
2011-07-15;02:00;-9999;-9999;-9999;-9999;-9999;-9999;-9999;-9999;-9999;-9999;-9999;-9999;-9999;-9999;-9999;-9999;-9999;
2011-07-15;03:00;-9999;-9999;-9999;-9999;-9999;-9999;-9999;-9999;-9999;-9999;-9999;-9999;-9999;-9999;-9999;-9999;-9999;
2011-07-15;04:00;-9999;-9999;-9999;-9999;-9999;-9999;-9999;-9999;-9999;-9999;-9999;-9999;-9999;-9999;-9999;-9999;-9999;
2011-07-15;05:00;-9999;-9999;-9999;-9999;-9999;-9999;-9999;-9999;-9999;-9999;-9999;-9999;-9999;-9999;-9999;-9999;-9999;
2011-07-15;06:00;-9999;-9999;-9999;-9999;-9999;-9999;-9999;-9999;-9999;-9999;-9999;-9999;-9999;-9999;-9999;-9999;-9999;
2011-07-15;07:00;-9999;-9999;-9999;-9999;-9999;-9999;-9999;-9999;-9999;-9999;-9999;-9999;-9999;-9999;-9999;-9999;-9999;
2011-07-15;08:00;-9999;-9999;-9999;-9999;-9999;-9999;-9999;-9999;-9999;-9999;-9999;-9999;-9999;-9999;-9999;-9999;-9999;
2011-07-15;09:00;-9999;-9999;-9999;-9999;-9999;-9999;-9999;-9999;-9999;-9999;-9999;-9999;-9999;-9999;-9999;-9999;-9999;
2011-07-15;10:00;-9999;-9999;-9999;-9999;-9999;-9999;-9999;-9999;-9999;-9999;-9999;-9999;-9999;-9999;-9999;-9999;-9999;
2011-07-15;11:00;-9999;-9999;-9999;-9999;-9999;-9999;-9999;-9999;-9999;-9999;-9999;-9999;-9999;-9999;-9999;-9999;-9999;
2011-07-15;12:00;-9999;-9999;-9999;-9999;-9999;-9999;-9999;-9999;-9999;-9999;-9999;-9999;-9999;-9999;-9999;-9999;-9999;
2011-07-15;13:00;-9999;-9999;-9999;-9999;-9999;-9999;-9999;-9999;-9999;-9999;-9999;-9999;-9999;-9999;-9999;-9999;-9999;
2011-07-15;14:00;-9999;-9999;-9999;-9999;-9999;-9999;-9999;-9999;-9999;-9999;-9999;-9999;-9999;-9999;-9999;-9999;-9999;
2011-07-15;15:00;-9999;-9999;-9999;-9999;-9999;-9999;-9999;-9999;-9999;-9999;-9999;-9999;-9999;-9999;-9999;-9999;-9999;
2011-07-15;16:00;-9999;-9999;-9999;-9999;-9999;-9999;-9999;-9999;-9999;-9999;-9999;-9999;-9999;-9999;-9999;-9999;-9999;
2011-07-15;17:00;-9999;-9999;-9999;-9999;-9999;-9999;-9999;-9999;-9999;-9999;-9999;-9999;-9999;-9999;-9999;-9999;-9999;
2011-07-15;18:00;-9999;-9999;-9999;-9999;-9999;-9999;-9999;-9999;-9999;-9999;-9999;-9999;-9999;-9999;-9999;-9999;-9999;
2011-07-15;19:00;-9999;-9999;-9999;-9999;-9999;-9999;-9999;-9999;-9999;-9999;-9999;-9999;-9999;-9999;-9999;-9999;-9999;
2011-07-15;20:00;-9999;-9999;-9999;-9999;-9999;-9999;-9999;-9999;-9999;-9999;-9999;-9999;-9999;-9999;-9999;-9999;-9999;
2011-07-15;21:00;-9999;-9999;-9999;-9999;-9999;-9999;-9999;-9999;-9999;-9999;-9999;-9999;-9999;-9999;-9999;-9999;-9999;
2011-07-15;22:00;-9999;-9999;-9999;-9999;-9999;-9999;-9999;-9999;-9999;-9999;-9999;-9999;-9999;-9999;-9999;-9999;-9999;
2011-07-15;23:00;-9999;-9999;-9999;-9999;-9999;-9999;-9999;-9999;-9999;-9999;-9999;-9999;-9999;-9999;-9999;-9999;-9999;
2011-07-16;00:00;-9999;-9999;-9999;-9999;-9999;-9999;-9999;-9999;-9999;-9999;-9999;-9999;-9999;-9999;-9999;-9999;-9999;
2011-07-16;01:00;-9999;-9999;-9999;-9999;-9999;-9999;-9999;-9999;-9999;-9999;-9999;-9999;-9999;-9999;-9999;-9999;-9999;
2011-07-16;02:00;-9999;-9999;-9999;-9999;-9999;-9999;-9999;-9999;-9999;-9999;-9999;-9999;-9999;-9999;-9999;-9999;-9999;
2011-07-16;03:00;-9999;-9999;-9999;-9999;-9999;-9999;-9999;-9999;-9999;-9999;-9999;-9999;-9999;-9999;-9999;-9999;-9999;
2011-07-16;04:00;-9999;-9999;-9999;-9999;-9999;-9999;-9999;-9999;-9999;-9999;-9999;-9999;-9999;-9999;-9999;-9999;-9999;
2011-07-16;05:00;-9999;-9999;-9999;-9999;-9999;-9999;-9999;-9999;-9999;-9999;-9999;-9999;-9999;-9999;-9999;-9999;-9999;
2011-07-16;06:00;-9999;-9999;-9999;-9999;-9999;-9999;-9999;-9999;-9999;-9999;-9999;-9999;-9999;-9999;-9999;-9999;-9999;
2011-07-16;07:00;-9999;-9999;-9999;-9999;-9999;-9999;-9999;-9999;-9999;-9999;-9999;-9999;-9999;-9999;-9999;-9999;-9999;
2011-07-16;08:00;-9999;-9999;-9999;-9999;-9999;-9999;-9999;-9999;-9999;-9999;-9999;-9999;-9999;-9999;-9999;-9999;-9999;
2011-07-16;09:00;-9999;-9999;-9999;-9999;-9999;-9999;-9999;-9999;-9999;-9999;-9999;-9999;-9999;-9999;-9999;-9999;-9999;
2011-07-16;10:00;-9999;-9999;-9999;-9999;-9999;-9999;-9999;-9999;-9999;-9999;-9999;-9999;-9999;-9999;-9999;-9999;-9999;
2011-07-16;11:00;-9999;-9999;-9999;-9999;-9999;-9999;-9999;-9999;-9999;-9999;-9999;-9999;-9999;-9999;-9999;-9999;-9999;
2011-07-16;12:00;-9999;-9999;-9999;-9999;-9999;-9999;-9999;-9999;-9999;-9999;-9999;-9999;-9999;-9999;-9999;-9999;-9999;
2011-07-16;13:00;-9999;-9999;-9999;-9999;-9999;-9999;-9999;-9999;-9999;-9999;-9999;-9999;-9999;-9999;-9999;-9999;-9999;
2011-07-16;14:00;-9999;-9999;-9999;-9999;-9999;-9999;-9999;-9999;-9999;-9999;-9999;-9999;-9999;-9999;-9999;-9999;-9999;
2011-07-16;15:00;-9999;-9999;-9999;-9999;-9999;-9999;-9999;-9999;-9999;-9999;-9999;-9999;-9999;-9999;-9999;-9999;-9999;
2011-07-16;16:00;-9999;-9999;-9999;-9999;-9999;-9999;-9999;-9999;-9999;-9999;-9999;-9999;-9999;-9999;-9999;-9999;-9999;
2011-07-16;17:00;-9999;-9999;-9999;-9999;-9999;-9999;-9999;-9999;-9999;-9999;-9999;-9999;-9999;-9999;-9999;-9999;-9999;
2011-07-16;18:00;-9999;-9999;-9999;-9999;-9999;-9999;-9999;-9999;-9999;-9999;-9999;-9999;-9999;-9999;-9999;-9999;-9999;
2011-07-16;19:00;-9999;-9999;-9999;-9999;-9999;-9999;-9999;-9999;-9999;-9999;-9999;-9999;-9999;-9999;-9999;-9999;-9999;
2011-07-16;20:00;-9999;-9999;-9999;-9999;-9999;-9999;-9999;-9999;-9999;-9999;-9999;-9999;-9999;-9999;-9999;-9999;-9999;
2011-07-16;21:00;-9999;-9999;-9999;-9999;-9999;-9999;-9999;-9999;-9999;-9999;-9999;-9999;-9999;-9999;-9999;-9999;-9999;
2011-07-16;22:00;-9999;-9999;-9999;-9999;-9999;-9999;-9999;-9999;-9999;-9999;-9999;-9999;-9999;-9999;-9999;-9999;-9999;
2011-07-16;23:00;-9999;-9999;-9999;-9999;-9999;-9999;-9999;-9999;-9999;-9999;-9999;-9999;-9999;-9999;-9999;-9999;-9999;
2011-07-17;00:00;-9999;-9999;-9999;-9999;-9999;-9999;-9999;-9999;-9999;-9999;-9999;-9999;-9999;-9999;-9999;-9999;-9999;
2011-07-17;01:00;-9999;-9999;-9999;-9999;-9999;-9999;-9999;-9999;-9999;-9999;-9999;-9999;-9999;-9999;-9999;-9999;-9999;
2011-07-17;02:00;-9999;-9999;-9999;-9999;-9999;-9999;-9999;-9999;-9999;-9999;-9999;-9999;-9999;-9999;-9999;-9999;-9999;
2011-07-17;03:00;-9999;-9999;-9999;-9999;-9999;-9999;-9999;-9999;-9999;-9999;-9999;-9999;-9999;-9999;-9999;-9999;-9999;
2011-07-17;04:00;-9999;-9999;-9999;-9999;-9999;-9999;-9999;-9999;-9999;-9999;-9999;-9999;-9999;-9999;-9999;-9999;-9999;
2011-07-17;05:00;-9999;-9999;-9999;-9999;-9999;-9999;-9999;-9999;-9999;-9999;-9999;-9999;-9999;-9999;-9999;-9999;-9999;
2011-07-17;06:00;-9999;-9999;-9999;-9999;-9999;-9999;-9999;-9999;-9999;-9999;-9999;-9999;-9999;-9999;-9999;-9999;-9999;
2011-07-17;07:00;-9999;-9999;-9999;-9999;-9999;-9999;-9999;-9999;-9999;-9999;-9999;-9999;-9999;-9999;-9999;-9999;-9999;
2011-07-17;08:00;-9999;-9999;-9999;-9999;-9999;-9999;-9999;-9999;-9999;-9999;-9999;-9999;-9999;-9999;-9999;-9999;-9999;
2011-07-17;09:00;-9999;-9999;-9999;-9999;-9999;-9999;-9999;-9999;-9999;-9999;-9999;-9999;-9999;-9999;-9999;-9999;-9999;
2011-07-17;10:00;-9999;-9999;-9999;-9999;-9999;-9999;-9999;-9999;-9999;-9999;-9999;-9999;-9999;-9999;-9999;-9999;-9999;
2011-07-17;11:00;-9999;-9999;-9999;-9999;-9999;-9999;-9999;-9999;-9999;-9999;-9999;-9999;-9999;-9999;-9999;-9999;-9999;
2011-07-17;12:00;-9999;-9999;-9999;-9999;-9999;-9999;-9999;-9999;-9999;-9999;-9999;-9999;-9999;-9999;-9999;-9999;-9999;
2011-07-17;13:00;-9999;-9999;-9999;-9999;-9999;-9999;-9999;-9999;-9999;-9999;-9999;-9999;-9999;-9999;-9999;-9999;-9999;
2011-07-17;14:00;-9999;-9999;-9999;-9999;-9999;-9999;-9999;-9999;-9999;-9999;-9999;-9999;-9999;-9999;-9999;-9999;-9999;
2011-07-17;15:00;-9999;-9999;-9999;-9999;-9999;-9999;-9999;-9999;-9999;-9999;-9999;-9999;-9999;-9999;-9999;-9999;-9999;
2011-07-17;16:00;-9999;-9999;-9999;-9999;-9999;-9999;-9999;-9999;-9999;-9999;-9999;-9999;-9999;-9999;-9999;-9999;-9999;
2011-07-17;17:00;-9999;-9999;-9999;-9999;-9999;-9999;-9999;-9999;-9999;-9999;-9999;-9999;-9999;-9999;-9999;-9999;-9999;
2011-07-17;18:00;-9999;-9999;-9999;-9999;-9999;-9999;-9999;-9999;-9999;-9999;-9999;-9999;-9999;-9999;-9999;-9999;-9999;
2011-07-17;19:00;-9999;-9999;-9999;-9999;-9999;-9999;-9999;-9999;-9999;-9999;-9999;-9999;-9999;-9999;-9999;-9999;-9999;
2011-07-17;20:00;-9999;-9999;-9999;-9999;-9999;-9999;-9999;-9999;-9999;-9999;-9999;-9999;-9999;-9999;-9999;-9999;-9999;
2011-07-17;21:00;-9999;-9999;-9999;-9999;-9999;-9999;-9999;-9999;-9999;-9999;-9999;-9999;-9999;-9999;-9999;-9999;-9999;
2011-07-17;22:00;-9999;-9999;-9999;-9999;-9999;-9999;-9999;-9999;-9999;-9999;-9999;-9999;-9999;-9999;-9999;-9999;-9999;
2011-07-17;23:00;-9999;-9999;-9999;-9999;-9999;-9999;-9999;-9999;-9999;-9999;-9999;-9999;-9999;-9999;-9999;-9999;-9999;
2011-07-18;00:00;-9999;-9999;-9999;-9999;-9999;-9999;-9999;-9999;-9999;-9999;-9999;-9999;-9999;-9999;-9999;-9999;-9999;
2011-07-18;01:00;-9999;-9999;-9999;-9999;-9999;-9999;-9999;-9999;-9999;-9999;-9999;-9999;-9999;-9999;-9999;-9999;-9999;
2011-07-18;02:00;-9999;-9999;-9999;-9999;-9999;-9999;-9999;-9999;-9999;-9999;-9999;-9999;-9999;-9999;-9999;-9999;-9999;
2011-07-18;03:00;-9999;-9999;-9999;-9999;-9999;-9999;-9999;-9999;-9999;-9999;-9999;-9999;-9999;-9999;-9999;-9999;-9999;
2011-07-18;04:00;-9999;-9999;-9999;-9999;-9999;-9999;-9999;-9999;-9999;-9999;-9999;-9999;-9999;-9999;-9999;-9999;-9999;
2011-07-18;05:00;-9999;-9999;-9999;-9999;-9999;-9999;-9999;-9999;-9999;-9999;-9999;-9999;-9999;-9999;-9999;-9999;-9999;
2011-07-18;06:00;-9999;-9999;-9999;-9999;-9999;-9999;-9999;-9999;-9999;-9999;-9999;-9999;-9999;-9999;-9999;-9999;-9999;
2011-07-18;07:00;-9999;-9999;-9999;-9999;-9999;-9999;-9999;-9999;-9999;-9999;-9999;-9999;-9999;-9999;-9999;-9999;-9999;
2011-07-18;08:00;-9999;-9999;-9999;-9999;-9999;-9999;-9999;-9999;-9999;-9999;-9999;-9999;-9999;-9999;-9999;-9999;-9999;
2011-07-18;09:00;-9999;-9999;-9999;-9999;-9999;-9999;-9999;-9999;-9999;-9999;-9999;-9999;-9999;-9999;-9999;-9999;-9999;
2011-07-18;10:00;-9999;-9999;-9999;-9999;-9999;-9999;-9999;-9999;-9999;-9999;-9999;-9999;-9999;-9999;-9999;-9999;-9999;
2011-07-18;11:00;-9999;-9999;-9999;-9999;-9999;-9999;-9999;-9999;-9999;-9999;-9999;-9999;-9999;-9999;-9999;-9999;-9999;
2011-07-18;12:00;-9999;-9999;-9999;-9999;-9999;-9999;-9999;-9999;-9999;-9999;-9999;-9999;-9999;-9999;-9999;-9999;-9999;
2011-07-18;13:00;-9999;-9999;-9999;-9999;-9999;-9999;-9999;-9999;-9999;-9999;-9999;-9999;-9999;-9999;-9999;-9999;-9999;
2011-07-18;14:00;-9999;-9999;-9999;-9999;-9999;-9999;-9999;-9999;-9999;-9999;-9999;-9999;-9999;-9999;-9999;-9999;-9999;
2011-07-18;15:00;-9999;-9999;-9999;-9999;-9999;-9999;-9999;-9999;-9999;-9999;-9999;-9999;-9999;-9999;-9999;-9999;-9999;
2011-07-18;16:00;-9999;-9999;-9999;-9999;-9999;-9999;-9999;-9999;-9999;-9999;-9999;-9999;-9999;-9999;-9999;-9999;-9999;
2011-07-18;17:00;-9999;-9999;-9999;-9999;-9999;-9999;-9999;-9999;-9999;-9999;-9999;-9999;-9999;-9999;-9999;-9999;-9999;
2011-07-18;18:00;-9999;-9999;-9999;-9999;-9999;-9999;-9999;-9999;-9999;-9999;-9999;-9999;-9999;-9999;-9999;-9999;-9999;
2011-07-18;19:00;-9999;-9999;-9999;-9999;-9999;-9999;-9999;-9999;-9999;-9999;-9999;-9999;-9999;-9999;-9999;-9999;-9999;
2011-07-18;20:00;-9999;-9999;-9999;-9999;-9999;-9999;-9999;-9999;-9999;-9999;-9999;-9999;-9999;-9999;-9999;-9999;-9999;
2011-07-18;21:00;-9999;-9999;-9999;-9999;-9999;-9999;-9999;-9999;-9999;-9999;-9999;-9999;-9999;-9999;-9999;-9999;-9999;
2011-07-18;22:00;-9999;-9999;-9999;-9999;-9999;-9999;-9999;-9999;-9999;-9999;-9999;-9999;-9999;-9999;-9999;-9999;-9999;
2011-07-18;23:00;-9999;-9999;-9999;-9999;-9999;-9999;-9999;-9999;-9999;-9999;-9999;-9999;-9999;-9999;-9999;-9999;-9999;
2011-07-19;00:00;-9999;-9999;-9999;-9999;-9999;-9999;-9999;-9999;-9999;-9999;-9999;-9999;-9999;-9999;-9999;-9999;-9999;
2011-07-19;01:00;-9999;-9999;-9999;-9999;-9999;-9999;-9999;-9999;-9999;-9999;-9999;-9999;-9999;-9999;-9999;-9999;-9999;
2011-07-19;02:00;-9999;-9999;-9999;-9999;-9999;-9999;-9999;-9999;-9999;-9999;-9999;-9999;-9999;-9999;-9999;-9999;-9999;
2011-07-19;03:00;-9999;-9999;-9999;-9999;-9999;-9999;-9999;-9999;-9999;-9999;-9999;-9999;-9999;-9999;-9999;-9999;-9999;
2011-07-19;04:00;-9999;-9999;-9999;-9999;-9999;-9999;-9999;-9999;-9999;-9999;-9999;-9999;-9999;-9999;-9999;-9999;-9999;
2011-07-19;05:00;-9999;-9999;-9999;-9999;-9999;-9999;-9999;-9999;-9999;-9999;-9999;-9999;-9999;-9999;-9999;-9999;-9999;
2011-07-19;06:00;-9999;-9999;-9999;-9999;-9999;-9999;-9999;-9999;-9999;-9999;-9999;-9999;-9999;-9999;-9999;-9999;-9999;
2011-07-19;07:00;-9999;-9999;-9999;-9999;-9999;-9999;-9999;-9999;-9999;-9999;-9999;-9999;-9999;-9999;-9999;-9999;-9999;
2011-07-19;08:00;-9999;-9999;-9999;-9999;-9999;-9999;-9999;-9999;-9999;-9999;-9999;-9999;-9999;-9999;-9999;-9999;-9999;
2011-07-19;09:00;-9999;-9999;-9999;-9999;-9999;-9999;-9999;-9999;-9999;-9999;-9999;-9999;-9999;-9999;-9999;-9999;-9999;
2011-07-19;10:00;-9999;-9999;-9999;-9999;-9999;-9999;-9999;-9999;-9999;-9999;-9999;-9999;-9999;-9999;-9999;-9999;-9999;
2011-07-19;11:00;-9999;-9999;-9999;-9999;-9999;-9999;-9999;-9999;-9999;-9999;-9999;-9999;-9999;-9999;-9999;-9999;-9999;
2011-07-19;12:00;-9999;-9999;-9999;-9999;-9999;-9999;-9999;-9999;-9999;-9999;-9999;-9999;-9999;-9999;-9999;-9999;-9999;
2011-07-19;13:00;-9999;-9999;-9999;-9999;-9999;-9999;-9999;-9999;-9999;-9999;-9999;-9999;-9999;-9999;-9999;-9999;-9999;
2011-07-19;14:00;-9999;-9999;-9999;-9999;-9999;-9999;-9999;-9999;-9999;-9999;-9999;-9999;-9999;-9999;-9999;-9999;-9999;
2011-07-19;15:00;-9999;-9999;-9999;-9999;-9999;-9999;-9999;-9999;-9999;-9999;-9999;-9999;-9999;-9999;-9999;-9999;-9999;
2011-07-19;16:00;-9999;-9999;-9999;-9999;-9999;-9999;-9999;-9999;-9999;-9999;-9999;-9999;-9999;-9999;-9999;-9999;-9999;
2011-07-19;17:00;-9999;-9999;-9999;-9999;-9999;-9999;-9999;-9999;-9999;-9999;-9999;-9999;-9999;-9999;-9999;-9999;-9999;
2011-07-19;18:00;-9999;-9999;-9999;-9999;-9999;-9999;-9999;-9999;-9999;-9999;-9999;-9999;-9999;-9999;-9999;-9999;-9999;
2011-07-19;19:00;-9999;-9999;-9999;-9999;-9999;-9999;-9999;-9999;-9999;-9999;-9999;-9999;-9999;-9999;-9999;-9999;-9999;
2011-07-19;20:00;-9999;-9999;-9999;-9999;-9999;-9999;-9999;-9999;-9999;-9999;-9999;-9999;-9999;-9999;-9999;-9999;-9999;
2011-07-19;21:00;-9999;-9999;-9999;-9999;-9999;-9999;-9999;-9999;-9999;-9999;-9999;-9999;-9999;-9999;-9999;-9999;-9999;
2011-07-19;22:00;-9999;-9999;-9999;-9999;-9999;-9999;-9999;-9999;-9999;-9999;-9999;-9999;-9999;-9999;-9999;-9999;-9999;
2011-07-19;23:00;-9999;-9999;-9999;-9999;-9999;-9999;-9999;-9999;-9999;-9999;-9999;-9999;-9999;-9999;-9999;-9999;-9999;
2011-07-20;00:00;-9999;-9999;-9999;-9999;-9999;-9999;-9999;-9999;-9999;-9999;-9999;-9999;-9999;-9999;-9999;-9999;-9999;
2011-07-20;01:00;-9999;-9999;-9999;-9999;-9999;-9999;-9999;-9999;-9999;-9999;-9999;-9999;-9999;-9999;-9999;-9999;-9999;
2011-07-20;02:00;-9999;-9999;-9999;-9999;-9999;-9999;-9999;-9999;-9999;-9999;-9999;-9999;-9999;-9999;-9999;-9999;-9999;
2011-07-20;03:00;-9999;-9999;-9999;-9999;-9999;-9999;-9999;-9999;-9999;-9999;-9999;-9999;-9999;-9999;-9999;-9999;-9999;
2011-07-20;04:00;-9999;-9999;-9999;-9999;-9999;-9999;-9999;-9999;-9999;-9999;-9999;-9999;-9999;-9999;-9999;-9999;-9999;
2011-07-20;05:00;-9999;-9999;-9999;-9999;-9999;-9999;-9999;-9999;-9999;-9999;-9999;-9999;-9999;-9999;-9999;-9999;-9999;
2011-07-20;06:00;-9999;-9999;-9999;-9999;-9999;-9999;-9999;-9999;-9999;-9999;-9999;-9999;-9999;-9999;-9999;-9999;-9999;
2011-07-20;07:00;-9999;-9999;-9999;-9999;-9999;-9999;-9999;-9999;-9999;-9999;-9999;-9999;-9999;-9999;-9999;-9999;-9999;
2011-07-20;08:00;-9999;-9999;-9999;-9999;-9999;-9999;-9999;-9999;-9999;-9999;-9999;-9999;-9999;-9999;-9999;-9999;-9999;
2011-07-20;09:00;-9999;-9999;-9999;-9999;-9999;-9999;-9999;-9999;-9999;-9999;-9999;-9999;-9999;-9999;-9999;-9999;-9999;
2011-07-20;10:00;-9999;-9999;-9999;-9999;-9999;-9999;-9999;-9999;-9999;-9999;-9999;-9999;-9999;-9999;-9999;-9999;-9999;
2011-07-20;11:00;-9999;-9999;-9999;-9999;-9999;-9999;-9999;-9999;-9999;-9999;-9999;-9999;-9999;-9999;-9999;-9999;-9999;
2011-07-20;12:00;-9999;-9999;-9999;-9999;-9999;-9999;-9999;-9999;-9999;-9999;-9999;-9999;-9999;-9999;-9999;-9999;-9999;
2011-07-20;13:00;-9999;-9999;-9999;-9999;-9999;-9999;-9999;-9999;-9999;-9999;-9999;-9999;-9999;-9999;-9999;-9999;-9999;
2011-07-20;14:00;-9999;-9999;-9999;-9999;-9999;-9999;-9999;-9999;-9999;-9999;-9999;-9999;-9999;-9999;-9999;-9999;-9999;
2011-07-20;15:00;-9999;-9999;-9999;-9999;-9999;-9999;-9999;-9999;-9999;-9999;-9999;-9999;-9999;-9999;-9999;-9999;-9999;
2011-07-20;16:00;-9999;-9999;-9999;-9999;-9999;-9999;-9999;-9999;-9999;-9999;-9999;-9999;-9999;-9999;-9999;-9999;-9999;
2011-07-20;17:00;-9999;-9999;-9999;-9999;-9999;-9999;-9999;-9999;-9999;-9999;-9999;-9999;-9999;-9999;-9999;-9999;-9999;
2011-07-20;18:00;-9999;-9999;-9999;-9999;-9999;-9999;-9999;-9999;-9999;-9999;-9999;-9999;-9999;-9999;-9999;-9999;-9999;
2011-07-20;19:00;-9999;-9999;-9999;-9999;-9999;-9999;-9999;-9999;-9999;-9999;-9999;-9999;-9999;-9999;-9999;-9999;-9999;
2011-07-20;20:00;-9999;-9999;-9999;-9999;-9999;-9999;-9999;-9999;-9999;-9999;-9999;-9999;-9999;-9999;-9999;-9999;-9999;
2011-07-20;21:00;-9999;-9999;-9999;-9999;-9999;-9999;-9999;-9999;-9999;-9999;-9999;-9999;-9999;-9999;-9999;-9999;-9999;
2011-07-20;22:00;-9999;-9999;-9999;-9999;-9999;-9999;-9999;-9999;-9999;-9999;-9999;-9999;-9999;-9999;-9999;-9999;-9999;
2011-07-20;23:00;-9999;-9999;-9999;-9999;-9999;-9999;-9999;-9999;-9999;-9999;-9999;-9999;-9999;-9999;-9999;-9999;-9999;
2011-07-21;00:00;-9999;-9999;-9999;-9999;-9999;-9999;-9999;-9999;-9999;-9999;-9999;-9999;-9999;-9999;-9999;-9999;-9999;
2011-07-21;01:00;-9999;-9999;-9999;-9999;-9999;-9999;-9999;-9999;-9999;-9999;-9999;-9999;-9999;-9999;-9999;-9999;-9999;
2011-07-21;02:00;-9999;-9999;-9999;-9999;-9999;-9999;-9999;-9999;-9999;-9999;-9999;-9999;-9999;-9999;-9999;-9999;-9999;
2011-07-21;03:00;-9999;-9999;-9999;-9999;-9999;-9999;-9999;-9999;-9999;-9999;-9999;-9999;-9999;-9999;-9999;-9999;-9999;
2011-07-21;04:00;-9999;-9999;-9999;-9999;-9999;-9999;-9999;-9999;-9999;-9999;-9999;-9999;-9999;-9999;-9999;-9999;-9999;
2011-07-21;05:00;-9999;-9999;-9999;-9999;-9999;-9999;-9999;-9999;-9999;-9999;-9999;-9999;-9999;-9999;-9999;-9999;-9999;
2011-07-21;06:00;-9999;-9999;-9999;-9999;-9999;-9999;-9999;-9999;-9999;-9999;-9999;-9999;-9999;-9999;-9999;-9999;-9999;
2011-07-21;07:00;-9999;-9999;-9999;-9999;-9999;-9999;-9999;-9999;-9999;-9999;-9999;-9999;-9999;-9999;-9999;-9999;-9999;
2011-07-21;08:00;-9999;-9999;-9999;-9999;-9999;-9999;-9999;-9999;-9999;-9999;-9999;-9999;-9999;-9999;-9999;-9999;-9999;
2011-07-21;09:00;-9999;-9999;-9999;-9999;-9999;-9999;-9999;-9999;-9999;-9999;-9999;-9999;-9999;-9999;-9999;-9999;-9999;
2011-07-21;10:00;-9999;-9999;-9999;-9999;-9999;-9999;-9999;-9999;-9999;-9999;-9999;-9999;-9999;-9999;-9999;-9999;-9999;
2011-07-21;11:00;-9999;-9999;-9999;-9999;-9999;-9999;-9999;-9999;-9999;-9999;-9999;-9999;-9999;-9999;-9999;-9999;-9999;
2011-07-21;12:00;-9999;-9999;-9999;-9999;-9999;-9999;-9999;-9999;-9999;-9999;-9999;-9999;-9999;-9999;-9999;-9999;-9999;
2011-07-21;13:00;-9999;-9999;-9999;-9999;-9999;-9999;-9999;-9999;-9999;-9999;-9999;-9999;-9999;-9999;-9999;-9999;-9999;
2011-07-21;14:00;-9999;-9999;-9999;-9999;-9999;-9999;-9999;-9999;-9999;-9999;-9999;-9999;-9999;-9999;-9999;-9999;-9999;
2011-07-21;15:00;-9999;-9999;-9999;-9999;-9999;-9999;-9999;-9999;-9999;-9999;-9999;-9999;-9999;-9999;-9999;-9999;-9999;
2011-07-21;16:00;-9999;-9999;-9999;-9999;-9999;-9999;-9999;-9999;-9999;-9999;-9999;-9999;-9999;-9999;-9999;-9999;-9999;
2011-07-21;17:00;-9999;-9999;-9999;-9999;-9999;-9999;-9999;-9999;-9999;-9999;-9999;-9999;-9999;-9999;-9999;-9999;-9999;
2011-07-21;18:00;-9999;-9999;-9999;-9999;-9999;-9999;-9999;-9999;-9999;-9999;-9999;-9999;-9999;-9999;-9999;-9999;-9999;
2011-07-21;19:00;-9999;-9999;-9999;-9999;-9999;-9999;-9999;-9999;-9999;-9999;-9999;-9999;-9999;-9999;-9999;-9999;-9999;
2011-07-21;20:00;-9999;-9999;-9999;-9999;-9999;-9999;-9999;-9999;-9999;-9999;-9999;-9999;-9999;-9999;-9999;-9999;-9999;
2011-07-21;21:00;-9999;-9999;-9999;-9999;-9999;-9999;-9999;-9999;-9999;-9999;-9999;-9999;-9999;-9999;-9999;-9999;-9999;
2011-07-21;22:00;-9999;-9999;-9999;-9999;-9999;-9999;-9999;-9999;-9999;-9999;-9999;-9999;-9999;-9999;-9999;-9999;-9999;
2011-07-21;23:00;-9999;-9999;-9999;-9999;-9999;-9999;-9999;-9999;-9999;-9999;-9999;-9999;-9999;-9999;-9999;-9999;-9999;
2011-07-22;00:00;-9999;-9999;-9999;-9999;-9999;-9999;-9999;-9999;-9999;-9999;-9999;-9999;-9999;-9999;-9999;-9999;-9999;
2011-07-22;01:00;-9999;-9999;-9999;-9999;-9999;-9999;-9999;-9999;-9999;-9999;-9999;-9999;-9999;-9999;-9999;-9999;-9999;
2011-07-22;02:00;-9999;-9999;-9999;-9999;-9999;-9999;-9999;-9999;-9999;-9999;-9999;-9999;-9999;-9999;-9999;-9999;-9999;
2011-07-22;03:00;-9999;-9999;-9999;-9999;-9999;-9999;-9999;-9999;-9999;-9999;-9999;-9999;-9999;-9999;-9999;-9999;-9999;
2011-07-22;04:00;-9999;-9999;-9999;-9999;-9999;-9999;-9999;-9999;-9999;-9999;-9999;-9999;-9999;-9999;-9999;-9999;-9999;
2011-07-22;05:00;-9999;-9999;-9999;-9999;-9999;-9999;-9999;-9999;-9999;-9999;-9999;-9999;-9999;-9999;-9999;-9999;-9999;
2011-07-22;06:00;-9999;-9999;-9999;-9999;-9999;-9999;-9999;-9999;-9999;-9999;-9999;-9999;-9999;-9999;-9999;-9999;-9999;
2011-07-22;07:00;-9999;-9999;-9999;-9999;-9999;-9999;-9999;-9999;-9999;-9999;-9999;-9999;-9999;-9999;-9999;-9999;-9999;
2011-07-22;08:00;-9999;-9999;-9999;-9999;-9999;-9999;-9999;-9999;-9999;-9999;-9999;-9999;-9999;-9999;-9999;-9999;-9999;
2011-07-22;09:00;-9999;-9999;-9999;-9999;-9999;-9999;-9999;-9999;-9999;-9999;-9999;-9999;-9999;-9999;-9999;-9999;-9999;
2011-07-22;10:00;-9999;-9999;-9999;-9999;-9999;-9999;-9999;-9999;-9999;-9999;-9999;-9999;-9999;-9999;-9999;-9999;-9999;
2011-07-22;11:00;-9999;-9999;-9999;-9999;-9999;-9999;-9999;-9999;-9999;-9999;-9999;-9999;-9999;-9999;-9999;-9999;-9999;
2011-07-22;12:00;-9999;-9999;-9999;-9999;-9999;-9999;-9999;-9999;-9999;-9999;-9999;-9999;-9999;-9999;-9999;-9999;-9999;
2011-07-22;13:00;-9999;-9999;-9999;-9999;-9999;-9999;-9999;-9999;-9999;-9999;-9999;-9999;-9999;-9999;-9999;-9999;-9999;
2011-07-22;14:00;-9999;-9999;-9999;-9999;-9999;-9999;-9999;-9999;-9999;-9999;-9999;-9999;-9999;-9999;-9999;-9999;-9999;
2011-07-22;15:00;-9999;-9999;-9999;-9999;-9999;-9999;-9999;-9999;-9999;-9999;-9999;-9999;-9999;-9999;-9999;-9999;-9999;
2011-07-22;16:00;-9999;-9999;-9999;-9999;-9999;-9999;-9999;-9999;-9999;-9999;-9999;-9999;-9999;-9999;-9999;-9999;-9999;
2011-07-22;17:00;-9999;-9999;-9999;-9999;-9999;-9999;-9999;-9999;-9999;-9999;-9999;-9999;-9999;-9999;-9999;-9999;-9999;
2011-07-22;18:00;-9999;-9999;-9999;-9999;-9999;-9999;-9999;-9999;-9999;-9999;-9999;-9999;-9999;-9999;-9999;-9999;-9999;
2011-07-22;19:00;-9999;-9999;-9999;-9999;-9999;-9999;-9999;-9999;-9999;-9999;-9999;-9999;-9999;-9999;-9999;-9999;-9999;
2011-07-22;20:00;-9999;-9999;-9999;-9999;-9999;-9999;-9999;-9999;-9999;-9999;-9999;-9999;-9999;-9999;-9999;-9999;-9999;
2011-07-22;21:00;-9999;-9999;-9999;-9999;-9999;-9999;-9999;-9999;-9999;-9999;-9999;-9999;-9999;-9999;-9999;-9999;-9999;
2011-07-22;22:00;-9999;-9999;-9999;-9999;-9999;-9999;-9999;-9999;-9999;-9999;-9999;-9999;-9999;-9999;-9999;-9999;-9999;
2011-07-22;23:00;-9999;-9999;-9999;-9999;-9999;-9999;-9999;-9999;-9999;-9999;-9999;-9999;-9999;-9999;-9999;-9999;-9999;
2011-07-23;00:00;-9999;-9999;-9999;-9999;-9999;-9999;-9999;-9999;-9999;-9999;-9999;-9999;-9999;-9999;-9999;-9999;-9999;
2011-07-23;01:00;-9999;-9999;-9999;-9999;-9999;-9999;-9999;-9999;-9999;-9999;-9999;-9999;-9999;-9999;-9999;-9999;-9999;
2011-07-23;02:00;-9999;-9999;-9999;-9999;-9999;-9999;-9999;-9999;-9999;-9999;-9999;-9999;-9999;-9999;-9999;-9999;-9999;
2011-07-23;03:00;-9999;-9999;-9999;-9999;-9999;-9999;-9999;-9999;-9999;-9999;-9999;-9999;-9999;-9999;-9999;-9999;-9999;
2011-07-23;04:00;-9999;-9999;-9999;-9999;-9999;-9999;-9999;-9999;-9999;-9999;-9999;-9999;-9999;-9999;-9999;-9999;-9999;
2011-07-23;05:00;-9999;-9999;-9999;-9999;-9999;-9999;-9999;-9999;-9999;-9999;-9999;-9999;-9999;-9999;-9999;-9999;-9999;
2011-07-23;06:00;-9999;-9999;-9999;-9999;-9999;-9999;-9999;-9999;-9999;-9999;-9999;-9999;-9999;-9999;-9999;-9999;-9999;
2011-07-23;07:00;-9999;-9999;-9999;-9999;-9999;-9999;-9999;-9999;-9999;-9999;-9999;-9999;-9999;-9999;-9999;-9999;-9999;
2011-07-23;08:00;-9999;-9999;-9999;-9999;-9999;-9999;-9999;-9999;-9999;-9999;-9999;-9999;-9999;-9999;-9999;-9999;-9999;
2011-07-23;09:00;-9999;-9999;-9999;-9999;-9999;-9999;-9999;-9999;-9999;-9999;-9999;-9999;-9999;-9999;-9999;-9999;-9999;
2011-07-23;10:00;-9999;-9999;-9999;-9999;-9999;-9999;-9999;-9999;-9999;-9999;-9999;-9999;-9999;-9999;-9999;-9999;-9999;
2011-07-23;11:00;-9999;-9999;-9999;-9999;-9999;-9999;-9999;-9999;-9999;-9999;-9999;-9999;-9999;-9999;-9999;-9999;-9999;
2011-07-23;12:00;-9999;-9999;-9999;-9999;-9999;-9999;-9999;-9999;-9999;-9999;-9999;-9999;-9999;-9999;-9999;-9999;-9999;
2011-07-23;13:00;-9999;-9999;-9999;-9999;-9999;-9999;-9999;-9999;-9999;-9999;-9999;-9999;-9999;-9999;-9999;-9999;-9999;
2011-07-23;14:00;-9999;-9999;-9999;-9999;-9999;-9999;-9999;-9999;-9999;-9999;-9999;-9999;-9999;-9999;-9999;-9999;-9999;
2011-07-23;15:00;-9999;-9999;-9999;-9999;-9999;-9999;-9999;-9999;-9999;-9999;-9999;-9999;-9999;-9999;-9999;-9999;-9999;
2011-07-23;16:00;-9999;-9999;-9999;-9999;-9999;-9999;-9999;-9999;-9999;-9999;-9999;-9999;-9999;-9999;-9999;-9999;-9999;
2011-07-23;17:00;-9999;-9999;-9999;-9999;-9999;-9999;-9999;-9999;-9999;-9999;-9999;-9999;-9999;-9999;-9999;-9999;-9999;
2011-07-23;18:00;-9999;-9999;-9999;-9999;-9999;-9999;-9999;-9999;-9999;-9999;-9999;-9999;-9999;-9999;-9999;-9999;-9999;
2011-07-23;19:00;-9999;-9999;-9999;-9999;-9999;-9999;-9999;-9999;-9999;-9999;-9999;-9999;-9999;-9999;-9999;-9999;-9999;
2011-07-23;20:00;-9999;-9999;-9999;-9999;-9999;-9999;-9999;-9999;-9999;-9999;-9999;-9999;-9999;-9999;-9999;-9999;-9999;
2011-07-23;21:00;-9999;-9999;-9999;-9999;-9999;-9999;-9999;-9999;-9999;-9999;-9999;-9999;-9999;-9999;-9999;-9999;-9999;
2011-07-23;22:00;-9999;-9999;-9999;-9999;-9999;-9999;-9999;-9999;-9999;-9999;-9999;-9999;-9999;-9999;-9999;-9999;-9999;
2011-07-23;23:00;-9999;-9999;-9999;-9999;-9999;-9999;-9999;-9999;-9999;-9999;-9999;-9999;-9999;-9999;-9999;-9999;-9999;
2011-07-24;00:00;-9999;-9999;-9999;-9999;-9999;-9999;-9999;-9999;-9999;-9999;-9999;-9999;-9999;-9999;-9999;-9999;-9999;
2011-07-24;01:00;-9999;-9999;-9999;-9999;-9999;-9999;-9999;-9999;-9999;-9999;-9999;-9999;-9999;-9999;-9999;-9999;-9999;
2011-07-24;02:00;-9999;-9999;-9999;-9999;-9999;-9999;-9999;-9999;-9999;-9999;-9999;-9999;-9999;-9999;-9999;-9999;-9999;
2011-07-24;03:00;-9999;-9999;-9999;-9999;-9999;-9999;-9999;-9999;-9999;-9999;-9999;-9999;-9999;-9999;-9999;-9999;-9999;
2011-07-24;04:00;-9999;-9999;-9999;-9999;-9999;-9999;-9999;-9999;-9999;-9999;-9999;-9999;-9999;-9999;-9999;-9999;-9999;
2011-07-24;05:00;-9999;-9999;-9999;-9999;-9999;-9999;-9999;-9999;-9999;-9999;-9999;-9999;-9999;-9999;-9999;-9999;-9999;
2011-07-24;06:00;-9999;-9999;-9999;-9999;-9999;-9999;-9999;-9999;-9999;-9999;-9999;-9999;-9999;-9999;-9999;-9999;-9999;
2011-07-24;07:00;-9999;-9999;-9999;-9999;-9999;-9999;-9999;-9999;-9999;-9999;-9999;-9999;-9999;-9999;-9999;-9999;-9999;
2011-07-24;08:00;-9999;-9999;-9999;-9999;-9999;-9999;-9999;-9999;-9999;-9999;-9999;-9999;-9999;-9999;-9999;-9999;-9999;
2011-07-24;09:00;-9999;-9999;-9999;-9999;-9999;-9999;-9999;-9999;-9999;-9999;-9999;-9999;-9999;-9999;-9999;-9999;-9999;
2011-07-24;10:00;-9999;-9999;-9999;-9999;-9999;-9999;-9999;-9999;-9999;-9999;-9999;-9999;-9999;-9999;-9999;-9999;-9999;
2011-07-24;11:00;-9999;-9999;-9999;-9999;-9999;-9999;-9999;-9999;-9999;-9999;-9999;-9999;-9999;-9999;-9999;-9999;-9999;
2011-07-24;12:00;-9999;-9999;-9999;-9999;-9999;-9999;-9999;-9999;-9999;-9999;-9999;-9999;-9999;-9999;-9999;-9999;-9999;
2011-07-24;13:00;-9999;-9999;-9999;-9999;-9999;-9999;-9999;-9999;-9999;-9999;-9999;-9999;-9999;-9999;-9999;-9999;-9999;
2011-07-24;14:00;-9999;-9999;-9999;-9999;-9999;-9999;-9999;-9999;-9999;-9999;-9999;-9999;-9999;-9999;-9999;-9999;-9999;
2011-07-24;15:00;-9999;-9999;-9999;-9999;-9999;-9999;-9999;-9999;-9999;-9999;-9999;-9999;-9999;-9999;-9999;-9999;-9999;
2011-07-24;16:00;-9999;-9999;-9999;-9999;-9999;-9999;-9999;-9999;-9999;-9999;-9999;-9999;-9999;-9999;-9999;-9999;-9999;
2011-07-24;17:00;-9999;-9999;-9999;-9999;-9999;-9999;-9999;-9999;-9999;-9999;-9999;-9999;-9999;-9999;-9999;-9999;-9999;
2011-07-24;18:00;-9999;-9999;-9999;-9999;-9999;-9999;-9999;-9999;-9999;-9999;-9999;-9999;-9999;-9999;-9999;-9999;-9999;
2011-07-24;19:00;-9999;-9999;-9999;-9999;-9999;-9999;-9999;-9999;-9999;-9999;-9999;-9999;-9999;-9999;-9999;-9999;-9999;
2011-07-24;20:00;-9999;-9999;-9999;-9999;-9999;-9999;-9999;-9999;-9999;-9999;-9999;-9999;-9999;-9999;-9999;-9999;-9999;
2011-07-24;21:00;-9999;-9999;-9999;-9999;-9999;-9999;-9999;-9999;-9999;-9999;-9999;-9999;-9999;-9999;-9999;-9999;-9999;
2011-07-24;22:00;-9999;-9999;-9999;-9999;-9999;-9999;-9999;-9999;-9999;-9999;-9999;-9999;-9999;-9999;-9999;-9999;-9999;
2011-07-24;23:00;-9999;-9999;-9999;-9999;-9999;-9999;-9999;-9999;-9999;-9999;-9999;-9999;-9999;-9999;-9999;-9999;-9999;
2011-07-25;00:00;-9999;-9999;-9999;-9999;-9999;-9999;-9999;-9999;-9999;-9999;-9999;-9999;-9999;-9999;-9999;-9999;-9999;
2011-07-25;01:00;-9999;-9999;-9999;-9999;-9999;-9999;-9999;-9999;-9999;-9999;-9999;-9999;-9999;-9999;-9999;-9999;-9999;
2011-07-25;02:00;-9999;-9999;-9999;-9999;-9999;-9999;-9999;-9999;-9999;-9999;-9999;-9999;-9999;-9999;-9999;-9999;-9999;
2011-07-25;03:00;-9999;-9999;-9999;-9999;-9999;-9999;-9999;-9999;-9999;-9999;-9999;-9999;-9999;-9999;-9999;-9999;-9999;
2011-07-25;04:00;-9999;-9999;-9999;-9999;-9999;-9999;-9999;-9999;-9999;-9999;-9999;-9999;-9999;-9999;-9999;-9999;-9999;
2011-07-25;05:00;-9999;-9999;-9999;-9999;-9999;-9999;-9999;-9999;-9999;-9999;-9999;-9999;-9999;-9999;-9999;-9999;-9999;
2011-07-25;06:00;-9999;-9999;-9999;-9999;-9999;-9999;-9999;-9999;-9999;-9999;-9999;-9999;-9999;-9999;-9999;-9999;-9999;
2011-07-25;07:00;-9999;-9999;-9999;-9999;-9999;-9999;-9999;-9999;-9999;-9999;-9999;-9999;-9999;-9999;-9999;-9999;-9999;
2011-07-25;08:00;-9999;-9999;-9999;-9999;-9999;-9999;-9999;-9999;-9999;-9999;-9999;-9999;-9999;-9999;-9999;-9999;-9999;
2011-07-25;09:00;-9999;-9999;-9999;-9999;-9999;-9999;-9999;-9999;-9999;-9999;-9999;-9999;-9999;-9999;-9999;-9999;-9999;
2011-07-25;10:00;-9999;-9999;-9999;-9999;-9999;-9999;-9999;-9999;-9999;-9999;-9999;-9999;-9999;-9999;-9999;-9999;-9999;
2011-07-25;11:00;-9999;-9999;-9999;-9999;-9999;-9999;-9999;-9999;-9999;-9999;-9999;-9999;-9999;-9999;-9999;-9999;-9999;
2011-07-25;12:00;-9999;-9999;-9999;-9999;-9999;-9999;-9999;-9999;-9999;-9999;-9999;-9999;-9999;-9999;-9999;-9999;-9999;
2011-07-25;13:00;-9999;-9999;-9999;-9999;-9999;-9999;-9999;-9999;-9999;-9999;-9999;-9999;-9999;-9999;-9999;-9999;-9999;
2011-07-25;14:00;-9999;-9999;-9999;-9999;-9999;-9999;-9999;-9999;-9999;-9999;-9999;-9999;-9999;-9999;-9999;-9999;-9999;
2011-07-25;15:00;-9999;-9999;-9999;-9999;-9999;-9999;-9999;-9999;-9999;-9999;-9999;-9999;-9999;-9999;-9999;-9999;-9999;
2011-07-25;16:00;-9999;-9999;-9999;-9999;-9999;-9999;-9999;-9999;-9999;-9999;-9999;-9999;-9999;-9999;-9999;-9999;-9999;
2011-07-25;17:00;-9999;-9999;-9999;-9999;-9999;-9999;-9999;-9999;-9999;-9999;-9999;-9999;-9999;-9999;-9999;-9999;-9999;
2011-07-25;18:00;-9999;-9999;-9999;-9999;-9999;-9999;-9999;-9999;-9999;-9999;-9999;-9999;-9999;-9999;-9999;-9999;-9999;
2011-07-25;19:00;-9999;-9999;-9999;-9999;-9999;-9999;-9999;-9999;-9999;-9999;-9999;-9999;-9999;-9999;-9999;-9999;-9999;
2011-07-25;20:00;-9999;-9999;-9999;-9999;-9999;-9999;-9999;-9999;-9999;-9999;-9999;-9999;-9999;-9999;-9999;-9999;-9999;
2011-07-25;21:00;-9999;-9999;-9999;-9999;-9999;-9999;-9999;-9999;-9999;-9999;-9999;-9999;-9999;-9999;-9999;-9999;-9999;
2011-07-25;22:00;-9999;-9999;-9999;-9999;-9999;-9999;-9999;-9999;-9999;-9999;-9999;-9999;-9999;-9999;-9999;-9999;-9999;
2011-07-25;23:00;-9999;-9999;-9999;-9999;-9999;-9999;-9999;-9999;-9999;-9999;-9999;-9999;-9999;-9999;-9999;-9999;-9999;
2011-07-26;00:00;-9999;-9999;-9999;-9999;-9999;-9999;-9999;-9999;-9999;-9999;-9999;-9999;-9999;-9999;-9999;-9999;-9999;
2011-07-26;01:00;-9999;-9999;-9999;-9999;-9999;-9999;-9999;-9999;-9999;-9999;-9999;-9999;-9999;-9999;-9999;-9999;-9999;
2011-07-26;02:00;-9999;-9999;-9999;-9999;-9999;-9999;-9999;-9999;-9999;-9999;-9999;-9999;-9999;-9999;-9999;-9999;-9999;
2011-07-26;03:00;-9999;-9999;-9999;-9999;-9999;-9999;-9999;-9999;-9999;-9999;-9999;-9999;-9999;-9999;-9999;-9999;-9999;
2011-07-26;04:00;-9999;-9999;-9999;-9999;-9999;-9999;-9999;-9999;-9999;-9999;-9999;-9999;-9999;-9999;-9999;-9999;-9999;
2011-07-26;05:00;-9999;-9999;-9999;-9999;-9999;-9999;-9999;-9999;-9999;-9999;-9999;-9999;-9999;-9999;-9999;-9999;-9999;
2011-07-26;06:00;-9999;-9999;-9999;-9999;-9999;-9999;-9999;-9999;-9999;-9999;-9999;-9999;-9999;-9999;-9999;-9999;-9999;
2011-07-26;07:00;-9999;-9999;-9999;-9999;-9999;-9999;-9999;-9999;-9999;-9999;-9999;-9999;-9999;-9999;-9999;-9999;-9999;
2011-07-26;08:00;-9999;-9999;-9999;-9999;-9999;-9999;-9999;-9999;-9999;-9999;-9999;-9999;-9999;-9999;-9999;-9999;-9999;
2011-07-26;09:00;-9999;-9999;-9999;-9999;-9999;-9999;-9999;-9999;-9999;-9999;-9999;-9999;-9999;-9999;-9999;-9999;-9999;
2011-07-26;10:00;-9999;-9999;-9999;-9999;-9999;-9999;-9999;-9999;-9999;-9999;-9999;-9999;-9999;-9999;-9999;-9999;-9999;
2011-07-26;11:00;-9999;-9999;-9999;-9999;-9999;-9999;-9999;-9999;-9999;-9999;-9999;-9999;-9999;-9999;-9999;-9999;-9999;
2011-07-26;12:00;-9999;-9999;-9999;-9999;-9999;-9999;-9999;-9999;-9999;-9999;-9999;-9999;-9999;-9999;-9999;-9999;-9999;
2011-07-26;13:00;-9999;-9999;-9999;-9999;-9999;-9999;-9999;-9999;-9999;-9999;-9999;-9999;-9999;-9999;-9999;-9999;-9999;
2011-07-26;14:00;-9999;-9999;-9999;-9999;-9999;-9999;-9999;-9999;-9999;-9999;-9999;-9999;-9999;-9999;-9999;-9999;-9999;
2011-07-26;15:00;-9999;-9999;-9999;-9999;-9999;-9999;-9999;-9999;-9999;-9999;-9999;-9999;-9999;-9999;-9999;-9999;-9999;
2011-07-26;16:00;-9999;-9999;-9999;-9999;-9999;-9999;-9999;-9999;-9999;-9999;-9999;-9999;-9999;-9999;-9999;-9999;-9999;
2011-07-26;17:00;-9999;-9999;-9999;-9999;-9999;-9999;-9999;-9999;-9999;-9999;-9999;-9999;-9999;-9999;-9999;-9999;-9999;
2011-07-26;18:00;-9999;-9999;-9999;-9999;-9999;-9999;-9999;-9999;-9999;-9999;-9999;-9999;-9999;-9999;-9999;-9999;-9999;
2011-07-26;19:00;-9999;-9999;-9999;-9999;-9999;-9999;-9999;-9999;-9999;-9999;-9999;-9999;-9999;-9999;-9999;-9999;-9999;
2011-07-26;20:00;-9999;-9999;-9999;-9999;-9999;-9999;-9999;-9999;-9999;-9999;-9999;-9999;-9999;-9999;-9999;-9999;-9999;
2011-07-26;21:00;-9999;-9999;-9999;-9999;-9999;-9999;-9999;-9999;-9999;-9999;-9999;-9999;-9999;-9999;-9999;-9999;-9999;
2011-07-26;22:00;-9999;-9999;-9999;-9999;-9999;-9999;-9999;-9999;-9999;-9999;-9999;-9999;-9999;-9999;-9999;-9999;-9999;
2011-07-26;23:00;-9999;-9999;-9999;-9999;-9999;-9999;-9999;-9999;-9999;-9999;-9999;-9999;-9999;-9999;-9999;-9999;-9999;
2011-07-27;00:00;-9999;-9999;-9999;-9999;-9999;-9999;-9999;-9999;-9999;-9999;-9999;-9999;-9999;-9999;-9999;-9999;-9999;
2011-07-27;01:00;-9999;-9999;-9999;-9999;-9999;-9999;-9999;-9999;-9999;-9999;-9999;-9999;-9999;-9999;-9999;-9999;-9999;
2011-07-27;02:00;-9999;-9999;-9999;-9999;-9999;-9999;-9999;-9999;-9999;-9999;-9999;-9999;-9999;-9999;-9999;-9999;-9999;
2011-07-27;03:00;-9999;-9999;-9999;-9999;-9999;-9999;-9999;-9999;-9999;-9999;-9999;-9999;-9999;-9999;-9999;-9999;-9999;
2011-07-27;04:00;-9999;-9999;-9999;-9999;-9999;-9999;-9999;-9999;-9999;-9999;-9999;-9999;-9999;-9999;-9999;-9999;-9999;
2011-07-27;05:00;-9999;-9999;-9999;-9999;-9999;-9999;-9999;-9999;-9999;-9999;-9999;-9999;-9999;-9999;-9999;-9999;-9999;
2011-07-27;06:00;-9999;-9999;-9999;-9999;-9999;-9999;-9999;-9999;-9999;-9999;-9999;-9999;-9999;-9999;-9999;-9999;-9999;
2011-07-27;07:00;-9999;-9999;-9999;-9999;-9999;-9999;-9999;-9999;-9999;-9999;-9999;-9999;-9999;-9999;-9999;-9999;-9999;
2011-07-27;08:00;-9999;-9999;-9999;-9999;-9999;-9999;-9999;-9999;-9999;-9999;-9999;-9999;-9999;-9999;-9999;-9999;-9999;
2011-07-27;09:00;-9999;-9999;-9999;-9999;-9999;-9999;-9999;-9999;-9999;-9999;-9999;-9999;-9999;-9999;-9999;-9999;-9999;
2011-07-27;10:00;-9999;-9999;-9999;-9999;-9999;-9999;-9999;-9999;-9999;-9999;-9999;-9999;-9999;-9999;-9999;-9999;-9999;
2011-07-27;11:00;-9999;-9999;-9999;-9999;-9999;-9999;-9999;-9999;-9999;-9999;-9999;-9999;-9999;-9999;-9999;-9999;-9999;
2011-07-27;12:00;-9999;-9999;-9999;-9999;-9999;-9999;-9999;-9999;-9999;-9999;-9999;-9999;-9999;-9999;-9999;-9999;-9999;
2011-07-27;13:00;-9999;-9999;-9999;-9999;-9999;-9999;-9999;-9999;-9999;-9999;-9999;-9999;-9999;-9999;-9999;-9999;-9999;
2011-07-27;14:00;-9999;-9999;-9999;-9999;-9999;-9999;-9999;-9999;-9999;-9999;-9999;-9999;-9999;-9999;-9999;-9999;-9999;
2011-07-27;15:00;-9999;-9999;-9999;-9999;-9999;-9999;-9999;-9999;-9999;-9999;-9999;-9999;-9999;-9999;-9999;-9999;-9999;
2011-07-27;16:00;-9999;-9999;-9999;-9999;-9999;-9999;-9999;-9999;-9999;-9999;-9999;-9999;-9999;-9999;-9999;-9999;-9999;
2011-07-27;17:00;-9999;-9999;-9999;-9999;-9999;-9999;-9999;-9999;-9999;-9999;-9999;-9999;-9999;-9999;-9999;-9999;-9999;
2011-07-27;18:00;-9999;-9999;-9999;-9999;-9999;-9999;-9999;-9999;-9999;-9999;-9999;-9999;-9999;-9999;-9999;-9999;-9999;
2011-07-27;19:00;-9999;-9999;-9999;-9999;-9999;-9999;-9999;-9999;-9999;-9999;-9999;-9999;-9999;-9999;-9999;-9999;-9999;
2011-07-27;20:00;-9999;-9999;-9999;-9999;-9999;-9999;-9999;-9999;-9999;-9999;-9999;-9999;-9999;-9999;-9999;-9999;-9999;
2011-07-27;21:00;-9999;-9999;-9999;-9999;-9999;-9999;-9999;-9999;-9999;-9999;-9999;-9999;-9999;-9999;-9999;-9999;-9999;
2011-07-27;22:00;-9999;-9999;-9999;-9999;-9999;-9999;-9999;-9999;-9999;-9999;-9999;-9999;-9999;-9999;-9999;-9999;-9999;
2011-07-27;23:00;-9999;-9999;-9999;-9999;-9999;-9999;-9999;-9999;-9999;-9999;-9999;-9999;-9999;-9999;-9999;-9999;-9999;
2011-07-28;00:00;-9999;-9999;-9999;-9999;-9999;-9999;-9999;-9999;-9999;-9999;-9999;-9999;-9999;-9999;-9999;-9999;-9999;
2011-07-28;01:00;-9999;-9999;-9999;-9999;-9999;-9999;-9999;-9999;-9999;-9999;-9999;-9999;-9999;-9999;-9999;-9999;-9999;
2011-07-28;02:00;-9999;-9999;-9999;-9999;-9999;-9999;-9999;-9999;-9999;-9999;-9999;-9999;-9999;-9999;-9999;-9999;-9999;
2011-07-28;03:00;-9999;-9999;-9999;-9999;-9999;-9999;-9999;-9999;-9999;-9999;-9999;-9999;-9999;-9999;-9999;-9999;-9999;
2011-07-28;04:00;-9999;-9999;-9999;-9999;-9999;-9999;-9999;-9999;-9999;-9999;-9999;-9999;-9999;-9999;-9999;-9999;-9999;
2011-07-28;05:00;-9999;-9999;-9999;-9999;-9999;-9999;-9999;-9999;-9999;-9999;-9999;-9999;-9999;-9999;-9999;-9999;-9999;
2011-07-28;06:00;-9999;-9999;-9999;-9999;-9999;-9999;-9999;-9999;-9999;-9999;-9999;-9999;-9999;-9999;-9999;-9999;-9999;
2011-07-28;07:00;-9999;-9999;-9999;-9999;-9999;-9999;-9999;-9999;-9999;-9999;-9999;-9999;-9999;-9999;-9999;-9999;-9999;
2011-07-28;08:00;-9999;-9999;-9999;-9999;-9999;-9999;-9999;-9999;-9999;-9999;-9999;-9999;-9999;-9999;-9999;-9999;-9999;
2011-07-28;09:00;-9999;-9999;-9999;-9999;-9999;-9999;-9999;-9999;-9999;-9999;-9999;-9999;-9999;-9999;-9999;-9999;-9999;
2011-07-28;10:00;-9999;-9999;-9999;-9999;-9999;-9999;-9999;-9999;-9999;-9999;-9999;-9999;-9999;-9999;-9999;-9999;-9999;
2011-07-28;11:00;-9999;-9999;-9999;-9999;-9999;-9999;-9999;-9999;-9999;-9999;-9999;-9999;-9999;-9999;-9999;-9999;-9999;
2011-07-28;12:00;-9999;-9999;-9999;-9999;-9999;-9999;-9999;-9999;-9999;-9999;-9999;-9999;-9999;-9999;-9999;-9999;-9999;
2011-07-28;13:00;-9999;-9999;-9999;-9999;-9999;-9999;-9999;-9999;-9999;-9999;-9999;-9999;-9999;-9999;-9999;-9999;-9999;
2011-07-28;14:00;-9999;-9999;-9999;-9999;-9999;-9999;-9999;-9999;-9999;-9999;-9999;-9999;-9999;-9999;-9999;-9999;-9999;
2011-07-28;15:00;-9999;-9999;-9999;-9999;-9999;-9999;-9999;-9999;-9999;-9999;-9999;-9999;-9999;-9999;-9999;-9999;-9999;
2011-07-28;16:00;-9999;-9999;-9999;-9999;-9999;-9999;-9999;-9999;-9999;-9999;-9999;-9999;-9999;-9999;-9999;-9999;-9999;
2011-07-28;17:00;-9999;-9999;-9999;-9999;-9999;-9999;-9999;-9999;-9999;-9999;-9999;-9999;-9999;-9999;-9999;-9999;-9999;
2011-07-28;18:00;-9999;-9999;-9999;-9999;-9999;-9999;-9999;-9999;-9999;-9999;-9999;-9999;-9999;-9999;-9999;-9999;-9999;
2011-07-28;19:00;-9999;-9999;-9999;-9999;-9999;-9999;-9999;-9999;-9999;-9999;-9999;-9999;-9999;-9999;-9999;-9999;-9999;
2011-07-28;20:00;-9999;-9999;-9999;-9999;-9999;-9999;-9999;-9999;-9999;-9999;-9999;-9999;-9999;-9999;-9999;-9999;-9999;
2011-07-28;21:00;-9999;-9999;-9999;-9999;-9999;-9999;-9999;-9999;-9999;-9999;-9999;-9999;-9999;-9999;-9999;-9999;-9999;
2011-07-28;22:00;-9999;-9999;-9999;-9999;-9999;-9999;-9999;-9999;-9999;-9999;-9999;-9999;-9999;-9999;-9999;-9999;-9999;
2011-07-28;23:00;-9999;-9999;-9999;-9999;-9999;-9999;-9999;-9999;-9999;-9999;-9999;-9999;-9999;-9999;-9999;-9999;-9999;
2011-07-29;00:00;-9999;-9999;-9999;-9999;-9999;-9999;-9999;-9999;-9999;-9999;-9999;-9999;-9999;-9999;-9999;-9999;-9999;
2011-07-29;01:00;-9999;-9999;-9999;-9999;-9999;-9999;-9999;-9999;-9999;-9999;-9999;-9999;-9999;-9999;-9999;-9999;-9999;
2011-07-29;02:00;-9999;-9999;-9999;-9999;-9999;-9999;-9999;-9999;-9999;-9999;-9999;-9999;-9999;-9999;-9999;-9999;-9999;
2011-07-29;03:00;-9999;-9999;-9999;-9999;-9999;-9999;-9999;-9999;-9999;-9999;-9999;-9999;-9999;-9999;-9999;-9999;-9999;
2011-07-29;04:00;-9999;-9999;-9999;-9999;-9999;-9999;-9999;-9999;-9999;-9999;-9999;-9999;-9999;-9999;-9999;-9999;-9999;
2011-07-29;05:00;-9999;-9999;-9999;-9999;-9999;-9999;-9999;-9999;-9999;-9999;-9999;-9999;-9999;-9999;-9999;-9999;-9999;
2011-07-29;06:00;-9999;-9999;-9999;-9999;-9999;-9999;-9999;-9999;-9999;-9999;-9999;-9999;-9999;-9999;-9999;-9999;-9999;
2011-07-29;07:00;-9999;-9999;-9999;-9999;-9999;-9999;-9999;-9999;-9999;-9999;-9999;-9999;-9999;-9999;-9999;-9999;-9999;
2011-07-29;08:00;-9999;-9999;-9999;-9999;-9999;-9999;-9999;-9999;-9999;-9999;-9999;-9999;-9999;-9999;-9999;-9999;-9999;
2011-07-29;09:00;-9999;-9999;-9999;-9999;-9999;-9999;-9999;-9999;-9999;-9999;-9999;-9999;-9999;-9999;-9999;-9999;-9999;
2011-07-29;10:00;-9999;-9999;-9999;-9999;-9999;-9999;-9999;-9999;-9999;-9999;-9999;-9999;-9999;-9999;-9999;-9999;-9999;
2011-07-29;11:00;-9999;-9999;-9999;-9999;-9999;-9999;-9999;-9999;-9999;-9999;-9999;-9999;-9999;-9999;-9999;-9999;-9999;
2011-07-29;12:00;-9999;-9999;-9999;-9999;-9999;-9999;-9999;-9999;-9999;-9999;-9999;-9999;-9999;-9999;-9999;-9999;-9999;
2011-07-29;13:00;-9999;-9999;-9999;-9999;-9999;-9999;-9999;-9999;-9999;-9999;-9999;-9999;-9999;-9999;-9999;-9999;-9999;
2011-07-29;14:00;-9999;-9999;-9999;-9999;-9999;-9999;-9999;-9999;-9999;-9999;-9999;-9999;-9999;-9999;-9999;-9999;-9999;
2011-07-29;15:00;-9999;-9999;-9999;-9999;-9999;-9999;-9999;-9999;-9999;-9999;-9999;-9999;-9999;-9999;-9999;-9999;-9999;
2011-07-29;16:00;-9999;-9999;-9999;-9999;-9999;-9999;-9999;-9999;-9999;-9999;-9999;-9999;-9999;-9999;-9999;-9999;-9999;
2011-07-29;17:00;-9999;-9999;-9999;-9999;-9999;-9999;-9999;-9999;-9999;-9999;-9999;-9999;-9999;-9999;-9999;-9999;-9999;
2011-07-29;18:00;-9999;-9999;-9999;-9999;-9999;-9999;-9999;-9999;-9999;-9999;-9999;-9999;-9999;-9999;-9999;-9999;-9999;
2011-07-29;19:00;-9999;-9999;-9999;-9999;-9999;-9999;-9999;-9999;-9999;-9999;-9999;-9999;-9999;-9999;-9999;-9999;-9999;
2011-07-29;20:00;-9999;-9999;-9999;-9999;-9999;-9999;-9999;-9999;-9999;-9999;-9999;-9999;-9999;-9999;-9999;-9999;-9999;
2011-07-29;21:00;-9999;-9999;-9999;-9999;-9999;-9999;-9999;-9999;-9999;-9999;-9999;-9999;-9999;-9999;-9999;-9999;-9999;
2011-07-29;22:00;-9999;-9999;-9999;-9999;-9999;-9999;-9999;-9999;-9999;-9999;-9999;-9999;-9999;-9999;-9999;-9999;-9999;
2011-07-29;23:00;-9999;-9999;-9999;-9999;-9999;-9999;-9999;-9999;-9999;-9999;-9999;-9999;-9999;-9999;-9999;-9999;-9999;
2011-07-30;00:00;-9999;-9999;-9999;-9999;-9999;-9999;-9999;-9999;-9999;-9999;-9999;-9999;-9999;-9999;-9999;-9999;-9999;
2011-07-30;01:00;-9999;-9999;-9999;-9999;-9999;-9999;-9999;-9999;-9999;-9999;-9999;-9999;-9999;-9999;-9999;-9999;-9999;
2011-07-30;02:00;-9999;-9999;-9999;-9999;-9999;-9999;-9999;-9999;-9999;-9999;-9999;-9999;-9999;-9999;-9999;-9999;-9999;
2011-07-30;03:00;-9999;-9999;-9999;-9999;-9999;-9999;-9999;-9999;-9999;-9999;-9999;-9999;-9999;-9999;-9999;-9999;-9999;
2011-07-30;04:00;-9999;-9999;-9999;-9999;-9999;-9999;-9999;-9999;-9999;-9999;-9999;-9999;-9999;-9999;-9999;-9999;-9999;
2011-07-30;05:00;-9999;-9999;-9999;-9999;-9999;-9999;-9999;-9999;-9999;-9999;-9999;-9999;-9999;-9999;-9999;-9999;-9999;
2011-07-30;06:00;-9999;-9999;-9999;-9999;-9999;-9999;-9999;-9999;-9999;-9999;-9999;-9999;-9999;-9999;-9999;-9999;-9999;
2011-07-30;07:00;-9999;-9999;-9999;-9999;-9999;-9999;-9999;-9999;-9999;-9999;-9999;-9999;-9999;-9999;-9999;-9999;-9999;
2011-07-30;08:00;-9999;-9999;-9999;-9999;-9999;-9999;-9999;-9999;-9999;-9999;-9999;-9999;-9999;-9999;-9999;-9999;-9999;
2011-07-30;09:00;-9999;-9999;-9999;-9999;-9999;-9999;-9999;-9999;-9999;-9999;-9999;-9999;-9999;-9999;-9999;-9999;-9999;
2011-07-30;10:00;-9999;-9999;-9999;-9999;-9999;-9999;-9999;-9999;-9999;-9999;-9999;-9999;-9999;-9999;-9999;-9999;-9999;
2011-07-30;11:00;-9999;-9999;-9999;-9999;-9999;-9999;-9999;-9999;-9999;-9999;-9999;-9999;-9999;-9999;-9999;-9999;-9999;
2011-07-30;12:00;-9999;-9999;-9999;-9999;-9999;-9999;-9999;-9999;-9999;-9999;-9999;-9999;-9999;-9999;-9999;-9999;-9999;
2011-07-30;13:00;-9999;-9999;-9999;-9999;-9999;-9999;-9999;-9999;-9999;-9999;-9999;-9999;-9999;-9999;-9999;-9999;-9999;
2011-07-30;14:00;-9999;-9999;-9999;-9999;-9999;-9999;-9999;-9999;-9999;-9999;-9999;-9999;-9999;-9999;-9999;-9999;-9999;
2011-07-30;15:00;-9999;-9999;-9999;-9999;-9999;-9999;-9999;-9999;-9999;-9999;-9999;-9999;-9999;-9999;-9999;-9999;-9999;
2011-07-30;16:00;-9999;-9999;-9999;-9999;-9999;-9999;-9999;-9999;-9999;-9999;-9999;-9999;-9999;-9999;-9999;-9999;-9999;
2011-07-30;17:00;-9999;-9999;-9999;-9999;-9999;-9999;-9999;-9999;-9999;-9999;-9999;-9999;-9999;-9999;-9999;-9999;-9999;
2011-07-30;18:00;-9999;-9999;-9999;-9999;-9999;-9999;-9999;-9999;-9999;-9999;-9999;-9999;-9999;-9999;-9999;-9999;-9999;
2011-07-30;19:00;-9999;-9999;-9999;-9999;-9999;-9999;-9999;-9999;-9999;-9999;-9999;-9999;-9999;-9999;-9999;-9999;-9999;
2011-07-30;20:00;-9999;-9999;-9999;-9999;-9999;-9999;-9999;-9999;-9999;-9999;-9999;-9999;-9999;-9999;-9999;-9999;-9999;
2011-07-30;21:00;-9999;-9999;-9999;-9999;-9999;-9999;-9999;-9999;-9999;-9999;-9999;-9999;-9999;-9999;-9999;-9999;-9999;
2011-07-30;22:00;-9999;-9999;-9999;-9999;-9999;-9999;-9999;-9999;-9999;-9999;-9999;-9999;-9999;-9999;-9999;-9999;-9999;
2011-07-30;23:00;-9999;-9999;-9999;-9999;-9999;-9999;-9999;-9999;-9999;-9999;-9999;-9999;-9999;-9999;-9999;-9999;-9999;
2011-07-31;00:00;-9999;-9999;-9999;-9999;-9999;-9999;-9999;-9999;-9999;-9999;-9999;-9999;-9999;-9999;-9999;-9999;-9999;
2011-07-31;01:00;-9999;-9999;-9999;-9999;-9999;-9999;-9999;-9999;-9999;-9999;-9999;-9999;-9999;-9999;-9999;-9999;-9999;
2011-07-31;02:00;-9999;-9999;-9999;-9999;-9999;-9999;-9999;-9999;-9999;-9999;-9999;-9999;-9999;-9999;-9999;-9999;-9999;
2011-07-31;03:00;-9999;-9999;-9999;-9999;-9999;-9999;-9999;-9999;-9999;-9999;-9999;-9999;-9999;-9999;-9999;-9999;-9999;
2011-07-31;04:00;-9999;-9999;-9999;-9999;-9999;-9999;-9999;-9999;-9999;-9999;-9999;-9999;-9999;-9999;-9999;-9999;-9999;
2011-07-31;05:00;-9999;-9999;-9999;-9999;-9999;-9999;-9999;-9999;-9999;-9999;-9999;-9999;-9999;-9999;-9999;-9999;-9999;
2011-07-31;06:00;-9999;-9999;-9999;-9999;-9999;-9999;-9999;-9999;-9999;-9999;-9999;-9999;-9999;-9999;-9999;-9999;-9999;
2011-07-31;07:00;-9999;-9999;-9999;-9999;-9999;-9999;-9999;-9999;-9999;-9999;-9999;-9999;-9999;-9999;-9999;-9999;-9999;
2011-07-31;08:00;-9999;-9999;-9999;-9999;-9999;-9999;-9999;-9999;-9999;-9999;-9999;-9999;-9999;-9999;-9999;-9999;-9999;
2011-07-31;09:00;-9999;-9999;-9999;-9999;-9999;-9999;-9999;-9999;-9999;-9999;-9999;-9999;-9999;-9999;-9999;-9999;-9999;
2011-07-31;10:00;-9999;-9999;-9999;-9999;-9999;-9999;-9999;-9999;-9999;-9999;-9999;-9999;-9999;-9999;-9999;-9999;-9999;
2011-07-31;11:00;-9999;-9999;-9999;-9999;-9999;-9999;-9999;-9999;-9999;-9999;-9999;-9999;-9999;-9999;-9999;-9999;-9999;
2011-07-31;12:00;-9999;-9999;-9999;-9999;-9999;-9999;-9999;-9999;-9999;-9999;-9999;-9999;-9999;-9999;-9999;-9999;-9999;
2011-07-31;13:00;-9999;-9999;-9999;-9999;-9999;-9999;-9999;-9999;-9999;-9999;-9999;-9999;-9999;-9999;-9999;-9999;-9999;
2011-07-31;14:00;-9999;-9999;-9999;-9999;-9999;-9999;-9999;-9999;-9999;-9999;-9999;-9999;-9999;-9999;-9999;-9999;-9999;
2011-07-31;15:00;-9999;-9999;-9999;-9999;-9999;-9999;-9999;-9999;-9999;-9999;-9999;-9999;-9999;-9999;-9999;-9999;-9999;
2011-07-31;16:00;-9999;-9999;-9999;-9999;-9999;-9999;-9999;-9999;-9999;-9999;-9999;-9999;-9999;-9999;-9999;-9999;-9999;
2011-07-31;17:00;-9999;-9999;-9999;-9999;-9999;-9999;-9999;-9999;-9999;-9999;-9999;-9999;-9999;-9999;-9999;-9999;-9999;
2011-07-31;18:00;-9999;-9999;-9999;-9999;-9999;-9999;-9999;-9999;-9999;-9999;-9999;-9999;-9999;-9999;-9999;-9999;-9999;
2011-07-31;19:00;-9999;-9999;-9999;-9999;-9999;-9999;-9999;-9999;-9999;-9999;-9999;-9999;-9999;-9999;-9999;-9999;-9999;
2011-07-31;20:00;-9999;-9999;-9999;-9999;-9999;-9999;-9999;-9999;-9999;-9999;-9999;-9999;-9999;-9999;-9999;-9999;-9999;
2011-07-31;21:00;-9999;-9999;-9999;-9999;-9999;-9999;-9999;-9999;-9999;-9999;-9999;-9999;-9999;-9999;-9999;-9999;-9999;
2011-07-31;22:00;-9999;-9999;-9999;-9999;-9999;-9999;-9999;-9999;-9999;-9999;-9999;-9999;-9999;-9999;-9999;-9999;-9999;
2011-07-31;23:00;-9999;-9999;-9999;-9999;-9999;-9999;-9999;-9999;-9999;-9999;-9999;-9999;-9999;-9999;-9999;-9999;-9999;
2011-08-01;00:00;-9999;-9999;-9999;-9999;-9999;-9999;-9999;-9999;-9999;-9999;-9999;-9999;-9999;-9999;-9999;-9999;-9999;
2011-08-01;01:00;-9999;-9999;-9999;-9999;-9999;-9999;-9999;-9999;-9999;-9999;-9999;-9999;-9999;-9999;-9999;-9999;-9999;
2011-08-01;02:00;-9999;-9999;-9999;-9999;-9999;-9999;-9999;-9999;-9999;-9999;-9999;-9999;-9999;-9999;-9999;-9999;-9999;
2011-08-01;03:00;-9999;-9999;-9999;-9999;-9999;-9999;-9999;-9999;-9999;-9999;-9999;-9999;-9999;-9999;-9999;-9999;-9999;
2011-08-01;04:00;-9999;-9999;-9999;-9999;-9999;-9999;-9999;-9999;-9999;-9999;-9999;-9999;-9999;-9999;-9999;-9999;-9999;
2011-08-01;05:00;-9999;-9999;-9999;-9999;-9999;-9999;-9999;-9999;-9999;-9999;-9999;-9999;-9999;-9999;-9999;-9999;-9999;
2011-08-01;06:00;-9999;-9999;-9999;-9999;-9999;-9999;-9999;-9999;-9999;-9999;-9999;-9999;-9999;-9999;-9999;-9999;-9999;
2011-08-01;07:00;-9999;-9999;-9999;-9999;-9999;-9999;-9999;-9999;-9999;-9999;-9999;-9999;-9999;-9999;-9999;-9999;-9999;
2011-08-01;08:00;-9999;-9999;-9999;-9999;-9999;-9999;-9999;-9999;-9999;-9999;-9999;-9999;-9999;-9999;-9999;-9999;-9999;
2011-08-01;09:00;-9999;-9999;-9999;-9999;-9999;-9999;-9999;-9999;-9999;-9999;-9999;-9999;-9999;-9999;-9999;-9999;-9999;
2011-08-01;10:00;-9999;-9999;-9999;-9999;-9999;-9999;-9999;-9999;-9999;-9999;-9999;-9999;-9999;-9999;-9999;-9999;-9999;
2011-08-01;11:00;-9999;-9999;-9999;-9999;-9999;-9999;-9999;-9999;-9999;-9999;-9999;-9999;-9999;-9999;-9999;-9999;-9999;
2011-08-01;12:00;-9999;-9999;-9999;-9999;-9999;-9999;-9999;-9999;-9999;-9999;-9999;-9999;-9999;-9999;-9999;-9999;-9999;
2011-08-01;13:00;-9999;-9999;-9999;-9999;-9999;-9999;-9999;-9999;-9999;-9999;-9999;-9999;-9999;-9999;-9999;-9999;-9999;
2011-08-01;14:00;-9999;-9999;-9999;-9999;-9999;-9999;-9999;-9999;-9999;-9999;-9999;-9999;-9999;-9999;-9999;-9999;-9999;
2011-08-01;15:00;-9999;-9999;-9999;-9999;-9999;-9999;-9999;-9999;-9999;-9999;-9999;-9999;-9999;-9999;-9999;-9999;-9999;
2011-08-01;16:00;-9999;-9999;-9999;-9999;-9999;-9999;-9999;-9999;-9999;-9999;-9999;-9999;-9999;-9999;-9999;-9999;-9999;
2011-08-01;17:00;-9999;-9999;-9999;-9999;-9999;-9999;-9999;-9999;-9999;-9999;-9999;-9999;-9999;-9999;-9999;-9999;-9999;
2011-08-01;18:00;-9999;-9999;-9999;-9999;-9999;-9999;-9999;-9999;-9999;-9999;-9999;-9999;-9999;-9999;-9999;-9999;-9999;
2011-08-01;19:00;-9999;-9999;-9999;-9999;-9999;-9999;-9999;-9999;-9999;-9999;-9999;-9999;-9999;-9999;-9999;-9999;-9999;
2011-08-01;20:00;-9999;-9999;-9999;-9999;-9999;-9999;-9999;-9999;-9999;-9999;-9999;-9999;-9999;-9999;-9999;-9999;-9999;
2011-08-01;21:00;-9999;-9999;-9999;-9999;-9999;-9999;-9999;-9999;-9999;-9999;-9999;-9999;-9999;-9999;-9999;-9999;-9999;
2011-08-01;22:00;-9999;-9999;-9999;-9999;-9999;-9999;-9999;-9999;-9999;-9999;-9999;-9999;-9999;-9999;-9999;-9999;-9999;
2011-08-01;23:00;-9999;-9999;-9999;-9999;-9999;-9999;-9999;-9999;-9999;-9999;-9999;-9999;-9999;-9999;-9999;-9999;-9999;
2011-08-02;00:00;-9999;-9999;-9999;-9999;-9999;-9999;-9999;-9999;-9999;-9999;-9999;-9999;-9999;-9999;-9999;-9999;-9999;
2011-08-02;01:00;-9999;-9999;-9999;-9999;-9999;-9999;-9999;-9999;-9999;-9999;-9999;-9999;-9999;-9999;-9999;-9999;-9999;
2011-08-02;02:00;-9999;-9999;-9999;-9999;-9999;-9999;-9999;-9999;-9999;-9999;-9999;-9999;-9999;-9999;-9999;-9999;-9999;
2011-08-02;03:00;-9999;-9999;-9999;-9999;-9999;-9999;-9999;-9999;-9999;-9999;-9999;-9999;-9999;-9999;-9999;-9999;-9999;
2011-08-02;04:00;-9999;-9999;-9999;-9999;-9999;-9999;-9999;-9999;-9999;-9999;-9999;-9999;-9999;-9999;-9999;-9999;-9999;
2011-08-02;05:00;-9999;-9999;-9999;-9999;-9999;-9999;-9999;-9999;-9999;-9999;-9999;-9999;-9999;-9999;-9999;-9999;-9999;
2011-08-02;06:00;-9999;-9999;-9999;-9999;-9999;-9999;-9999;-9999;-9999;-9999;-9999;-9999;-9999;-9999;-9999;-9999;-9999;
2011-08-02;07:00;-9999;-9999;-9999;-9999;-9999;-9999;-9999;-9999;-9999;-9999;-9999;-9999;-9999;-9999;-9999;-9999;-9999;
2011-08-02;08:00;-9999;-9999;-9999;-9999;-9999;-9999;-9999;-9999;-9999;-9999;-9999;-9999;-9999;-9999;-9999;-9999;-9999;
2011-08-02;09:00;-9999;-9999;-9999;-9999;-9999;-9999;-9999;-9999;-9999;-9999;-9999;-9999;-9999;-9999;-9999;-9999;-9999;
2011-08-02;10:00;-9999;-9999;-9999;-9999;-9999;-9999;-9999;-9999;-9999;-9999;-9999;-9999;-9999;-9999;-9999;-9999;-9999;
2011-08-02;11:00;-9999;-9999;-9999;-9999;-9999;-9999;-9999;-9999;-9999;-9999;-9999;-9999;-9999;-9999;-9999;-9999;-9999;
2011-08-02;12:00;-9999;-9999;-9999;-9999;-9999;-9999;-9999;-9999;-9999;-9999;-9999;-9999;-9999;-9999;-9999;-9999;-9999;
2011-08-02;13:00;-9999;-9999;-9999;-9999;-9999;-9999;-9999;-9999;-9999;-9999;-9999;-9999;-9999;-9999;-9999;-9999;-9999;
2011-08-02;14:00;-9999;-9999;-9999;-9999;-9999;-9999;-9999;-9999;-9999;-9999;-9999;-9999;-9999;-9999;-9999;-9999;-9999;
2011-08-02;15:00;-9999;-9999;-9999;-9999;-9999;-9999;-9999;-9999;-9999;-9999;-9999;-9999;-9999;-9999;-9999;-9999;-9999;
2011-08-02;16:00;-9999;-9999;-9999;-9999;-9999;-9999;-9999;-9999;-9999;-9999;-9999;-9999;-9999;-9999;-9999;-9999;-9999;
2011-08-02;17:00;-9999;-9999;-9999;-9999;-9999;-9999;-9999;-9999;-9999;-9999;-9999;-9999;-9999;-9999;-9999;-9999;-9999;
2011-08-02;18:00;-9999;-9999;-9999;-9999;-9999;-9999;-9999;-9999;-9999;-9999;-9999;-9999;-9999;-9999;-9999;-9999;-9999;
2011-08-02;19:00;-9999;-9999;-9999;-9999;-9999;-9999;-9999;-9999;-9999;-9999;-9999;-9999;-9999;-9999;-9999;-9999;-9999;
2011-08-02;20:00;-9999;-9999;-9999;-9999;-9999;-9999;-9999;-9999;-9999;-9999;-9999;-9999;-9999;-9999;-9999;-9999;-9999;
2011-08-02;21:00;-9999;-9999;-9999;-9999;-9999;-9999;-9999;-9999;-9999;-9999;-9999;-9999;-9999;-9999;-9999;-9999;-9999;
2011-08-02;22:00;-9999;-9999;-9999;-9999;-9999;-9999;-9999;-9999;-9999;-9999;-9999;-9999;-9999;-9999;-9999;-9999;-9999;
2011-08-02;23:00;-9999;-9999;-9999;-9999;-9999;-9999;-9999;-9999;-9999;-9999;-9999;-9999;-9999;-9999;-9999;-9999;-9999;
2011-08-03;00:00;-9999;-9999;-9999;-9999;-9999;-9999;-9999;-9999;-9999;-9999;-9999;-9999;-9999;-9999;-9999;-9999;-9999;
2011-08-03;01:00;-9999;-9999;-9999;-9999;-9999;-9999;-9999;-9999;-9999;-9999;-9999;-9999;-9999;-9999;-9999;-9999;-9999;
2011-08-03;02:00;-9999;-9999;-9999;-9999;-9999;-9999;-9999;-9999;-9999;-9999;-9999;-9999;-9999;-9999;-9999;-9999;-9999;
2011-08-03;03:00;-9999;-9999;-9999;-9999;-9999;-9999;-9999;-9999;-9999;-9999;-9999;-9999;-9999;-9999;-9999;-9999;-9999;
2011-08-03;04:00;-9999;-9999;-9999;-9999;-9999;-9999;-9999;-9999;-9999;-9999;-9999;-9999;-9999;-9999;-9999;-9999;-9999;
2011-08-03;05:00;-9999;-9999;-9999;-9999;-9999;-9999;-9999;-9999;-9999;-9999;-9999;-9999;-9999;-9999;-9999;-9999;-9999;
2011-08-03;06:00;-9999;-9999;-9999;-9999;-9999;-9999;-9999;-9999;-9999;-9999;-9999;-9999;-9999;-9999;-9999;-9999;-9999;
2011-08-03;07:00;-9999;-9999;-9999;-9999;-9999;-9999;-9999;-9999;-9999;-9999;-9999;-9999;-9999;-9999;-9999;-9999;-9999;
2011-08-03;08:00;-9999;-9999;-9999;-9999;-9999;-9999;-9999;-9999;-9999;-9999;-9999;-9999;-9999;-9999;-9999;-9999;-9999;
2011-08-03;09:00;-9999;-9999;-9999;-9999;-9999;-9999;-9999;-9999;-9999;-9999;-9999;-9999;-9999;-9999;-9999;-9999;-9999;
2011-08-03;10:00;-9999;-9999;-9999;-9999;-9999;-9999;-9999;-9999;-9999;-9999;-9999;-9999;-9999;-9999;-9999;-9999;-9999;
2011-08-03;11:00;-9999;-9999;-9999;-9999;-9999;-9999;-9999;-9999;-9999;-9999;-9999;-9999;-9999;-9999;-9999;-9999;-9999;
2011-08-03;12:00;-9999;-9999;-9999;-9999;-9999;-9999;-9999;-9999;-9999;-9999;-9999;-9999;-9999;-9999;-9999;-9999;-9999;
2011-08-03;13:00;-9999;-9999;-9999;-9999;-9999;-9999;-9999;-9999;-9999;-9999;-9999;-9999;-9999;-9999;-9999;-9999;-9999;
2011-08-03;14:00;-9999;-9999;-9999;-9999;-9999;-9999;-9999;-9999;-9999;-9999;-9999;-9999;-9999;-9999;-9999;-9999;-9999;
2011-08-03;15:00;-9999;-9999;-9999;-9999;-9999;-9999;-9999;-9999;-9999;-9999;-9999;-9999;-9999;-9999;-9999;-9999;-9999;
2011-08-03;16:00;-9999;-9999;-9999;-9999;-9999;-9999;-9999;-9999;-9999;-9999;-9999;-9999;-9999;-9999;-9999;-9999;-9999;
2011-08-03;17:00;-9999;-9999;-9999;-9999;-9999;-9999;-9999;-9999;-9999;-9999;-9999;-9999;-9999;-9999;-9999;-9999;-9999;
2011-08-03;18:00;-9999;-9999;-9999;-9999;-9999;-9999;-9999;-9999;-9999;-9999;-9999;-9999;-9999;-9999;-9999;-9999;-9999;
2011-08-03;19:00;-9999;-9999;-9999;-9999;-9999;-9999;-9999;-9999;-9999;-9999;-9999;-9999;-9999;-9999;-9999;-9999;-9999;
2011-08-03;20:00;-9999;-9999;-9999;-9999;-9999;-9999;-9999;-9999;-9999;-9999;-9999;-9999;-9999;-9999;-9999;-9999;-9999;
2011-08-03;21:00;-9999;-9999;-9999;-9999;-9999;-9999;-9999;-9999;-9999;-9999;-9999;-9999;-9999;-9999;-9999;-9999;-9999;
2011-08-03;22:00;-9999;-9999;-9999;-9999;-9999;-9999;-9999;-9999;-9999;-9999;-9999;-9999;-9999;-9999;-9999;-9999;-9999;
2011-08-03;23:00;-9999;-9999;-9999;-9999;-9999;-9999;-9999;-9999;-9999;-9999;-9999;-9999;-9999;-9999;-9999;-9999;-9999;
2011-08-04;00:00;-9999;-9999;-9999;-9999;-9999;-9999;-9999;-9999;-9999;-9999;-9999;-9999;-9999;-9999;-9999;-9999;-9999;
2011-08-04;01:00;-9999;-9999;-9999;-9999;-9999;-9999;-9999;-9999;-9999;-9999;-9999;-9999;-9999;-9999;-9999;-9999;-9999;
2011-08-04;02:00;-9999;-9999;-9999;-9999;-9999;-9999;-9999;-9999;-9999;-9999;-9999;-9999;-9999;-9999;-9999;-9999;-9999;
2011-08-04;03:00;-9999;-9999;-9999;-9999;-9999;-9999;-9999;-9999;-9999;-9999;-9999;-9999;-9999;-9999;-9999;-9999;-9999;
2011-08-04;04:00;-9999;-9999;-9999;-9999;-9999;-9999;-9999;-9999;-9999;-9999;-9999;-9999;-9999;-9999;-9999;-9999;-9999;
2011-08-04;05:00;-9999;-9999;-9999;-9999;-9999;-9999;-9999;-9999;-9999;-9999;-9999;-9999;-9999;-9999;-9999;-9999;-9999;
2011-08-04;06:00;-9999;-9999;-9999;-9999;-9999;-9999;-9999;-9999;-9999;-9999;-9999;-9999;-9999;-9999;-9999;-9999;-9999;
2011-08-04;07:00;-9999;-9999;-9999;-9999;-9999;-9999;-9999;-9999;-9999;-9999;-9999;-9999;-9999;-9999;-9999;-9999;-9999;
2011-08-04;08:00;-9999;-9999;-9999;-9999;-9999;-9999;-9999;-9999;-9999;-9999;-9999;-9999;-9999;-9999;-9999;-9999;-9999;
2011-08-04;09:00;-9999;-9999;-9999;-9999;-9999;-9999;-9999;-9999;-9999;-9999;-9999;-9999;-9999;-9999;-9999;-9999;-9999;
2011-08-04;10:00;-9999;-9999;-9999;-9999;-9999;-9999;-9999;-9999;-9999;-9999;-9999;-9999;-9999;-9999;-9999;-9999;-9999;
2011-08-04;11:00;-9999;-9999;-9999;-9999;-9999;-9999;-9999;-9999;-9999;-9999;-9999;-9999;-9999;-9999;-9999;-9999;-9999;
2011-08-04;12:00;-9999;-9999;-9999;-9999;-9999;-9999;-9999;-9999;-9999;-9999;-9999;-9999;-9999;-9999;-9999;-9999;-9999;
2011-08-04;13:00;-9999;-9999;-9999;-9999;-9999;-9999;-9999;-9999;-9999;-9999;-9999;-9999;-9999;-9999;-9999;-9999;-9999;
2011-08-04;14:00;-9999;-9999;-9999;-9999;-9999;-9999;-9999;-9999;-9999;-9999;-9999;-9999;-9999;-9999;-9999;-9999;-9999;
2011-08-04;15:00;-9999;-9999;-9999;-9999;-9999;-9999;-9999;-9999;-9999;-9999;-9999;-9999;-9999;-9999;-9999;-9999;-9999;
2011-08-04;16:00;-9999;-9999;-9999;-9999;-9999;-9999;-9999;-9999;-9999;-9999;-9999;-9999;-9999;-9999;-9999;-9999;-9999;
2011-08-04;17:00;-9999;-9999;-9999;-9999;-9999;-9999;-9999;-9999;-9999;-9999;-9999;-9999;-9999;-9999;-9999;-9999;-9999;
2011-08-04;18:00;-9999;-9999;-9999;-9999;-9999;-9999;-9999;-9999;-9999;-9999;-9999;-9999;-9999;-9999;-9999;-9999;-9999;
2011-08-04;19:00;-9999;-9999;-9999;-9999;-9999;-9999;-9999;-9999;-9999;-9999;-9999;-9999;-9999;-9999;-9999;-9999;-9999;
2011-08-04;20:00;-9999;-9999;-9999;-9999;-9999;-9999;-9999;-9999;-9999;-9999;-9999;-9999;-9999;-9999;-9999;-9999;-9999;
2011-08-04;21:00;-9999;-9999;-9999;-9999;-9999;-9999;-9999;-9999;-9999;-9999;-9999;-9999;-9999;-9999;-9999;-9999;-9999;
2011-08-04;22:00;-9999;-9999;-9999;-9999;-9999;-9999;-9999;-9999;-9999;-9999;-9999;-9999;-9999;-9999;-9999;-9999;-9999;
2011-08-04;23:00;-9999;-9999;-9999;-9999;-9999;-9999;-9999;-9999;-9999;-9999;-9999;-9999;-9999;-9999;-9999;-9999;-9999;
2011-08-05;00:00;-9999;-9999;-9999;-9999;-9999;-9999;-9999;-9999;-9999;-9999;-9999;-9999;-9999;-9999;-9999;-9999;-9999;
2011-08-05;01:00;-9999;-9999;-9999;-9999;-9999;-9999;-9999;-9999;-9999;-9999;-9999;-9999;-9999;-9999;-9999;-9999;-9999;
2011-08-05;02:00;-9999;-9999;-9999;-9999;-9999;-9999;-9999;-9999;-9999;-9999;-9999;-9999;-9999;-9999;-9999;-9999;-9999;
2011-08-05;03:00;-9999;-9999;-9999;-9999;-9999;-9999;-9999;-9999;-9999;-9999;-9999;-9999;-9999;-9999;-9999;-9999;-9999;
2011-08-05;04:00;-9999;-9999;-9999;-9999;-9999;-9999;-9999;-9999;-9999;-9999;-9999;-9999;-9999;-9999;-9999;-9999;-9999;
2011-08-05;05:00;-9999;-9999;-9999;-9999;-9999;-9999;-9999;-9999;-9999;-9999;-9999;-9999;-9999;-9999;-9999;-9999;-9999;
2011-08-05;06:00;-9999;-9999;-9999;-9999;-9999;-9999;-9999;-9999;-9999;-9999;-9999;-9999;-9999;-9999;-9999;-9999;-9999;
2011-08-05;07:00;-9999;-9999;-9999;-9999;-9999;-9999;-9999;-9999;-9999;-9999;-9999;-9999;-9999;-9999;-9999;-9999;-9999;
2011-08-05;08:00;-9999;-9999;-9999;-9999;-9999;-9999;-9999;-9999;-9999;-9999;-9999;-9999;-9999;-9999;-9999;-9999;-9999;
2011-08-05;09:00;-9999;-9999;-9999;-9999;-9999;-9999;-9999;-9999;-9999;-9999;-9999;-9999;-9999;-9999;-9999;-9999;-9999;
2011-08-05;10:00;-9999;-9999;-9999;-9999;-9999;-9999;-9999;-9999;-9999;-9999;-9999;-9999;-9999;-9999;-9999;-9999;-9999;
2011-08-05;11:00;-9999;-9999;-9999;-9999;-9999;-9999;-9999;-9999;-9999;-9999;-9999;-9999;-9999;-9999;-9999;-9999;-9999;
2011-08-05;12:00;-9999;-9999;-9999;-9999;-9999;-9999;-9999;-9999;-9999;-9999;-9999;-9999;-9999;-9999;-9999;-9999;-9999;
2011-08-05;13:00;-9999;-9999;-9999;-9999;-9999;-9999;-9999;-9999;-9999;-9999;-9999;-9999;-9999;-9999;-9999;-9999;-9999;
2011-08-05;14:00;-9999;-9999;-9999;-9999;-9999;-9999;-9999;-9999;-9999;-9999;-9999;-9999;-9999;-9999;-9999;-9999;-9999;
2011-08-05;15:00;-9999;-9999;-9999;-9999;-9999;-9999;-9999;-9999;-9999;-9999;-9999;-9999;-9999;-9999;-9999;-9999;-9999;
2011-08-05;16:00;-9999;-9999;-9999;-9999;-9999;-9999;-9999;-9999;-9999;-9999;-9999;-9999;-9999;-9999;-9999;-9999;-9999;
2011-08-05;17:00;-9999;-9999;-9999;-9999;-9999;-9999;-9999;-9999;-9999;-9999;-9999;-9999;-9999;-9999;-9999;-9999;-9999;
2011-08-05;18:00;-9999;-9999;-9999;-9999;-9999;-9999;-9999;-9999;-9999;-9999;-9999;-9999;-9999;-9999;-9999;-9999;-9999;
2011-08-05;19:00;-9999;-9999;-9999;-9999;-9999;-9999;-9999;-9999;-9999;-9999;-9999;-9999;-9999;-9999;-9999;-9999;-9999;
2011-08-05;20:00;-9999;-9999;-9999;-9999;-9999;-9999;-9999;-9999;-9999;-9999;-9999;-9999;-9999;-9999;-9999;-9999;-9999;
2011-08-05;21:00;-9999;-9999;-9999;-9999;-9999;-9999;-9999;-9999;-9999;-9999;-9999;-9999;-9999;-9999;-9999;-9999;-9999;
2011-08-05;22:00;-9999;-9999;-9999;-9999;-9999;-9999;-9999;-9999;-9999;-9999;-9999;-9999;-9999;-9999;-9999;-9999;-9999;
2011-08-05;23:00;-9999;-9999;-9999;-9999;-9999;-9999;-9999;-9999;-9999;-9999;-9999;-9999;-9999;-9999;-9999;-9999;-9999;
2011-08-06;00:00;-9999;-9999;-9999;-9999;-9999;-9999;-9999;-9999;-9999;-9999;-9999;-9999;-9999;-9999;-9999;-9999;-9999;
2011-08-06;01:00;-9999;-9999;-9999;-9999;-9999;-9999;-9999;-9999;-9999;-9999;-9999;-9999;-9999;-9999;-9999;-9999;-9999;
2011-08-06;02:00;-9999;-9999;-9999;-9999;-9999;-9999;-9999;-9999;-9999;-9999;-9999;-9999;-9999;-9999;-9999;-9999;-9999;
2011-08-06;03:00;-9999;-9999;-9999;-9999;-9999;-9999;-9999;-9999;-9999;-9999;-9999;-9999;-9999;-9999;-9999;-9999;-9999;
2011-08-06;04:00;-9999;-9999;-9999;-9999;-9999;-9999;-9999;-9999;-9999;-9999;-9999;-9999;-9999;-9999;-9999;-9999;-9999;
2011-08-06;05:00;-9999;-9999;-9999;-9999;-9999;-9999;-9999;-9999;-9999;-9999;-9999;-9999;-9999;-9999;-9999;-9999;-9999;
2011-08-06;06:00;-9999;-9999;-9999;-9999;-9999;-9999;-9999;-9999;-9999;-9999;-9999;-9999;-9999;-9999;-9999;-9999;-9999;
2011-08-06;07:00;-9999;-9999;-9999;-9999;-9999;-9999;-9999;-9999;-9999;-9999;-9999;-9999;-9999;-9999;-9999;-9999;-9999;
2011-08-06;08:00;-9999;-9999;-9999;-9999;-9999;-9999;-9999;-9999;-9999;-9999;-9999;-9999;-9999;-9999;-9999;-9999;-9999;
2011-08-06;09:00;-9999;-9999;-9999;-9999;-9999;-9999;-9999;-9999;-9999;-9999;-9999;-9999;-9999;-9999;-9999;-9999;-9999;
2011-08-06;10:00;-9999;-9999;-9999;-9999;-9999;-9999;-9999;-9999;-9999;-9999;-9999;-9999;-9999;-9999;-9999;-9999;-9999;
2011-08-06;11:00;-9999;-9999;-9999;-9999;-9999;-9999;-9999;-9999;-9999;-9999;-9999;-9999;-9999;-9999;-9999;-9999;-9999;
2011-08-06;12:00;-9999;-9999;-9999;-9999;-9999;-9999;-9999;-9999;-9999;-9999;-9999;-9999;-9999;-9999;-9999;-9999;-9999;
2011-08-06;13:00;-9999;-9999;-9999;-9999;-9999;-9999;-9999;-9999;-9999;-9999;-9999;-9999;-9999;-9999;-9999;-9999;-9999;
2011-08-06;14:00;-9999;-9999;-9999;-9999;-9999;-9999;-9999;-9999;-9999;-9999;-9999;-9999;-9999;-9999;-9999;-9999;-9999;
2011-08-06;15:00;-9999;-9999;-9999;-9999;-9999;-9999;-9999;-9999;-9999;-9999;-9999;-9999;-9999;-9999;-9999;-9999;-9999;
2011-08-06;16:00;-9999;-9999;-9999;-9999;-9999;-9999;-9999;-9999;-9999;-9999;-9999;-9999;-9999;-9999;-9999;-9999;-9999;
2011-08-06;17:00;-9999;-9999;-9999;-9999;-9999;-9999;-9999;-9999;-9999;-9999;-9999;-9999;-9999;-9999;-9999;-9999;-9999;
2011-08-06;18:00;-9999;-9999;-9999;-9999;-9999;-9999;-9999;-9999;-9999;-9999;-9999;-9999;-9999;-9999;-9999;-9999;-9999;
2011-08-06;19:00;-9999;-9999;-9999;-9999;-9999;-9999;-9999;-9999;-9999;-9999;-9999;-9999;-9999;-9999;-9999;-9999;-9999;
2011-08-06;20:00;-9999;-9999;-9999;-9999;-9999;-9999;-9999;-9999;-9999;-9999;-9999;-9999;-9999;-9999;-9999;-9999;-9999;
2011-08-06;21:00;-9999;-9999;-9999;-9999;-9999;-9999;-9999;-9999;-9999;-9999;-9999;-9999;-9999;-9999;-9999;-9999;-9999;
2011-08-06;22:00;-9999;-9999;-9999;-9999;-9999;-9999;-9999;-9999;-9999;-9999;-9999;-9999;-9999;-9999;-9999;-9999;-9999;
2011-08-06;23:00;-9999;-9999;-9999;-9999;-9999;-9999;-9999;-9999;-9999;-9999;-9999;-9999;-9999;-9999;-9999;-9999;-9999;
2011-08-07;00:00;-9999;-9999;-9999;-9999;-9999;-9999;-9999;-9999;-9999;-9999;-9999;-9999;-9999;-9999;-9999;-9999;-9999;
2011-08-07;01:00;-9999;-9999;-9999;-9999;-9999;-9999;-9999;-9999;-9999;-9999;-9999;-9999;-9999;-9999;-9999;-9999;-9999;
2011-08-07;02:00;-9999;-9999;-9999;-9999;-9999;-9999;-9999;-9999;-9999;-9999;-9999;-9999;-9999;-9999;-9999;-9999;-9999;
2011-08-07;03:00;-9999;-9999;-9999;-9999;-9999;-9999;-9999;-9999;-9999;-9999;-9999;-9999;-9999;-9999;-9999;-9999;-9999;
2011-08-07;04:00;-9999;-9999;-9999;-9999;-9999;-9999;-9999;-9999;-9999;-9999;-9999;-9999;-9999;-9999;-9999;-9999;-9999;
2011-08-07;05:00;-9999;-9999;-9999;-9999;-9999;-9999;-9999;-9999;-9999;-9999;-9999;-9999;-9999;-9999;-9999;-9999;-9999;
2011-08-07;06:00;-9999;-9999;-9999;-9999;-9999;-9999;-9999;-9999;-9999;-9999;-9999;-9999;-9999;-9999;-9999;-9999;-9999;
2011-08-07;07:00;-9999;-9999;-9999;-9999;-9999;-9999;-9999;-9999;-9999;-9999;-9999;-9999;-9999;-9999;-9999;-9999;-9999;
2011-08-07;08:00;-9999;-9999;-9999;-9999;-9999;-9999;-9999;-9999;-9999;-9999;-9999;-9999;-9999;-9999;-9999;-9999;-9999;
2011-08-07;09:00;-9999;-9999;-9999;-9999;-9999;-9999;-9999;-9999;-9999;-9999;-9999;-9999;-9999;-9999;-9999;-9999;-9999;
2011-08-07;10:00;-9999;-9999;-9999;-9999;-9999;-9999;-9999;-9999;-9999;-9999;-9999;-9999;-9999;-9999;-9999;-9999;-9999;
2011-08-07;11:00;-9999;-9999;-9999;-9999;-9999;-9999;-9999;-9999;-9999;-9999;-9999;-9999;-9999;-9999;-9999;-9999;-9999;
2011-08-07;12:00;-9999;-9999;-9999;-9999;-9999;-9999;-9999;-9999;-9999;-9999;-9999;-9999;-9999;-9999;-9999;-9999;-9999;
2011-08-07;13:00;-9999;-9999;-9999;-9999;-9999;-9999;-9999;-9999;-9999;-9999;-9999;-9999;-9999;-9999;-9999;-9999;-9999;
2011-08-07;14:00;-9999;-9999;-9999;-9999;-9999;-9999;-9999;-9999;-9999;-9999;-9999;-9999;-9999;-9999;-9999;-9999;-9999;
2011-08-07;15:00;-9999;-9999;-9999;-9999;-9999;-9999;-9999;-9999;-9999;-9999;-9999;-9999;-9999;-9999;-9999;-9999;-9999;
2011-08-07;16:00;-9999;-9999;-9999;-9999;-9999;-9999;-9999;-9999;-9999;-9999;-9999;-9999;-9999;-9999;-9999;-9999;-9999;
2011-08-07;17:00;-9999;-9999;-9999;-9999;-9999;-9999;-9999;-9999;-9999;-9999;-9999;-9999;-9999;-9999;-9999;-9999;-9999;
2011-08-07;18:00;-9999;-9999;-9999;-9999;-9999;-9999;-9999;-9999;-9999;-9999;-9999;-9999;-9999;-9999;-9999;-9999;-9999;
2011-08-07;19:00;-9999;-9999;-9999;-9999;-9999;-9999;-9999;-9999;-9999;-9999;-9999;-9999;-9999;-9999;-9999;-9999;-9999;
2011-08-07;20:00;-9999;-9999;-9999;-9999;-9999;-9999;-9999;-9999;-9999;-9999;-9999;-9999;-9999;-9999;-9999;-9999;-9999;
2011-08-07;21:00;-9999;-9999;-9999;-9999;-9999;-9999;-9999;-9999;-9999;-9999;-9999;-9999;-9999;-9999;-9999;-9999;-9999;
2011-08-07;22:00;-9999;-9999;-9999;-9999;-9999;-9999;-9999;-9999;-9999;-9999;-9999;-9999;-9999;-9999;-9999;-9999;-9999;
2011-08-07;23:00;-9999;-9999;-9999;-9999;-9999;-9999;-9999;-9999;-9999;-9999;-9999;-9999;-9999;-9999;-9999;-9999;-9999;
2011-08-08;00:00;-9999;-9999;-9999;-9999;-9999;-9999;-9999;-9999;-9999;-9999;-9999;-9999;-9999;-9999;-9999;-9999;-9999;
2011-08-08;01:00;-9999;-9999;-9999;-9999;-9999;-9999;-9999;-9999;-9999;-9999;-9999;-9999;-9999;-9999;-9999;-9999;-9999;
2011-08-08;02:00;-9999;-9999;-9999;-9999;-9999;-9999;-9999;-9999;-9999;-9999;-9999;-9999;-9999;-9999;-9999;-9999;-9999;
2011-08-08;03:00;-9999;-9999;-9999;-9999;-9999;-9999;-9999;-9999;-9999;-9999;-9999;-9999;-9999;-9999;-9999;-9999;-9999;
2011-08-08;04:00;-9999;-9999;-9999;-9999;-9999;-9999;-9999;-9999;-9999;-9999;-9999;-9999;-9999;-9999;-9999;-9999;-9999;
2011-08-08;05:00;-9999;-9999;-9999;-9999;-9999;-9999;-9999;-9999;-9999;-9999;-9999;-9999;-9999;-9999;-9999;-9999;-9999;
2011-08-08;06:00;-9999;-9999;-9999;-9999;-9999;-9999;-9999;-9999;-9999;-9999;-9999;-9999;-9999;-9999;-9999;-9999;-9999;
2011-08-08;07:00;-9999;-9999;-9999;-9999;-9999;-9999;-9999;-9999;-9999;-9999;-9999;-9999;-9999;-9999;-9999;-9999;-9999;
2011-08-08;08:00;-9999;-9999;-9999;-9999;-9999;-9999;-9999;-9999;-9999;-9999;-9999;-9999;-9999;-9999;-9999;-9999;-9999;
2011-08-08;09:00;-9999;-9999;-9999;-9999;-9999;-9999;-9999;-9999;-9999;-9999;-9999;-9999;-9999;-9999;-9999;-9999;-9999;
2011-08-08;10:00;-9999;-9999;-9999;-9999;-9999;-9999;-9999;-9999;-9999;-9999;-9999;-9999;-9999;-9999;-9999;-9999;-9999;
2011-08-08;11:00;-9999;-9999;-9999;-9999;-9999;-9999;-9999;-9999;-9999;-9999;-9999;-9999;-9999;-9999;-9999;-9999;-9999;
2011-08-08;12:00;-9999;-9999;-9999;-9999;-9999;-9999;-9999;-9999;-9999;-9999;-9999;-9999;-9999;-9999;-9999;-9999;-9999;
2011-08-08;13:00;-9999;-9999;-9999;-9999;-9999;-9999;-9999;-9999;-9999;-9999;-9999;-9999;-9999;-9999;-9999;-9999;-9999;
2011-08-08;14:00;-9999;-9999;-9999;-9999;-9999;-9999;-9999;-9999;-9999;-9999;-9999;-9999;-9999;-9999;-9999;-9999;-9999;
2011-08-08;15:00;-9999;-9999;-9999;-9999;-9999;-9999;-9999;-9999;-9999;-9999;-9999;-9999;-9999;-9999;-9999;-9999;-9999;
2011-08-08;16:00;-9999;-9999;-9999;-9999;-9999;-9999;-9999;-9999;-9999;-9999;-9999;-9999;-9999;-9999;-9999;-9999;-9999;
2011-08-08;17:00;-9999;-9999;-9999;-9999;-9999;-9999;-9999;-9999;-9999;-9999;-9999;-9999;-9999;-9999;-9999;-9999;-9999;
2011-08-08;18:00;-9999;-9999;-9999;-9999;-9999;-9999;-9999;-9999;-9999;-9999;-9999;-9999;-9999;-9999;-9999;-9999;-9999;
2011-08-08;19:00;-9999;-9999;-9999;-9999;-9999;-9999;-9999;-9999;-9999;-9999;-9999;-9999;-9999;-9999;-9999;-9999;-9999;
2011-08-08;20:00;-9999;-9999;-9999;-9999;-9999;-9999;-9999;-9999;-9999;-9999;-9999;-9999;-9999;-9999;-9999;-9999;-9999;
2011-08-08;21:00;-9999;-9999;-9999;-9999;-9999;-9999;-9999;-9999;-9999;-9999;-9999;-9999;-9999;-9999;-9999;-9999;-9999;
2011-08-08;22:00;-9999;-9999;-9999;-9999;-9999;-9999;-9999;-9999;-9999;-9999;-9999;-9999;-9999;-9999;-9999;-9999;-9999;
2011-08-08;23:00;-9999;-9999;-9999;-9999;-9999;-9999;-9999;-9999;-9999;-9999;-9999;-9999;-9999;-9999;-9999;-9999;-9999;
2011-08-09;00:00;-9999;-9999;-9999;-9999;-9999;-9999;-9999;-9999;-9999;-9999;-9999;-9999;-9999;-9999;-9999;-9999;-9999;
2011-08-09;01:00;-9999;-9999;-9999;-9999;-9999;-9999;-9999;-9999;-9999;-9999;-9999;-9999;-9999;-9999;-9999;-9999;-9999;
2011-08-09;02:00;-9999;-9999;-9999;-9999;-9999;-9999;-9999;-9999;-9999;-9999;-9999;-9999;-9999;-9999;-9999;-9999;-9999;
2011-08-09;03:00;-9999;-9999;-9999;-9999;-9999;-9999;-9999;-9999;-9999;-9999;-9999;-9999;-9999;-9999;-9999;-9999;-9999;
2011-08-09;04:00;-9999;-9999;-9999;-9999;-9999;-9999;-9999;-9999;-9999;-9999;-9999;-9999;-9999;-9999;-9999;-9999;-9999;
2011-08-09;05:00;-9999;-9999;-9999;-9999;-9999;-9999;-9999;-9999;-9999;-9999;-9999;-9999;-9999;-9999;-9999;-9999;-9999;
2011-08-09;06:00;-9999;-9999;-9999;-9999;-9999;-9999;-9999;-9999;-9999;-9999;-9999;-9999;-9999;-9999;-9999;-9999;-9999;
2011-08-09;07:00;-9999;-9999;-9999;-9999;-9999;-9999;-9999;-9999;-9999;-9999;-9999;-9999;-9999;-9999;-9999;-9999;-9999;
2011-08-09;08:00;-9999;-9999;-9999;-9999;-9999;-9999;-9999;-9999;-9999;-9999;-9999;-9999;-9999;-9999;-9999;-9999;-9999;
2011-08-09;09:00;-9999;-9999;-9999;-9999;-9999;-9999;-9999;-9999;-9999;-9999;-9999;-9999;-9999;-9999;-9999;-9999;-9999;
2011-08-09;10:00;-9999;-9999;-9999;-9999;-9999;-9999;-9999;-9999;-9999;-9999;-9999;-9999;-9999;-9999;-9999;-9999;-9999;
2011-08-09;11:00;-9999;-9999;-9999;-9999;-9999;-9999;-9999;-9999;-9999;-9999;-9999;-9999;-9999;-9999;-9999;-9999;-9999;
2011-08-09;12:00;-9999;-9999;-9999;-9999;-9999;-9999;-9999;-9999;-9999;-9999;-9999;-9999;-9999;-9999;-9999;-9999;-9999;
2011-08-09;13:00;-9999;-9999;-9999;-9999;-9999;-9999;-9999;-9999;-9999;-9999;-9999;-9999;-9999;-9999;-9999;-9999;-9999;
2011-08-09;14:00;-9999;-9999;-9999;-9999;-9999;-9999;-9999;-9999;-9999;-9999;-9999;-9999;-9999;-9999;-9999;-9999;-9999;
2011-08-09;15:00;-9999;-9999;-9999;-9999;-9999;-9999;-9999;-9999;-9999;-9999;-9999;-9999;-9999;-9999;-9999;-9999;-9999;
2011-08-09;16:00;-9999;-9999;-9999;-9999;-9999;-9999;-9999;-9999;-9999;-9999;-9999;-9999;-9999;-9999;-9999;-9999;-9999;
2011-08-09;17:00;-9999;-9999;-9999;-9999;-9999;-9999;-9999;-9999;-9999;-9999;-9999;-9999;-9999;-9999;-9999;-9999;-9999;
2011-08-09;18:00;-9999;-9999;-9999;-9999;-9999;-9999;-9999;-9999;-9999;-9999;-9999;-9999;-9999;-9999;-9999;-9999;-9999;
2011-08-09;19:00;-9999;-9999;-9999;-9999;-9999;-9999;-9999;-9999;-9999;-9999;-9999;-9999;-9999;-9999;-9999;-9999;-9999;
2011-08-09;20:00;-9999;-9999;-9999;-9999;-9999;-9999;-9999;-9999;-9999;-9999;-9999;-9999;-9999;-9999;-9999;-9999;-9999;
2011-08-09;21:00;-9999;-9999;-9999;-9999;-9999;-9999;-9999;-9999;-9999;-9999;-9999;-9999;-9999;-9999;-9999;-9999;-9999;
2011-08-09;22:00;-9999;-9999;-9999;-9999;-9999;-9999;-9999;-9999;-9999;-9999;-9999;-9999;-9999;-9999;-9999;-9999;-9999;
2011-08-09;23:00;-9999;-9999;-9999;-9999;-9999;-9999;-9999;-9999;-9999;-9999;-9999;-9999;-9999;-9999;-9999;-9999;-9999;
2011-08-10;00:00;-9999;-9999;-9999;-9999;-9999;-9999;-9999;-9999;-9999;-9999;-9999;-9999;-9999;-9999;-9999;-9999;-9999;
2011-08-10;01:00;-9999;-9999;-9999;-9999;-9999;-9999;-9999;-9999;-9999;-9999;-9999;-9999;-9999;-9999;-9999;-9999;-9999;
2011-08-10;02:00;-9999;-9999;-9999;-9999;-9999;-9999;-9999;-9999;-9999;-9999;-9999;-9999;-9999;-9999;-9999;-9999;-9999;
2011-08-10;03:00;-9999;-9999;-9999;-9999;-9999;-9999;-9999;-9999;-9999;-9999;-9999;-9999;-9999;-9999;-9999;-9999;-9999;
2011-08-10;04:00;-9999;-9999;-9999;-9999;-9999;-9999;-9999;-9999;-9999;-9999;-9999;-9999;-9999;-9999;-9999;-9999;-9999;
2011-08-10;05:00;-9999;-9999;-9999;-9999;-9999;-9999;-9999;-9999;-9999;-9999;-9999;-9999;-9999;-9999;-9999;-9999;-9999;
2011-08-10;06:00;-9999;-9999;-9999;-9999;-9999;-9999;-9999;-9999;-9999;-9999;-9999;-9999;-9999;-9999;-9999;-9999;-9999;
2011-08-10;07:00;-9999;-9999;-9999;-9999;-9999;-9999;-9999;-9999;-9999;-9999;-9999;-9999;-9999;-9999;-9999;-9999;-9999;
2011-08-10;08:00;-9999;-9999;-9999;-9999;-9999;-9999;-9999;-9999;-9999;-9999;-9999;-9999;-9999;-9999;-9999;-9999;-9999;
2011-08-10;09:00;-9999;-9999;-9999;-9999;-9999;-9999;-9999;-9999;-9999;-9999;-9999;-9999;-9999;-9999;-9999;-9999;-9999;
2011-08-10;10:00;-9999;-9999;-9999;-9999;-9999;-9999;-9999;-9999;-9999;-9999;-9999;-9999;-9999;-9999;-9999;-9999;-9999;
2011-08-10;11:00;-9999;-9999;-9999;-9999;-9999;-9999;-9999;-9999;-9999;-9999;-9999;-9999;-9999;-9999;-9999;-9999;-9999;
2011-08-10;12:00;-9999;-9999;-9999;-9999;-9999;-9999;-9999;-9999;-9999;-9999;-9999;-9999;-9999;-9999;-9999;-9999;-9999;
2011-08-10;13:00;-9999;-9999;-9999;-9999;-9999;-9999;-9999;-9999;-9999;-9999;-9999;-9999;-9999;-9999;-9999;-9999;-9999;
2011-08-10;14:00;-9999;-9999;-9999;-9999;-9999;-9999;-9999;-9999;-9999;-9999;-9999;-9999;-9999;-9999;-9999;-9999;-9999;
2011-08-10;15:00;-9999;-9999;-9999;-9999;-9999;-9999;-9999;-9999;-9999;-9999;-9999;-9999;-9999;-9999;-9999;-9999;-9999;
2011-08-10;16:00;-9999;-9999;-9999;-9999;-9999;-9999;-9999;-9999;-9999;-9999;-9999;-9999;-9999;-9999;-9999;-9999;-9999;
2011-08-10;17:00;-9999;-9999;-9999;-9999;-9999;-9999;-9999;-9999;-9999;-9999;-9999;-9999;-9999;-9999;-9999;-9999;-9999;
2011-08-10;18:00;-9999;-9999;-9999;-9999;-9999;-9999;-9999;-9999;-9999;-9999;-9999;-9999;-9999;-9999;-9999;-9999;-9999;
2011-08-10;19:00;-9999;-9999;-9999;-9999;-9999;-9999;-9999;-9999;-9999;-9999;-9999;-9999;-9999;-9999;-9999;-9999;-9999;
2011-08-10;20:00;-9999;-9999;-9999;-9999;-9999;-9999;-9999;-9999;-9999;-9999;-9999;-9999;-9999;-9999;-9999;-9999;-9999;
2011-08-10;21:00;-9999;-9999;-9999;-9999;-9999;-9999;-9999;-9999;-9999;-9999;-9999;-9999;-9999;-9999;-9999;-9999;-9999;
2011-08-10;22:00;-9999;-9999;-9999;-9999;-9999;-9999;-9999;-9999;-9999;-9999;-9999;-9999;-9999;-9999;-9999;-9999;-9999;
2011-08-10;23:00;-9999;-9999;-9999;-9999;-9999;-9999;-9999;-9999;-9999;-9999;-9999;-9999;-9999;-9999;-9999;-9999;-9999;
2011-08-11;00:00;-9999;-9999;-9999;-9999;-9999;-9999;-9999;-9999;-9999;-9999;-9999;-9999;-9999;-9999;-9999;-9999;-9999;
2011-08-11;01:00;-9999;-9999;-9999;-9999;-9999;-9999;-9999;-9999;-9999;-9999;-9999;-9999;-9999;-9999;-9999;-9999;-9999;
2011-08-11;02:00;-9999;-9999;-9999;-9999;-9999;-9999;-9999;-9999;-9999;-9999;-9999;-9999;-9999;-9999;-9999;-9999;-9999;
2011-08-11;03:00;-9999;-9999;-9999;-9999;-9999;-9999;-9999;-9999;-9999;-9999;-9999;-9999;-9999;-9999;-9999;-9999;-9999;
2011-08-11;04:00;-9999;-9999;-9999;-9999;-9999;-9999;-9999;-9999;-9999;-9999;-9999;-9999;-9999;-9999;-9999;-9999;-9999;
2011-08-11;05:00;-9999;-9999;-9999;-9999;-9999;-9999;-9999;-9999;-9999;-9999;-9999;-9999;-9999;-9999;-9999;-9999;-9999;
2011-08-11;06:00;-9999;-9999;-9999;-9999;-9999;-9999;-9999;-9999;-9999;-9999;-9999;-9999;-9999;-9999;-9999;-9999;-9999;
2011-08-11;07:00;-9999;-9999;-9999;-9999;-9999;-9999;-9999;-9999;-9999;-9999;-9999;-9999;-9999;-9999;-9999;-9999;-9999;
2011-08-11;08:00;-9999;-9999;-9999;-9999;-9999;-9999;-9999;-9999;-9999;-9999;-9999;-9999;-9999;-9999;-9999;-9999;-9999;
2011-08-11;09:00;-9999;-9999;-9999;-9999;-9999;-9999;-9999;-9999;-9999;-9999;-9999;-9999;-9999;-9999;-9999;-9999;-9999;
2011-08-11;10:00;-9999;-9999;-9999;-9999;-9999;-9999;-9999;-9999;-9999;-9999;-9999;-9999;-9999;-9999;-9999;-9999;-9999;
2011-08-11;11:00;-9999;-9999;-9999;-9999;-9999;-9999;-9999;-9999;-9999;-9999;-9999;-9999;-9999;-9999;-9999;-9999;-9999;
2011-08-11;12:00;-9999;-9999;-9999;-9999;-9999;-9999;-9999;-9999;-9999;-9999;-9999;-9999;-9999;-9999;-9999;-9999;-9999;
2011-08-11;13:00;-9999;-9999;-9999;-9999;-9999;-9999;-9999;-9999;-9999;-9999;-9999;-9999;-9999;-9999;-9999;-9999;-9999;
2011-08-11;14:00;-9999;-9999;-9999;-9999;-9999;-9999;-9999;-9999;-9999;-9999;-9999;-9999;-9999;-9999;-9999;-9999;-9999;
2011-08-11;15:00;-9999;-9999;-9999;-9999;-9999;-9999;-9999;-9999;-9999;-9999;-9999;-9999;-9999;-9999;-9999;-9999;-9999;
2011-08-11;16:00;-9999;-9999;-9999;-9999;-9999;-9999;-9999;-9999;-9999;-9999;-9999;-9999;-9999;-9999;-9999;-9999;-9999;
2011-08-11;17:00;-9999;-9999;-9999;-9999;-9999;-9999;-9999;-9999;-9999;-9999;-9999;-9999;-9999;-9999;-9999;-9999;-9999;
2011-08-11;18:00;-9999;-9999;-9999;-9999;-9999;-9999;-9999;-9999;-9999;-9999;-9999;-9999;-9999;-9999;-9999;-9999;-9999;
2011-08-11;19:00;-9999;-9999;-9999;-9999;-9999;-9999;-9999;-9999;-9999;-9999;-9999;-9999;-9999;-9999;-9999;-9999;-9999;
2011-08-11;20:00;-9999;-9999;-9999;-9999;-9999;-9999;-9999;-9999;-9999;-9999;-9999;-9999;-9999;-9999;-9999;-9999;-9999;
2011-08-11;21:00;-9999;-9999;-9999;-9999;-9999;-9999;-9999;-9999;-9999;-9999;-9999;-9999;-9999;-9999;-9999;-9999;-9999;
2011-08-11;22:00;-9999;-9999;-9999;-9999;-9999;-9999;-9999;-9999;-9999;-9999;-9999;-9999;-9999;-9999;-9999;-9999;-9999;
2011-08-11;23:00;-9999;-9999;-9999;-9999;-9999;-9999;-9999;-9999;-9999;-9999;-9999;-9999;-9999;-9999;-9999;-9999;-9999;
2011-08-12;00:00;-9999;-9999;-9999;-9999;-9999;-9999;-9999;-9999;-9999;-9999;-9999;-9999;-9999;-9999;-9999;-9999;-9999;
2011-08-12;01:00;-9999;-9999;-9999;-9999;-9999;-9999;-9999;-9999;-9999;-9999;-9999;-9999;-9999;-9999;-9999;-9999;-9999;
2011-08-12;02:00;-9999;-9999;-9999;-9999;-9999;-9999;-9999;-9999;-9999;-9999;-9999;-9999;-9999;-9999;-9999;-9999;-9999;
2011-08-12;03:00;-9999;-9999;-9999;-9999;-9999;-9999;-9999;-9999;-9999;-9999;-9999;-9999;-9999;-9999;-9999;-9999;-9999;
2011-08-12;04:00;-9999;-9999;-9999;-9999;-9999;-9999;-9999;-9999;-9999;-9999;-9999;-9999;-9999;-9999;-9999;-9999;-9999;
2011-08-12;05:00;-9999;-9999;-9999;-9999;-9999;-9999;-9999;-9999;-9999;-9999;-9999;-9999;-9999;-9999;-9999;-9999;-9999;
2011-08-12;06:00;-9999;-9999;-9999;-9999;-9999;-9999;-9999;-9999;-9999;-9999;-9999;-9999;-9999;-9999;-9999;-9999;-9999;
2011-08-12;07:00;-9999;-9999;-9999;-9999;-9999;-9999;-9999;-9999;-9999;-9999;-9999;-9999;-9999;-9999;-9999;-9999;-9999;
2011-08-12;08:00;-9999;-9999;-9999;-9999;-9999;-9999;-9999;-9999;-9999;-9999;-9999;-9999;-9999;-9999;-9999;-9999;-9999;
2011-08-12;09:00;-9999;-9999;-9999;-9999;-9999;-9999;-9999;-9999;-9999;-9999;-9999;-9999;-9999;-9999;-9999;-9999;-9999;
2011-08-12;10:00;-9999;-9999;-9999;-9999;-9999;-9999;-9999;-9999;-9999;-9999;-9999;-9999;-9999;-9999;-9999;-9999;-9999;
2011-08-12;11:00;-9999;-9999;-9999;-9999;-9999;-9999;-9999;-9999;-9999;-9999;-9999;-9999;-9999;-9999;-9999;-9999;-9999;
2011-08-12;12:00;-9999;-9999;-9999;-9999;-9999;-9999;-9999;-9999;-9999;-9999;-9999;-9999;-9999;-9999;-9999;-9999;-9999;
2011-08-12;13:00;-9999;-9999;-9999;-9999;-9999;-9999;-9999;-9999;-9999;-9999;-9999;-9999;-9999;-9999;-9999;-9999;-9999;
2011-08-12;14:00;-9999;-9999;-9999;-9999;-9999;-9999;-9999;-9999;-9999;-9999;-9999;-9999;-9999;-9999;-9999;-9999;-9999;
2011-08-12;15:00;-9999;-9999;-9999;-9999;-9999;-9999;-9999;-9999;-9999;-9999;-9999;-9999;-9999;-9999;-9999;-9999;-9999;
2011-08-12;16:00;-9999;-9999;-9999;-9999;-9999;-9999;-9999;-9999;-9999;-9999;-9999;-9999;-9999;-9999;-9999;-9999;-9999;
2011-08-12;17:00;-9999;-9999;-9999;-9999;-9999;-9999;-9999;-9999;-9999;-9999;-9999;-9999;-9999;-9999;-9999;-9999;-9999;
2011-08-12;18:00;-9999;-9999;-9999;-9999;-9999;-9999;-9999;-9999;-9999;-9999;-9999;-9999;-9999;-9999;-9999;-9999;-9999;
2011-08-12;19:00;-9999;-9999;-9999;-9999;-9999;-9999;-9999;-9999;-9999;-9999;-9999;-9999;-9999;-9999;-9999;-9999;-9999;
2011-08-12;20:00;-9999;-9999;-9999;-9999;-9999;-9999;-9999;-9999;-9999;-9999;-9999;-9999;-9999;-9999;-9999;-9999;-9999;
2011-08-12;21:00;-9999;-9999;-9999;-9999;-9999;-9999;-9999;-9999;-9999;-9999;-9999;-9999;-9999;-9999;-9999;-9999;-9999;
2011-08-12;22:00;-9999;-9999;-9999;-9999;-9999;-9999;-9999;-9999;-9999;-9999;-9999;-9999;-9999;-9999;-9999;-9999;-9999;
2011-08-12;23:00;-9999;-9999;-9999;-9999;-9999;-9999;-9999;-9999;-9999;-9999;-9999;-9999;-9999;-9999;-9999;-9999;-9999;
2011-08-13;00:00;-9999;-9999;-9999;-9999;-9999;-9999;-9999;-9999;-9999;-9999;-9999;-9999;-9999;-9999;-9999;-9999;-9999;
2011-08-13;01:00;-9999;-9999;-9999;-9999;-9999;-9999;-9999;-9999;-9999;-9999;-9999;-9999;-9999;-9999;-9999;-9999;-9999;
2011-08-13;02:00;-9999;-9999;-9999;-9999;-9999;-9999;-9999;-9999;-9999;-9999;-9999;-9999;-9999;-9999;-9999;-9999;-9999;
2011-08-13;03:00;-9999;-9999;-9999;-9999;-9999;-9999;-9999;-9999;-9999;-9999;-9999;-9999;-9999;-9999;-9999;-9999;-9999;
2011-08-13;04:00;-9999;-9999;-9999;-9999;-9999;-9999;-9999;-9999;-9999;-9999;-9999;-9999;-9999;-9999;-9999;-9999;-9999;
2011-08-13;05:00;-9999;-9999;-9999;-9999;-9999;-9999;-9999;-9999;-9999;-9999;-9999;-9999;-9999;-9999;-9999;-9999;-9999;
2011-08-13;06:00;-9999;-9999;-9999;-9999;-9999;-9999;-9999;-9999;-9999;-9999;-9999;-9999;-9999;-9999;-9999;-9999;-9999;
2011-08-13;07:00;-9999;-9999;-9999;-9999;-9999;-9999;-9999;-9999;-9999;-9999;-9999;-9999;-9999;-9999;-9999;-9999;-9999;
2011-08-13;08:00;-9999;-9999;-9999;-9999;-9999;-9999;-9999;-9999;-9999;-9999;-9999;-9999;-9999;-9999;-9999;-9999;-9999;
2011-08-13;09:00;-9999;-9999;-9999;-9999;-9999;-9999;-9999;-9999;-9999;-9999;-9999;-9999;-9999;-9999;-9999;-9999;-9999;
2011-08-13;10:00;-9999;-9999;-9999;-9999;-9999;-9999;-9999;-9999;-9999;-9999;-9999;-9999;-9999;-9999;-9999;-9999;-9999;
2011-08-13;11:00;-9999;-9999;-9999;-9999;-9999;-9999;-9999;-9999;-9999;-9999;-9999;-9999;-9999;-9999;-9999;-9999;-9999;
2011-08-13;12:00;-9999;-9999;-9999;-9999;-9999;-9999;-9999;-9999;-9999;-9999;-9999;-9999;-9999;-9999;-9999;-9999;-9999;
2011-08-13;13:00;-9999;-9999;-9999;-9999;-9999;-9999;-9999;-9999;-9999;-9999;-9999;-9999;-9999;-9999;-9999;-9999;-9999;
2011-08-13;14:00;-9999;-9999;-9999;-9999;-9999;-9999;-9999;-9999;-9999;-9999;-9999;-9999;-9999;-9999;-9999;-9999;-9999;
2011-08-13;15:00;-9999;-9999;-9999;-9999;-9999;-9999;-9999;-9999;-9999;-9999;-9999;-9999;-9999;-9999;-9999;-9999;-9999;
2011-08-13;16:00;-9999;-9999;-9999;-9999;-9999;-9999;-9999;-9999;-9999;-9999;-9999;-9999;-9999;-9999;-9999;-9999;-9999;
2011-08-13;17:00;-9999;-9999;-9999;-9999;-9999;-9999;-9999;-9999;-9999;-9999;-9999;-9999;-9999;-9999;-9999;-9999;-9999;
2011-08-13;18:00;-9999;-9999;-9999;-9999;-9999;-9999;-9999;-9999;-9999;-9999;-9999;-9999;-9999;-9999;-9999;-9999;-9999;
2011-08-13;19:00;-9999;-9999;-9999;-9999;-9999;-9999;-9999;-9999;-9999;-9999;-9999;-9999;-9999;-9999;-9999;-9999;-9999;
2011-08-13;20:00;-9999;-9999;-9999;-9999;-9999;-9999;-9999;-9999;-9999;-9999;-9999;-9999;-9999;-9999;-9999;-9999;-9999;
2011-08-13;21:00;-9999;-9999;-9999;-9999;-9999;-9999;-9999;-9999;-9999;-9999;-9999;-9999;-9999;-9999;-9999;-9999;-9999;
2011-08-13;22:00;-9999;-9999;-9999;-9999;-9999;-9999;-9999;-9999;-9999;-9999;-9999;-9999;-9999;-9999;-9999;-9999;-9999;
2011-08-13;23:00;-9999;-9999;-9999;-9999;-9999;-9999;-9999;-9999;-9999;-9999;-9999;-9999;-9999;-9999;-9999;-9999;-9999;
2011-08-14;00:00;-9999;-9999;-9999;-9999;-9999;-9999;-9999;-9999;-9999;-9999;-9999;-9999;-9999;-9999;-9999;-9999;-9999;
2011-08-14;01:00;-9999;-9999;-9999;-9999;-9999;-9999;-9999;-9999;-9999;-9999;-9999;-9999;-9999;-9999;-9999;-9999;-9999;
2011-08-14;02:00;-9999;-9999;-9999;-9999;-9999;-9999;-9999;-9999;-9999;-9999;-9999;-9999;-9999;-9999;-9999;-9999;-9999;
2011-08-14;03:00;-9999;-9999;-9999;-9999;-9999;-9999;-9999;-9999;-9999;-9999;-9999;-9999;-9999;-9999;-9999;-9999;-9999;
2011-08-14;04:00;-9999;-9999;-9999;-9999;-9999;-9999;-9999;-9999;-9999;-9999;-9999;-9999;-9999;-9999;-9999;-9999;-9999;
2011-08-14;05:00;-9999;-9999;-9999;-9999;-9999;-9999;-9999;-9999;-9999;-9999;-9999;-9999;-9999;-9999;-9999;-9999;-9999;
2011-08-14;06:00;-9999;-9999;-9999;-9999;-9999;-9999;-9999;-9999;-9999;-9999;-9999;-9999;-9999;-9999;-9999;-9999;-9999;
2011-08-14;07:00;-9999;-9999;-9999;-9999;-9999;-9999;-9999;-9999;-9999;-9999;-9999;-9999;-9999;-9999;-9999;-9999;-9999;
2011-08-14;08:00;-9999;-9999;-9999;-9999;-9999;-9999;-9999;-9999;-9999;-9999;-9999;-9999;-9999;-9999;-9999;-9999;-9999;
2011-08-14;09:00;-9999;-9999;-9999;-9999;-9999;-9999;-9999;-9999;-9999;-9999;-9999;-9999;-9999;-9999;-9999;-9999;-9999;
2011-08-14;10:00;-9999;-9999;-9999;-9999;-9999;-9999;-9999;-9999;-9999;-9999;-9999;-9999;-9999;-9999;-9999;-9999;-9999;
2011-08-14;11:00;-9999;-9999;-9999;-9999;-9999;-9999;-9999;-9999;-9999;-9999;-9999;-9999;-9999;-9999;-9999;-9999;-9999;
2011-08-14;12:00;-9999;-9999;-9999;-9999;-9999;-9999;-9999;-9999;-9999;-9999;-9999;-9999;-9999;-9999;-9999;-9999;-9999;
2011-08-14;13:00;-9999;-9999;-9999;-9999;-9999;-9999;-9999;-9999;-9999;-9999;-9999;-9999;-9999;-9999;-9999;-9999;-9999;
2011-08-14;14:00;-9999;-9999;-9999;-9999;-9999;-9999;-9999;-9999;-9999;-9999;-9999;-9999;-9999;-9999;-9999;-9999;-9999;
2011-08-14;15:00;-9999;-9999;-9999;-9999;-9999;-9999;-9999;-9999;-9999;-9999;-9999;-9999;-9999;-9999;-9999;-9999;-9999;
2011-08-14;16:00;-9999;-9999;-9999;-9999;-9999;-9999;-9999;-9999;-9999;-9999;-9999;-9999;-9999;-9999;-9999;-9999;-9999;
2011-08-14;17:00;-9999;-9999;-9999;-9999;-9999;-9999;-9999;-9999;-9999;-9999;-9999;-9999;-9999;-9999;-9999;-9999;-9999;
2011-08-14;18:00;-9999;-9999;-9999;-9999;-9999;-9999;-9999;-9999;-9999;-9999;-9999;-9999;-9999;-9999;-9999;-9999;-9999;
2011-08-14;19:00;-9999;-9999;-9999;-9999;-9999;-9999;-9999;-9999;-9999;-9999;-9999;-9999;-9999;-9999;-9999;-9999;-9999;
2011-08-14;20:00;-9999;-9999;-9999;-9999;-9999;-9999;-9999;-9999;-9999;-9999;-9999;-9999;-9999;-9999;-9999;-9999;-9999;
2011-08-14;21:00;-9999;-9999;-9999;-9999;-9999;-9999;-9999;-9999;-9999;-9999;-9999;-9999;-9999;-9999;-9999;-9999;-9999;
2011-08-14;22:00;-9999;-9999;-9999;-9999;-9999;-9999;-9999;-9999;-9999;-9999;-9999;-9999;-9999;-9999;-9999;-9999;-9999;
2011-08-14;23:00;-9999;-9999;-9999;-9999;-9999;-9999;-9999;-9999;-9999;-9999;-9999;-9999;-9999;-9999;-9999;-9999;-9999;
2011-08-15;00:00;-9999;-9999;-9999;-9999;-9999;-9999;-9999;-9999;-9999;-9999;-9999;-9999;-9999;-9999;-9999;-9999;-9999;
2011-08-15;01:00;-9999;-9999;-9999;-9999;-9999;-9999;-9999;-9999;-9999;-9999;-9999;-9999;-9999;-9999;-9999;-9999;-9999;
2011-08-15;02:00;-9999;-9999;-9999;-9999;-9999;-9999;-9999;-9999;-9999;-9999;-9999;-9999;-9999;-9999;-9999;-9999;-9999;
2011-08-15;03:00;-9999;-9999;-9999;-9999;-9999;-9999;-9999;-9999;-9999;-9999;-9999;-9999;-9999;-9999;-9999;-9999;-9999;
2011-08-15;04:00;-9999;-9999;-9999;-9999;-9999;-9999;-9999;-9999;-9999;-9999;-9999;-9999;-9999;-9999;-9999;-9999;-9999;
2011-08-15;05:00;-9999;-9999;-9999;-9999;-9999;-9999;-9999;-9999;-9999;-9999;-9999;-9999;-9999;-9999;-9999;-9999;-9999;
2011-08-15;06:00;-9999;-9999;-9999;-9999;-9999;-9999;-9999;-9999;-9999;-9999;-9999;-9999;-9999;-9999;-9999;-9999;-9999;
2011-08-15;07:00;-9999;-9999;-9999;-9999;-9999;-9999;-9999;-9999;-9999;-9999;-9999;-9999;-9999;-9999;-9999;-9999;-9999;
2011-08-15;08:00;-9999;-9999;-9999;-9999;-9999;-9999;-9999;-9999;-9999;-9999;-9999;-9999;-9999;-9999;-9999;-9999;-9999;
2011-08-15;09:00;-9999;-9999;-9999;-9999;-9999;-9999;-9999;-9999;-9999;-9999;-9999;-9999;-9999;-9999;-9999;-9999;-9999;
2011-08-15;10:00;-9999;-9999;-9999;-9999;-9999;-9999;-9999;-9999;-9999;-9999;-9999;-9999;-9999;-9999;-9999;-9999;-9999;
2011-08-15;11:00;-9999;-9999;-9999;-9999;-9999;-9999;-9999;-9999;-9999;-9999;-9999;-9999;-9999;-9999;-9999;-9999;-9999;
2011-08-15;12:00;-9999;-9999;-9999;-9999;-9999;-9999;-9999;-9999;-9999;-9999;-9999;-9999;-9999;-9999;-9999;-9999;-9999;
2011-08-15;13:00;-9999;-9999;-9999;-9999;-9999;-9999;-9999;-9999;-9999;-9999;-9999;-9999;-9999;-9999;-9999;-9999;-9999;
2011-08-15;14:00;-9999;-9999;-9999;-9999;-9999;-9999;-9999;-9999;-9999;-9999;-9999;-9999;-9999;-9999;-9999;-9999;-9999;
2011-08-15;15:00;-9999;-9999;-9999;-9999;-9999;-9999;-9999;-9999;-9999;-9999;-9999;-9999;-9999;-9999;-9999;-9999;-9999;
2011-08-15;16:00;-9999;-9999;-9999;-9999;-9999;-9999;-9999;-9999;-9999;-9999;-9999;-9999;-9999;-9999;-9999;-9999;-9999;
2011-08-15;17:00;-9999;-9999;-9999;-9999;-9999;-9999;-9999;-9999;-9999;-9999;-9999;-9999;-9999;-9999;-9999;-9999;-9999;
2011-08-15;18:00;-9999;-9999;-9999;-9999;-9999;-9999;-9999;-9999;-9999;-9999;-9999;-9999;-9999;-9999;-9999;-9999;-9999;
2011-08-15;19:00;-9999;-9999;-9999;-9999;-9999;-9999;-9999;-9999;-9999;-9999;-9999;-9999;-9999;-9999;-9999;-9999;-9999;
2011-08-15;20:00;-9999;-9999;-9999;-9999;-9999;-9999;-9999;-9999;-9999;-9999;-9999;-9999;-9999;-9999;-9999;-9999;-9999;
2011-08-15;21:00;-9999;-9999;-9999;-9999;-9999;-9999;-9999;-9999;-9999;-9999;-9999;-9999;-9999;-9999;-9999;-9999;-9999;
2011-08-15;22:00;-9999;-9999;-9999;-9999;-9999;-9999;-9999;-9999;-9999;-9999;-9999;-9999;-9999;-9999;-9999;-9999;-9999;
2011-08-15;23:00;-9999;-9999;-9999;-9999;-9999;-9999;-9999;-9999;-9999;-9999;-9999;-9999;-9999;-9999;-9999;-9999;-9999;
2011-08-16;00:00;-9999;-9999;-9999;-9999;-9999;-9999;-9999;-9999;-9999;-9999;-9999;-9999;-9999;-9999;-9999;-9999;-9999;
2011-08-16;01:00;-9999;-9999;-9999;-9999;-9999;-9999;-9999;-9999;-9999;-9999;-9999;-9999;-9999;-9999;-9999;-9999;-9999;
2011-08-16;02:00;-9999;-9999;-9999;-9999;-9999;-9999;-9999;-9999;-9999;-9999;-9999;-9999;-9999;-9999;-9999;-9999;-9999;
2011-08-16;03:00;-9999;-9999;-9999;-9999;-9999;-9999;-9999;-9999;-9999;-9999;-9999;-9999;-9999;-9999;-9999;-9999;-9999;
2011-08-16;04:00;-9999;-9999;-9999;-9999;-9999;-9999;-9999;-9999;-9999;-9999;-9999;-9999;-9999;-9999;-9999;-9999;-9999;
2011-08-16;05:00;-9999;-9999;-9999;-9999;-9999;-9999;-9999;-9999;-9999;-9999;-9999;-9999;-9999;-9999;-9999;-9999;-9999;
2011-08-16;06:00;-9999;-9999;-9999;-9999;-9999;-9999;-9999;-9999;-9999;-9999;-9999;-9999;-9999;-9999;-9999;-9999;-9999;
2011-08-16;07:00;-9999;-9999;-9999;-9999;-9999;-9999;-9999;-9999;-9999;-9999;-9999;-9999;-9999;-9999;-9999;-9999;-9999;
2011-08-16;08:00;-9999;-9999;-9999;-9999;-9999;-9999;-9999;-9999;-9999;-9999;-9999;-9999;-9999;-9999;-9999;-9999;-9999;
2011-08-16;09:00;-9999;-9999;-9999;-9999;-9999;-9999;-9999;-9999;-9999;-9999;-9999;-9999;-9999;-9999;-9999;-9999;-9999;
2011-08-16;10:00;-9999;-9999;-9999;-9999;-9999;-9999;-9999;-9999;-9999;-9999;-9999;-9999;-9999;-9999;-9999;-9999;-9999;
2011-08-16;11:00;-9999;-9999;-9999;-9999;-9999;-9999;-9999;-9999;-9999;-9999;-9999;-9999;-9999;-9999;-9999;-9999;-9999;
2011-08-16;12:00;-9999;-9999;-9999;-9999;-9999;-9999;-9999;-9999;-9999;-9999;-9999;-9999;-9999;-9999;-9999;-9999;-9999;
2011-08-16;13:00;-9999;-9999;-9999;-9999;-9999;-9999;-9999;-9999;-9999;-9999;-9999;-9999;-9999;-9999;-9999;-9999;-9999;
2011-08-16;14:00;-9999;-9999;-9999;-9999;-9999;-9999;-9999;-9999;-9999;-9999;-9999;-9999;-9999;-9999;-9999;-9999;-9999;
2011-08-16;15:00;-9999;-9999;-9999;-9999;-9999;-9999;-9999;-9999;-9999;-9999;-9999;-9999;-9999;-9999;-9999;-9999;-9999;
2011-08-16;16:00;-9999;-9999;-9999;-9999;-9999;-9999;-9999;-9999;-9999;-9999;-9999;-9999;-9999;-9999;-9999;-9999;-9999;
2011-08-16;17:00;-9999;-9999;-9999;-9999;-9999;-9999;-9999;-9999;-9999;-9999;-9999;-9999;-9999;-9999;-9999;-9999;-9999;
2011-08-16;18:00;-9999;-9999;-9999;-9999;-9999;-9999;-9999;-9999;-9999;-9999;-9999;-9999;-9999;-9999;-9999;-9999;-9999;
2011-08-16;19:00;-9999;-9999;-9999;-9999;-9999;-9999;-9999;-9999;-9999;-9999;-9999;-9999;-9999;-9999;-9999;-9999;-9999;
2011-08-16;20:00;-9999;-9999;-9999;-9999;-9999;-9999;-9999;-9999;-9999;-9999;-9999;-9999;-9999;-9999;-9999;-9999;-9999;
2011-08-16;21:00;-9999;-9999;-9999;-9999;-9999;-9999;-9999;-9999;-9999;-9999;-9999;-9999;-9999;-9999;-9999;-9999;-9999;
2011-08-16;22:00;-9999;-9999;-9999;-9999;-9999;-9999;-9999;-9999;-9999;-9999;-9999;-9999;-9999;-9999;-9999;-9999;-9999;
2011-08-16;23:00;-9999;-9999;-9999;-9999;-9999;-9999;-9999;-9999;-9999;-9999;-9999;-9999;-9999;-9999;-9999;-9999;-9999;
2011-08-17;00:00;-9999;-9999;-9999;-9999;-9999;-9999;-9999;-9999;-9999;-9999;-9999;-9999;-9999;-9999;-9999;-9999;-9999;
2011-08-17;01:00;-9999;-9999;-9999;-9999;-9999;-9999;-9999;-9999;-9999;-9999;-9999;-9999;-9999;-9999;-9999;-9999;-9999;
2011-08-17;02:00;-9999;-9999;-9999;-9999;-9999;-9999;-9999;-9999;-9999;-9999;-9999;-9999;-9999;-9999;-9999;-9999;-9999;
2011-08-17;03:00;-9999;-9999;-9999;-9999;-9999;-9999;-9999;-9999;-9999;-9999;-9999;-9999;-9999;-9999;-9999;-9999;-9999;
2011-08-17;04:00;-9999;-9999;-9999;-9999;-9999;-9999;-9999;-9999;-9999;-9999;-9999;-9999;-9999;-9999;-9999;-9999;-9999;
2011-08-17;05:00;-9999;-9999;-9999;-9999;-9999;-9999;-9999;-9999;-9999;-9999;-9999;-9999;-9999;-9999;-9999;-9999;-9999;
2011-08-17;06:00;-9999;-9999;-9999;-9999;-9999;-9999;-9999;-9999;-9999;-9999;-9999;-9999;-9999;-9999;-9999;-9999;-9999;
2011-08-17;07:00;-9999;-9999;-9999;-9999;-9999;-9999;-9999;-9999;-9999;-9999;-9999;-9999;-9999;-9999;-9999;-9999;-9999;
2011-08-17;08:00;-9999;-9999;-9999;-9999;-9999;-9999;-9999;-9999;-9999;-9999;-9999;-9999;-9999;-9999;-9999;-9999;-9999;
2011-08-17;09:00;-9999;-9999;-9999;-9999;-9999;-9999;-9999;-9999;-9999;-9999;-9999;-9999;-9999;-9999;-9999;-9999;-9999;
2011-08-17;10:00;-9999;-9999;-9999;-9999;-9999;-9999;-9999;-9999;-9999;-9999;-9999;-9999;-9999;-9999;-9999;-9999;-9999;
2011-08-17;11:00;-9999;-9999;-9999;-9999;-9999;-9999;-9999;-9999;-9999;-9999;-9999;-9999;-9999;-9999;-9999;-9999;-9999;
2011-08-17;12:00;-9999;-9999;-9999;-9999;-9999;-9999;-9999;-9999;-9999;-9999;-9999;-9999;-9999;-9999;-9999;-9999;-9999;
2011-08-17;13:00;-9999;-9999;-9999;-9999;-9999;-9999;-9999;-9999;-9999;-9999;-9999;-9999;-9999;-9999;-9999;-9999;-9999;
2011-08-17;14:00;-9999;-9999;-9999;-9999;-9999;-9999;-9999;-9999;-9999;-9999;-9999;-9999;-9999;-9999;-9999;-9999;-9999;
2011-08-17;15:00;-9999;-9999;-9999;-9999;-9999;-9999;-9999;-9999;-9999;-9999;-9999;-9999;-9999;-9999;-9999;-9999;-9999;
2011-08-17;16:00;-9999;-9999;-9999;-9999;-9999;-9999;-9999;-9999;-9999;-9999;-9999;-9999;-9999;-9999;-9999;-9999;-9999;
2011-08-17;17:00;-9999;-9999;-9999;-9999;-9999;-9999;-9999;-9999;-9999;-9999;-9999;-9999;-9999;-9999;-9999;-9999;-9999;
2011-08-17;18:00;-9999;-9999;-9999;-9999;-9999;-9999;-9999;-9999;-9999;-9999;-9999;-9999;-9999;-9999;-9999;-9999;-9999;
2011-08-17;19:00;-9999;-9999;-9999;-9999;-9999;-9999;-9999;-9999;-9999;-9999;-9999;-9999;-9999;-9999;-9999;-9999;-9999;
2011-08-17;20:00;-9999;-9999;-9999;-9999;-9999;-9999;-9999;-9999;-9999;-9999;-9999;-9999;-9999;-9999;-9999;-9999;-9999;
2011-08-17;21:00;-9999;-9999;-9999;-9999;-9999;-9999;-9999;-9999;-9999;-9999;-9999;-9999;-9999;-9999;-9999;-9999;-9999;
2011-08-17;22:00;-9999;-9999;-9999;-9999;-9999;-9999;-9999;-9999;-9999;-9999;-9999;-9999;-9999;-9999;-9999;-9999;-9999;
2011-08-17;23:00;-9999;-9999;-9999;-9999;-9999;-9999;-9999;-9999;-9999;-9999;-9999;-9999;-9999;-9999;-9999;-9999;-9999;
2011-08-18;00:00;-9999;-9999;-9999;-9999;-9999;-9999;-9999;-9999;-9999;-9999;-9999;-9999;-9999;-9999;-9999;-9999;-9999;
2011-08-18;01:00;-9999;-9999;-9999;-9999;-9999;-9999;-9999;-9999;-9999;-9999;-9999;-9999;-9999;-9999;-9999;-9999;-9999;
2011-08-18;02:00;-9999;-9999;-9999;-9999;-9999;-9999;-9999;-9999;-9999;-9999;-9999;-9999;-9999;-9999;-9999;-9999;-9999;
2011-08-18;03:00;-9999;-9999;-9999;-9999;-9999;-9999;-9999;-9999;-9999;-9999;-9999;-9999;-9999;-9999;-9999;-9999;-9999;
2011-08-18;04:00;-9999;-9999;-9999;-9999;-9999;-9999;-9999;-9999;-9999;-9999;-9999;-9999;-9999;-9999;-9999;-9999;-9999;
2011-08-18;05:00;-9999;-9999;-9999;-9999;-9999;-9999;-9999;-9999;-9999;-9999;-9999;-9999;-9999;-9999;-9999;-9999;-9999;
2011-08-18;06:00;-9999;-9999;-9999;-9999;-9999;-9999;-9999;-9999;-9999;-9999;-9999;-9999;-9999;-9999;-9999;-9999;-9999;
2011-08-18;07:00;-9999;-9999;-9999;-9999;-9999;-9999;-9999;-9999;-9999;-9999;-9999;-9999;-9999;-9999;-9999;-9999;-9999;
2011-08-18;08:00;-9999;-9999;-9999;-9999;-9999;-9999;-9999;-9999;-9999;-9999;-9999;-9999;-9999;-9999;-9999;-9999;-9999;
2011-08-18;09:00;-9999;-9999;-9999;-9999;-9999;-9999;-9999;-9999;-9999;-9999;-9999;-9999;-9999;-9999;-9999;-9999;-9999;
2011-08-18;10:00;-9999;-9999;-9999;-9999;-9999;-9999;-9999;-9999;-9999;-9999;-9999;-9999;-9999;-9999;-9999;-9999;-9999;
2011-08-18;11:00;-9999;-9999;-9999;-9999;-9999;-9999;-9999;-9999;-9999;-9999;-9999;-9999;-9999;-9999;-9999;-9999;-9999;
2011-08-18;12:00;-9999;-9999;-9999;-9999;-9999;-9999;-9999;-9999;-9999;-9999;-9999;-9999;-9999;-9999;-9999;-9999;-9999;
2011-08-18;13:00;-9999;-9999;-9999;-9999;-9999;-9999;-9999;-9999;-9999;-9999;-9999;-9999;-9999;-9999;-9999;-9999;-9999;
2011-08-18;14:00;-9999;-9999;-9999;-9999;-9999;-9999;-9999;-9999;-9999;-9999;-9999;-9999;-9999;-9999;-9999;-9999;-9999;
2011-08-18;15:00;-9999;-9999;-9999;-9999;-9999;-9999;-9999;-9999;-9999;-9999;-9999;-9999;-9999;-9999;-9999;-9999;-9999;
2011-08-18;16:00;-9999;-9999;-9999;-9999;-9999;-9999;-9999;-9999;-9999;-9999;-9999;-9999;-9999;-9999;-9999;-9999;-9999;
2011-08-18;17:00;-9999;-9999;-9999;-9999;-9999;-9999;-9999;-9999;-9999;-9999;-9999;-9999;-9999;-9999;-9999;-9999;-9999;
2011-08-18;18:00;-9999;-9999;-9999;-9999;-9999;-9999;-9999;-9999;-9999;-9999;-9999;-9999;-9999;-9999;-9999;-9999;-9999;
2011-08-18;19:00;-9999;-9999;-9999;-9999;-9999;-9999;-9999;-9999;-9999;-9999;-9999;-9999;-9999;-9999;-9999;-9999;-9999;
2011-08-18;20:00;-9999;-9999;-9999;-9999;-9999;-9999;-9999;-9999;-9999;-9999;-9999;-9999;-9999;-9999;-9999;-9999;-9999;
2011-08-18;21:00;-9999;-9999;-9999;-9999;-9999;-9999;-9999;-9999;-9999;-9999;-9999;-9999;-9999;-9999;-9999;-9999;-9999;
2011-08-18;22:00;-9999;-9999;-9999;-9999;-9999;-9999;-9999;-9999;-9999;-9999;-9999;-9999;-9999;-9999;-9999;-9999;-9999;
2011-08-18;23:00;-9999;-9999;-9999;-9999;-9999;-9999;-9999;-9999;-9999;-9999;-9999;-9999;-9999;-9999;-9999;-9999;-9999;
2011-08-19;00:00;-9999;-9999;-9999;-9999;-9999;-9999;-9999;-9999;-9999;-9999;-9999;-9999;-9999;-9999;-9999;-9999;-9999;
2011-08-19;01:00;-9999;-9999;-9999;-9999;-9999;-9999;-9999;-9999;-9999;-9999;-9999;-9999;-9999;-9999;-9999;-9999;-9999;
2011-08-19;02:00;-9999;-9999;-9999;-9999;-9999;-9999;-9999;-9999;-9999;-9999;-9999;-9999;-9999;-9999;-9999;-9999;-9999;
2011-08-19;03:00;-9999;-9999;-9999;-9999;-9999;-9999;-9999;-9999;-9999;-9999;-9999;-9999;-9999;-9999;-9999;-9999;-9999;
2011-08-19;04:00;-9999;-9999;-9999;-9999;-9999;-9999;-9999;-9999;-9999;-9999;-9999;-9999;-9999;-9999;-9999;-9999;-9999;
2011-08-19;05:00;-9999;-9999;-9999;-9999;-9999;-9999;-9999;-9999;-9999;-9999;-9999;-9999;-9999;-9999;-9999;-9999;-9999;
2011-08-19;06:00;-9999;-9999;-9999;-9999;-9999;-9999;-9999;-9999;-9999;-9999;-9999;-9999;-9999;-9999;-9999;-9999;-9999;
2011-08-19;07:00;-9999;-9999;-9999;-9999;-9999;-9999;-9999;-9999;-9999;-9999;-9999;-9999;-9999;-9999;-9999;-9999;-9999;
2011-08-19;08:00;-9999;-9999;-9999;-9999;-9999;-9999;-9999;-9999;-9999;-9999;-9999;-9999;-9999;-9999;-9999;-9999;-9999;
2011-08-19;09:00;-9999;-9999;-9999;-9999;-9999;-9999;-9999;-9999;-9999;-9999;-9999;-9999;-9999;-9999;-9999;-9999;-9999;
2011-08-19;10:00;-9999;-9999;-9999;-9999;-9999;-9999;-9999;-9999;-9999;-9999;-9999;-9999;-9999;-9999;-9999;-9999;-9999;
2011-08-19;11:00;-9999;-9999;-9999;-9999;-9999;-9999;-9999;-9999;-9999;-9999;-9999;-9999;-9999;-9999;-9999;-9999;-9999;
2011-08-19;12:00;-9999;-9999;-9999;-9999;-9999;-9999;-9999;-9999;-9999;-9999;-9999;-9999;-9999;-9999;-9999;-9999;-9999;
2011-08-19;13:00;-9999;-9999;-9999;-9999;-9999;-9999;-9999;-9999;-9999;-9999;-9999;-9999;-9999;-9999;-9999;-9999;-9999;
2011-08-19;14:00;-9999;-9999;-9999;-9999;-9999;-9999;-9999;-9999;-9999;-9999;-9999;-9999;-9999;-9999;-9999;-9999;-9999;
2011-08-19;15:00;-9999;-9999;-9999;-9999;-9999;-9999;-9999;-9999;-9999;-9999;-9999;-9999;-9999;-9999;-9999;-9999;-9999;
2011-08-19;16:00;-9999;-9999;-9999;-9999;-9999;-9999;-9999;-9999;-9999;-9999;-9999;-9999;-9999;-9999;-9999;-9999;-9999;
2011-08-19;17:00;-9999;-9999;-9999;-9999;-9999;-9999;-9999;-9999;-9999;-9999;-9999;-9999;-9999;-9999;-9999;-9999;-9999;
2011-08-19;18:00;-9999;-9999;-9999;-9999;-9999;-9999;-9999;-9999;-9999;-9999;-9999;-9999;-9999;-9999;-9999;-9999;-9999;
2011-08-19;19:00;-9999;-9999;-9999;-9999;-9999;-9999;-9999;-9999;-9999;-9999;-9999;-9999;-9999;-9999;-9999;-9999;-9999;
2011-08-19;20:00;-9999;-9999;-9999;-9999;-9999;-9999;-9999;-9999;-9999;-9999;-9999;-9999;-9999;-9999;-9999;-9999;-9999;
2011-08-19;21:00;-9999;-9999;-9999;-9999;-9999;-9999;-9999;-9999;-9999;-9999;-9999;-9999;-9999;-9999;-9999;-9999;-9999;
2011-08-19;22:00;-9999;-9999;-9999;-9999;-9999;-9999;-9999;-9999;-9999;-9999;-9999;-9999;-9999;-9999;-9999;-9999;-9999;
2011-08-19;23:00;-9999;-9999;-9999;-9999;-9999;-9999;-9999;-9999;-9999;-9999;-9999;-9999;-9999;-9999;-9999;-9999;-9999;
2011-08-20;00:00;-9999;-9999;-9999;-9999;-9999;-9999;-9999;-9999;-9999;-9999;-9999;-9999;-9999;-9999;-9999;-9999;-9999;
2011-08-20;01:00;-9999;-9999;-9999;-9999;-9999;-9999;-9999;-9999;-9999;-9999;-9999;-9999;-9999;-9999;-9999;-9999;-9999;
2011-08-20;02:00;-9999;-9999;-9999;-9999;-9999;-9999;-9999;-9999;-9999;-9999;-9999;-9999;-9999;-9999;-9999;-9999;-9999;
2011-08-20;03:00;-9999;-9999;-9999;-9999;-9999;-9999;-9999;-9999;-9999;-9999;-9999;-9999;-9999;-9999;-9999;-9999;-9999;
2011-08-20;04:00;-9999;-9999;-9999;-9999;-9999;-9999;-9999;-9999;-9999;-9999;-9999;-9999;-9999;-9999;-9999;-9999;-9999;
2011-08-20;05:00;-9999;-9999;-9999;-9999;-9999;-9999;-9999;-9999;-9999;-9999;-9999;-9999;-9999;-9999;-9999;-9999;-9999;
2011-08-20;06:00;-9999;-9999;-9999;-9999;-9999;-9999;-9999;-9999;-9999;-9999;-9999;-9999;-9999;-9999;-9999;-9999;-9999;
2011-08-20;07:00;-9999;-9999;-9999;-9999;-9999;-9999;-9999;-9999;-9999;-9999;-9999;-9999;-9999;-9999;-9999;-9999;-9999;
2011-08-20;08:00;-9999;-9999;-9999;-9999;-9999;-9999;-9999;-9999;-9999;-9999;-9999;-9999;-9999;-9999;-9999;-9999;-9999;
2011-08-20;09:00;-9999;-9999;-9999;-9999;-9999;-9999;-9999;-9999;-9999;-9999;-9999;-9999;-9999;-9999;-9999;-9999;-9999;
2011-08-20;10:00;-9999;-9999;-9999;-9999;-9999;-9999;-9999;-9999;-9999;-9999;-9999;-9999;-9999;-9999;-9999;-9999;-9999;
2011-08-20;11:00;-9999;-9999;-9999;-9999;-9999;-9999;-9999;-9999;-9999;-9999;-9999;-9999;-9999;-9999;-9999;-9999;-9999;
2011-08-20;12:00;-9999;-9999;-9999;-9999;-9999;-9999;-9999;-9999;-9999;-9999;-9999;-9999;-9999;-9999;-9999;-9999;-9999;
2011-08-20;13:00;-9999;-9999;-9999;-9999;-9999;-9999;-9999;-9999;-9999;-9999;-9999;-9999;-9999;-9999;-9999;-9999;-9999;
2011-08-20;14:00;-9999;-9999;-9999;-9999;-9999;-9999;-9999;-9999;-9999;-9999;-9999;-9999;-9999;-9999;-9999;-9999;-9999;
2011-08-20;15:00;-9999;-9999;-9999;-9999;-9999;-9999;-9999;-9999;-9999;-9999;-9999;-9999;-9999;-9999;-9999;-9999;-9999;
2011-08-20;16:00;-9999;-9999;-9999;-9999;-9999;-9999;-9999;-9999;-9999;-9999;-9999;-9999;-9999;-9999;-9999;-9999;-9999;
2011-08-20;17:00;-9999;-9999;-9999;-9999;-9999;-9999;-9999;-9999;-9999;-9999;-9999;-9999;-9999;-9999;-9999;-9999;-9999;
2011-08-20;18:00;-9999;-9999;-9999;-9999;-9999;-9999;-9999;-9999;-9999;-9999;-9999;-9999;-9999;-9999;-9999;-9999;-9999;
2011-08-20;19:00;-9999;-9999;-9999;-9999;-9999;-9999;-9999;-9999;-9999;-9999;-9999;-9999;-9999;-9999;-9999;-9999;-9999;
2011-08-20;20:00;-9999;-9999;-9999;-9999;-9999;-9999;-9999;-9999;-9999;-9999;-9999;-9999;-9999;-9999;-9999;-9999;-9999;
2011-08-20;21:00;-9999;-9999;-9999;-9999;-9999;-9999;-9999;-9999;-9999;-9999;-9999;-9999;-9999;-9999;-9999;-9999;-9999;
2011-08-20;22:00;-9999;-9999;-9999;-9999;-9999;-9999;-9999;-9999;-9999;-9999;-9999;-9999;-9999;-9999;-9999;-9999;-9999;
2011-08-20;23:00;-9999;-9999;-9999;-9999;-9999;-9999;-9999;-9999;-9999;-9999;-9999;-9999;-9999;-9999;-9999;-9999;-9999;
2011-08-21;00:00;-9999;-9999;-9999;-9999;-9999;-9999;-9999;-9999;-9999;-9999;-9999;-9999;-9999;-9999;-9999;-9999;-9999;
2011-08-21;01:00;-9999;-9999;-9999;-9999;-9999;-9999;-9999;-9999;-9999;-9999;-9999;-9999;-9999;-9999;-9999;-9999;-9999;
2011-08-21;02:00;-9999;-9999;-9999;-9999;-9999;-9999;-9999;-9999;-9999;-9999;-9999;-9999;-9999;-9999;-9999;-9999;-9999;
2011-08-21;03:00;-9999;-9999;-9999;-9999;-9999;-9999;-9999;-9999;-9999;-9999;-9999;-9999;-9999;-9999;-9999;-9999;-9999;
2011-08-21;04:00;-9999;-9999;-9999;-9999;-9999;-9999;-9999;-9999;-9999;-9999;-9999;-9999;-9999;-9999;-9999;-9999;-9999;
2011-08-21;05:00;-9999;-9999;-9999;-9999;-9999;-9999;-9999;-9999;-9999;-9999;-9999;-9999;-9999;-9999;-9999;-9999;-9999;
2011-08-21;06:00;-9999;-9999;-9999;-9999;-9999;-9999;-9999;-9999;-9999;-9999;-9999;-9999;-9999;-9999;-9999;-9999;-9999;
2011-08-21;07:00;-9999;-9999;-9999;-9999;-9999;-9999;-9999;-9999;-9999;-9999;-9999;-9999;-9999;-9999;-9999;-9999;-9999;
2011-08-21;08:00;-9999;-9999;-9999;-9999;-9999;-9999;-9999;-9999;-9999;-9999;-9999;-9999;-9999;-9999;-9999;-9999;-9999;
2011-08-21;09:00;-9999;-9999;-9999;-9999;-9999;-9999;-9999;-9999;-9999;-9999;-9999;-9999;-9999;-9999;-9999;-9999;-9999;
2011-08-21;10:00;-9999;-9999;-9999;-9999;-9999;-9999;-9999;-9999;-9999;-9999;-9999;-9999;-9999;-9999;-9999;-9999;-9999;
2011-08-21;11:00;-9999;-9999;-9999;-9999;-9999;-9999;-9999;-9999;-9999;-9999;-9999;-9999;-9999;-9999;-9999;-9999;-9999;
2011-08-21;12:00;-9999;-9999;-9999;-9999;-9999;-9999;-9999;-9999;-9999;-9999;-9999;-9999;-9999;-9999;-9999;-9999;-9999;
2011-08-21;13:00;-9999;-9999;-9999;-9999;-9999;-9999;-9999;-9999;-9999;-9999;-9999;-9999;-9999;-9999;-9999;-9999;-9999;
2011-08-21;14:00;-9999;-9999;-9999;-9999;-9999;-9999;-9999;-9999;-9999;-9999;-9999;-9999;-9999;-9999;-9999;-9999;-9999;
2011-08-21;15:00;-9999;-9999;-9999;-9999;-9999;-9999;-9999;-9999;-9999;-9999;-9999;-9999;-9999;-9999;-9999;-9999;-9999;
2011-08-21;16:00;-9999;-9999;-9999;-9999;-9999;-9999;-9999;-9999;-9999;-9999;-9999;-9999;-9999;-9999;-9999;-9999;-9999;
2011-08-21;17:00;-9999;-9999;-9999;-9999;-9999;-9999;-9999;-9999;-9999;-9999;-9999;-9999;-9999;-9999;-9999;-9999;-9999;
2011-08-21;18:00;-9999;-9999;-9999;-9999;-9999;-9999;-9999;-9999;-9999;-9999;-9999;-9999;-9999;-9999;-9999;-9999;-9999;
2011-08-21;19:00;-9999;-9999;-9999;-9999;-9999;-9999;-9999;-9999;-9999;-9999;-9999;-9999;-9999;-9999;-9999;-9999;-9999;
2011-08-21;20:00;-9999;-9999;-9999;-9999;-9999;-9999;-9999;-9999;-9999;-9999;-9999;-9999;-9999;-9999;-9999;-9999;-9999;
2011-08-21;21:00;-9999;-9999;-9999;-9999;-9999;-9999;-9999;-9999;-9999;-9999;-9999;-9999;-9999;-9999;-9999;-9999;-9999;
2011-08-21;22:00;-9999;-9999;-9999;-9999;-9999;-9999;-9999;-9999;-9999;-9999;-9999;-9999;-9999;-9999;-9999;-9999;-9999;
2011-08-21;23:00;-9999;-9999;-9999;-9999;-9999;-9999;-9999;-9999;-9999;-9999;-9999;-9999;-9999;-9999;-9999;-9999;-9999;
2011-08-22;00:00;-9999;-9999;-9999;-9999;-9999;-9999;-9999;-9999;-9999;-9999;-9999;-9999;-9999;-9999;-9999;-9999;-9999;
2011-08-22;01:00;-9999;-9999;-9999;-9999;-9999;-9999;-9999;-9999;-9999;-9999;-9999;-9999;-9999;-9999;-9999;-9999;-9999;
2011-08-22;02:00;-9999;-9999;-9999;-9999;-9999;-9999;-9999;-9999;-9999;-9999;-9999;-9999;-9999;-9999;-9999;-9999;-9999;
2011-08-22;03:00;-9999;-9999;-9999;-9999;-9999;-9999;-9999;-9999;-9999;-9999;-9999;-9999;-9999;-9999;-9999;-9999;-9999;
2011-08-22;04:00;-9999;-9999;-9999;-9999;-9999;-9999;-9999;-9999;-9999;-9999;-9999;-9999;-9999;-9999;-9999;-9999;-9999;
2011-08-22;05:00;-9999;-9999;-9999;-9999;-9999;-9999;-9999;-9999;-9999;-9999;-9999;-9999;-9999;-9999;-9999;-9999;-9999;
2011-08-22;06:00;-9999;-9999;-9999;-9999;-9999;-9999;-9999;-9999;-9999;-9999;-9999;-9999;-9999;-9999;-9999;-9999;-9999;
2011-08-22;07:00;-9999;-9999;-9999;-9999;-9999;-9999;-9999;-9999;-9999;-9999;-9999;-9999;-9999;-9999;-9999;-9999;-9999;
2011-08-22;08:00;-9999;-9999;-9999;-9999;-9999;-9999;-9999;-9999;-9999;-9999;-9999;-9999;-9999;-9999;-9999;-9999;-9999;
2011-08-22;09:00;-9999;-9999;-9999;-9999;-9999;-9999;-9999;-9999;-9999;-9999;-9999;-9999;-9999;-9999;-9999;-9999;-9999;
2011-08-22;10:00;-9999;-9999;-9999;-9999;-9999;-9999;-9999;-9999;-9999;-9999;-9999;-9999;-9999;-9999;-9999;-9999;-9999;
2011-08-22;11:00;-9999;-9999;-9999;-9999;-9999;-9999;-9999;-9999;-9999;-9999;-9999;-9999;-9999;-9999;-9999;-9999;-9999;
2011-08-22;12:00;-9999;-9999;-9999;-9999;-9999;-9999;-9999;-9999;-9999;-9999;-9999;-9999;-9999;-9999;-9999;-9999;-9999;
2011-08-22;13:00;-9999;-9999;-9999;-9999;-9999;-9999;-9999;-9999;-9999;-9999;-9999;-9999;-9999;-9999;-9999;-9999;-9999;
2011-08-22;14:00;-9999;-9999;-9999;-9999;-9999;-9999;-9999;-9999;-9999;-9999;-9999;-9999;-9999;-9999;-9999;-9999;-9999;
2011-08-22;15:00;-9999;-9999;-9999;-9999;-9999;-9999;-9999;-9999;-9999;-9999;-9999;-9999;-9999;-9999;-9999;-9999;-9999;
2011-08-22;16:00;-9999;-9999;-9999;-9999;-9999;-9999;-9999;-9999;-9999;-9999;-9999;-9999;-9999;-9999;-9999;-9999;-9999;
2011-08-22;17:00;-9999;-9999;-9999;-9999;-9999;-9999;-9999;-9999;-9999;-9999;-9999;-9999;-9999;-9999;-9999;-9999;-9999;
2011-08-22;18:00;-9999;-9999;-9999;-9999;-9999;-9999;-9999;-9999;-9999;-9999;-9999;-9999;-9999;-9999;-9999;-9999;-9999;
2011-08-22;19:00;-9999;-9999;-9999;-9999;-9999;-9999;-9999;-9999;-9999;-9999;-9999;-9999;-9999;-9999;-9999;-9999;-9999;
2011-08-22;20:00;-9999;-9999;-9999;-9999;-9999;-9999;-9999;-9999;-9999;-9999;-9999;-9999;-9999;-9999;-9999;-9999;-9999;
2011-08-22;21:00;-9999;-9999;-9999;-9999;-9999;-9999;-9999;-9999;-9999;-9999;-9999;-9999;-9999;-9999;-9999;-9999;-9999;
2011-08-22;22:00;-9999;-9999;-9999;-9999;-9999;-9999;-9999;-9999;-9999;-9999;-9999;-9999;-9999;-9999;-9999;-9999;-9999;
2011-08-22;23:00;-9999;-9999;-9999;-9999;-9999;-9999;-9999;-9999;-9999;-9999;-9999;-9999;-9999;-9999;-9999;-9999;-9999;
2011-08-23;00:00;-9999;-9999;-9999;-9999;-9999;-9999;-9999;-9999;-9999;-9999;-9999;-9999;-9999;-9999;-9999;-9999;-9999;
2011-08-23;01:00;-9999;-9999;-9999;-9999;-9999;-9999;-9999;-9999;-9999;-9999;-9999;-9999;-9999;-9999;-9999;-9999;-9999;
2011-08-23;02:00;-9999;-9999;-9999;-9999;-9999;-9999;-9999;-9999;-9999;-9999;-9999;-9999;-9999;-9999;-9999;-9999;-9999;
2011-08-23;03:00;-9999;-9999;-9999;-9999;-9999;-9999;-9999;-9999;-9999;-9999;-9999;-9999;-9999;-9999;-9999;-9999;-9999;
2011-08-23;04:00;-9999;-9999;-9999;-9999;-9999;-9999;-9999;-9999;-9999;-9999;-9999;-9999;-9999;-9999;-9999;-9999;-9999;
2011-08-23;05:00;-9999;-9999;-9999;-9999;-9999;-9999;-9999;-9999;-9999;-9999;-9999;-9999;-9999;-9999;-9999;-9999;-9999;
2011-08-23;06:00;-9999;-9999;-9999;-9999;-9999;-9999;-9999;-9999;-9999;-9999;-9999;-9999;-9999;-9999;-9999;-9999;-9999;
2011-08-23;07:00;-9999;-9999;-9999;-9999;-9999;-9999;-9999;-9999;-9999;-9999;-9999;-9999;-9999;-9999;-9999;-9999;-9999;
2011-08-23;08:00;-9999;-9999;-9999;-9999;-9999;-9999;-9999;-9999;-9999;-9999;-9999;-9999;-9999;-9999;-9999;-9999;-9999;
2011-08-23;09:00;-9999;-9999;-9999;-9999;-9999;-9999;-9999;-9999;-9999;-9999;-9999;-9999;-9999;-9999;-9999;-9999;-9999;
2011-08-23;10:00;-9999;-9999;-9999;-9999;-9999;-9999;-9999;-9999;-9999;-9999;-9999;-9999;-9999;-9999;-9999;-9999;-9999;
2011-08-23;11:00;-9999;-9999;-9999;-9999;-9999;-9999;-9999;-9999;-9999;-9999;-9999;-9999;-9999;-9999;-9999;-9999;-9999;
2011-08-23;12:00;-9999;-9999;-9999;-9999;-9999;-9999;-9999;-9999;-9999;-9999;-9999;-9999;-9999;-9999;-9999;-9999;-9999;
2011-08-23;13:00;-9999;-9999;-9999;-9999;-9999;-9999;-9999;-9999;-9999;-9999;-9999;-9999;-9999;-9999;-9999;-9999;-9999;
2011-08-23;14:00;-9999;-9999;-9999;-9999;-9999;-9999;-9999;-9999;-9999;-9999;-9999;-9999;-9999;-9999;-9999;-9999;-9999;
2011-08-23;15:00;-9999;-9999;-9999;-9999;-9999;-9999;-9999;-9999;-9999;-9999;-9999;-9999;-9999;-9999;-9999;-9999;-9999;
2011-08-23;16:00;-9999;-9999;-9999;-9999;-9999;-9999;-9999;-9999;-9999;-9999;-9999;-9999;-9999;-9999;-9999;-9999;-9999;
2011-08-23;17:00;-9999;-9999;-9999;-9999;-9999;-9999;-9999;-9999;-9999;-9999;-9999;-9999;-9999;-9999;-9999;-9999;-9999;
2011-08-23;18:00;-9999;-9999;-9999;-9999;-9999;-9999;-9999;-9999;-9999;-9999;-9999;-9999;-9999;-9999;-9999;-9999;-9999;
2011-08-23;19:00;-9999;-9999;-9999;-9999;-9999;-9999;-9999;-9999;-9999;-9999;-9999;-9999;-9999;-9999;-9999;-9999;-9999;
2011-08-23;20:00;-9999;-9999;-9999;-9999;-9999;-9999;-9999;-9999;-9999;-9999;-9999;-9999;-9999;-9999;-9999;-9999;-9999;
2011-08-23;21:00;-9999;-9999;-9999;-9999;-9999;-9999;-9999;-9999;-9999;-9999;-9999;-9999;-9999;-9999;-9999;-9999;-9999;
2011-08-23;22:00;-9999;-9999;-9999;-9999;-9999;-9999;-9999;-9999;-9999;-9999;-9999;-9999;-9999;-9999;-9999;-9999;-9999;
2011-08-23;23:00;-9999;-9999;-9999;-9999;-9999;-9999;-9999;-9999;-9999;-9999;-9999;-9999;-9999;-9999;-9999;-9999;-9999;
2011-08-24;00:00;-9999;-9999;-9999;-9999;-9999;-9999;-9999;-9999;-9999;-9999;-9999;-9999;-9999;-9999;-9999;-9999;-9999;
2011-08-24;01:00;-9999;-9999;-9999;-9999;-9999;-9999;-9999;-9999;-9999;-9999;-9999;-9999;-9999;-9999;-9999;-9999;-9999;
2011-08-24;02:00;-9999;-9999;-9999;-9999;-9999;-9999;-9999;-9999;-9999;-9999;-9999;-9999;-9999;-9999;-9999;-9999;-9999;
2011-08-24;03:00;-9999;-9999;-9999;-9999;-9999;-9999;-9999;-9999;-9999;-9999;-9999;-9999;-9999;-9999;-9999;-9999;-9999;
2011-08-24;04:00;-9999;-9999;-9999;-9999;-9999;-9999;-9999;-9999;-9999;-9999;-9999;-9999;-9999;-9999;-9999;-9999;-9999;
2011-08-24;05:00;-9999;-9999;-9999;-9999;-9999;-9999;-9999;-9999;-9999;-9999;-9999;-9999;-9999;-9999;-9999;-9999;-9999;
2011-08-24;06:00;-9999;-9999;-9999;-9999;-9999;-9999;-9999;-9999;-9999;-9999;-9999;-9999;-9999;-9999;-9999;-9999;-9999;
2011-08-24;07:00;-9999;-9999;-9999;-9999;-9999;-9999;-9999;-9999;-9999;-9999;-9999;-9999;-9999;-9999;-9999;-9999;-9999;
2011-08-24;08:00;-9999;-9999;-9999;-9999;-9999;-9999;-9999;-9999;-9999;-9999;-9999;-9999;-9999;-9999;-9999;-9999;-9999;
2011-08-24;09:00;-9999;-9999;-9999;-9999;-9999;-9999;-9999;-9999;-9999;-9999;-9999;-9999;-9999;-9999;-9999;-9999;-9999;
2011-08-24;10:00;-9999;-9999;-9999;-9999;-9999;-9999;-9999;-9999;-9999;-9999;-9999;-9999;-9999;-9999;-9999;-9999;-9999;
2011-08-24;11:00;-9999;-9999;-9999;-9999;-9999;-9999;-9999;-9999;-9999;-9999;-9999;-9999;-9999;-9999;-9999;-9999;-9999;
2011-08-24;12:00;-9999;-9999;-9999;-9999;-9999;-9999;-9999;-9999;-9999;-9999;-9999;-9999;-9999;-9999;-9999;-9999;-9999;
2011-08-24;13:00;-9999;-9999;-9999;-9999;-9999;-9999;-9999;-9999;-9999;-9999;-9999;-9999;-9999;-9999;-9999;-9999;-9999;
2011-08-24;14:00;-9999;-9999;-9999;-9999;-9999;-9999;-9999;-9999;-9999;-9999;-9999;-9999;-9999;-9999;-9999;-9999;-9999;
2011-08-24;15:00;-9999;-9999;-9999;-9999;-9999;-9999;-9999;-9999;-9999;-9999;-9999;-9999;-9999;-9999;-9999;-9999;-9999;
2011-08-24;16:00;-9999;-9999;-9999;-9999;-9999;-9999;-9999;-9999;-9999;-9999;-9999;-9999;-9999;-9999;-9999;-9999;-9999;
2011-08-24;17:00;-9999;-9999;-9999;-9999;-9999;-9999;-9999;-9999;-9999;-9999;-9999;-9999;-9999;-9999;-9999;-9999;-9999;
2011-08-24;18:00;-9999;-9999;-9999;-9999;-9999;-9999;-9999;-9999;-9999;-9999;-9999;-9999;-9999;-9999;-9999;-9999;-9999;
2011-08-24;19:00;-9999;-9999;-9999;-9999;-9999;-9999;-9999;-9999;-9999;-9999;-9999;-9999;-9999;-9999;-9999;-9999;-9999;
2011-08-24;20:00;-9999;-9999;-9999;-9999;-9999;-9999;-9999;-9999;-9999;-9999;-9999;-9999;-9999;-9999;-9999;-9999;-9999;
2011-08-24;21:00;-9999;-9999;-9999;-9999;-9999;-9999;-9999;-9999;-9999;-9999;-9999;-9999;-9999;-9999;-9999;-9999;-9999;
2011-08-24;22:00;-9999;-9999;-9999;-9999;-9999;-9999;-9999;-9999;-9999;-9999;-9999;-9999;-9999;-9999;-9999;-9999;-9999;
2011-08-24;23:00;-9999;-9999;-9999;-9999;-9999;-9999;-9999;-9999;-9999;-9999;-9999;-9999;-9999;-9999;-9999;-9999;-9999;
2011-08-25;00:00;-9999;-9999;-9999;-9999;-9999;-9999;-9999;-9999;-9999;-9999;-9999;-9999;-9999;-9999;-9999;-9999;-9999;
2011-08-25;01:00;-9999;-9999;-9999;-9999;-9999;-9999;-9999;-9999;-9999;-9999;-9999;-9999;-9999;-9999;-9999;-9999;-9999;
2011-08-25;02:00;-9999;-9999;-9999;-9999;-9999;-9999;-9999;-9999;-9999;-9999;-9999;-9999;-9999;-9999;-9999;-9999;-9999;
2011-08-25;03:00;-9999;-9999;-9999;-9999;-9999;-9999;-9999;-9999;-9999;-9999;-9999;-9999;-9999;-9999;-9999;-9999;-9999;
2011-08-25;04:00;-9999;-9999;-9999;-9999;-9999;-9999;-9999;-9999;-9999;-9999;-9999;-9999;-9999;-9999;-9999;-9999;-9999;
2011-08-25;05:00;-9999;-9999;-9999;-9999;-9999;-9999;-9999;-9999;-9999;-9999;-9999;-9999;-9999;-9999;-9999;-9999;-9999;
2011-08-25;06:00;-9999;-9999;-9999;-9999;-9999;-9999;-9999;-9999;-9999;-9999;-9999;-9999;-9999;-9999;-9999;-9999;-9999;
2011-08-25;07:00;-9999;-9999;-9999;-9999;-9999;-9999;-9999;-9999;-9999;-9999;-9999;-9999;-9999;-9999;-9999;-9999;-9999;
2011-08-25;08:00;-9999;-9999;-9999;-9999;-9999;-9999;-9999;-9999;-9999;-9999;-9999;-9999;-9999;-9999;-9999;-9999;-9999;
2011-08-25;09:00;-9999;-9999;-9999;-9999;-9999;-9999;-9999;-9999;-9999;-9999;-9999;-9999;-9999;-9999;-9999;-9999;-9999;
2011-08-25;10:00;-9999;-9999;-9999;-9999;-9999;-9999;-9999;-9999;-9999;-9999;-9999;-9999;-9999;-9999;-9999;-9999;-9999;
2011-08-25;11:00;-9999;-9999;-9999;-9999;-9999;-9999;-9999;-9999;-9999;-9999;-9999;-9999;-9999;-9999;-9999;-9999;-9999;
2011-08-25;12:00;-9999;-9999;-9999;-9999;-9999;-9999;-9999;-9999;-9999;-9999;-9999;-9999;-9999;-9999;-9999;-9999;-9999;
2011-08-25;13:00;-9999;-9999;-9999;-9999;-9999;-9999;-9999;-9999;-9999;-9999;-9999;-9999;-9999;-9999;-9999;-9999;-9999;
2011-08-25;14:00;-9999;-9999;-9999;-9999;-9999;-9999;-9999;-9999;-9999;-9999;-9999;-9999;-9999;-9999;-9999;-9999;-9999;
2011-08-25;15:00;-9999;-9999;-9999;-9999;-9999;-9999;-9999;-9999;-9999;-9999;-9999;-9999;-9999;-9999;-9999;-9999;-9999;
2011-08-25;16:00;-9999;-9999;-9999;-9999;-9999;-9999;-9999;-9999;-9999;-9999;-9999;-9999;-9999;-9999;-9999;-9999;-9999;
2011-08-25;17:00;-9999;-9999;-9999;-9999;-9999;-9999;-9999;-9999;-9999;-9999;-9999;-9999;-9999;-9999;-9999;-9999;-9999;
2011-08-25;18:00;-9999;-9999;-9999;-9999;-9999;-9999;-9999;-9999;-9999;-9999;-9999;-9999;-9999;-9999;-9999;-9999;-9999;
2011-08-25;19:00;-9999;-9999;-9999;-9999;-9999;-9999;-9999;-9999;-9999;-9999;-9999;-9999;-9999;-9999;-9999;-9999;-9999;
2011-08-25;20:00;-9999;-9999;-9999;-9999;-9999;-9999;-9999;-9999;-9999;-9999;-9999;-9999;-9999;-9999;-9999;-9999;-9999;
2011-08-25;21:00;-9999;-9999;-9999;-9999;-9999;-9999;-9999;-9999;-9999;-9999;-9999;-9999;-9999;-9999;-9999;-9999;-9999;
2011-08-25;22:00;-9999;-9999;-9999;-9999;-9999;-9999;-9999;-9999;-9999;-9999;-9999;-9999;-9999;-9999;-9999;-9999;-9999;
2011-08-25;23:00;-9999;-9999;-9999;-9999;-9999;-9999;-9999;-9999;-9999;-9999;-9999;-9999;-9999;-9999;-9999;-9999;-9999;
2011-08-26;00:00;-9999;-9999;-9999;-9999;-9999;-9999;-9999;-9999;-9999;-9999;-9999;-9999;-9999;-9999;-9999;-9999;-9999;
2011-08-26;01:00;-9999;-9999;-9999;-9999;-9999;-9999;-9999;-9999;-9999;-9999;-9999;-9999;-9999;-9999;-9999;-9999;-9999;
2011-08-26;02:00;-9999;-9999;-9999;-9999;-9999;-9999;-9999;-9999;-9999;-9999;-9999;-9999;-9999;-9999;-9999;-9999;-9999;
2011-08-26;03:00;-9999;-9999;-9999;-9999;-9999;-9999;-9999;-9999;-9999;-9999;-9999;-9999;-9999;-9999;-9999;-9999;-9999;
2011-08-26;04:00;-9999;-9999;-9999;-9999;-9999;-9999;-9999;-9999;-9999;-9999;-9999;-9999;-9999;-9999;-9999;-9999;-9999;
2011-08-26;05:00;-9999;-9999;-9999;-9999;-9999;-9999;-9999;-9999;-9999;-9999;-9999;-9999;-9999;-9999;-9999;-9999;-9999;
2011-08-26;06:00;-9999;-9999;-9999;-9999;-9999;-9999;-9999;-9999;-9999;-9999;-9999;-9999;-9999;-9999;-9999;-9999;-9999;
2011-08-26;07:00;-9999;-9999;-9999;-9999;-9999;-9999;-9999;-9999;-9999;-9999;-9999;-9999;-9999;-9999;-9999;-9999;-9999;
2011-08-26;08:00;-9999;-9999;-9999;-9999;-9999;-9999;-9999;-9999;-9999;-9999;-9999;-9999;-9999;-9999;-9999;-9999;-9999;
2011-08-26;09:00;-9999;-9999;-9999;-9999;-9999;-9999;-9999;-9999;-9999;-9999;-9999;-9999;-9999;-9999;-9999;-9999;-9999;
2011-08-26;10:00;-9999;-9999;-9999;-9999;-9999;-9999;-9999;-9999;-9999;-9999;-9999;-9999;-9999;-9999;-9999;-9999;-9999;
2011-08-26;11:00;-9999;-9999;-9999;-9999;-9999;-9999;-9999;-9999;-9999;-9999;-9999;-9999;-9999;-9999;-9999;-9999;-9999;
2011-08-26;12:00;-9999;-9999;-9999;-9999;-9999;-9999;-9999;-9999;-9999;-9999;-9999;-9999;-9999;-9999;-9999;-9999;-9999;
2011-08-26;13:00;-9999;-9999;-9999;-9999;-9999;-9999;-9999;-9999;-9999;-9999;-9999;-9999;-9999;-9999;-9999;-9999;-9999;
2011-08-26;14:00;-9999;-9999;-9999;-9999;-9999;-9999;-9999;-9999;-9999;-9999;-9999;-9999;-9999;-9999;-9999;-9999;-9999;
2011-08-26;15:00;-9999;-9999;-9999;-9999;-9999;-9999;-9999;-9999;-9999;-9999;-9999;-9999;-9999;-9999;-9999;-9999;-9999;
2011-08-26;16:00;-9999;-9999;-9999;-9999;-9999;-9999;-9999;-9999;-9999;-9999;-9999;-9999;-9999;-9999;-9999;-9999;-9999;
2011-08-26;17:00;-9999;-9999;-9999;-9999;-9999;-9999;-9999;-9999;-9999;-9999;-9999;-9999;-9999;-9999;-9999;-9999;-9999;
2011-08-26;18:00;-9999;-9999;-9999;-9999;-9999;-9999;-9999;-9999;-9999;-9999;-9999;-9999;-9999;-9999;-9999;-9999;-9999;
2011-08-26;19:00;-9999;-9999;-9999;-9999;-9999;-9999;-9999;-9999;-9999;-9999;-9999;-9999;-9999;-9999;-9999;-9999;-9999;
2011-08-26;20:00;-9999;-9999;-9999;-9999;-9999;-9999;-9999;-9999;-9999;-9999;-9999;-9999;-9999;-9999;-9999;-9999;-9999;
2011-08-26;21:00;-9999;-9999;-9999;-9999;-9999;-9999;-9999;-9999;-9999;-9999;-9999;-9999;-9999;-9999;-9999;-9999;-9999;
2011-08-26;22:00;-9999;-9999;-9999;-9999;-9999;-9999;-9999;-9999;-9999;-9999;-9999;-9999;-9999;-9999;-9999;-9999;-9999;
2011-08-26;23:00;-9999;-9999;-9999;-9999;-9999;-9999;-9999;-9999;-9999;-9999;-9999;-9999;-9999;-9999;-9999;-9999;-9999;
2011-08-27;00:00;-9999;-9999;-9999;-9999;-9999;-9999;-9999;-9999;-9999;-9999;-9999;-9999;-9999;-9999;-9999;-9999;-9999;
2011-08-27;01:00;-9999;-9999;-9999;-9999;-9999;-9999;-9999;-9999;-9999;-9999;-9999;-9999;-9999;-9999;-9999;-9999;-9999;
2011-08-27;02:00;-9999;-9999;-9999;-9999;-9999;-9999;-9999;-9999;-9999;-9999;-9999;-9999;-9999;-9999;-9999;-9999;-9999;
2011-08-27;03:00;-9999;-9999;-9999;-9999;-9999;-9999;-9999;-9999;-9999;-9999;-9999;-9999;-9999;-9999;-9999;-9999;-9999;
2011-08-27;04:00;-9999;-9999;-9999;-9999;-9999;-9999;-9999;-9999;-9999;-9999;-9999;-9999;-9999;-9999;-9999;-9999;-9999;
2011-08-27;05:00;-9999;-9999;-9999;-9999;-9999;-9999;-9999;-9999;-9999;-9999;-9999;-9999;-9999;-9999;-9999;-9999;-9999;
2011-08-27;06:00;-9999;-9999;-9999;-9999;-9999;-9999;-9999;-9999;-9999;-9999;-9999;-9999;-9999;-9999;-9999;-9999;-9999;
2011-08-27;07:00;-9999;-9999;-9999;-9999;-9999;-9999;-9999;-9999;-9999;-9999;-9999;-9999;-9999;-9999;-9999;-9999;-9999;
2011-08-27;08:00;-9999;-9999;-9999;-9999;-9999;-9999;-9999;-9999;-9999;-9999;-9999;-9999;-9999;-9999;-9999;-9999;-9999;
2011-08-27;09:00;-9999;-9999;-9999;-9999;-9999;-9999;-9999;-9999;-9999;-9999;-9999;-9999;-9999;-9999;-9999;-9999;-9999;
2011-08-27;10:00;-9999;-9999;-9999;-9999;-9999;-9999;-9999;-9999;-9999;-9999;-9999;-9999;-9999;-9999;-9999;-9999;-9999;
2011-08-27;11:00;-9999;-9999;-9999;-9999;-9999;-9999;-9999;-9999;-9999;-9999;-9999;-9999;-9999;-9999;-9999;-9999;-9999;
2011-08-27;12:00;-9999;-9999;-9999;-9999;-9999;-9999;-9999;-9999;-9999;-9999;-9999;-9999;-9999;-9999;-9999;-9999;-9999;
2011-08-27;13:00;-9999;-9999;-9999;-9999;-9999;-9999;-9999;-9999;-9999;-9999;-9999;-9999;-9999;-9999;-9999;-9999;-9999;
2011-08-27;14:00;-9999;-9999;-9999;-9999;-9999;-9999;-9999;-9999;-9999;-9999;-9999;-9999;-9999;-9999;-9999;-9999;-9999;
2011-08-27;15:00;-9999;-9999;-9999;-9999;-9999;-9999;-9999;-9999;-9999;-9999;-9999;-9999;-9999;-9999;-9999;-9999;-9999;
2011-08-27;16:00;-9999;-9999;-9999;-9999;-9999;-9999;-9999;-9999;-9999;-9999;-9999;-9999;-9999;-9999;-9999;-9999;-9999;
2011-08-27;17:00;-9999;-9999;-9999;-9999;-9999;-9999;-9999;-9999;-9999;-9999;-9999;-9999;-9999;-9999;-9999;-9999;-9999;
2011-08-27;18:00;-9999;-9999;-9999;-9999;-9999;-9999;-9999;-9999;-9999;-9999;-9999;-9999;-9999;-9999;-9999;-9999;-9999;
2011-08-27;19:00;-9999;-9999;-9999;-9999;-9999;-9999;-9999;-9999;-9999;-9999;-9999;-9999;-9999;-9999;-9999;-9999;-9999;
2011-08-27;20:00;-9999;-9999;-9999;-9999;-9999;-9999;-9999;-9999;-9999;-9999;-9999;-9999;-9999;-9999;-9999;-9999;-9999;
2011-08-27;21:00;-9999;-9999;-9999;-9999;-9999;-9999;-9999;-9999;-9999;-9999;-9999;-9999;-9999;-9999;-9999;-9999;-9999;
2011-08-27;22:00;-9999;-9999;-9999;-9999;-9999;-9999;-9999;-9999;-9999;-9999;-9999;-9999;-9999;-9999;-9999;-9999;-9999;
2011-08-27;23:00;-9999;-9999;-9999;-9999;-9999;-9999;-9999;-9999;-9999;-9999;-9999;-9999;-9999;-9999;-9999;-9999;-9999;
2011-08-28;00:00;-9999;-9999;-9999;-9999;-9999;-9999;-9999;-9999;-9999;-9999;-9999;-9999;-9999;-9999;-9999;-9999;-9999;
2011-08-28;01:00;-9999;-9999;-9999;-9999;-9999;-9999;-9999;-9999;-9999;-9999;-9999;-9999;-9999;-9999;-9999;-9999;-9999;
2011-08-28;02:00;-9999;-9999;-9999;-9999;-9999;-9999;-9999;-9999;-9999;-9999;-9999;-9999;-9999;-9999;-9999;-9999;-9999;
2011-08-28;03:00;-9999;-9999;-9999;-9999;-9999;-9999;-9999;-9999;-9999;-9999;-9999;-9999;-9999;-9999;-9999;-9999;-9999;
2011-08-28;04:00;-9999;-9999;-9999;-9999;-9999;-9999;-9999;-9999;-9999;-9999;-9999;-9999;-9999;-9999;-9999;-9999;-9999;
2011-08-28;05:00;-9999;-9999;-9999;-9999;-9999;-9999;-9999;-9999;-9999;-9999;-9999;-9999;-9999;-9999;-9999;-9999;-9999;
2011-08-28;06:00;-9999;-9999;-9999;-9999;-9999;-9999;-9999;-9999;-9999;-9999;-9999;-9999;-9999;-9999;-9999;-9999;-9999;
2011-08-28;07:00;-9999;-9999;-9999;-9999;-9999;-9999;-9999;-9999;-9999;-9999;-9999;-9999;-9999;-9999;-9999;-9999;-9999;
2011-08-28;08:00;-9999;-9999;-9999;-9999;-9999;-9999;-9999;-9999;-9999;-9999;-9999;-9999;-9999;-9999;-9999;-9999;-9999;
2011-08-28;09:00;-9999;-9999;-9999;-9999;-9999;-9999;-9999;-9999;-9999;-9999;-9999;-9999;-9999;-9999;-9999;-9999;-9999;
2011-08-28;10:00;-9999;-9999;-9999;-9999;-9999;-9999;-9999;-9999;-9999;-9999;-9999;-9999;-9999;-9999;-9999;-9999;-9999;
2011-08-28;11:00;-9999;-9999;-9999;-9999;-9999;-9999;-9999;-9999;-9999;-9999;-9999;-9999;-9999;-9999;-9999;-9999;-9999;
2011-08-28;12:00;-9999;-9999;-9999;-9999;-9999;-9999;-9999;-9999;-9999;-9999;-9999;-9999;-9999;-9999;-9999;-9999;-9999;
2011-08-28;13:00;-9999;-9999;-9999;-9999;-9999;-9999;-9999;-9999;-9999;-9999;-9999;-9999;-9999;-9999;-9999;-9999;-9999;
2011-08-28;14:00;-9999;-9999;-9999;-9999;-9999;-9999;-9999;-9999;-9999;-9999;-9999;-9999;-9999;-9999;-9999;-9999;-9999;
2011-08-28;15:00;-9999;-9999;-9999;-9999;-9999;-9999;-9999;-9999;-9999;-9999;-9999;-9999;-9999;-9999;-9999;-9999;-9999;
2011-08-28;16:00;-9999;-9999;-9999;-9999;-9999;-9999;-9999;-9999;-9999;-9999;-9999;-9999;-9999;-9999;-9999;-9999;-9999;
2011-08-28;17:00;-9999;-9999;-9999;-9999;-9999;-9999;-9999;-9999;-9999;-9999;-9999;-9999;-9999;-9999;-9999;-9999;-9999;
2011-08-28;18:00;-9999;-9999;-9999;-9999;-9999;-9999;-9999;-9999;-9999;-9999;-9999;-9999;-9999;-9999;-9999;-9999;-9999;
2011-08-28;19:00;-9999;-9999;-9999;-9999;-9999;-9999;-9999;-9999;-9999;-9999;-9999;-9999;-9999;-9999;-9999;-9999;-9999;
2011-08-28;20:00;-9999;-9999;-9999;-9999;-9999;-9999;-9999;-9999;-9999;-9999;-9999;-9999;-9999;-9999;-9999;-9999;-9999;
2011-08-28;21:00;-9999;-9999;-9999;-9999;-9999;-9999;-9999;-9999;-9999;-9999;-9999;-9999;-9999;-9999;-9999;-9999;-9999;
2011-08-28;22:00;-9999;-9999;-9999;-9999;-9999;-9999;-9999;-9999;-9999;-9999;-9999;-9999;-9999;-9999;-9999;-9999;-9999;
2011-08-28;23:00;-9999;-9999;-9999;-9999;-9999;-9999;-9999;-9999;-9999;-9999;-9999;-9999;-9999;-9999;-9999;-9999;-9999;
2011-08-29;00:00;-9999;-9999;-9999;-9999;-9999;-9999;-9999;-9999;-9999;-9999;-9999;-9999;-9999;-9999;-9999;-9999;-9999;
2011-08-29;01:00;-9999;-9999;-9999;-9999;-9999;-9999;-9999;-9999;-9999;-9999;-9999;-9999;-9999;-9999;-9999;-9999;-9999;
2011-08-29;02:00;-9999;-9999;-9999;-9999;-9999;-9999;-9999;-9999;-9999;-9999;-9999;-9999;-9999;-9999;-9999;-9999;-9999;
2011-08-29;03:00;-9999;-9999;-9999;-9999;-9999;-9999;-9999;-9999;-9999;-9999;-9999;-9999;-9999;-9999;-9999;-9999;-9999;
2011-08-29;04:00;-9999;-9999;-9999;-9999;-9999;-9999;-9999;-9999;-9999;-9999;-9999;-9999;-9999;-9999;-9999;-9999;-9999;
2011-08-29;05:00;-9999;-9999;-9999;-9999;-9999;-9999;-9999;-9999;-9999;-9999;-9999;-9999;-9999;-9999;-9999;-9999;-9999;
2011-08-29;06:00;-9999;-9999;-9999;-9999;-9999;-9999;-9999;-9999;-9999;-9999;-9999;-9999;-9999;-9999;-9999;-9999;-9999;
2011-08-29;07:00;-9999;-9999;-9999;-9999;-9999;-9999;-9999;-9999;-9999;-9999;-9999;-9999;-9999;-9999;-9999;-9999;-9999;
2011-08-29;08:00;-9999;-9999;-9999;-9999;-9999;-9999;-9999;-9999;-9999;-9999;-9999;-9999;-9999;-9999;-9999;-9999;-9999;
2011-08-29;09:00;-9999;-9999;-9999;-9999;-9999;-9999;-9999;-9999;-9999;-9999;-9999;-9999;-9999;-9999;-9999;-9999;-9999;
2011-08-29;10:00;-9999;-9999;-9999;-9999;-9999;-9999;-9999;-9999;-9999;-9999;-9999;-9999;-9999;-9999;-9999;-9999;-9999;
2011-08-29;11:00;-9999;-9999;-9999;-9999;-9999;-9999;-9999;-9999;-9999;-9999;-9999;-9999;-9999;-9999;-9999;-9999;-9999;
2011-08-29;12:00;-9999;-9999;-9999;-9999;-9999;-9999;-9999;-9999;-9999;-9999;-9999;-9999;-9999;-9999;-9999;-9999;-9999;
2011-08-29;13:00;-9999;-9999;-9999;-9999;-9999;-9999;-9999;-9999;-9999;-9999;-9999;-9999;-9999;-9999;-9999;-9999;-9999;
2011-08-29;14:00;-9999;-9999;-9999;-9999;-9999;-9999;-9999;-9999;-9999;-9999;-9999;-9999;-9999;-9999;-9999;-9999;-9999;
2011-08-29;15:00;-9999;-9999;-9999;-9999;-9999;-9999;-9999;-9999;-9999;-9999;-9999;-9999;-9999;-9999;-9999;-9999;-9999;
2011-08-29;16:00;-9999;-9999;-9999;-9999;-9999;-9999;-9999;-9999;-9999;-9999;-9999;-9999;-9999;-9999;-9999;-9999;-9999;
2011-08-29;17:00;-9999;-9999;-9999;-9999;-9999;-9999;-9999;-9999;-9999;-9999;-9999;-9999;-9999;-9999;-9999;-9999;-9999;
2011-08-29;18:00;-9999;-9999;-9999;-9999;-9999;-9999;-9999;-9999;-9999;-9999;-9999;-9999;-9999;-9999;-9999;-9999;-9999;
2011-08-29;19:00;-9999;-9999;-9999;-9999;-9999;-9999;-9999;-9999;-9999;-9999;-9999;-9999;-9999;-9999;-9999;-9999;-9999;
2011-08-29;20:00;-9999;-9999;-9999;-9999;-9999;-9999;-9999;-9999;-9999;-9999;-9999;-9999;-9999;-9999;-9999;-9999;-9999;
2011-08-29;21:00;-9999;-9999;-9999;-9999;-9999;-9999;-9999;-9999;-9999;-9999;-9999;-9999;-9999;-9999;-9999;-9999;-9999;
2011-08-29;22:00;-9999;-9999;-9999;-9999;-9999;-9999;-9999;-9999;-9999;-9999;-9999;-9999;-9999;-9999;-9999;-9999;-9999;
2011-08-29;23:00;-9999;-9999;-9999;-9999;-9999;-9999;-9999;-9999;-9999;-9999;-9999;-9999;-9999;-9999;-9999;-9999;-9999;
2011-08-30;00:00;-9999;-9999;-9999;-9999;-9999;-9999;-9999;-9999;-9999;-9999;-9999;-9999;-9999;-9999;-9999;-9999;-9999;
2011-08-30;01:00;-9999;-9999;-9999;-9999;-9999;-9999;-9999;-9999;-9999;-9999;-9999;-9999;-9999;-9999;-9999;-9999;-9999;
2011-08-30;02:00;-9999;-9999;-9999;-9999;-9999;-9999;-9999;-9999;-9999;-9999;-9999;-9999;-9999;-9999;-9999;-9999;-9999;
2011-08-30;03:00;-9999;-9999;-9999;-9999;-9999;-9999;-9999;-9999;-9999;-9999;-9999;-9999;-9999;-9999;-9999;-9999;-9999;
2011-08-30;04:00;-9999;-9999;-9999;-9999;-9999;-9999;-9999;-9999;-9999;-9999;-9999;-9999;-9999;-9999;-9999;-9999;-9999;
2011-08-30;05:00;-9999;-9999;-9999;-9999;-9999;-9999;-9999;-9999;-9999;-9999;-9999;-9999;-9999;-9999;-9999;-9999;-9999;
2011-08-30;06:00;-9999;-9999;-9999;-9999;-9999;-9999;-9999;-9999;-9999;-9999;-9999;-9999;-9999;-9999;-9999;-9999;-9999;
2011-08-30;07:00;-9999;-9999;-9999;-9999;-9999;-9999;-9999;-9999;-9999;-9999;-9999;-9999;-9999;-9999;-9999;-9999;-9999;
2011-08-30;08:00;-9999;-9999;-9999;-9999;-9999;-9999;-9999;-9999;-9999;-9999;-9999;-9999;-9999;-9999;-9999;-9999;-9999;
2011-08-30;09:00;-9999;-9999;-9999;-9999;-9999;-9999;-9999;-9999;-9999;-9999;-9999;-9999;-9999;-9999;-9999;-9999;-9999;
2011-08-30;10:00;-9999;-9999;-9999;-9999;-9999;-9999;-9999;-9999;-9999;-9999;-9999;-9999;-9999;-9999;-9999;-9999;-9999;
2011-08-30;11:00;-9999;-9999;-9999;-9999;-9999;-9999;-9999;-9999;-9999;-9999;-9999;-9999;-9999;-9999;-9999;-9999;-9999;
2011-08-30;12:00;-9999;-9999;-9999;-9999;-9999;-9999;-9999;-9999;-9999;-9999;-9999;-9999;-9999;-9999;-9999;-9999;-9999;
2011-08-30;13:00;-9999;-9999;-9999;-9999;-9999;-9999;-9999;-9999;-9999;-9999;-9999;-9999;-9999;-9999;-9999;-9999;-9999;
2011-08-30;14:00;-9999;-9999;-9999;-9999;-9999;-9999;-9999;-9999;-9999;-9999;-9999;-9999;-9999;-9999;-9999;-9999;-9999;
2011-08-30;15:00;-9999;-9999;-9999;-9999;-9999;-9999;-9999;-9999;-9999;-9999;-9999;-9999;-9999;-9999;-9999;-9999;-9999;
2011-08-30;16:00;-9999;-9999;-9999;-9999;-9999;-9999;-9999;-9999;-9999;-9999;-9999;-9999;-9999;-9999;-9999;-9999;-9999;
2011-08-30;17:00;-9999;-9999;-9999;-9999;-9999;-9999;-9999;-9999;-9999;-9999;-9999;-9999;-9999;-9999;-9999;-9999;-9999;
2011-08-30;18:00;-9999;-9999;-9999;-9999;-9999;-9999;-9999;-9999;-9999;-9999;-9999;-9999;-9999;-9999;-9999;-9999;-9999;
2011-08-30;19:00;-9999;-9999;-9999;-9999;-9999;-9999;-9999;-9999;-9999;-9999;-9999;-9999;-9999;-9999;-9999;-9999;-9999;
2011-08-30;20:00;-9999;-9999;-9999;-9999;-9999;-9999;-9999;-9999;-9999;-9999;-9999;-9999;-9999;-9999;-9999;-9999;-9999;
2011-08-30;21:00;-9999;-9999;-9999;-9999;-9999;-9999;-9999;-9999;-9999;-9999;-9999;-9999;-9999;-9999;-9999;-9999;-9999;
2011-08-30;22:00;-9999;-9999;-9999;-9999;-9999;-9999;-9999;-9999;-9999;-9999;-9999;-9999;-9999;-9999;-9999;-9999;-9999;
2011-08-30;23:00;-9999;-9999;-9999;-9999;-9999;-9999;-9999;-9999;-9999;-9999;-9999;-9999;-9999;-9999;-9999;-9999;-9999;
2011-08-31;00:00;-9999;-9999;-9999;-9999;-9999;-9999;-9999;-9999;-9999;-9999;-9999;-9999;-9999;-9999;-9999;-9999;-9999;
2011-08-31;01:00;-9999;-9999;-9999;-9999;-9999;-9999;-9999;-9999;-9999;-9999;-9999;-9999;-9999;-9999;-9999;-9999;-9999;
2011-08-31;02:00;-9999;-9999;-9999;-9999;-9999;-9999;-9999;-9999;-9999;-9999;-9999;-9999;-9999;-9999;-9999;-9999;-9999;
2011-08-31;03:00;-9999;-9999;-9999;-9999;-9999;-9999;-9999;-9999;-9999;-9999;-9999;-9999;-9999;-9999;-9999;-9999;-9999;
2011-08-31;04:00;-9999;-9999;-9999;-9999;-9999;-9999;-9999;-9999;-9999;-9999;-9999;-9999;-9999;-9999;-9999;-9999;-9999;
2011-08-31;05:00;-9999;-9999;-9999;-9999;-9999;-9999;-9999;-9999;-9999;-9999;-9999;-9999;-9999;-9999;-9999;-9999;-9999;
2011-08-31;06:00;-9999;-9999;-9999;-9999;-9999;-9999;-9999;-9999;-9999;-9999;-9999;-9999;-9999;-9999;-9999;-9999;-9999;
2011-08-31;07:00;-9999;-9999;-9999;-9999;-9999;-9999;-9999;-9999;-9999;-9999;-9999;-9999;-9999;-9999;-9999;-9999;-9999;
2011-08-31;08:00;-9999;-9999;-9999;-9999;-9999;-9999;-9999;-9999;-9999;-9999;-9999;-9999;-9999;-9999;-9999;-9999;-9999;
2011-08-31;09:00;-9999;-9999;-9999;-9999;-9999;-9999;-9999;-9999;-9999;-9999;-9999;-9999;-9999;-9999;-9999;-9999;-9999;
2011-08-31;10:00;-9999;-9999;-9999;-9999;-9999;-9999;-9999;-9999;-9999;-9999;-9999;-9999;-9999;-9999;-9999;-9999;-9999;
2011-08-31;11:00;-9999;-9999;-9999;-9999;-9999;-9999;-9999;-9999;-9999;-9999;-9999;-9999;-9999;-9999;-9999;-9999;-9999;
2011-08-31;12:00;-9999;-9999;-9999;-9999;-9999;-9999;-9999;-9999;-9999;-9999;-9999;-9999;-9999;-9999;-9999;-9999;-9999;
2011-08-31;13:00;-9999;-9999;-9999;-9999;-9999;-9999;-9999;-9999;-9999;-9999;-9999;-9999;-9999;-9999;-9999;-9999;-9999;
2011-08-31;14:00;-9999;-9999;-9999;-9999;-9999;-9999;-9999;-9999;-9999;-9999;-9999;-9999;-9999;-9999;-9999;-9999;-9999;
2011-08-31;15:00;-9999;-9999;-9999;-9999;-9999;-9999;-9999;-9999;-9999;-9999;-9999;-9999;-9999;-9999;-9999;-9999;-9999;
2011-08-31;16:00;-9999;-9999;-9999;-9999;-9999;-9999;-9999;-9999;-9999;-9999;-9999;-9999;-9999;-9999;-9999;-9999;-9999;
2011-08-31;17:00;-9999;-9999;-9999;-9999;-9999;-9999;-9999;-9999;-9999;-9999;-9999;-9999;-9999;-9999;-9999;-9999;-9999;
2011-08-31;18:00;-9999;-9999;-9999;-9999;-9999;-9999;-9999;-9999;-9999;-9999;-9999;-9999;-9999;-9999;-9999;-9999;-9999;
2011-08-31;19:00;-9999;-9999;-9999;-9999;-9999;-9999;-9999;-9999;-9999;-9999;-9999;-9999;-9999;-9999;-9999;-9999;-9999;
2011-08-31;20:00;-9999;-9999;-9999;-9999;-9999;-9999;-9999;-9999;-9999;-9999;-9999;-9999;-9999;-9999;-9999;-9999;-9999;
2011-08-31;21:00;-9999;-9999;-9999;-9999;-9999;-9999;-9999;-9999;-9999;-9999;-9999;-9999;-9999;-9999;-9999;-9999;-9999;
2011-08-31;22:00;-9999;-9999;-9999;-9999;-9999;-9999;-9999;-9999;-9999;-9999;-9999;-9999;-9999;-9999;-9999;-9999;-9999;
2011-08-31;23:00;-9999;-9999;-9999;-9999;-9999;-9999;-9999;-9999;-9999;-9999;-9999;-9999;-9999;-9999;-9999;-9999;-9999;
2011-09-01;00:00;-9999;-9999;-9999;-9999;-9999;-9999;-9999;-9999;-9999;-9999;-9999;-9999;-9999;-9999;-9999;-9999;-9999;
2011-09-01;01:00;-9999;-9999;-9999;-9999;-9999;-9999;-9999;-9999;-9999;-9999;-9999;-9999;-9999;-9999;-9999;-9999;-9999;
2011-09-01;02:00;-9999;-9999;-9999;-9999;-9999;-9999;-9999;-9999;-9999;-9999;-9999;-9999;-9999;-9999;-9999;-9999;-9999;
2011-09-01;03:00;-9999;-9999;-9999;-9999;-9999;-9999;-9999;-9999;-9999;-9999;-9999;-9999;-9999;-9999;-9999;-9999;-9999;
2011-09-01;04:00;-9999;-9999;-9999;-9999;-9999;-9999;-9999;-9999;-9999;-9999;-9999;-9999;-9999;-9999;-9999;-9999;-9999;
2011-09-01;05:00;-9999;-9999;-9999;-9999;-9999;-9999;-9999;-9999;-9999;-9999;-9999;-9999;-9999;-9999;-9999;-9999;-9999;
2011-09-01;06:00;-9999;-9999;-9999;-9999;-9999;-9999;-9999;-9999;-9999;-9999;-9999;-9999;-9999;-9999;-9999;-9999;-9999;
2011-09-01;07:00;-9999;-9999;-9999;-9999;-9999;-9999;-9999;-9999;-9999;-9999;-9999;-9999;-9999;-9999;-9999;-9999;-9999;
2011-09-01;08:00;-9999;-9999;-9999;-9999;-9999;-9999;-9999;-9999;-9999;-9999;-9999;-9999;-9999;-9999;-9999;-9999;-9999;
2011-09-01;09:00;-9999;-9999;-9999;-9999;-9999;-9999;-9999;-9999;-9999;-9999;-9999;-9999;-9999;-9999;-9999;-9999;-9999;
2011-09-01;10:00;-9999;-9999;-9999;-9999;-9999;-9999;-9999;-9999;-9999;-9999;-9999;-9999;-9999;-9999;-9999;-9999;-9999;
2011-09-01;11:00;-9999;-9999;-9999;-9999;-9999;-9999;-9999;-9999;-9999;-9999;-9999;-9999;-9999;-9999;-9999;-9999;-9999;
2011-09-01;12:00;-9999;-9999;-9999;-9999;-9999;-9999;-9999;-9999;-9999;-9999;-9999;-9999;-9999;-9999;-9999;-9999;-9999;
2011-09-01;13:00;-9999;-9999;-9999;-9999;-9999;-9999;-9999;-9999;-9999;-9999;-9999;-9999;-9999;-9999;-9999;-9999;-9999;
2011-09-01;14:00;-9999;-9999;-9999;-9999;-9999;-9999;-9999;-9999;-9999;-9999;-9999;-9999;-9999;-9999;-9999;-9999;-9999;
2011-09-01;15:00;-9999;-9999;-9999;-9999;-9999;-9999;-9999;-9999;-9999;-9999;-9999;-9999;-9999;-9999;-9999;-9999;-9999;
2011-09-01;16:00;-9999;-9999;-9999;-9999;-9999;-9999;-9999;-9999;-9999;-9999;-9999;-9999;-9999;-9999;-9999;-9999;-9999;
2011-09-01;17:00;-9999;-9999;-9999;-9999;-9999;-9999;-9999;-9999;-9999;-9999;-9999;-9999;-9999;-9999;-9999;-9999;-9999;
2011-09-01;18:00;-9999;-9999;-9999;-9999;-9999;-9999;-9999;-9999;-9999;-9999;-9999;-9999;-9999;-9999;-9999;-9999;-9999;
2011-09-01;19:00;-9999;-9999;-9999;-9999;-9999;-9999;-9999;-9999;-9999;-9999;-9999;-9999;-9999;-9999;-9999;-9999;-9999;
2011-09-01;20:00;-9999;-9999;-9999;-9999;-9999;-9999;-9999;-9999;-9999;-9999;-9999;-9999;-9999;-9999;-9999;-9999;-9999;
2011-09-01;21:00;-9999;-9999;-9999;-9999;-9999;-9999;-9999;-9999;-9999;-9999;-9999;-9999;-9999;-9999;-9999;-9999;-9999;
2011-09-01;22:00;-9999;-9999;-9999;-9999;-9999;-9999;-9999;-9999;-9999;-9999;-9999;-9999;-9999;-9999;-9999;-9999;-9999;
2011-09-01;23:00;-9999;-9999;-9999;-9999;-9999;-9999;-9999;-9999;-9999;-9999;-9999;-9999;-9999;-9999;-9999;-9999;-9999;
2011-09-02;00:00;-9999;-9999;-9999;-9999;-9999;-9999;-9999;-9999;-9999;-9999;-9999;-9999;-9999;-9999;-9999;-9999;-9999;
2011-09-02;01:00;-9999;-9999;-9999;-9999;-9999;-9999;-9999;-9999;-9999;-9999;-9999;-9999;-9999;-9999;-9999;-9999;-9999;
2011-09-02;02:00;-9999;-9999;-9999;-9999;-9999;-9999;-9999;-9999;-9999;-9999;-9999;-9999;-9999;-9999;-9999;-9999;-9999;
2011-09-02;03:00;-9999;-9999;-9999;-9999;-9999;-9999;-9999;-9999;-9999;-9999;-9999;-9999;-9999;-9999;-9999;-9999;-9999;
2011-09-02;04:00;-9999;-9999;-9999;-9999;-9999;-9999;-9999;-9999;-9999;-9999;-9999;-9999;-9999;-9999;-9999;-9999;-9999;
2011-09-02;05:00;-9999;-9999;-9999;-9999;-9999;-9999;-9999;-9999;-9999;-9999;-9999;-9999;-9999;-9999;-9999;-9999;-9999;
2011-09-02;06:00;-9999;-9999;-9999;-9999;-9999;-9999;-9999;-9999;-9999;-9999;-9999;-9999;-9999;-9999;-9999;-9999;-9999;
2011-09-02;07:00;-9999;-9999;-9999;-9999;-9999;-9999;-9999;-9999;-9999;-9999;-9999;-9999;-9999;-9999;-9999;-9999;-9999;
2011-09-02;08:00;-9999;-9999;-9999;-9999;-9999;-9999;-9999;-9999;-9999;-9999;-9999;-9999;-9999;-9999;-9999;-9999;-9999;
2011-09-02;09:00;-9999;-9999;-9999;-9999;-9999;-9999;-9999;-9999;-9999;-9999;-9999;-9999;-9999;-9999;-9999;-9999;-9999;
2011-09-02;10:00;-9999;-9999;-9999;-9999;-9999;-9999;-9999;-9999;-9999;-9999;-9999;-9999;-9999;-9999;-9999;-9999;-9999;
2011-09-02;11:00;-9999;-9999;-9999;-9999;-9999;-9999;-9999;-9999;-9999;-9999;-9999;-9999;-9999;-9999;-9999;-9999;-9999;
2011-09-02;12:00;-9999;-9999;-9999;-9999;-9999;-9999;-9999;-9999;-9999;-9999;-9999;-9999;-9999;-9999;-9999;-9999;-9999;
2011-09-02;13:00;-9999;-9999;-9999;-9999;-9999;-9999;-9999;-9999;-9999;-9999;-9999;-9999;-9999;-9999;-9999;-9999;-9999;
2011-09-02;14:00;-9999;-9999;-9999;-9999;-9999;-9999;-9999;-9999;-9999;-9999;-9999;-9999;-9999;-9999;-9999;-9999;-9999;
2011-09-02;15:00;-9999;-9999;-9999;-9999;-9999;-9999;-9999;-9999;-9999;-9999;-9999;-9999;-9999;-9999;-9999;-9999;-9999;
2011-09-02;16:00;-9999;-9999;-9999;-9999;-9999;-9999;-9999;-9999;-9999;-9999;-9999;-9999;-9999;-9999;-9999;-9999;-9999;
2011-09-02;17:00;-9999;-9999;-9999;-9999;-9999;-9999;-9999;-9999;-9999;-9999;-9999;-9999;-9999;-9999;-9999;-9999;-9999;
2011-09-02;18:00;-9999;-9999;-9999;-9999;-9999;-9999;-9999;-9999;-9999;-9999;-9999;-9999;-9999;-9999;-9999;-9999;-9999;
2011-09-02;19:00;-9999;-9999;-9999;-9999;-9999;-9999;-9999;-9999;-9999;-9999;-9999;-9999;-9999;-9999;-9999;-9999;-9999;
2011-09-02;20:00;-9999;-9999;-9999;-9999;-9999;-9999;-9999;-9999;-9999;-9999;-9999;-9999;-9999;-9999;-9999;-9999;-9999;
2011-09-02;21:00;-9999;-9999;-9999;-9999;-9999;-9999;-9999;-9999;-9999;-9999;-9999;-9999;-9999;-9999;-9999;-9999;-9999;
2011-09-02;22:00;-9999;-9999;-9999;-9999;-9999;-9999;-9999;-9999;-9999;-9999;-9999;-9999;-9999;-9999;-9999;-9999;-9999;
2011-09-02;23:00;-9999;-9999;-9999;-9999;-9999;-9999;-9999;-9999;-9999;-9999;-9999;-9999;-9999;-9999;-9999;-9999;-9999;
2011-09-03;00:00;-9999;-9999;-9999;-9999;-9999;-9999;-9999;-9999;-9999;-9999;-9999;-9999;-9999;-9999;-9999;-9999;-9999;
2011-09-03;01:00;-9999;-9999;-9999;-9999;-9999;-9999;-9999;-9999;-9999;-9999;-9999;-9999;-9999;-9999;-9999;-9999;-9999;
2011-09-03;02:00;-9999;-9999;-9999;-9999;-9999;-9999;-9999;-9999;-9999;-9999;-9999;-9999;-9999;-9999;-9999;-9999;-9999;
2011-09-03;03:00;-9999;-9999;-9999;-9999;-9999;-9999;-9999;-9999;-9999;-9999;-9999;-9999;-9999;-9999;-9999;-9999;-9999;
2011-09-03;04:00;-9999;-9999;-9999;-9999;-9999;-9999;-9999;-9999;-9999;-9999;-9999;-9999;-9999;-9999;-9999;-9999;-9999;
2011-09-03;05:00;-9999;-9999;-9999;-9999;-9999;-9999;-9999;-9999;-9999;-9999;-9999;-9999;-9999;-9999;-9999;-9999;-9999;
2011-09-03;06:00;-9999;-9999;-9999;-9999;-9999;-9999;-9999;-9999;-9999;-9999;-9999;-9999;-9999;-9999;-9999;-9999;-9999;
2011-09-03;07:00;-9999;-9999;-9999;-9999;-9999;-9999;-9999;-9999;-9999;-9999;-9999;-9999;-9999;-9999;-9999;-9999;-9999;
2011-09-03;08:00;-9999;-9999;-9999;-9999;-9999;-9999;-9999;-9999;-9999;-9999;-9999;-9999;-9999;-9999;-9999;-9999;-9999;
2011-09-03;09:00;-9999;-9999;-9999;-9999;-9999;-9999;-9999;-9999;-9999;-9999;-9999;-9999;-9999;-9999;-9999;-9999;-9999;
2011-09-03;10:00;-9999;-9999;-9999;-9999;-9999;-9999;-9999;-9999;-9999;-9999;-9999;-9999;-9999;-9999;-9999;-9999;-9999;
2011-09-03;11:00;-9999;-9999;-9999;-9999;-9999;-9999;-9999;-9999;-9999;-9999;-9999;-9999;-9999;-9999;-9999;-9999;-9999;
2011-09-03;12:00;-9999;-9999;-9999;-9999;-9999;-9999;-9999;-9999;-9999;-9999;-9999;-9999;-9999;-9999;-9999;-9999;-9999;
2011-09-03;13:00;-9999;-9999;-9999;-9999;-9999;-9999;-9999;-9999;-9999;-9999;-9999;-9999;-9999;-9999;-9999;-9999;-9999;
2011-09-03;14:00;-9999;-9999;-9999;-9999;-9999;-9999;-9999;-9999;-9999;-9999;-9999;-9999;-9999;-9999;-9999;-9999;-9999;
2011-09-03;15:00;-9999;-9999;-9999;-9999;-9999;-9999;-9999;-9999;-9999;-9999;-9999;-9999;-9999;-9999;-9999;-9999;-9999;
2011-09-03;16:00;-9999;-9999;-9999;-9999;-9999;-9999;-9999;-9999;-9999;-9999;-9999;-9999;-9999;-9999;-9999;-9999;-9999;
2011-09-03;17:00;-9999;-9999;-9999;-9999;-9999;-9999;-9999;-9999;-9999;-9999;-9999;-9999;-9999;-9999;-9999;-9999;-9999;
2011-09-03;18:00;-9999;-9999;-9999;-9999;-9999;-9999;-9999;-9999;-9999;-9999;-9999;-9999;-9999;-9999;-9999;-9999;-9999;
2011-09-03;19:00;-9999;-9999;-9999;-9999;-9999;-9999;-9999;-9999;-9999;-9999;-9999;-9999;-9999;-9999;-9999;-9999;-9999;
2011-09-03;20:00;-9999;-9999;-9999;-9999;-9999;-9999;-9999;-9999;-9999;-9999;-9999;-9999;-9999;-9999;-9999;-9999;-9999;
2011-09-03;21:00;-9999;-9999;-9999;-9999;-9999;-9999;-9999;-9999;-9999;-9999;-9999;-9999;-9999;-9999;-9999;-9999;-9999;
2011-09-03;22:00;-9999;-9999;-9999;-9999;-9999;-9999;-9999;-9999;-9999;-9999;-9999;-9999;-9999;-9999;-9999;-9999;-9999;
2011-09-03;23:00;-9999;-9999;-9999;-9999;-9999;-9999;-9999;-9999;-9999;-9999;-9999;-9999;-9999;-9999;-9999;-9999;-9999;
2011-09-04;00:00;-9999;-9999;-9999;-9999;-9999;-9999;-9999;-9999;-9999;-9999;-9999;-9999;-9999;-9999;-9999;-9999;-9999;
2011-09-04;01:00;-9999;-9999;-9999;-9999;-9999;-9999;-9999;-9999;-9999;-9999;-9999;-9999;-9999;-9999;-9999;-9999;-9999;
2011-09-04;02:00;-9999;-9999;-9999;-9999;-9999;-9999;-9999;-9999;-9999;-9999;-9999;-9999;-9999;-9999;-9999;-9999;-9999;
2011-09-04;03:00;-9999;-9999;-9999;-9999;-9999;-9999;-9999;-9999;-9999;-9999;-9999;-9999;-9999;-9999;-9999;-9999;-9999;
2011-09-04;04:00;-9999;-9999;-9999;-9999;-9999;-9999;-9999;-9999;-9999;-9999;-9999;-9999;-9999;-9999;-9999;-9999;-9999;
2011-09-04;05:00;-9999;-9999;-9999;-9999;-9999;-9999;-9999;-9999;-9999;-9999;-9999;-9999;-9999;-9999;-9999;-9999;-9999;
2011-09-04;06:00;-9999;-9999;-9999;-9999;-9999;-9999;-9999;-9999;-9999;-9999;-9999;-9999;-9999;-9999;-9999;-9999;-9999;
2011-09-04;07:00;-9999;-9999;-9999;-9999;-9999;-9999;-9999;-9999;-9999;-9999;-9999;-9999;-9999;-9999;-9999;-9999;-9999;
2011-09-04;08:00;-9999;-9999;-9999;-9999;-9999;-9999;-9999;-9999;-9999;-9999;-9999;-9999;-9999;-9999;-9999;-9999;-9999;
2011-09-04;09:00;-9999;-9999;-9999;-9999;-9999;-9999;-9999;-9999;-9999;-9999;-9999;-9999;-9999;-9999;-9999;-9999;-9999;
2011-09-04;10:00;-9999;-9999;-9999;-9999;-9999;-9999;-9999;-9999;-9999;-9999;-9999;-9999;-9999;-9999;-9999;-9999;-9999;
2011-09-04;11:00;-9999;-9999;-9999;-9999;-9999;-9999;-9999;-9999;-9999;-9999;-9999;-9999;-9999;-9999;-9999;-9999;-9999;
2011-09-04;12:00;-9999;-9999;-9999;-9999;-9999;-9999;-9999;-9999;-9999;-9999;-9999;-9999;-9999;-9999;-9999;-9999;-9999;
2011-09-04;13:00;-9999;-9999;-9999;-9999;-9999;-9999;-9999;-9999;-9999;-9999;-9999;-9999;-9999;-9999;-9999;-9999;-9999;
2011-09-04;14:00;-9999;-9999;-9999;-9999;-9999;-9999;-9999;-9999;-9999;-9999;-9999;-9999;-9999;-9999;-9999;-9999;-9999;
2011-09-04;15:00;-9999;-9999;-9999;-9999;-9999;-9999;-9999;-9999;-9999;-9999;-9999;-9999;-9999;-9999;-9999;-9999;-9999;
2011-09-04;16:00;-9999;-9999;-9999;-9999;-9999;-9999;-9999;-9999;-9999;-9999;-9999;-9999;-9999;-9999;-9999;-9999;-9999;
2011-09-04;17:00;-9999;-9999;-9999;-9999;-9999;-9999;-9999;-9999;-9999;-9999;-9999;-9999;-9999;-9999;-9999;-9999;-9999;
2011-09-04;18:00;-9999;-9999;-9999;-9999;-9999;-9999;-9999;-9999;-9999;-9999;-9999;-9999;-9999;-9999;-9999;-9999;-9999;
2011-09-04;19:00;-9999;-9999;-9999;-9999;-9999;-9999;-9999;-9999;-9999;-9999;-9999;-9999;-9999;-9999;-9999;-9999;-9999;
2011-09-04;20:00;-9999;-9999;-9999;-9999;-9999;-9999;-9999;-9999;-9999;-9999;-9999;-9999;-9999;-9999;-9999;-9999;-9999;
2011-09-04;21:00;-9999;-9999;-9999;-9999;-9999;-9999;-9999;-9999;-9999;-9999;-9999;-9999;-9999;-9999;-9999;-9999;-9999;
2011-09-04;22:00;-9999;-9999;-9999;-9999;-9999;-9999;-9999;-9999;-9999;-9999;-9999;-9999;-9999;-9999;-9999;-9999;-9999;
2011-09-04;23:00;-9999;-9999;-9999;-9999;-9999;-9999;-9999;-9999;-9999;-9999;-9999;-9999;-9999;-9999;-9999;-9999;-9999;
2011-09-05;00:00;-9999;-9999;-9999;-9999;-9999;-9999;-9999;-9999;-9999;-9999;-9999;-9999;-9999;-9999;-9999;-9999;-9999;
2011-09-05;01:00;-9999;-9999;-9999;-9999;-9999;-9999;-9999;-9999;-9999;-9999;-9999;-9999;-9999;-9999;-9999;-9999;-9999;
2011-09-05;02:00;-9999;-9999;-9999;-9999;-9999;-9999;-9999;-9999;-9999;-9999;-9999;-9999;-9999;-9999;-9999;-9999;-9999;
2011-09-05;03:00;-9999;-9999;-9999;-9999;-9999;-9999;-9999;-9999;-9999;-9999;-9999;-9999;-9999;-9999;-9999;-9999;-9999;
2011-09-05;04:00;-9999;-9999;-9999;-9999;-9999;-9999;-9999;-9999;-9999;-9999;-9999;-9999;-9999;-9999;-9999;-9999;-9999;
2011-09-05;05:00;-9999;-9999;-9999;-9999;-9999;-9999;-9999;-9999;-9999;-9999;-9999;-9999;-9999;-9999;-9999;-9999;-9999;
2011-09-05;06:00;-9999;-9999;-9999;-9999;-9999;-9999;-9999;-9999;-9999;-9999;-9999;-9999;-9999;-9999;-9999;-9999;-9999;
2011-09-05;07:00;-9999;-9999;-9999;-9999;-9999;-9999;-9999;-9999;-9999;-9999;-9999;-9999;-9999;-9999;-9999;-9999;-9999;
2011-09-05;08:00;-9999;-9999;-9999;-9999;-9999;-9999;-9999;-9999;-9999;-9999;-9999;-9999;-9999;-9999;-9999;-9999;-9999;
2011-09-05;09:00;-9999;-9999;-9999;-9999;-9999;-9999;-9999;-9999;-9999;-9999;-9999;-9999;-9999;-9999;-9999;-9999;-9999;
2011-09-05;10:00;-9999;-9999;-9999;-9999;-9999;-9999;-9999;-9999;-9999;-9999;-9999;-9999;-9999;-9999;-9999;-9999;-9999;
2011-09-05;11:00;-9999;-9999;-9999;-9999;-9999;-9999;-9999;-9999;-9999;-9999;-9999;-9999;-9999;-9999;-9999;-9999;-9999;
2011-09-05;12:00;-9999;-9999;-9999;-9999;-9999;-9999;-9999;-9999;-9999;-9999;-9999;-9999;-9999;-9999;-9999;-9999;-9999;
2011-09-05;13:00;-9999;-9999;-9999;-9999;-9999;-9999;-9999;-9999;-9999;-9999;-9999;-9999;-9999;-9999;-9999;-9999;-9999;
2011-09-05;14:00;-9999;-9999;-9999;-9999;-9999;-9999;-9999;-9999;-9999;-9999;-9999;-9999;-9999;-9999;-9999;-9999;-9999;
2011-09-05;15:00;-9999;-9999;-9999;-9999;-9999;-9999;-9999;-9999;-9999;-9999;-9999;-9999;-9999;-9999;-9999;-9999;-9999;
2011-09-05;16:00;-9999;-9999;-9999;-9999;-9999;-9999;-9999;-9999;-9999;-9999;-9999;-9999;-9999;-9999;-9999;-9999;-9999;
2011-09-05;17:00;-9999;-9999;-9999;-9999;-9999;-9999;-9999;-9999;-9999;-9999;-9999;-9999;-9999;-9999;-9999;-9999;-9999;
2011-09-05;18:00;-9999;-9999;-9999;-9999;-9999;-9999;-9999;-9999;-9999;-9999;-9999;-9999;-9999;-9999;-9999;-9999;-9999;
2011-09-05;19:00;-9999;-9999;-9999;-9999;-9999;-9999;-9999;-9999;-9999;-9999;-9999;-9999;-9999;-9999;-9999;-9999;-9999;
2011-09-05;20:00;-9999;-9999;-9999;-9999;-9999;-9999;-9999;-9999;-9999;-9999;-9999;-9999;-9999;-9999;-9999;-9999;-9999;
2011-09-05;21:00;-9999;-9999;-9999;-9999;-9999;-9999;-9999;-9999;-9999;-9999;-9999;-9999;-9999;-9999;-9999;-9999;-9999;
2011-09-05;22:00;-9999;-9999;-9999;-9999;-9999;-9999;-9999;-9999;-9999;-9999;-9999;-9999;-9999;-9999;-9999;-9999;-9999;
2011-09-05;23:00;-9999;-9999;-9999;-9999;-9999;-9999;-9999;-9999;-9999;-9999;-9999;-9999;-9999;-9999;-9999;-9999;-9999;
2011-09-06;00:00;-9999;-9999;-9999;-9999;-9999;-9999;-9999;-9999;-9999;-9999;-9999;-9999;-9999;-9999;-9999;-9999;-9999;
2011-09-06;01:00;-9999;-9999;-9999;-9999;-9999;-9999;-9999;-9999;-9999;-9999;-9999;-9999;-9999;-9999;-9999;-9999;-9999;
2011-09-06;02:00;-9999;-9999;-9999;-9999;-9999;-9999;-9999;-9999;-9999;-9999;-9999;-9999;-9999;-9999;-9999;-9999;-9999;
2011-09-06;03:00;-9999;-9999;-9999;-9999;-9999;-9999;-9999;-9999;-9999;-9999;-9999;-9999;-9999;-9999;-9999;-9999;-9999;
2011-09-06;04:00;-9999;-9999;-9999;-9999;-9999;-9999;-9999;-9999;-9999;-9999;-9999;-9999;-9999;-9999;-9999;-9999;-9999;
2011-09-06;05:00;-9999;-9999;-9999;-9999;-9999;-9999;-9999;-9999;-9999;-9999;-9999;-9999;-9999;-9999;-9999;-9999;-9999;
2011-09-06;06:00;-9999;-9999;-9999;-9999;-9999;-9999;-9999;-9999;-9999;-9999;-9999;-9999;-9999;-9999;-9999;-9999;-9999;
2011-09-06;07:00;-9999;-9999;-9999;-9999;-9999;-9999;-9999;-9999;-9999;-9999;-9999;-9999;-9999;-9999;-9999;-9999;-9999;
2011-09-06;08:00;-9999;-9999;-9999;-9999;-9999;-9999;-9999;-9999;-9999;-9999;-9999;-9999;-9999;-9999;-9999;-9999;-9999;
2011-09-06;09:00;-9999;-9999;-9999;-9999;-9999;-9999;-9999;-9999;-9999;-9999;-9999;-9999;-9999;-9999;-9999;-9999;-9999;
2011-09-06;10:00;-9999;-9999;-9999;-9999;-9999;-9999;-9999;-9999;-9999;-9999;-9999;-9999;-9999;-9999;-9999;-9999;-9999;
2011-09-06;11:00;-9999;-9999;-9999;-9999;-9999;-9999;-9999;-9999;-9999;-9999;-9999;-9999;-9999;-9999;-9999;-9999;-9999;
2011-09-06;12:00;-9999;-9999;-9999;-9999;-9999;-9999;-9999;-9999;-9999;-9999;-9999;-9999;-9999;-9999;-9999;-9999;-9999;
2011-09-06;13:00;-9999;-9999;-9999;-9999;-9999;-9999;-9999;-9999;-9999;-9999;-9999;-9999;-9999;-9999;-9999;-9999;-9999;
2011-09-06;14:00;-9999;-9999;-9999;-9999;-9999;-9999;-9999;-9999;-9999;-9999;-9999;-9999;-9999;-9999;-9999;-9999;-9999;
2011-09-06;15:00;-9999;-9999;-9999;-9999;-9999;-9999;-9999;-9999;-9999;-9999;-9999;-9999;-9999;-9999;-9999;-9999;-9999;
2011-09-06;16:00;-9999;-9999;-9999;-9999;-9999;-9999;-9999;-9999;-9999;-9999;-9999;-9999;-9999;-9999;-9999;-9999;-9999;
2011-09-06;17:00;-9999;-9999;-9999;-9999;-9999;-9999;-9999;-9999;-9999;-9999;-9999;-9999;-9999;-9999;-9999;-9999;-9999;
2011-09-06;18:00;-9999;-9999;-9999;-9999;-9999;-9999;-9999;-9999;-9999;-9999;-9999;-9999;-9999;-9999;-9999;-9999;-9999;
2011-09-06;19:00;-9999;-9999;-9999;-9999;-9999;-9999;-9999;-9999;-9999;-9999;-9999;-9999;-9999;-9999;-9999;-9999;-9999;
2011-09-06;20:00;-9999;-9999;-9999;-9999;-9999;-9999;-9999;-9999;-9999;-9999;-9999;-9999;-9999;-9999;-9999;-9999;-9999;
2011-09-06;21:00;-9999;-9999;-9999;-9999;-9999;-9999;-9999;-9999;-9999;-9999;-9999;-9999;-9999;-9999;-9999;-9999;-9999;
2011-09-06;22:00;-9999;-9999;-9999;-9999;-9999;-9999;-9999;-9999;-9999;-9999;-9999;-9999;-9999;-9999;-9999;-9999;-9999;
2011-09-06;23:00;-9999;-9999;-9999;-9999;-9999;-9999;-9999;-9999;-9999;-9999;-9999;-9999;-9999;-9999;-9999;-9999;-9999;
2011-09-07;00:00;-9999;-9999;-9999;-9999;-9999;-9999;-9999;-9999;-9999;-9999;-9999;-9999;-9999;-9999;-9999;-9999;-9999;
2011-09-07;01:00;-9999;-9999;-9999;-9999;-9999;-9999;-9999;-9999;-9999;-9999;-9999;-9999;-9999;-9999;-9999;-9999;-9999;
2011-09-07;02:00;-9999;-9999;-9999;-9999;-9999;-9999;-9999;-9999;-9999;-9999;-9999;-9999;-9999;-9999;-9999;-9999;-9999;
2011-09-07;03:00;-9999;-9999;-9999;-9999;-9999;-9999;-9999;-9999;-9999;-9999;-9999;-9999;-9999;-9999;-9999;-9999;-9999;
2011-09-07;04:00;-9999;-9999;-9999;-9999;-9999;-9999;-9999;-9999;-9999;-9999;-9999;-9999;-9999;-9999;-9999;-9999;-9999;
2011-09-07;05:00;-9999;-9999;-9999;-9999;-9999;-9999;-9999;-9999;-9999;-9999;-9999;-9999;-9999;-9999;-9999;-9999;-9999;
2011-09-07;06:00;-9999;-9999;-9999;-9999;-9999;-9999;-9999;-9999;-9999;-9999;-9999;-9999;-9999;-9999;-9999;-9999;-9999;
2011-09-07;07:00;-9999;-9999;-9999;-9999;-9999;-9999;-9999;-9999;-9999;-9999;-9999;-9999;-9999;-9999;-9999;-9999;-9999;
2011-09-07;08:00;-9999;-9999;-9999;-9999;-9999;-9999;-9999;-9999;-9999;-9999;-9999;-9999;-9999;-9999;-9999;-9999;-9999;
2011-09-07;09:00;-9999;-9999;-9999;-9999;-9999;-9999;-9999;-9999;-9999;-9999;-9999;-9999;-9999;-9999;-9999;-9999;-9999;
2011-09-07;10:00;-9999;-9999;-9999;-9999;-9999;-9999;-9999;-9999;-9999;-9999;-9999;-9999;-9999;-9999;-9999;-9999;-9999;
2011-09-07;11:00;-9999;-9999;-9999;-9999;-9999;-9999;-9999;-9999;-9999;-9999;-9999;-9999;-9999;-9999;-9999;-9999;-9999;
2011-09-07;12:00;-9999;-9999;-9999;-9999;-9999;-9999;-9999;-9999;-9999;-9999;-9999;-9999;-9999;-9999;-9999;-9999;-9999;
2011-09-07;13:00;-9999;-9999;-9999;-9999;-9999;-9999;-9999;-9999;-9999;-9999;-9999;-9999;-9999;-9999;-9999;-9999;-9999;
2011-09-07;14:00;-9999;-9999;-9999;-9999;-9999;-9999;-9999;-9999;-9999;-9999;-9999;-9999;-9999;-9999;-9999;-9999;-9999;
2011-09-07;15:00;-9999;-9999;-9999;-9999;-9999;-9999;-9999;-9999;-9999;-9999;-9999;-9999;-9999;-9999;-9999;-9999;-9999;
2011-09-07;16:00;-9999;-9999;-9999;-9999;-9999;-9999;-9999;-9999;-9999;-9999;-9999;-9999;-9999;-9999;-9999;-9999;-9999;
2011-09-07;17:00;-9999;-9999;-9999;-9999;-9999;-9999;-9999;-9999;-9999;-9999;-9999;-9999;-9999;-9999;-9999;-9999;-9999;
2011-09-07;18:00;-9999;-9999;-9999;-9999;-9999;-9999;-9999;-9999;-9999;-9999;-9999;-9999;-9999;-9999;-9999;-9999;-9999;
2011-09-07;19:00;-9999;-9999;-9999;-9999;-9999;-9999;-9999;-9999;-9999;-9999;-9999;-9999;-9999;-9999;-9999;-9999;-9999;
2011-09-07;20:00;-9999;-9999;-9999;-9999;-9999;-9999;-9999;-9999;-9999;-9999;-9999;-9999;-9999;-9999;-9999;-9999;-9999;
2011-09-07;21:00;-9999;-9999;-9999;-9999;-9999;-9999;-9999;-9999;-9999;-9999;-9999;-9999;-9999;-9999;-9999;-9999;-9999;
2011-09-07;22:00;-9999;-9999;-9999;-9999;-9999;-9999;-9999;-9999;-9999;-9999;-9999;-9999;-9999;-9999;-9999;-9999;-9999;
2011-09-07;23:00;-9999;-9999;-9999;-9999;-9999;-9999;-9999;-9999;-9999;-9999;-9999;-9999;-9999;-9999;-9999;-9999;-9999;
2011-09-08;00:00;-9999;-9999;-9999;-9999;-9999;-9999;-9999;-9999;-9999;-9999;-9999;-9999;-9999;-9999;-9999;-9999;-9999;
2011-09-08;01:00;-9999;-9999;-9999;-9999;-9999;-9999;-9999;-9999;-9999;-9999;-9999;-9999;-9999;-9999;-9999;-9999;-9999;
2011-09-08;02:00;-9999;-9999;-9999;-9999;-9999;-9999;-9999;-9999;-9999;-9999;-9999;-9999;-9999;-9999;-9999;-9999;-9999;
2011-09-08;03:00;-9999;-9999;-9999;-9999;-9999;-9999;-9999;-9999;-9999;-9999;-9999;-9999;-9999;-9999;-9999;-9999;-9999;
2011-09-08;04:00;-9999;-9999;-9999;-9999;-9999;-9999;-9999;-9999;-9999;-9999;-9999;-9999;-9999;-9999;-9999;-9999;-9999;
2011-09-08;05:00;-9999;-9999;-9999;-9999;-9999;-9999;-9999;-9999;-9999;-9999;-9999;-9999;-9999;-9999;-9999;-9999;-9999;
2011-09-08;06:00;-9999;-9999;-9999;-9999;-9999;-9999;-9999;-9999;-9999;-9999;-9999;-9999;-9999;-9999;-9999;-9999;-9999;
2011-09-08;07:00;-9999;-9999;-9999;-9999;-9999;-9999;-9999;-9999;-9999;-9999;-9999;-9999;-9999;-9999;-9999;-9999;-9999;
2011-09-08;08:00;-9999;-9999;-9999;-9999;-9999;-9999;-9999;-9999;-9999;-9999;-9999;-9999;-9999;-9999;-9999;-9999;-9999;
2011-09-08;09:00;-9999;-9999;-9999;-9999;-9999;-9999;-9999;-9999;-9999;-9999;-9999;-9999;-9999;-9999;-9999;-9999;-9999;
2011-09-08;10:00;-9999;-9999;-9999;-9999;-9999;-9999;-9999;-9999;-9999;-9999;-9999;-9999;-9999;-9999;-9999;-9999;-9999;
2011-09-08;11:00;-9999;-9999;-9999;-9999;-9999;-9999;-9999;-9999;-9999;-9999;-9999;-9999;-9999;-9999;-9999;-9999;-9999;
2011-09-08;12:00;-9999;-9999;-9999;-9999;-9999;-9999;-9999;-9999;-9999;-9999;-9999;-9999;-9999;-9999;-9999;-9999;-9999;
2011-09-08;13:00;-9999;-9999;-9999;-9999;-9999;-9999;-9999;-9999;-9999;-9999;-9999;-9999;-9999;-9999;-9999;-9999;-9999;
2011-09-08;14:00;-9999;-9999;-9999;-9999;-9999;-9999;-9999;-9999;-9999;-9999;-9999;-9999;-9999;-9999;-9999;-9999;-9999;
2011-09-08;15:00;-9999;-9999;-9999;-9999;-9999;-9999;-9999;-9999;-9999;-9999;-9999;-9999;-9999;-9999;-9999;-9999;-9999;
2011-09-08;16:00;-9999;-9999;-9999;-9999;-9999;-9999;-9999;-9999;-9999;-9999;-9999;-9999;-9999;-9999;-9999;-9999;-9999;
2011-09-08;17:00;-9999;-9999;-9999;-9999;-9999;-9999;-9999;-9999;-9999;-9999;-9999;-9999;-9999;-9999;-9999;-9999;-9999;
2011-09-08;18:00;-9999;-9999;-9999;-9999;-9999;-9999;-9999;-9999;-9999;-9999;-9999;-9999;-9999;-9999;-9999;-9999;-9999;
2011-09-08;19:00;-9999;-9999;-9999;-9999;-9999;-9999;-9999;-9999;-9999;-9999;-9999;-9999;-9999;-9999;-9999;-9999;-9999;
2011-09-08;20:00;-9999;-9999;-9999;-9999;-9999;-9999;-9999;-9999;-9999;-9999;-9999;-9999;-9999;-9999;-9999;-9999;-9999;
2011-09-08;21:00;-9999;-9999;-9999;-9999;-9999;-9999;-9999;-9999;-9999;-9999;-9999;-9999;-9999;-9999;-9999;-9999;-9999;
2011-09-08;22:00;-9999;-9999;-9999;-9999;-9999;-9999;-9999;-9999;-9999;-9999;-9999;-9999;-9999;-9999;-9999;-9999;-9999;
2011-09-08;23:00;-9999;-9999;-9999;-9999;-9999;-9999;-9999;-9999;-9999;-9999;-9999;-9999;-9999;-9999;-9999;-9999;-9999;
2011-09-09;00:00;-9999;-9999;-9999;-9999;-9999;-9999;-9999;-9999;-9999;-9999;-9999;-9999;-9999;-9999;-9999;-9999;-9999;
2011-09-09;01:00;-9999;-9999;-9999;-9999;-9999;-9999;-9999;-9999;-9999;-9999;-9999;-9999;-9999;-9999;-9999;-9999;-9999;
2011-09-09;02:00;-9999;-9999;-9999;-9999;-9999;-9999;-9999;-9999;-9999;-9999;-9999;-9999;-9999;-9999;-9999;-9999;-9999;
2011-09-09;03:00;-9999;-9999;-9999;-9999;-9999;-9999;-9999;-9999;-9999;-9999;-9999;-9999;-9999;-9999;-9999;-9999;-9999;
2011-09-09;04:00;-9999;-9999;-9999;-9999;-9999;-9999;-9999;-9999;-9999;-9999;-9999;-9999;-9999;-9999;-9999;-9999;-9999;
2011-09-09;05:00;-9999;-9999;-9999;-9999;-9999;-9999;-9999;-9999;-9999;-9999;-9999;-9999;-9999;-9999;-9999;-9999;-9999;
2011-09-09;06:00;-9999;-9999;-9999;-9999;-9999;-9999;-9999;-9999;-9999;-9999;-9999;-9999;-9999;-9999;-9999;-9999;-9999;
2011-09-09;07:00;-9999;-9999;-9999;-9999;-9999;-9999;-9999;-9999;-9999;-9999;-9999;-9999;-9999;-9999;-9999;-9999;-9999;
2011-09-09;08:00;-9999;-9999;-9999;-9999;-9999;-9999;-9999;-9999;-9999;-9999;-9999;-9999;-9999;-9999;-9999;-9999;-9999;
2011-09-09;09:00;-9999;-9999;-9999;-9999;-9999;-9999;-9999;-9999;-9999;-9999;-9999;-9999;-9999;-9999;-9999;-9999;-9999;
2011-09-09;10:00;-9999;-9999;-9999;-9999;-9999;-9999;-9999;-9999;-9999;-9999;-9999;-9999;-9999;-9999;-9999;-9999;-9999;
2011-09-09;11:00;-9999;-9999;-9999;-9999;-9999;-9999;-9999;-9999;-9999;-9999;-9999;-9999;-9999;-9999;-9999;-9999;-9999;
2011-09-09;12:00;-9999;-9999;-9999;-9999;-9999;-9999;-9999;-9999;-9999;-9999;-9999;-9999;-9999;-9999;-9999;-9999;-9999;
2011-09-09;13:00;-9999;-9999;-9999;-9999;-9999;-9999;-9999;-9999;-9999;-9999;-9999;-9999;-9999;-9999;-9999;-9999;-9999;
2011-09-09;14:00;-9999;-9999;-9999;-9999;-9999;-9999;-9999;-9999;-9999;-9999;-9999;-9999;-9999;-9999;-9999;-9999;-9999;
2011-09-09;15:00;-9999;-9999;-9999;-9999;-9999;-9999;-9999;-9999;-9999;-9999;-9999;-9999;-9999;-9999;-9999;-9999;-9999;
2011-09-09;16:00;-9999;-9999;-9999;-9999;-9999;-9999;-9999;-9999;-9999;-9999;-9999;-9999;-9999;-9999;-9999;-9999;-9999;
2011-09-09;17:00;-9999;-9999;-9999;-9999;-9999;-9999;-9999;-9999;-9999;-9999;-9999;-9999;-9999;-9999;-9999;-9999;-9999;
2011-09-09;18:00;-9999;-9999;-9999;-9999;-9999;-9999;-9999;-9999;-9999;-9999;-9999;-9999;-9999;-9999;-9999;-9999;-9999;
2011-09-09;19:00;-9999;-9999;-9999;-9999;-9999;-9999;-9999;-9999;-9999;-9999;-9999;-9999;-9999;-9999;-9999;-9999;-9999;
2011-09-09;20:00;-9999;-9999;-9999;-9999;-9999;-9999;-9999;-9999;-9999;-9999;-9999;-9999;-9999;-9999;-9999;-9999;-9999;
2011-09-09;21:00;-9999;-9999;-9999;-9999;-9999;-9999;-9999;-9999;-9999;-9999;-9999;-9999;-9999;-9999;-9999;-9999;-9999;
2011-09-09;22:00;-9999;-9999;-9999;-9999;-9999;-9999;-9999;-9999;-9999;-9999;-9999;-9999;-9999;-9999;-9999;-9999;-9999;
2011-09-09;23:00;-9999;-9999;-9999;-9999;-9999;-9999;-9999;-9999;-9999;-9999;-9999;-9999;-9999;-9999;-9999;-9999;-9999;
2011-09-10;00:00;-9999;-9999;-9999;-9999;-9999;-9999;-9999;-9999;-9999;-9999;-9999;-9999;-9999;-9999;-9999;-9999;-9999;
2011-09-10;01:00;-9999;-9999;-9999;-9999;-9999;-9999;-9999;-9999;-9999;-9999;-9999;-9999;-9999;-9999;-9999;-9999;-9999;
2011-09-10;02:00;-9999;-9999;-9999;-9999;-9999;-9999;-9999;-9999;-9999;-9999;-9999;-9999;-9999;-9999;-9999;-9999;-9999;
2011-09-10;03:00;-9999;-9999;-9999;-9999;-9999;-9999;-9999;-9999;-9999;-9999;-9999;-9999;-9999;-9999;-9999;-9999;-9999;
2011-09-10;04:00;-9999;-9999;-9999;-9999;-9999;-9999;-9999;-9999;-9999;-9999;-9999;-9999;-9999;-9999;-9999;-9999;-9999;
2011-09-10;05:00;-9999;-9999;-9999;-9999;-9999;-9999;-9999;-9999;-9999;-9999;-9999;-9999;-9999;-9999;-9999;-9999;-9999;
2011-09-10;06:00;-9999;-9999;-9999;-9999;-9999;-9999;-9999;-9999;-9999;-9999;-9999;-9999;-9999;-9999;-9999;-9999;-9999;
2011-09-10;07:00;-9999;-9999;-9999;-9999;-9999;-9999;-9999;-9999;-9999;-9999;-9999;-9999;-9999;-9999;-9999;-9999;-9999;
2011-09-10;08:00;-9999;-9999;-9999;-9999;-9999;-9999;-9999;-9999;-9999;-9999;-9999;-9999;-9999;-9999;-9999;-9999;-9999;
2011-09-10;09:00;-9999;-9999;-9999;-9999;-9999;-9999;-9999;-9999;-9999;-9999;-9999;-9999;-9999;-9999;-9999;-9999;-9999;
2011-09-10;10:00;-9999;-9999;-9999;-9999;-9999;-9999;-9999;-9999;-9999;-9999;-9999;-9999;-9999;-9999;-9999;-9999;-9999;
2011-09-10;11:00;-9999;-9999;-9999;-9999;-9999;-9999;-9999;-9999;-9999;-9999;-9999;-9999;-9999;-9999;-9999;-9999;-9999;
2011-09-10;12:00;-9999;-9999;-9999;-9999;-9999;-9999;-9999;-9999;-9999;-9999;-9999;-9999;-9999;-9999;-9999;-9999;-9999;
2011-09-10;13:00;-9999;-9999;-9999;-9999;-9999;-9999;-9999;-9999;-9999;-9999;-9999;-9999;-9999;-9999;-9999;-9999;-9999;
2011-09-10;14:00;-9999;-9999;-9999;-9999;-9999;-9999;-9999;-9999;-9999;-9999;-9999;-9999;-9999;-9999;-9999;-9999;-9999;
2011-09-10;15:00;-9999;-9999;-9999;-9999;-9999;-9999;-9999;-9999;-9999;-9999;-9999;-9999;-9999;-9999;-9999;-9999;-9999;
2011-09-10;16:00;-9999;-9999;-9999;-9999;-9999;-9999;-9999;-9999;-9999;-9999;-9999;-9999;-9999;-9999;-9999;-9999;-9999;
2011-09-10;17:00;-9999;-9999;-9999;-9999;-9999;-9999;-9999;-9999;-9999;-9999;-9999;-9999;-9999;-9999;-9999;-9999;-9999;
2011-09-10;18:00;-9999;-9999;-9999;-9999;-9999;-9999;-9999;-9999;-9999;-9999;-9999;-9999;-9999;-9999;-9999;-9999;-9999;
2011-09-10;19:00;-9999;-9999;-9999;-9999;-9999;-9999;-9999;-9999;-9999;-9999;-9999;-9999;-9999;-9999;-9999;-9999;-9999;
2011-09-10;20:00;-9999;-9999;-9999;-9999;-9999;-9999;-9999;-9999;-9999;-9999;-9999;-9999;-9999;-9999;-9999;-9999;-9999;
2011-09-10;21:00;-9999;-9999;-9999;-9999;-9999;-9999;-9999;-9999;-9999;-9999;-9999;-9999;-9999;-9999;-9999;-9999;-9999;
2011-09-10;22:00;-9999;-9999;-9999;-9999;-9999;-9999;-9999;-9999;-9999;-9999;-9999;-9999;-9999;-9999;-9999;-9999;-9999;
2011-09-10;23:00;-9999;-9999;-9999;-9999;-9999;-9999;-9999;-9999;-9999;-9999;-9999;-9999;-9999;-9999;-9999;-9999;-9999;
2011-09-11;00:00;-9999;-9999;-9999;-9999;-9999;-9999;-9999;-9999;-9999;-9999;-9999;-9999;-9999;-9999;-9999;-9999;-9999;
2011-09-11;01:00;-9999;-9999;-9999;-9999;-9999;-9999;-9999;-9999;-9999;-9999;-9999;-9999;-9999;-9999;-9999;-9999;-9999;
2011-09-11;02:00;-9999;-9999;-9999;-9999;-9999;-9999;-9999;-9999;-9999;-9999;-9999;-9999;-9999;-9999;-9999;-9999;-9999;
2011-09-11;03:00;-9999;-9999;-9999;-9999;-9999;-9999;-9999;-9999;-9999;-9999;-9999;-9999;-9999;-9999;-9999;-9999;-9999;
2011-09-11;04:00;-9999;-9999;-9999;-9999;-9999;-9999;-9999;-9999;-9999;-9999;-9999;-9999;-9999;-9999;-9999;-9999;-9999;
2011-09-11;05:00;-9999;-9999;-9999;-9999;-9999;-9999;-9999;-9999;-9999;-9999;-9999;-9999;-9999;-9999;-9999;-9999;-9999;
2011-09-11;06:00;-9999;-9999;-9999;-9999;-9999;-9999;-9999;-9999;-9999;-9999;-9999;-9999;-9999;-9999;-9999;-9999;-9999;
2011-09-11;07:00;-9999;-9999;-9999;-9999;-9999;-9999;-9999;-9999;-9999;-9999;-9999;-9999;-9999;-9999;-9999;-9999;-9999;
2011-09-11;08:00;-9999;-9999;-9999;-9999;-9999;-9999;-9999;-9999;-9999;-9999;-9999;-9999;-9999;-9999;-9999;-9999;-9999;
2011-09-11;09:00;-9999;-9999;-9999;-9999;-9999;-9999;-9999;-9999;-9999;-9999;-9999;-9999;-9999;-9999;-9999;-9999;-9999;
2011-09-11;10:00;-9999;-9999;-9999;-9999;-9999;-9999;-9999;-9999;-9999;-9999;-9999;-9999;-9999;-9999;-9999;-9999;-9999;
2011-09-11;11:00;-9999;-9999;-9999;-9999;-9999;-9999;-9999;-9999;-9999;-9999;-9999;-9999;-9999;-9999;-9999;-9999;-9999;
2011-09-11;12:00;-9999;-9999;-9999;-9999;-9999;-9999;-9999;-9999;-9999;-9999;-9999;-9999;-9999;-9999;-9999;-9999;-9999;
2011-09-11;13:00;-9999;-9999;-9999;-9999;-9999;-9999;-9999;-9999;-9999;-9999;-9999;-9999;-9999;-9999;-9999;-9999;-9999;
2011-09-11;14:00;-9999;-9999;-9999;-9999;-9999;-9999;-9999;-9999;-9999;-9999;-9999;-9999;-9999;-9999;-9999;-9999;-9999;
2011-09-11;15:00;-9999;-9999;-9999;-9999;-9999;-9999;-9999;-9999;-9999;-9999;-9999;-9999;-9999;-9999;-9999;-9999;-9999;
2011-09-11;16:00;-9999;-9999;-9999;-9999;-9999;-9999;-9999;-9999;-9999;-9999;-9999;-9999;-9999;-9999;-9999;-9999;-9999;
2011-09-11;17:00;-9999;-9999;-9999;-9999;-9999;-9999;-9999;-9999;-9999;-9999;-9999;-9999;-9999;-9999;-9999;-9999;-9999;
2011-09-11;18:00;-9999;-9999;-9999;-9999;-9999;-9999;-9999;-9999;-9999;-9999;-9999;-9999;-9999;-9999;-9999;-9999;-9999;
2011-09-11;19:00;-9999;-9999;-9999;-9999;-9999;-9999;-9999;-9999;-9999;-9999;-9999;-9999;-9999;-9999;-9999;-9999;-9999;
2011-09-11;20:00;-9999;-9999;-9999;-9999;-9999;-9999;-9999;-9999;-9999;-9999;-9999;-9999;-9999;-9999;-9999;-9999;-9999;
2011-09-11;21:00;-9999;-9999;-9999;-9999;-9999;-9999;-9999;-9999;-9999;-9999;-9999;-9999;-9999;-9999;-9999;-9999;-9999;
2011-09-11;22:00;-9999;-9999;-9999;-9999;-9999;-9999;-9999;-9999;-9999;-9999;-9999;-9999;-9999;-9999;-9999;-9999;-9999;
2011-09-11;23:00;-9999;-9999;-9999;-9999;-9999;-9999;-9999;-9999;-9999;-9999;-9999;-9999;-9999;-9999;-9999;-9999;-9999;
2011-09-12;00:00;-9999;-9999;-9999;-9999;-9999;-9999;-9999;-9999;-9999;-9999;-9999;-9999;-9999;-9999;-9999;-9999;-9999;
2011-09-12;01:00;-9999;-9999;-9999;-9999;-9999;-9999;-9999;-9999;-9999;-9999;-9999;-9999;-9999;-9999;-9999;-9999;-9999;
2011-09-12;02:00;-9999;-9999;-9999;-9999;-9999;-9999;-9999;-9999;-9999;-9999;-9999;-9999;-9999;-9999;-9999;-9999;-9999;
2011-09-12;03:00;-9999;-9999;-9999;-9999;-9999;-9999;-9999;-9999;-9999;-9999;-9999;-9999;-9999;-9999;-9999;-9999;-9999;
2011-09-12;04:00;-9999;-9999;-9999;-9999;-9999;-9999;-9999;-9999;-9999;-9999;-9999;-9999;-9999;-9999;-9999;-9999;-9999;
2011-09-12;05:00;-9999;-9999;-9999;-9999;-9999;-9999;-9999;-9999;-9999;-9999;-9999;-9999;-9999;-9999;-9999;-9999;-9999;
2011-09-12;06:00;-9999;-9999;-9999;-9999;-9999;-9999;-9999;-9999;-9999;-9999;-9999;-9999;-9999;-9999;-9999;-9999;-9999;
2011-09-12;07:00;-9999;-9999;-9999;-9999;-9999;-9999;-9999;-9999;-9999;-9999;-9999;-9999;-9999;-9999;-9999;-9999;-9999;
2011-09-12;08:00;-9999;-9999;-9999;-9999;-9999;-9999;-9999;-9999;-9999;-9999;-9999;-9999;-9999;-9999;-9999;-9999;-9999;
2011-09-12;09:00;-9999;-9999;-9999;-9999;-9999;-9999;-9999;-9999;-9999;-9999;-9999;-9999;-9999;-9999;-9999;-9999;-9999;
2011-09-12;10:00;-9999;-9999;-9999;-9999;-9999;-9999;-9999;-9999;-9999;-9999;-9999;-9999;-9999;-9999;-9999;-9999;-9999;
2011-09-12;11:00;-9999;-9999;-9999;-9999;-9999;-9999;-9999;-9999;-9999;-9999;-9999;-9999;-9999;-9999;-9999;-9999;-9999;
2011-09-12;12:00;-9999;-9999;-9999;-9999;-9999;-9999;-9999;-9999;-9999;-9999;-9999;-9999;-9999;-9999;-9999;-9999;-9999;
2011-09-12;13:00;-9999;-9999;-9999;-9999;-9999;-9999;-9999;-9999;-9999;-9999;-9999;-9999;-9999;-9999;-9999;-9999;-9999;
2011-09-12;14:00;-9999;-9999;-9999;-9999;-9999;-9999;-9999;-9999;-9999;-9999;-9999;-9999;-9999;-9999;-9999;-9999;-9999;
2011-09-12;15:00;-9999;-9999;-9999;-9999;-9999;-9999;-9999;-9999;-9999;-9999;-9999;-9999;-9999;-9999;-9999;-9999;-9999;
2011-09-12;16:00;-9999;-9999;-9999;-9999;-9999;-9999;-9999;-9999;-9999;-9999;-9999;-9999;-9999;-9999;-9999;-9999;-9999;
2011-09-12;17:00;-9999;-9999;-9999;-9999;-9999;-9999;-9999;-9999;-9999;-9999;-9999;-9999;-9999;-9999;-9999;-9999;-9999;
2011-09-12;18:00;-9999;-9999;-9999;-9999;-9999;-9999;-9999;-9999;-9999;-9999;-9999;-9999;-9999;-9999;-9999;-9999;-9999;
2011-09-12;19:00;-9999;-9999;-9999;-9999;-9999;-9999;-9999;-9999;-9999;-9999;-9999;-9999;-9999;-9999;-9999;-9999;-9999;
2011-09-12;20:00;-9999;-9999;-9999;-9999;-9999;-9999;-9999;-9999;-9999;-9999;-9999;-9999;-9999;-9999;-9999;-9999;-9999;
2011-09-12;21:00;-9999;-9999;-9999;-9999;-9999;-9999;-9999;-9999;-9999;-9999;-9999;-9999;-9999;-9999;-9999;-9999;-9999;
2011-09-12;22:00;-9999;-9999;-9999;-9999;-9999;-9999;-9999;-9999;-9999;-9999;-9999;-9999;-9999;-9999;-9999;-9999;-9999;
2011-09-12;23:00;-9999;-9999;-9999;-9999;-9999;-9999;-9999;-9999;-9999;-9999;-9999;-9999;-9999;-9999;-9999;-9999;-9999;
2011-09-13;00:00;-9999;-9999;-9999;-9999;-9999;-9999;-9999;-9999;-9999;-9999;-9999;-9999;-9999;-9999;-9999;-9999;-9999;
2011-09-13;01:00;-9999;-9999;-9999;-9999;-9999;-9999;-9999;-9999;-9999;-9999;-9999;-9999;-9999;-9999;-9999;-9999;-9999;
2011-09-13;02:00;-9999;-9999;-9999;-9999;-9999;-9999;-9999;-9999;-9999;-9999;-9999;-9999;-9999;-9999;-9999;-9999;-9999;
2011-09-13;03:00;-9999;-9999;-9999;-9999;-9999;-9999;-9999;-9999;-9999;-9999;-9999;-9999;-9999;-9999;-9999;-9999;-9999;
2011-09-13;04:00;-9999;-9999;-9999;-9999;-9999;-9999;-9999;-9999;-9999;-9999;-9999;-9999;-9999;-9999;-9999;-9999;-9999;
2011-09-13;05:00;-9999;-9999;-9999;-9999;-9999;-9999;-9999;-9999;-9999;-9999;-9999;-9999;-9999;-9999;-9999;-9999;-9999;
2011-09-13;06:00;-9999;-9999;-9999;-9999;-9999;-9999;-9999;-9999;-9999;-9999;-9999;-9999;-9999;-9999;-9999;-9999;-9999;
2011-09-13;07:00;-9999;-9999;-9999;-9999;-9999;-9999;-9999;-9999;-9999;-9999;-9999;-9999;-9999;-9999;-9999;-9999;-9999;
2011-09-13;08:00;-9999;-9999;-9999;-9999;-9999;-9999;-9999;-9999;-9999;-9999;-9999;-9999;-9999;-9999;-9999;-9999;-9999;
2011-09-13;09:00;-9999;-9999;-9999;-9999;-9999;-9999;-9999;-9999;-9999;-9999;-9999;-9999;-9999;-9999;-9999;-9999;-9999;
2011-09-13;10:00;-9999;-9999;-9999;-9999;-9999;-9999;-9999;-9999;-9999;-9999;-9999;-9999;-9999;-9999;-9999;-9999;-9999;
2011-09-13;11:00;-9999;-9999;-9999;-9999;-9999;-9999;-9999;-9999;-9999;-9999;-9999;-9999;-9999;-9999;-9999;-9999;-9999;
2011-09-13;12:00;-9999;-9999;-9999;-9999;-9999;-9999;-9999;-9999;-9999;-9999;-9999;-9999;-9999;-9999;-9999;-9999;-9999;
2011-09-13;13:00;-9999;-9999;-9999;-9999;-9999;-9999;-9999;-9999;-9999;-9999;-9999;-9999;-9999;-9999;-9999;-9999;-9999;
2011-09-13;14:00;-9999;-9999;-9999;-9999;-9999;-9999;-9999;-9999;-9999;-9999;-9999;-9999;-9999;-9999;-9999;-9999;-9999;
2011-09-13;15:00;-9999;-9999;-9999;-9999;-9999;-9999;-9999;-9999;-9999;-9999;-9999;-9999;-9999;-9999;-9999;-9999;-9999;
2011-09-13;16:00;-9999;-9999;-9999;-9999;-9999;-9999;-9999;-9999;-9999;-9999;-9999;-9999;-9999;-9999;-9999;-9999;-9999;
2011-09-13;17:00;-9999;-9999;-9999;-9999;-9999;-9999;-9999;-9999;-9999;-9999;-9999;-9999;-9999;-9999;-9999;-9999;-9999;
2011-09-13;18:00;-9999;-9999;-9999;-9999;-9999;-9999;-9999;-9999;-9999;-9999;-9999;-9999;-9999;-9999;-9999;-9999;-9999;
2011-09-13;19:00;-9999;-9999;-9999;-9999;-9999;-9999;-9999;-9999;-9999;-9999;-9999;-9999;-9999;-9999;-9999;-9999;-9999;
2011-09-13;20:00;-9999;-9999;-9999;-9999;-9999;-9999;-9999;-9999;-9999;-9999;-9999;-9999;-9999;-9999;-9999;-9999;-9999;
2011-09-13;21:00;-9999;-9999;-9999;-9999;-9999;-9999;-9999;-9999;-9999;-9999;-9999;-9999;-9999;-9999;-9999;-9999;-9999;
2011-09-13;22:00;-9999;-9999;-9999;-9999;-9999;-9999;-9999;-9999;-9999;-9999;-9999;-9999;-9999;-9999;-9999;-9999;-9999;
2011-09-13;23:00;-9999;-9999;-9999;-9999;-9999;-9999;-9999;-9999;-9999;-9999;-9999;-9999;-9999;-9999;-9999;-9999;-9999;
2011-09-14;00:00;-9999;-9999;-9999;-9999;-9999;-9999;-9999;-9999;-9999;-9999;-9999;-9999;-9999;-9999;-9999;-9999;-9999;
2011-09-14;01:00;-9999;-9999;-9999;-9999;-9999;-9999;-9999;-9999;-9999;-9999;-9999;-9999;-9999;-9999;-9999;-9999;-9999;
2011-09-14;02:00;-9999;-9999;-9999;-9999;-9999;-9999;-9999;-9999;-9999;-9999;-9999;-9999;-9999;-9999;-9999;-9999;-9999;
2011-09-14;03:00;-9999;-9999;-9999;-9999;-9999;-9999;-9999;-9999;-9999;-9999;-9999;-9999;-9999;-9999;-9999;-9999;-9999;
2011-09-14;04:00;-9999;-9999;-9999;-9999;-9999;-9999;-9999;-9999;-9999;-9999;-9999;-9999;-9999;-9999;-9999;-9999;-9999;
2011-09-14;05:00;-9999;-9999;-9999;-9999;-9999;-9999;-9999;-9999;-9999;-9999;-9999;-9999;-9999;-9999;-9999;-9999;-9999;
2011-09-14;06:00;-9999;-9999;-9999;-9999;-9999;-9999;-9999;-9999;-9999;-9999;-9999;-9999;-9999;-9999;-9999;-9999;-9999;
2011-09-14;07:00;-9999;-9999;-9999;-9999;-9999;-9999;-9999;-9999;-9999;-9999;-9999;-9999;-9999;-9999;-9999;-9999;-9999;
2011-09-14;08:00;-9999;-9999;-9999;-9999;-9999;-9999;-9999;-9999;-9999;-9999;-9999;-9999;-9999;-9999;-9999;-9999;-9999;
2011-09-14;09:00;-9999;-9999;-9999;-9999;-9999;-9999;-9999;-9999;-9999;-9999;-9999;-9999;-9999;-9999;-9999;-9999;-9999;
2011-09-14;10:00;-9999;-9999;-9999;-9999;-9999;-9999;-9999;-9999;-9999;-9999;-9999;-9999;-9999;-9999;-9999;-9999;-9999;
2011-09-14;11:00;-9999;-9999;-9999;-9999;-9999;-9999;-9999;-9999;-9999;-9999;-9999;-9999;-9999;-9999;-9999;-9999;-9999;
2011-09-14;12:00;-9999;-9999;-9999;-9999;-9999;-9999;-9999;-9999;-9999;-9999;-9999;-9999;-9999;-9999;-9999;-9999;-9999;
2011-09-14;13:00;-9999;-9999;-9999;-9999;-9999;-9999;-9999;-9999;-9999;-9999;-9999;-9999;-9999;-9999;-9999;-9999;-9999;
2011-09-14;14:00;-9999;-9999;-9999;-9999;-9999;-9999;-9999;-9999;-9999;-9999;-9999;-9999;-9999;-9999;-9999;-9999;-9999;
2011-09-14;15:00;-9999;-9999;-9999;-9999;-9999;-9999;-9999;-9999;-9999;-9999;-9999;-9999;-9999;-9999;-9999;-9999;-9999;
2011-09-14;16:00;-9999;-9999;-9999;-9999;-9999;-9999;-9999;-9999;-9999;-9999;-9999;-9999;-9999;-9999;-9999;-9999;-9999;
2011-09-14;17:00;-9999;-9999;-9999;-9999;-9999;-9999;-9999;-9999;-9999;-9999;-9999;-9999;-9999;-9999;-9999;-9999;-9999;
2011-09-14;18:00;-9999;-9999;-9999;-9999;-9999;-9999;-9999;-9999;-9999;-9999;-9999;-9999;-9999;-9999;-9999;-9999;-9999;
2011-09-14;19:00;-9999;-9999;-9999;-9999;-9999;-9999;-9999;-9999;-9999;-9999;-9999;-9999;-9999;-9999;-9999;-9999;-9999;
2011-09-14;20:00;-9999;-9999;-9999;-9999;-9999;-9999;-9999;-9999;-9999;-9999;-9999;-9999;-9999;-9999;-9999;-9999;-9999;
2011-09-14;21:00;-9999;-9999;-9999;-9999;-9999;-9999;-9999;-9999;-9999;-9999;-9999;-9999;-9999;-9999;-9999;-9999;-9999;
2011-09-14;22:00;-9999;-9999;-9999;-9999;-9999;-9999;-9999;-9999;-9999;-9999;-9999;-9999;-9999;-9999;-9999;-9999;-9999;
2011-09-14;23:00;-9999;-9999;-9999;-9999;-9999;-9999;-9999;-9999;-9999;-9999;-9999;-9999;-9999;-9999;-9999;-9999;-9999;
2011-09-15;00:00;-9999;-9999;-9999;-9999;-9999;-9999;-9999;-9999;-9999;-9999;-9999;-9999;-9999;-9999;-9999;-9999;-9999;
2011-09-15;01:00;-9999;-9999;-9999;-9999;-9999;-9999;-9999;-9999;-9999;-9999;-9999;-9999;-9999;-9999;-9999;-9999;-9999;
2011-09-15;02:00;-9999;-9999;-9999;-9999;-9999;-9999;-9999;-9999;-9999;-9999;-9999;-9999;-9999;-9999;-9999;-9999;-9999;
2011-09-15;03:00;-9999;-9999;-9999;-9999;-9999;-9999;-9999;-9999;-9999;-9999;-9999;-9999;-9999;-9999;-9999;-9999;-9999;
2011-09-15;04:00;-9999;-9999;-9999;-9999;-9999;-9999;-9999;-9999;-9999;-9999;-9999;-9999;-9999;-9999;-9999;-9999;-9999;
2011-09-15;05:00;-9999;-9999;-9999;-9999;-9999;-9999;-9999;-9999;-9999;-9999;-9999;-9999;-9999;-9999;-9999;-9999;-9999;
2011-09-15;06:00;-9999;-9999;-9999;-9999;-9999;-9999;-9999;-9999;-9999;-9999;-9999;-9999;-9999;-9999;-9999;-9999;-9999;
2011-09-15;07:00;-9999;-9999;-9999;-9999;-9999;-9999;-9999;-9999;-9999;-9999;-9999;-9999;-9999;-9999;-9999;-9999;-9999;
2011-09-15;08:00;-9999;-9999;-9999;-9999;-9999;-9999;-9999;-9999;-9999;-9999;-9999;-9999;-9999;-9999;-9999;-9999;-9999;
2011-09-15;09:00;-9999;-9999;-9999;-9999;-9999;-9999;-9999;-9999;-9999;-9999;-9999;-9999;-9999;-9999;-9999;-9999;-9999;
2011-09-15;10:00;-9999;-9999;-9999;-9999;-9999;-9999;-9999;-9999;-9999;-9999;-9999;-9999;-9999;-9999;-9999;-9999;-9999;
2011-09-15;11:00;-9999;-9999;-9999;-9999;-9999;-9999;-9999;-9999;-9999;-9999;-9999;-9999;-9999;-9999;-9999;-9999;-9999;
2011-09-15;12:00;-9999;-9999;-9999;-9999;-9999;-9999;-9999;-9999;-9999;-9999;-9999;-9999;-9999;-9999;-9999;-9999;-9999;
2011-09-15;13:00;-9999;-9999;-9999;-9999;-9999;-9999;-9999;-9999;-9999;-9999;-9999;-9999;-9999;-9999;-9999;-9999;-9999;
2011-09-15;14:00;-9999;-9999;-9999;-9999;-9999;-9999;-9999;-9999;-9999;-9999;-9999;-9999;-9999;-9999;-9999;-9999;-9999;
2011-09-15;15:00;-9999;-9999;-9999;-9999;-9999;-9999;-9999;-9999;-9999;-9999;-9999;-9999;-9999;-9999;-9999;-9999;-9999;
2011-09-15;16:00;-9999;-9999;-9999;-9999;-9999;-9999;-9999;-9999;-9999;-9999;-9999;-9999;-9999;-9999;-9999;-9999;-9999;
2011-09-15;17:00;-9999;-9999;-9999;-9999;-9999;-9999;-9999;-9999;-9999;-9999;-9999;-9999;-9999;-9999;-9999;-9999;-9999;
2011-09-15;18:00;-9999;-9999;-9999;-9999;-9999;-9999;-9999;-9999;-9999;-9999;-9999;-9999;-9999;-9999;-9999;-9999;-9999;
2011-09-15;19:00;-9999;-9999;-9999;-9999;-9999;-9999;-9999;-9999;-9999;-9999;-9999;-9999;-9999;-9999;-9999;-9999;-9999;
2011-09-15;20:00;-9999;-9999;-9999;-9999;-9999;-9999;-9999;-9999;-9999;-9999;-9999;-9999;-9999;-9999;-9999;-9999;-9999;
2011-09-15;21:00;-9999;-9999;-9999;-9999;-9999;-9999;-9999;-9999;-9999;-9999;-9999;-9999;-9999;-9999;-9999;-9999;-9999;
2011-09-15;22:00;-9999;-9999;-9999;-9999;-9999;-9999;-9999;-9999;-9999;-9999;-9999;-9999;-9999;-9999;-9999;-9999;-9999;
2011-09-15;23:00;-9999;-9999;-9999;-9999;-9999;-9999;-9999;-9999;-9999;-9999;-9999;-9999;-9999;-9999;-9999;-9999;-9999;
2011-09-16;00:00;-9999;-9999;-9999;-9999;-9999;-9999;-9999;-9999;-9999;-9999;-9999;-9999;-9999;-9999;-9999;-9999;-9999;
2011-09-16;01:00;-9999;-9999;-9999;-9999;-9999;-9999;-9999;-9999;-9999;-9999;-9999;-9999;-9999;-9999;-9999;-9999;-9999;
2011-09-16;02:00;-9999;-9999;-9999;-9999;-9999;-9999;-9999;-9999;-9999;-9999;-9999;-9999;-9999;-9999;-9999;-9999;-9999;
2011-09-16;03:00;-9999;-9999;-9999;-9999;-9999;-9999;-9999;-9999;-9999;-9999;-9999;-9999;-9999;-9999;-9999;-9999;-9999;
2011-09-16;04:00;-9999;-9999;-9999;-9999;-9999;-9999;-9999;-9999;-9999;-9999;-9999;-9999;-9999;-9999;-9999;-9999;-9999;
2011-09-16;05:00;-9999;-9999;-9999;-9999;-9999;-9999;-9999;-9999;-9999;-9999;-9999;-9999;-9999;-9999;-9999;-9999;-9999;
2011-09-16;06:00;-9999;-9999;-9999;-9999;-9999;-9999;-9999;-9999;-9999;-9999;-9999;-9999;-9999;-9999;-9999;-9999;-9999;
2011-09-16;07:00;-9999;-9999;-9999;-9999;-9999;-9999;-9999;-9999;-9999;-9999;-9999;-9999;-9999;-9999;-9999;-9999;-9999;
2011-09-16;08:00;-9999;-9999;-9999;-9999;-9999;-9999;-9999;-9999;-9999;-9999;-9999;-9999;-9999;-9999;-9999;-9999;-9999;
2011-09-16;09:00;-9999;-9999;-9999;-9999;-9999;-9999;-9999;-9999;-9999;-9999;-9999;-9999;-9999;-9999;-9999;-9999;-9999;
2011-09-16;10:00;-9999;-9999;-9999;-9999;-9999;-9999;-9999;-9999;-9999;-9999;-9999;-9999;-9999;-9999;-9999;-9999;-9999;
2011-09-16;11:00;-9999;-9999;-9999;-9999;-9999;-9999;-9999;-9999;-9999;-9999;-9999;-9999;-9999;-9999;-9999;-9999;-9999;
2011-09-16;12:00;-9999;-9999;-9999;-9999;-9999;-9999;-9999;-9999;-9999;-9999;-9999;-9999;-9999;-9999;-9999;-9999;-9999;
2011-09-16;13:00;-9999;-9999;-9999;-9999;-9999;-9999;-9999;-9999;-9999;-9999;-9999;-9999;-9999;-9999;-9999;-9999;-9999;
2011-09-16;14:00;-9999;-9999;-9999;-9999;-9999;-9999;-9999;-9999;-9999;-9999;-9999;-9999;-9999;-9999;-9999;-9999;-9999;
2011-09-16;15:00;-9999;-9999;-9999;-9999;-9999;-9999;-9999;-9999;-9999;-9999;-9999;-9999;-9999;-9999;-9999;-9999;-9999;
2011-09-16;16:00;-9999;-9999;-9999;-9999;-9999;-9999;-9999;-9999;-9999;-9999;-9999;-9999;-9999;-9999;-9999;-9999;-9999;
2011-09-16;17:00;-9999;-9999;-9999;-9999;-9999;-9999;-9999;-9999;-9999;-9999;-9999;-9999;-9999;-9999;-9999;-9999;-9999;
2011-09-16;18:00;-9999;-9999;-9999;-9999;-9999;-9999;-9999;-9999;-9999;-9999;-9999;-9999;-9999;-9999;-9999;-9999;-9999;
2011-09-16;19:00;-9999;-9999;-9999;-9999;-9999;-9999;-9999;-9999;-9999;-9999;-9999;-9999;-9999;-9999;-9999;-9999;-9999;
2011-09-16;20:00;-9999;-9999;-9999;-9999;-9999;-9999;-9999;-9999;-9999;-9999;-9999;-9999;-9999;-9999;-9999;-9999;-9999;
2011-09-16;21:00;-9999;-9999;-9999;-9999;-9999;-9999;-9999;-9999;-9999;-9999;-9999;-9999;-9999;-9999;-9999;-9999;-9999;
2011-09-16;22:00;-9999;-9999;-9999;-9999;-9999;-9999;-9999;-9999;-9999;-9999;-9999;-9999;-9999;-9999;-9999;-9999;-9999;
2011-09-16;23:00;-9999;-9999;-9999;-9999;-9999;-9999;-9999;-9999;-9999;-9999;-9999;-9999;-9999;-9999;-9999;-9999;-9999;
2011-09-17;00:00;-9999;-9999;-9999;-9999;-9999;-9999;-9999;-9999;-9999;-9999;-9999;-9999;-9999;-9999;-9999;-9999;-9999;
2011-09-17;01:00;-9999;-9999;-9999;-9999;-9999;-9999;-9999;-9999;-9999;-9999;-9999;-9999;-9999;-9999;-9999;-9999;-9999;
2011-09-17;02:00;-9999;-9999;-9999;-9999;-9999;-9999;-9999;-9999;-9999;-9999;-9999;-9999;-9999;-9999;-9999;-9999;-9999;
2011-09-17;03:00;-9999;-9999;-9999;-9999;-9999;-9999;-9999;-9999;-9999;-9999;-9999;-9999;-9999;-9999;-9999;-9999;-9999;
2011-09-17;04:00;-9999;-9999;-9999;-9999;-9999;-9999;-9999;-9999;-9999;-9999;-9999;-9999;-9999;-9999;-9999;-9999;-9999;
2011-09-17;05:00;-9999;-9999;-9999;-9999;-9999;-9999;-9999;-9999;-9999;-9999;-9999;-9999;-9999;-9999;-9999;-9999;-9999;
2011-09-17;06:00;-9999;-9999;-9999;-9999;-9999;-9999;-9999;-9999;-9999;-9999;-9999;-9999;-9999;-9999;-9999;-9999;-9999;
2011-09-17;07:00;-9999;-9999;-9999;-9999;-9999;-9999;-9999;-9999;-9999;-9999;-9999;-9999;-9999;-9999;-9999;-9999;-9999;
2011-09-17;08:00;-9999;-9999;-9999;-9999;-9999;-9999;-9999;-9999;-9999;-9999;-9999;-9999;-9999;-9999;-9999;-9999;-9999;
2011-09-17;09:00;-9999;-9999;-9999;-9999;-9999;-9999;-9999;-9999;-9999;-9999;-9999;-9999;-9999;-9999;-9999;-9999;-9999;
2011-09-17;10:00;-9999;-9999;-9999;-9999;-9999;-9999;-9999;-9999;-9999;-9999;-9999;-9999;-9999;-9999;-9999;-9999;-9999;
2011-09-17;11:00;-9999;-9999;-9999;-9999;-9999;-9999;-9999;-9999;-9999;-9999;-9999;-9999;-9999;-9999;-9999;-9999;-9999;
2011-09-17;12:00;-9999;-9999;-9999;-9999;-9999;-9999;-9999;-9999;-9999;-9999;-9999;-9999;-9999;-9999;-9999;-9999;-9999;
2011-09-17;13:00;-9999;-9999;-9999;-9999;-9999;-9999;-9999;-9999;-9999;-9999;-9999;-9999;-9999;-9999;-9999;-9999;-9999;
2011-09-17;14:00;-9999;-9999;-9999;-9999;-9999;-9999;-9999;-9999;-9999;-9999;-9999;-9999;-9999;-9999;-9999;-9999;-9999;
2011-09-17;15:00;-9999;-9999;-9999;-9999;-9999;-9999;-9999;-9999;-9999;-9999;-9999;-9999;-9999;-9999;-9999;-9999;-9999;
2011-09-17;16:00;-9999;-9999;-9999;-9999;-9999;-9999;-9999;-9999;-9999;-9999;-9999;-9999;-9999;-9999;-9999;-9999;-9999;
2011-09-17;17:00;-9999;-9999;-9999;-9999;-9999;-9999;-9999;-9999;-9999;-9999;-9999;-9999;-9999;-9999;-9999;-9999;-9999;
2011-09-17;18:00;-9999;-9999;-9999;-9999;-9999;-9999;-9999;-9999;-9999;-9999;-9999;-9999;-9999;-9999;-9999;-9999;-9999;
2011-09-17;19:00;-9999;-9999;-9999;-9999;-9999;-9999;-9999;-9999;-9999;-9999;-9999;-9999;-9999;-9999;-9999;-9999;-9999;
2011-09-17;20:00;-9999;-9999;-9999;-9999;-9999;-9999;-9999;-9999;-9999;-9999;-9999;-9999;-9999;-9999;-9999;-9999;-9999;
2011-09-17;21:00;-9999;-9999;-9999;-9999;-9999;-9999;-9999;-9999;-9999;-9999;-9999;-9999;-9999;-9999;-9999;-9999;-9999;
2011-09-17;22:00;-9999;-9999;-9999;-9999;-9999;-9999;-9999;-9999;-9999;-9999;-9999;-9999;-9999;-9999;-9999;-9999;-9999;
2011-09-17;23:00;-9999;-9999;-9999;-9999;-9999;-9999;-9999;-9999;-9999;-9999;-9999;-9999;-9999;-9999;-9999;-9999;-9999;
2011-09-18;00:00;-9999;-9999;-9999;-9999;-9999;-9999;-9999;-9999;-9999;-9999;-9999;-9999;-9999;-9999;-9999;-9999;-9999;
2011-09-18;01:00;-9999;-9999;-9999;-9999;-9999;-9999;-9999;-9999;-9999;-9999;-9999;-9999;-9999;-9999;-9999;-9999;-9999;
2011-09-18;02:00;-9999;-9999;-9999;-9999;-9999;-9999;-9999;-9999;-9999;-9999;-9999;-9999;-9999;-9999;-9999;-9999;-9999;
2011-09-18;03:00;-9999;-9999;-9999;-9999;-9999;-9999;-9999;-9999;-9999;-9999;-9999;-9999;-9999;-9999;-9999;-9999;-9999;
2011-09-18;04:00;-9999;-9999;-9999;-9999;-9999;-9999;-9999;-9999;-9999;-9999;-9999;-9999;-9999;-9999;-9999;-9999;-9999;
2011-09-18;05:00;-9999;-9999;-9999;-9999;-9999;-9999;-9999;-9999;-9999;-9999;-9999;-9999;-9999;-9999;-9999;-9999;-9999;
2011-09-18;06:00;-9999;-9999;-9999;-9999;-9999;-9999;-9999;-9999;-9999;-9999;-9999;-9999;-9999;-9999;-9999;-9999;-9999;
2011-09-18;07:00;-9999;-9999;-9999;-9999;-9999;-9999;-9999;-9999;-9999;-9999;-9999;-9999;-9999;-9999;-9999;-9999;-9999;
2011-09-18;08:00;-9999;-9999;-9999;-9999;-9999;-9999;-9999;-9999;-9999;-9999;-9999;-9999;-9999;-9999;-9999;-9999;-9999;
2011-09-18;09:00;-9999;-9999;-9999;-9999;-9999;-9999;-9999;-9999;-9999;-9999;-9999;-9999;-9999;-9999;-9999;-9999;-9999;
2011-09-18;10:00;-9999;-9999;-9999;-9999;-9999;-9999;-9999;-9999;-9999;-9999;-9999;-9999;-9999;-9999;-9999;-9999;-9999;
2011-09-18;11:00;-9999;-9999;-9999;-9999;-9999;-9999;-9999;-9999;-9999;-9999;-9999;-9999;-9999;-9999;-9999;-9999;-9999;
2011-09-18;12:00;-9999;-9999;-9999;-9999;-9999;-9999;-9999;-9999;-9999;-9999;-9999;-9999;-9999;-9999;-9999;-9999;-9999;
2011-09-18;13:00;-9999;-9999;-9999;-9999;-9999;-9999;-9999;-9999;-9999;-9999;-9999;-9999;-9999;-9999;-9999;-9999;-9999;
2011-09-18;14:00;-9999;-9999;-9999;-9999;-9999;-9999;-9999;-9999;-9999;-9999;-9999;-9999;-9999;-9999;-9999;-9999;-9999;
2011-09-18;15:00;-9999;-9999;-9999;-9999;-9999;-9999;-9999;-9999;-9999;-9999;-9999;-9999;-9999;-9999;-9999;-9999;-9999;
2011-09-18;16:00;-9999;-9999;-9999;-9999;-9999;-9999;-9999;-9999;-9999;-9999;-9999;-9999;-9999;-9999;-9999;-9999;-9999;
2011-09-18;17:00;-9999;-9999;-9999;-9999;-9999;-9999;-9999;-9999;-9999;-9999;-9999;-9999;-9999;-9999;-9999;-9999;-9999;
2011-09-18;18:00;-9999;-9999;-9999;-9999;-9999;-9999;-9999;-9999;-9999;-9999;-9999;-9999;-9999;-9999;-9999;-9999;-9999;
2011-09-18;19:00;-9999;-9999;-9999;-9999;-9999;-9999;-9999;-9999;-9999;-9999;-9999;-9999;-9999;-9999;-9999;-9999;-9999;
2011-09-18;20:00;-9999;-9999;-9999;-9999;-9999;-9999;-9999;-9999;-9999;-9999;-9999;-9999;-9999;-9999;-9999;-9999;-9999;
2011-09-18;21:00;-9999;-9999;-9999;-9999;-9999;-9999;-9999;-9999;-9999;-9999;-9999;-9999;-9999;-9999;-9999;-9999;-9999;
2011-09-18;22:00;-9999;-9999;-9999;-9999;-9999;-9999;-9999;-9999;-9999;-9999;-9999;-9999;-9999;-9999;-9999;-9999;-9999;
2011-09-18;23:00;-9999;-9999;-9999;-9999;-9999;-9999;-9999;-9999;-9999;-9999;-9999;-9999;-9999;-9999;-9999;-9999;-9999;
2011-09-19;00:00;-9999;-9999;-9999;-9999;-9999;-9999;-9999;-9999;-9999;-9999;-9999;-9999;-9999;-9999;-9999;-9999;-9999;
2011-09-19;01:00;-9999;-9999;-9999;-9999;-9999;-9999;-9999;-9999;-9999;-9999;-9999;-9999;-9999;-9999;-9999;-9999;-9999;
2011-09-19;02:00;-9999;-9999;-9999;-9999;-9999;-9999;-9999;-9999;-9999;-9999;-9999;-9999;-9999;-9999;-9999;-9999;-9999;
2011-09-19;03:00;-9999;-9999;-9999;-9999;-9999;-9999;-9999;-9999;-9999;-9999;-9999;-9999;-9999;-9999;-9999;-9999;-9999;
2011-09-19;04:00;-9999;-9999;-9999;-9999;-9999;-9999;-9999;-9999;-9999;-9999;-9999;-9999;-9999;-9999;-9999;-9999;-9999;
2011-09-19;05:00;-9999;-9999;-9999;-9999;-9999;-9999;-9999;-9999;-9999;-9999;-9999;-9999;-9999;-9999;-9999;-9999;-9999;
2011-09-19;06:00;-9999;-9999;-9999;-9999;-9999;-9999;-9999;-9999;-9999;-9999;-9999;-9999;-9999;-9999;-9999;-9999;-9999;
2011-09-19;07:00;-9999;-9999;-9999;-9999;-9999;-9999;-9999;-9999;-9999;-9999;-9999;-9999;-9999;-9999;-9999;-9999;-9999;
2011-09-19;08:00;-9999;-9999;-9999;-9999;-9999;-9999;-9999;-9999;-9999;-9999;-9999;-9999;-9999;-9999;-9999;-9999;-9999;
2011-09-19;09:00;-9999;-9999;-9999;-9999;-9999;-9999;-9999;-9999;-9999;-9999;-9999;-9999;-9999;-9999;-9999;-9999;-9999;
2011-09-19;10:00;-9999;-9999;-9999;-9999;-9999;-9999;-9999;-9999;-9999;-9999;-9999;-9999;-9999;-9999;-9999;-9999;-9999;
2011-09-19;11:00;-9999;-9999;-9999;-9999;-9999;-9999;-9999;-9999;-9999;-9999;-9999;-9999;-9999;-9999;-9999;-9999;-9999;
2011-09-19;12:00;-9999;-9999;-9999;-9999;-9999;-9999;-9999;-9999;-9999;-9999;-9999;-9999;-9999;-9999;-9999;-9999;-9999;
2011-09-19;13:00;-9999;-9999;-9999;-9999;-9999;-9999;-9999;-9999;-9999;-9999;-9999;-9999;-9999;-9999;-9999;-9999;-9999;
2011-09-19;14:00;-9999;-9999;-9999;-9999;-9999;-9999;-9999;-9999;-9999;-9999;-9999;-9999;-9999;-9999;-9999;-9999;-9999;
2011-09-19;15:00;-9999;-9999;-9999;-9999;-9999;-9999;-9999;-9999;-9999;-9999;-9999;-9999;-9999;-9999;-9999;-9999;-9999;
2011-09-19;16:00;-9999;-9999;-9999;-9999;-9999;-9999;-9999;-9999;-9999;-9999;-9999;-9999;-9999;-9999;-9999;-9999;-9999;
2011-09-19;17:00;-9999;-9999;-9999;-9999;-9999;-9999;-9999;-9999;-9999;-9999;-9999;-9999;-9999;-9999;-9999;-9999;-9999;
2011-09-19;18:00;-9999;-9999;-9999;-9999;-9999;-9999;-9999;-9999;-9999;-9999;-9999;-9999;-9999;-9999;-9999;-9999;-9999;
2011-09-19;19:00;-9999;-9999;-9999;-9999;-9999;-9999;-9999;-9999;-9999;-9999;-9999;-9999;-9999;-9999;-9999;-9999;-9999;
2011-09-19;20:00;-9999;-9999;-9999;-9999;-9999;-9999;-9999;-9999;-9999;-9999;-9999;-9999;-9999;-9999;-9999;-9999;-9999;
2011-09-19;21:00;-9999;-9999;-9999;-9999;-9999;-9999;-9999;-9999;-9999;-9999;-9999;-9999;-9999;-9999;-9999;-9999;-9999;
2011-09-19;22:00;-9999;-9999;-9999;-9999;-9999;-9999;-9999;-9999;-9999;-9999;-9999;-9999;-9999;-9999;-9999;-9999;-9999;
2011-09-19;23:00;-9999;-9999;-9999;-9999;-9999;-9999;-9999;-9999;-9999;-9999;-9999;-9999;-9999;-9999;-9999;-9999;-9999;
2011-09-20;00:00;-9999;-9999;-9999;-9999;-9999;-9999;-9999;-9999;-9999;-9999;-9999;-9999;-9999;-9999;-9999;-9999;-9999;
2011-09-20;01:00;-9999;-9999;-9999;-9999;-9999;-9999;-9999;-9999;-9999;-9999;-9999;-9999;-9999;-9999;-9999;-9999;-9999;
2011-09-20;02:00;-9999;-9999;-9999;-9999;-9999;-9999;-9999;-9999;-9999;-9999;-9999;-9999;-9999;-9999;-9999;-9999;-9999;
2011-09-20;03:00;-9999;-9999;-9999;-9999;-9999;-9999;-9999;-9999;-9999;-9999;-9999;-9999;-9999;-9999;-9999;-9999;-9999;
2011-09-20;04:00;-9999;-9999;-9999;-9999;-9999;-9999;-9999;-9999;-9999;-9999;-9999;-9999;-9999;-9999;-9999;-9999;-9999;
2011-09-20;05:00;-9999;-9999;-9999;-9999;-9999;-9999;-9999;-9999;-9999;-9999;-9999;-9999;-9999;-9999;-9999;-9999;-9999;
2011-09-20;06:00;-9999;-9999;-9999;-9999;-9999;-9999;-9999;-9999;-9999;-9999;-9999;-9999;-9999;-9999;-9999;-9999;-9999;
2011-09-20;07:00;-9999;-9999;-9999;-9999;-9999;-9999;-9999;-9999;-9999;-9999;-9999;-9999;-9999;-9999;-9999;-9999;-9999;
2011-09-20;08:00;-9999;-9999;-9999;-9999;-9999;-9999;-9999;-9999;-9999;-9999;-9999;-9999;-9999;-9999;-9999;-9999;-9999;
2011-09-20;09:00;-9999;-9999;-9999;-9999;-9999;-9999;-9999;-9999;-9999;-9999;-9999;-9999;-9999;-9999;-9999;-9999;-9999;
2011-09-20;10:00;-9999;-9999;-9999;-9999;-9999;-9999;-9999;-9999;-9999;-9999;-9999;-9999;-9999;-9999;-9999;-9999;-9999;
2011-09-20;11:00;-9999;-9999;-9999;-9999;-9999;-9999;-9999;-9999;-9999;-9999;-9999;-9999;-9999;-9999;-9999;-9999;-9999;
2011-09-20;12:00;-9999;-9999;-9999;-9999;-9999;-9999;-9999;-9999;-9999;-9999;-9999;-9999;-9999;-9999;-9999;-9999;-9999;
2011-09-20;13:00;-9999;-9999;-9999;-9999;-9999;-9999;-9999;-9999;-9999;-9999;-9999;-9999;-9999;-9999;-9999;-9999;-9999;
2011-09-20;14:00;-9999;-9999;-9999;-9999;-9999;-9999;-9999;-9999;-9999;-9999;-9999;-9999;-9999;-9999;-9999;-9999;-9999;
2011-09-20;15:00;-9999;-9999;-9999;-9999;-9999;-9999;-9999;-9999;-9999;-9999;-9999;-9999;-9999;-9999;-9999;-9999;-9999;
2011-09-20;16:00;-9999;-9999;-9999;-9999;-9999;-9999;-9999;-9999;-9999;-9999;-9999;-9999;-9999;-9999;-9999;-9999;-9999;
2011-09-20;17:00;-9999;-9999;-9999;-9999;-9999;-9999;-9999;-9999;-9999;-9999;-9999;-9999;-9999;-9999;-9999;-9999;-9999;
2011-09-20;18:00;-9999;-9999;-9999;-9999;-9999;-9999;-9999;-9999;-9999;-9999;-9999;-9999;-9999;-9999;-9999;-9999;-9999;
2011-09-20;19:00;-9999;-9999;-9999;-9999;-9999;-9999;-9999;-9999;-9999;-9999;-9999;-9999;-9999;-9999;-9999;-9999;-9999;
2011-09-20;20:00;-9999;-9999;-9999;-9999;-9999;-9999;-9999;-9999;-9999;-9999;-9999;-9999;-9999;-9999;-9999;-9999;-9999;
2011-09-20;21:00;-9999;-9999;-9999;-9999;-9999;-9999;-9999;-9999;-9999;-9999;-9999;-9999;-9999;-9999;-9999;-9999;-9999;
2011-09-20;22:00;-9999;-9999;-9999;-9999;-9999;-9999;-9999;-9999;-9999;-9999;-9999;-9999;-9999;-9999;-9999;-9999;-9999;
2011-09-20;23:00;-9999;-9999;-9999;-9999;-9999;-9999;-9999;-9999;-9999;-9999;-9999;-9999;-9999;-9999;-9999;-9999;-9999;
2011-09-21;00:00;-9999;-9999;-9999;-9999;-9999;-9999;-9999;-9999;-9999;-9999;-9999;-9999;-9999;-9999;-9999;-9999;-9999;
2011-09-21;01:00;-9999;-9999;-9999;-9999;-9999;-9999;-9999;-9999;-9999;-9999;-9999;-9999;-9999;-9999;-9999;-9999;-9999;
2011-09-21;02:00;-9999;-9999;-9999;-9999;-9999;-9999;-9999;-9999;-9999;-9999;-9999;-9999;-9999;-9999;-9999;-9999;-9999;
2011-09-21;03:00;-9999;-9999;-9999;-9999;-9999;-9999;-9999;-9999;-9999;-9999;-9999;-9999;-9999;-9999;-9999;-9999;-9999;
2011-09-21;04:00;-9999;-9999;-9999;-9999;-9999;-9999;-9999;-9999;-9999;-9999;-9999;-9999;-9999;-9999;-9999;-9999;-9999;
2011-09-21;05:00;-9999;-9999;-9999;-9999;-9999;-9999;-9999;-9999;-9999;-9999;-9999;-9999;-9999;-9999;-9999;-9999;-9999;
2011-09-21;06:00;-9999;-9999;-9999;-9999;-9999;-9999;-9999;-9999;-9999;-9999;-9999;-9999;-9999;-9999;-9999;-9999;-9999;
2011-09-21;07:00;-9999;-9999;-9999;-9999;-9999;-9999;-9999;-9999;-9999;-9999;-9999;-9999;-9999;-9999;-9999;-9999;-9999;
2011-09-21;08:00;-9999;-9999;-9999;-9999;-9999;-9999;-9999;-9999;-9999;-9999;-9999;-9999;-9999;-9999;-9999;-9999;-9999;
2011-09-21;09:00;-9999;-9999;-9999;-9999;-9999;-9999;-9999;-9999;-9999;-9999;-9999;-9999;-9999;-9999;-9999;-9999;-9999;
2011-09-21;10:00;-9999;-9999;-9999;-9999;-9999;-9999;-9999;-9999;-9999;-9999;-9999;-9999;-9999;-9999;-9999;-9999;-9999;
2011-09-21;11:00;-9999;-9999;-9999;-9999;-9999;-9999;-9999;-9999;-9999;-9999;-9999;-9999;-9999;-9999;-9999;-9999;-9999;
2011-09-21;12:00;-9999;-9999;-9999;-9999;-9999;-9999;-9999;-9999;-9999;-9999;-9999;-9999;-9999;-9999;-9999;-9999;-9999;
2011-09-21;13:00;-9999;-9999;-9999;-9999;-9999;-9999;-9999;-9999;-9999;-9999;-9999;-9999;-9999;-9999;-9999;-9999;-9999;
2011-09-21;14:00;-9999;-9999;-9999;-9999;-9999;-9999;-9999;-9999;-9999;-9999;-9999;-9999;-9999;-9999;-9999;-9999;-9999;
2011-09-21;15:00;-9999;-9999;-9999;-9999;-9999;-9999;-9999;-9999;-9999;-9999;-9999;-9999;-9999;-9999;-9999;-9999;-9999;
2011-09-21;16:00;-9999;-9999;-9999;-9999;-9999;-9999;-9999;-9999;-9999;-9999;-9999;-9999;-9999;-9999;-9999;-9999;-9999;
2011-09-21;17:00;-9999;-9999;-9999;-9999;-9999;-9999;-9999;-9999;-9999;-9999;-9999;-9999;-9999;-9999;-9999;-9999;-9999;
2011-09-21;18:00;-9999;-9999;-9999;-9999;-9999;-9999;-9999;-9999;-9999;-9999;-9999;-9999;-9999;-9999;-9999;-9999;-9999;
2011-09-21;19:00;-9999;-9999;-9999;-9999;-9999;-9999;-9999;-9999;-9999;-9999;-9999;-9999;-9999;-9999;-9999;-9999;-9999;
2011-09-21;20:00;-9999;-9999;-9999;-9999;-9999;-9999;-9999;-9999;-9999;-9999;-9999;-9999;-9999;-9999;-9999;-9999;-9999;
2011-09-21;21:00;-9999;-9999;-9999;-9999;-9999;-9999;-9999;-9999;-9999;-9999;-9999;-9999;-9999;-9999;-9999;-9999;-9999;
2011-09-21;22:00;-9999;-9999;-9999;-9999;-9999;-9999;-9999;-9999;-9999;-9999;-9999;-9999;-9999;-9999;-9999;-9999;-9999;
2011-09-21;23:00;-9999;-9999;-9999;-9999;-9999;-9999;-9999;-9999;-9999;-9999;-9999;-9999;-9999;-9999;-9999;-9999;-9999;
2011-09-22;00:00;-9999;-9999;-9999;-9999;-9999;-9999;-9999;-9999;-9999;-9999;-9999;-9999;-9999;-9999;-9999;-9999;-9999;
2011-09-22;01:00;-9999;-9999;-9999;-9999;-9999;-9999;-9999;-9999;-9999;-9999;-9999;-9999;-9999;-9999;-9999;-9999;-9999;
2011-09-22;02:00;-9999;-9999;-9999;-9999;-9999;-9999;-9999;-9999;-9999;-9999;-9999;-9999;-9999;-9999;-9999;-9999;-9999;
2011-09-22;03:00;-9999;-9999;-9999;-9999;-9999;-9999;-9999;-9999;-9999;-9999;-9999;-9999;-9999;-9999;-9999;-9999;-9999;
2011-09-22;04:00;-9999;-9999;-9999;-9999;-9999;-9999;-9999;-9999;-9999;-9999;-9999;-9999;-9999;-9999;-9999;-9999;-9999;
2011-09-22;05:00;-9999;-9999;-9999;-9999;-9999;-9999;-9999;-9999;-9999;-9999;-9999;-9999;-9999;-9999;-9999;-9999;-9999;
2011-09-22;06:00;-9999;-9999;-9999;-9999;-9999;-9999;-9999;-9999;-9999;-9999;-9999;-9999;-9999;-9999;-9999;-9999;-9999;
2011-09-22;07:00;-9999;-9999;-9999;-9999;-9999;-9999;-9999;-9999;-9999;-9999;-9999;-9999;-9999;-9999;-9999;-9999;-9999;
2011-09-22;08:00;-9999;-9999;-9999;-9999;-9999;-9999;-9999;-9999;-9999;-9999;-9999;-9999;-9999;-9999;-9999;-9999;-9999;
2011-09-22;09:00;-9999;-9999;-9999;-9999;-9999;-9999;-9999;-9999;-9999;-9999;-9999;-9999;-9999;-9999;-9999;-9999;-9999;
2011-09-22;10:00;-9999;-9999;-9999;-9999;-9999;-9999;-9999;-9999;-9999;-9999;-9999;-9999;-9999;-9999;-9999;-9999;-9999;
2011-09-22;11:00;-9999;-9999;-9999;-9999;-9999;-9999;-9999;-9999;-9999;-9999;-9999;-9999;-9999;-9999;-9999;-9999;-9999;
2011-09-22;12:00;-9999;-9999;-9999;-9999;-9999;-9999;-9999;-9999;-9999;-9999;-9999;-9999;-9999;-9999;-9999;-9999;-9999;
2011-09-22;13:00;-9999;-9999;-9999;-9999;-9999;-9999;-9999;-9999;-9999;-9999;-9999;-9999;-9999;-9999;-9999;-9999;-9999;
2011-09-22;14:00;-9999;-9999;-9999;-9999;-9999;-9999;-9999;-9999;-9999;-9999;-9999;-9999;-9999;-9999;-9999;-9999;-9999;
2011-09-22;15:00;-9999;-9999;-9999;-9999;-9999;-9999;-9999;-9999;-9999;-9999;-9999;-9999;-9999;-9999;-9999;-9999;-9999;
2011-09-22;16:00;-9999;-9999;-9999;-9999;-9999;-9999;-9999;-9999;-9999;-9999;-9999;-9999;-9999;-9999;-9999;-9999;-9999;
2011-09-22;17:00;-9999;-9999;-9999;-9999;-9999;-9999;-9999;-9999;-9999;-9999;-9999;-9999;-9999;-9999;-9999;-9999;-9999;
2011-09-22;18:00;-9999;-9999;-9999;-9999;-9999;-9999;-9999;-9999;-9999;-9999;-9999;-9999;-9999;-9999;-9999;-9999;-9999;
2011-09-22;19:00;-9999;-9999;-9999;-9999;-9999;-9999;-9999;-9999;-9999;-9999;-9999;-9999;-9999;-9999;-9999;-9999;-9999;
2011-09-22;20:00;0;943,3;943,3;942,6;-9999;30,9;14,1;35,4;30,9;14,3;10,5;36;22;36;160;8,9;3,6;
2011-09-22;21:00;0;943,4;943,4;942,7;-9999;30,4;14;35,3;30,4;14,3;10,5;37;23;37;157;8,9;4,2;
2011-09-22;22:00;0;943,6;943,6;943,3;-9999;28,8;14,1;30,4;28,7;14,4;14;41;37;41;140;8,5;4,1;
2011-09-22;23:00;0;944;944;943,6;-9999;28,1;13,1;28,8;27,7;14,1;13,1;42;40;40;145;7,9;4,5;
2011-09-23;00:00;0;944,6;944,6;944;-9999;27;13,1;28,8;27;13,2;12,2;42;36;42;139;7,4;1,9;
2011-09-23;01:00;0;945,5;945,5;944,6;-9999;26,8;12,9;27,9;26,4;13,2;12,3;44;38;42;118;6,2;2,1;
2011-09-23;02:00;0;945,6;945,6;945,5;-9999;27;12,8;28,3;26,8;13;12,2;42;37;41;108;4,3;0;
2011-09-23;03:00;0;945,5;945,7;945,5;-9999;26,5;13;27;25,2;13,5;12,8;48;41;43;85;6,2;4,9;
2011-09-23;04:00;0;945,1;945,6;945,1;-9999;26,1;12,4;26,8;25,9;13;12,4;44;42;42;86;6,4;4,5;
2011-09-23;05:00;0;944,6;945,1;944,6;-9999;25,1;11,4;26,1;24,6;12,7;11,4;47;42;42;81;5,2;4,7;
2011-09-23;06:00;0;944,3;944,6;944,3;-9999;24,1;11,1;25,4;23,7;11,6;11;46;41;44;61;5,3;4,1;
2011-09-23;07:00;0;944,4;944,4;944,2;-9999;25;9,7;25,3;24,1;11;9,6;44;37;38;55;4,9;4,1;
2011-09-23;08:00;0;944,8;944,8;944,4;-9999;23,7;10;25;23,7;10;9,7;42;38;42;46;4,8;4;
2011-09-23;09:00;0;945,2;945,2;944,8;-9999;22;10,1;23,8;22;10,3;9,9;47;41;47;39;4,5;3,4;
2011-09-23;10:00;0;945,9;945,9;945,2;-9999;23,7;10,5;23,7;21,4;10,6;9,9;50;43;43;40;3,8;0;
2011-09-23;11:00;0;946,6;946,6;945,9;-9999;27;9,7;27;23,7;10,6;9,5;43;34;34;24;0;0;
2011-09-23;12:00;0;947,2;947,2;946,6;-9999;29,9;9;30,2;27;9,6;8,3;34;27;27;17;6,7;5,1;
2011-09-23;13:00;0;947,5;947,6;947,2;-9999;32,7;9,1;33;29,9;10,1;8,7;28;23;23;352;8,4;6;
2011-09-23;14:00;0;948;-9999;-9999;532,4;35;7,4;-9999;-9999;-9999;-9999;-9999;-9999;18;343;-9999;7,5;
2011-09-23;15:00;0;952,1;952,9;948;3017,5;35,6;6,1;36,1;34,5;8;5,7;19;16;16;309;11,3;5,1;
2011-09-23;16:00;0;952,8;953;952,1;2842,8;35,2;6,4;37;34,8;7,1;5,1;17;14;17;295;12,6;4,7;
2011-09-23;17:00;0;950,9;952,9;950,9;1774,9;35,8;6,4;36,8;34,9;7,2;6,2;17;16;16;315;11,4;5,3;
2011-09-23;18:00;0;952,6;952,6;950,8;2362,7;36,8;7,4;37,3;35,4;8;5,9;17;15;17;275;11,1;7;
2011-09-23;19:00;0;949,1;953,1;949,1;1262,4;36,1;9;36,8;35;9,1;7,1;20;17;19;265;11,2;4,4;
2011-09-23;20:00;0;944,3;949,6;944,3;640,7;29,2;16,6;36,2;29,2;16,6;8,7;47;19;47;216;14,3;9;
2011-09-23;21:00;0;926,5;944,3;926,5;159,4;27,4;17,4;29,2;27,4;17,4;16,6;55;47;55;205;14,3;5;
2011-09-23;22:00;0;920;926,5;920;9,4;26,1;18;27,4;26,1;18;16,9;61;54;61;188;10,6;3,6;
2011-09-23;23:00;0;917,3;920;917,3;-9999;25,2;17,8;26,1;25,2;18;17,8;64;61;64;196;9,8;4,3;
2011-09-24;00:00;0;915,6;917,4;915,6;-9999;24,1;17,5;25,2;24,1;17,8;17,5;67;64;67;185;10;6;
2011-09-24;01:00;0;913,3;915,7;913,3;-9999;22,8;17,7;24,1;22,8;17,8;17,4;73;67;73;183;10,5;4,9;
2011-09-24;02:00;0;912,1;913,3;912;-9999;22,4;17,2;22,8;22,4;17,7;17,2;73;72;73;168;9,2;4;
2011-09-24;03:00;0;912,5;912,5;912,1;-9999;22,2;16,9;22,4;22,2;17,3;16,9;73;71;72;157;8,9;4,1;
2011-09-24;04:00;0;913,6;913,6;912,5;-9999;22;16,8;22,3;22;16,9;16,8;72;71;72;151;9,7;4;
2011-09-24;05:00;0;914,3;914,3;913,6;-9999;21,5;16,7;22,1;21,5;16,8;16,7;74;72;74;158;6,5;1,7;
2011-09-24;06:00;0;914,2;914,5;914,1;-9999;21,2;16,7;21,5;21,1;16,7;16,6;76;74;75;147;3,4;2;
2011-09-24;07:00;0;915,1;915,1;914,2;-9999;20,6;16,7;21,5;20,6;16,8;16,6;79;74;78;228;2,9;,7;
2011-09-24;08:00;0;915,6;915,6;915,1;-9999;20,6;16,6;21,2;20,5;16,8;16,6;78;75;78;254;5;1,9;
2011-09-24;09:00;0;915,2;916;915,1;-9999;19,8;16,8;20,6;19,7;16,8;16,5;83;78;83;255;5,6;4,2;
2011-09-24;10:00;0;915,6;915,6;915,2;19,4;19,7;17,9;19,9;19,6;17,9;16,8;89;83;89;216;6,1;3,1;
2011-09-24;11:00;0;918,5;918,5;915,6;267;20,6;18,3;20,6;19,7;18,4;17,9;90;87;87;199;5,7;1,7;
2011-09-24;12:00;0;924,6;924,6;918,5;704,4;21,6;17,8;21,6;20,6;18,5;17,7;87;79;79;180;4,8;2,1;
2011-09-24;13:00;0;932,6;932,6;924,7;1423,9;23,7;17,3;24;21,6;17,9;17,3;79;67;67;182;6,8;2,4;
2011-09-24;14:00;0;945,7;945,7;932,6;2814,1;25,8;16;26,3;23,7;17,9;15,9;67;55;55;184;7;2,8;
2011-09-24;15:00;0;950,5;950,6;945,7;1803,3;25,5;16,6;26,8;25,1;16,7;15,7;58;53;58;180;7,4;2,6;
2011-09-24;16:00;0;950;950,5;949,4;1495,7;26,5;16,6;26,8;25,2;16,7;15,7;58;52;55;182;5,1;2,2;
2011-09-24;17:00;0;951,4;951,5;950,1;1383,9;26,4;16,2;27;25,9;16,9;15,9;57;52;53;202;7,2;3;
2011-09-24;18:00;0;949,7;951,6;949,7;861,3;26,2;16,1;26,9;25,9;16,6;15,9;55;52;54;176;6,5;2,6;
2011-09-24;19:00;0;948,2;949,8;948,2;705,9;26,4;15,7;26,6;26;16,4;15,6;54;52;52;168;5,8;2,3;
2011-09-24;20:00;0;948,3;948,4;948,1;665,5;26,7;15,5;27,2;26,4;16;15,5;52;49;51;155;5,6;3,2;
2011-09-24;21:00;0;946,8;948,5;946,8;292,5;26,3;15,7;26,8;26,3;15,8;15,5;52;50;52;167;4,9;1,5;
2011-09-24;22:00;0;942,6;946,8;942,6;21,3;25,1;15,3;26,3;25,1;15,6;15,1;55;50;55;203;2,8;,9;
2011-09-24;23:00;0;938,4;942,6;938,4;-9999;24,1;15,5;25,1;24,1;15,6;15,3;59;55;59;182;2,8;,9;
2011-09-25;00:00;0;935,1;938,4;935,1;-9999;23,5;15,5;24,1;23,4;15,6;15,3;61;59;61;169;2,5;,9;
2011-09-25;01:00;0;933,9;935,2;933,9;-9999;23,2;15,4;23,6;23,1;15,6;15,4;63;61;61;169;2;0;
2011-09-25;02:00;0;932,8;934,1;932,8;-9999;22,5;15,1;23,2;22,5;15,4;15,1;63;61;63;177;0;0;
2011-09-25;03:00;0;932,2;933;932,2;-9999;22,6;15;22,7;22,3;15,2;15;64;62;62;168;3;,9;
2011-09-25;04:00;0;932,8;932,8;932,2;-9999;22,2;14,9;22,7;22,2;15,1;14,8;64;61;64;157;4,9;2,7;
2011-09-25;05:00;0;932,5;933,1;932,5;-9999;21,7;14,9;22,2;21,7;15;14,9;66;64;65;147;4,1;3;
2011-09-25;06:00;0;932,5;932,8;932,5;-9999;21,5;14,8;21,8;21,5;14,9;14,7;66;64;66;148;4,9;3,1;
2011-09-25;07:00;0;932,1;932,8;932,1;-9999;21;15;21,5;21;15;14,8;68;66;68;151;4,5;3;
2011-09-25;08:00;0;931,4;932,3;931,4;-9999;20,7;15;21;20,7;15;15;70;68;70;159;4,4;2,6;
2011-09-25;09:00;0;931,2;931,7;931,2;-9999;20,6;15;20,7;20,6;15,1;15;71;70;70;165;4,6;2,3;
2011-09-25;10:00;0;931,2;931,6;931,2;29,2;20,3;15,1;20,6;20,3;15,1;15;72;70;72;153;5,1;3,1;
2011-09-25;11:00;0;935;935;931,2;587,7;22,4;15,1;22,4;20,3;15,2;14,9;72;63;63;148;9,3;5,6;
2011-09-25;12:00;0;942,6;942,6;935;1394,1;24,3;15;24,4;22,4;15,2;14,8;64;56;56;145;9,3;5,9;
2011-09-25;13:00;0;951,1;951,1;942,6;2016,6;27,1;14,9;27,1;24,1;15,2;14,5;57;47;47;133;9,1;4;
2011-09-25;14:00;0;962,4;962,4;951,1;2722,6;28,7;14,1;29,3;26,6;15;14,1;49;41;41;148;6,5;2,8;
2011-09-25;15:00;0;972,7;972,7;962,4;3244;31;13,8;31,5;28,6;14,8;13,4;42;34;35;155;5,3;,2;
2011-09-25;16:00;0;980;980;972,7;3198,2;32,3;13,1;32,9;30,8;13,9;12,7;35;31;31;176;3,2;0;
2011-09-25;17:00;0;983,5;983,5;980;3215;33,1;12,7;34,1;31,7;13,6;12,3;32;28;29;303;5,6;2,6;
2011-09-25;18:00;0;985;985;983,5;2733,8;33,5;11,6;35;33;13,1;11,6;29;26;26;232;6,3;1,8;
2011-09-25;19:00;0;983,1;985,3;983,1;1867,4;34,4;12,6;34,8;33,3;12,8;11,7;28;26;27;239;5,4;2,4;
2011-09-25;20:00;0;978;983,1;978;1432,7;32,8;12,5;34,9;32,8;12,7;12;29;26;29;218;7,8;2;
2011-09-25;21:00;0;969;978;969;579,6;31,4;12,6;33,4;31,4;12,9;12,4;32;28;32;195;7,8;,2;
2011-09-25;22:00;0;956,2;969;956,2;45,2;29;12,9;31,4;29;12,9;12,5;37;32;37;182;3,4;0;
2011-09-25;23:00;0;946,7;956,2;946,7;-9999;28,2;13;29;28,1;13,1;12,8;39;37;39;164;0;0;
2011-09-26;00:00;0;941,7;946,7;941,7;-9999;26,9;14;28,2;26,7;14;13;45;39;45;138;0;0;
2011-09-26;01:00;0;938,1;941,7;938,1;-9999;25,9;14,4;27;25,5;14,8;13,9;51;45;49;136;5,1;2,7;
2011-09-26;02:00;0;936;938,1;936;-9999;25,4;13,3;26,1;25,2;14,3;13,1;50;45;47;137;5,8;3,9;
2011-09-26;03:00;0;934,2;936,2;934,2;-9999;23,2;14,2;25,4;23,2;14,2;13,3;57;47;57;168;5,8;,4;
2011-09-26;04:00;0;930,3;934,2;930,3;-9999;22,2;13,5;24,4;22,2;14,3;13,5;58;51;58;94;5,7;1,5;
2011-09-26;05:00;0;927,9;930,3;927,8;-9999;23,7;13,3;23,7;22,2;13,6;13;58;52;52;113;5,3;2,9;
2011-09-26;06:00;0;927,2;928,8;927,2;-9999;21,7;13,7;23,9;21,3;13,8;13;62;52;61;138;6,5;5;
2011-09-26;07:00;0;925,4;927,2;925,4;-9999;21,5;13,9;21,7;21,1;13,9;13,7;63;60;62;128;6,8;2,1;
2011-09-26;08:00;0;926,5;926,5;925,4;-9999;21,6;13,8;22;21,5;13,9;13,6;62;59;61;144;6,6;3,4;
2011-09-26;09:00;0;928;928;926,5;-9999;22,5;13,3;22,5;21,6;13,8;13,3;61;56;56;132;7,7;3,7;
2011-09-26;10:00;0;931,7;931,7;928;37,2;23,1;12,5;23,1;22,5;13,3;12,5;56;51;51;125;9,2;3,6;
2011-09-26;11:00;0;936,2;936,2;931,7;498,5;24,7;12,1;24,7;23,1;12,5;12,1;51;46;46;127;9,1;4,8;
2011-09-26;12:00;0;944,5;944,5;936,2;1054,1;28,4;12,2;28,4;24,7;12,3;12;46;36;37;112;10,1;5,3;
2011-09-26;13:00;0;958,9;958,9;944,5;2163,7;31,2;12,1;31,2;28,4;12,2;11,7;37;31;31;86;8,7;4,4;
2011-09-26;14:00;0;968,6;968,6;958,9;2730,7;32,6;11,3;33,2;30,9;12,1;11,1;31;26;27;105;9;3,3;
2011-09-26;15:00;0;975,3;975,3;968,6;3167,4;34,2;11,5;34,5;32,6;11,8;11,1;27;25;25;87;8,6;4,7;
2011-09-26;16:00;0;974,3;976,1;974,3;2031,6;34,1;11,4;34,2;32,6;11,6;10,4;27;24;25;80;8,1;0;
2011-09-26;17:00;0;979,5;979,5;974,3;3036,3;35,2;11;35,6;33,9;11,7;10,8;25;23;23;161;3,7;,1;
2011-09-26;18:00;0;984,7;984,7;979,5;2750,2;34,1;10,5;36,6;34,1;11,3;10,2;24;21;24;171;5,5;,5;
2011-09-26;19:00;0;971,7;984,7;971,7;714;27,8;14,9;35,5;27,4;14,9;10,3;46;22;45;246;13,9;7,5;
2011-09-26;20:00;,4;935,8;971,7;935,8;21,4;22,4;16,1;27,9;22,2;16,4;14,8;69;45;68;219;16,4;6,3;
2011-09-26;21:00;1,4;925,3;935,7;925,3;13;24,4;15,6;24,4;22,1;16,9;14,8;73;55;58;296;9,3;2,8;
2011-09-26;22:00;,2;923,9;925,4;923,8;19,6;23,4;16,5;24,3;21,9;17,4;16,1;75;58;65;53;7,7;2,6;
2011-09-26;23:00;0;926,9;926,9;924;-9999;25,9;13,4;25,9;22,9;17,5;13,4;72;46;46;71;4,7;1,8;
2011-09-27;00:00;0;930,6;930,6;926,9;-9999;22,4;16,1;25,9;22,4;17,4;13,2;70;45;67;315;7,9;4,3;
2011-09-27;01:00;0;926,9;930,7;926,9;-9999;22,5;15,4;22,5;21,5;16,8;15,4;74;64;64;14;7,9;0;
2011-09-27;02:00;0;928,6;928,6;926,3;-9999;24,1;14,1;24,2;22;17,6;14,1;75;54;54;114;10,1;5,3;
2011-09-27;03:00;0;931,3;931,7;928,6;-9999;23,4;14,8;24,4;22,1;15,2;13,7;64;52;58;97;8,3;4,5;
2011-09-27;04:00;0;931,9;931,9;931,3;-9999;23,4;15;23,9;22,9;15;14,5;60;56;59;96;8;4;
2011-09-27;05:00;0;931,2;932,4;931,2;-9999;21,7;15,1;23,4;21,7;15,1;14,8;66;59;66;76;5,7;4,1;
2011-09-27;06:00;0;928,8;931,2;928,8;-9999;20,9;14,8;22,3;20,9;15,1;14,6;68;62;68;74;5,9;2,8;
2011-09-27;07:00;0;926,4;928,8;926,4;-9999;21,2;14,1;21,9;20;14,9;14,1;71;61;64;98;4,3;3,1;
2011-09-27;08:00;0;928;928;926,4;-9999;20,9;14;22;20,3;14,2;13,4;67;58;65;97;6,1;3,2;
2011-09-27;09:00;0;926,7;928,3;926,7;-9999;19,9;14,1;21,4;18,9;14,6;13,8;75;62;69;50;4,3;3,5;
2011-09-27;10:00;0;925,3;926,7;925,1;54,2;20,9;14,4;20,9;19,2;14,4;14,1;73;66;66;52;4,2;3,5;
2011-09-27;11:00;0;933,7;933,7;925,3;602,4;24,2;15,1;24,2;20,9;15,3;14,4;66;56;57;52;4,8;3,4;
2011-09-27;12:00;0;945,1;945,1;933,7;1495,3;26,1;15,2;26,2;24,2;15,9;14,6;57;51;51;43;7,4;5,3;
2011-09-27;13:00;0;956;956;945,2;2317,1;27,8;15,5;28,1;25,9;16,5;15,1;53;45;47;16;6,9;4,3;
2011-09-27;14:00;0;964,8;964,8;956;2992,5;29,7;15,1;30;27,8;15,9;14,9;47;41;41;360;7,3;4;
2011-09-27;15:00;0;972,1;972,1;964,8;3407,7;31,9;14,1;32,6;29,6;15,6;13;42;32;34;308;7,4;4,1;
2011-09-27;16:00;0;977,4;977,4;972,1;3539,8;33,9;12,6;34,1;31,5;13,9;12,1;34;28;28;320;9;3,1;
2011-09-27;17:00;0;982,2;982,2;977,4;3390,1;34,4;12,4;35;33,1;12,6;11,2;28;24;26;346;9;2,3;
2011-09-27;18:00;0;985,3;985,3;982,2;3067,5;35,6;10,5;36,1;34,1;12,1;9,8;26;21;22;31;5,8;,7;
2011-09-27;19:00;0;983,4;987;983,4;1599,8;34,6;8,3;36,4;34,6;10,9;4,9;23;15;20;185;5,6;0;
2011-09-27;20:00;0;970,2;983,4;970,2;668,1;33,5;6,7;34,6;31,7;10,7;6,7;27;19;19;153;11,1;3,5;
2011-09-27;21:00;0;965,1;970,2;965,1;619,8;31,2;11,3;34,4;31,2;11,8;6,4;29;18;29;205;6,6;0;
2011-09-27;22:00;0;952,1;965,1;952,1;34,9;28,5;11,5;31,2;28,4;12;11,3;35;29;35;214;2;0;
2011-09-27;23:00;0;942,4;952,1;942,4;-9999;27,3;12,2;28,5;27,3;12,4;11,6;39;35;39;210;0;0;
2011-09-28;00:00;0;937,1;942,4;937,1;-9999;27,4;11,8;27,4;26,5;12,4;11,7;41;38;38;185;0;0;
2011-09-28;01:00;0;937,4;937,4;936,9;-9999;27,5;12,8;27,8;26,8;12,9;11,8;41;38;40;158;0;0;
2011-09-28;02:00;0;937;938,5;937;-9999;25,1;13,9;27,7;24,2;14,1;12,7;53;40;50;37;0;0;
2011-09-28;03:00;0;937,2;937,2;935,7;-9999;26,2;14,2;27,2;24,9;14,2;13,8;50;44;47;33;8;4,9;
2011-09-28;04:00;0;936,4;937,9;936,4;-9999;24,9;14,6;26,2;24,9;14,7;14,2;53;47;53;26;7,4;4,5;
2011-09-28;05:00;0;932,3;936,5;932,3;-9999;22,3;15;24,9;22,3;15;14,5;63;53;63;13;6,2;3;
2011-09-28;06:00;0;926,5;932,3;926,5;-9999;22,1;14,9;22,3;21,3;15;14,7;67;63;64;354;3,5;2,9;
2011-09-28;07:00;0;924,6;926,5;924,6;-9999;21,5;15,1;22,2;21,3;15,1;14,8;67;63;67;13;3,3;3,1;
2011-09-28;08:00;0;923,6;924,8;923,6;-9999;20,1;15,1;21,5;19,9;15,3;14,9;73;67;73;7;4,3;3,9;
2011-09-28;09:00;0;922,7;923,6;922,6;-9999;19,9;15,1;20,8;19,9;15,4;15,1;74;71;74;20;4,8;3,1;
2011-09-28;10:00;0;922,7;922,9;922,2;57,2;21,3;15,5;21,3;19,6;15,5;15,1;75;70;70;14;4,2;3,4;
2011-09-28;11:00;0;931,8;931,8;922,7;593,4;24,6;15,3;24,6;21,3;15,7;15;70;56;56;62;5,5;3,3;
2011-09-28;12:00;0;945,1;945,1;931,8;1447;27,5;14,6;27,8;24,6;15,3;14,6;56;45;45;43;5,3;3;
2011-09-28;13:00;0;957,8;957,8;945,1;2246;29,2;14,5;30;27,5;15;14;46;39;41;323;5,7;1,6;
2011-09-28;14:00;0;968,2;968,2;957,8;2880;31,1;13,5;31,3;29,2;14,6;13,4;41;34;34;327;4;1;
2011-09-28;15:00;0;973,5;973,5;968,2;3295;32,4;13,5;32,9;30,7;14;13;35;31;32;13;6,6;3,4;
2011-09-28;16:00;0;976,1;976,1;973,5;3456,3;33,9;12,4;34,6;31,6;13,8;12,4;33;27;27;27;7,2;3,5;
2011-09-28;17:00;0;978,7;978,7;976,1;3323,6;34,2;12,5;35;33,5;13,1;12;28;26;27;9;7,8;2,8;
2011-09-28;18:00;0;979,8;979,9;978,7;2973,8;34,9;11,4;35,6;33,9;12,7;11,1;27;23;24;54;7;4;
2011-09-28;19:00;0;978,6;980,1;978,6;2323,9;34,8;10,4;35,9;34,6;11,8;10,3;24;22;23;357;6,6;1,3;
2011-09-28;20:00;0;975,7;978,9;975,7;1493,5;35,1;10,7;35,8;34,5;11,1;10,2;24;22;23;336;6,6;2,4;
2011-09-28;21:00;0;968,9;975,7;968,9;573,2;33,7;10,6;35,2;33,7;10,9;10,1;24;22;24;351;4,6;1,1;
2011-09-28;22:00;0;955,2;968,9;955,2;64,6;28,6;12,4;33,8;28,6;13,3;10,6;37;24;37;157;5;2,1;
2011-09-28;23:00;0;941,1;955,1;941,1;-9999;26,1;13,4;28,6;26,1;13,4;11,2;45;36;45;225;6,2;0;
2011-09-29;00:00;0;933,5;941,1;933,5;-9999;26,6;11,5;26,6;25,8;13,5;11,5;47;39;39;129;5,4;2,5;
2011-09-29;01:00;0;932,4;933,5;932,4;-9999;25,6;12,4;27,2;24,7;12,5;11;46;38;44;83;5,7;1,9;
2011-09-29;02:00;0;930,8;932,4;930,7;-9999;26,6;13,8;26,6;24,8;14;11,6;48;40;45;104;10,3;5,5;
2011-09-29;03:00;10,6;922,3;932,3;922,3;7,2;22,6;18,1;27,8;19;18,2;13,2;78;42;76;316;20,8;4,9;
2011-09-29;04:00;0;921,8;922,4;921,8;2,4;22,6;19;23;22;19,2;17,9;82;74;80;16;6,3;2,7;
2011-09-29;05:00;,2;923,1;923,1;921,8;-9999;22,2;17,9;22,9;22,2;19,1;17,5;81;72;77;34;7,5;6;
2011-09-29;06:00;0;922,5;923,5;922,5;-9999;21,5;18,3;22,2;21,4;18,3;17,9;82;77;82;44;7,2;4,8;
2011-09-29;07:00;0;921,5;922,6;921,5;-9999;21;18;21,5;21;18,3;17,9;83;81;83;31;6,1;2,3;
2011-09-29;08:00;0;920,7;921,7;920,7;-9999;20,6;17,5;21;20,5;18,1;17,5;85;82;82;37;5,5;4,8;
2011-09-29;09:00;0;920,5;920,9;920,5;-9999;20,6;16,7;20,7;20,3;17,5;16,6;83;78;78;37;6,1;5;
2011-09-29;10:00;0;921,5;921,5;920,6;63,2;21;16,7;21;20,4;16,7;16,3;79;76;77;53;6,1;3,6;
2011-09-29;11:00;0;928,3;928,3;921,5;678,9;23,9;17,9;23,9;21;18,5;16,7;77;69;69;89;5,5;4,3;
2011-09-29;12:00;0;940,6;940,6;928,4;1573,1;28,6;13,8;28,6;23,9;18,4;13,8;71;40;40;42;5,5;,9;
2011-09-29;13:00;0;954,9;954,9;940,7;2355,2;30,9;14;30,9;28,6;15,2;12,7;44;34;36;33;4,1;1,5;
2011-09-29;14:00;0;964,5;964,5;954,9;2993;32;12,6;32,5;30,7;14,9;11,5;38;28;31;17;6,3;3,7;
2011-09-29;15:00;0;969,5;969,5;964,5;3420;32,9;13,4;33,5;32;14,1;12;32;29;31;16;8,2;4,7;
2011-09-29;16:00;0;972,5;972,5;969,5;3574,6;33,9;12,6;34,3;32,8;14,1;12;31;27;28;358;8,8;3,2;
2011-09-29;17:00;0;975,7;975,7;972,5;3441,9;34,8;12,5;35,3;33,7;13,3;11,3;28;24;26;6;9,3;4;
2011-09-29;18:00;0;974,3;976,8;974,3;2421;35,3;12;36,2;33,5;12,9;11,2;27;24;25;353;10;5;
2011-09-29;19:00;0;975,1;975,1;974,2;2448,8;34,4;10,7;36,1;34,4;12,2;10,7;25;23;24;336;8,8;3,1;
2011-09-29;20:00;0;964,1;975,3;964,1;550,5;30,9;13;35;30,3;13,2;10,7;35;24;33;254;10,4;3,5;
2011-09-29;21:00;5,6;949;964;949;414,2;26,1;15,1;31,6;25,5;17,8;10,6;53;32;51;189;19,1;1,6;
2011-09-29;22:00;9;924,9;948,9;924,9;3,7;20,6;15,4;26,9;19,1;18,6;14,2;77;49;72;337;19,5;6,1;
2011-09-29;23:00;,6;916,4;924,9;916,3;,7;21,8;15,5;23,7;20,4;16,4;14,6;77;59;68;221;10,9;2,3;
2011-09-30;00:00;0;919,6;919,6;916,4;4,1;24,7;15,6;24,7;21;16,8;14,2;76;56;57;154;7,4;2;
2011-09-30;01:00;0;927,3;927,3;919,6;-9999;24,9;13,5;27,8;22,6;17,4;11,5;73;37;49;335;6,9;0;
2011-09-30;02:00;0;926,2;927,6;926,2;-9999;22,6;16,7;25,3;22,2;18;15;74;48;70;56;5;3,8;
2011-09-30;03:00;0;924,9;926,3;924,9;-9999;21,9;17,3;22,7;21,9;17,3;16,2;75;66;75;49;5;2,7;
2011-09-30;04:00;0;924,9;925;924,8;-9999;22,8;16,5;22,9;21,9;17,2;16,3;75;67;68;69;3,7;1,9;
2011-09-30;05:00;0;926,2;926,2;924,9;-9999;24,2;15,8;24,2;22,4;17,6;15,7;74;59;59;135;3,8;2,1;
2011-09-30;06:00;0;927,3;927,9;926,2;-9999;22,4;16,7;24,4;21,5;17,1;15,5;76;58;70;125;6,9;2,2;
2011-09-30;07:00;0;929;929;927,3;-9999;21,9;16,5;23,7;21,9;16,7;15,4;71;60;71;108;4,8;3;
2011-09-30;08:00;0;927,5;929,5;927,5;-9999;21,5;16,6;22,4;21,2;16,9;16,4;76;69;74;86;5,3;4;
2011-09-30;09:00;0;927;927,6;926,8;-9999;21,8;16;22;21,2;16,6;15,9;75;68;69;54;6,3;4,3;
2011-09-30;10:00;0;927,4;927,5;927;44,5;21,7;16,2;21,8;21,3;16,2;16;73;69;71;46;5,6;3,7;
2011-09-30;11:00;0;932;932;927,4;547,1;24,1;16,6;24,1;21,7;16,9;16,2;71;63;63;47;6,3;4,1;
2011-09-30;12:00;0;941,9;941,9;932;1621,5;25,7;17,4;25,7;24,1;17,8;16,5;64;59;60;22;7,4;5,4;
2011-09-30;13:00;0;950,2;950,2;941,9;2387,1;27,4;17,2;27,5;25,7;17,8;16,5;61;52;54;11;9;6,1;
2011-09-30;14:00;0;957,2;957,2;950,2;3010,7;29,1;16,7;29,3;27,4;18,3;16,2;55;46;47;8;8,9;3,9;
2011-09-30;15:00;0;963,5;963,5;957,3;3410,2;31;15,5;31,3;29,1;17,9;15,2;50;39;39;10;7,7;2,6;
2011-09-30;16:00;0;968,3;968,3;963,5;3516;32;16;32,5;30,9;16,8;14,5;43;35;38;17;7,4;3,4;
2011-09-30;17:00;0;972,5;972,5;968,4;3255,7;33,5;14,8;33,5;31,7;16,8;13,5;39;31;32;34;6,7;2,5;
2011-09-30;18:00;0;975;975;972,5;2859,3;33,6;13,5;34;32,7;14,6;11,8;33;27;30;35;6,8;3,6;
2011-09-30;19:00;0;974,1;975,6;974,1;2138,8;33,9;12,3;34,1;32,9;13,5;12,2;31;27;27;356;6,7;2,7;
2011-09-30;20:00;0;968,6;974,4;968,6;873,5;29,4;14;34,2;29,4;14,3;11,6;40;26;39;21;14,7;9,7;
2011-09-30;21:00;0;949,5;968,6;949,5;82;25;16,7;29,4;25;16,7;14,2;60;39;60;341;14,7;4,8;
2011-09-30;22:00;0;934,5;949,4;934,5;2,9;23,2;17,4;25;22,8;17,8;16,6;72;60;70;145;10,7;6;
2011-09-30;23:00;0;926,9;934,5;926,9;-9999;21,9;17,6;23,2;21,9;18,3;17,3;78;70;77;146;10,7;3,9;
2011-10-01;00:00;0;923,6;926,9;923,6;-9999;21,8;17,2;21,9;21,5;17,8;17,1;79;75;75;136;6,8;4,9;
2011-10-01;01:00;0;924,9;924,9;923,6;-9999;22,8;16,6;22,8;21,7;17,8;16,6;78;68;68;142;6,8;3,6;
2011-10-01;02:00;0;928,3;928,3;924,9;-9999;23,4;16,7;23,9;22,8;17,2;16;70;61;66;106;5,9;2;
2011-10-01;03:00;0;930,2;930,2;928,3;-9999;23,5;16,7;23,9;23,1;17,5;16,1;70;62;66;136;2,8;0;
2011-10-01;04:00;0;931,1;931,4;930,2;-9999;23,6;16,2;24;23;17,1;16,2;70;62;63;118;1,7;0;
2011-10-01;05:00;0;930,3;931,4;930,3;-9999;22,4;17,1;23,9;22,1;17,2;15,9;74;61;72;146;4,4;2,5;
2011-10-01;06:00;0;927,6;930,4;927,6;-9999;21,6;17,6;22,4;21,1;17,8;17,1;81;72;78;102;5,1;2,5;
2011-10-01;07:00;0;927,3;927,7;927,2;-9999;21,6;17,1;22;21,5;17,6;16,9;78;73;76;81;3,7;2,7;
2011-10-01;08:00;0;927;927,7;927;-9999;21,3;17,2;21,6;21,2;17,5;17;79;76;77;96;3,5;1,6;
2011-10-01;09:00;0;925,7;927,2;925,7;-9999;20,8;16,4;21,4;20,5;17,2;16,4;81;76;76;47;2,9;2,5;
2011-10-01;10:00;0;925,7;925,8;925,4;68,6;21,7;16,7;21,7;20,3;16,8;16,3;79;74;74;52;3,5;2,8;
2011-10-01;11:00;0;933,9;933,9;925,7;614,6;24,4;16,4;24,4;21,7;17,2;16,2;74;61;61;42;3,5;2,1;
2011-10-01;12:00;0;945,6;945,6;933,9;1617,7;27;16,1;27,3;24,4;17;16;63;51;51;22;6,6;4,7;
2011-10-01;13:00;0;955,9;955,9;945,6;2351,7;28,9;15,7;28,9;26,6;16,7;15,1;54;44;45;5;8,2;5;
2011-10-01;14:00;0;962,9;962,9;956;2436,7;29,4;15,4;30,4;28,6;16,1;14,4;45;38;43;14;9,3;4,4;
2011-10-01;15:00;0;966,4;966,4;962,9;2938,9;31,5;13,8;32,1;29,2;15,7;12,8;44;32;34;345;9,8;5,3;
2011-10-01;16:00;0;967;968,6;966,4;2550,4;31;14,6;32,4;30;15,9;13,7;40;33;37;28;12,9;9,4;
2011-10-01;17:00;0;964;967,4;964;1886,6;30,3;13,1;31,4;29,5;14,5;12,1;37;33;35;17;12,9;,3;
2011-10-01;18:00;0;969,3;969,3;963,9;2995;32,8;13,5;33,7;30,3;14,2;11,9;35;28;31;327;7,7;0;
2011-10-01;19:00;0;971,6;971,7;969,3;2298,8;33,4;12,9;34,3;32,4;14,2;12,8;32;28;29;316;10;5;
2011-10-01;20:00;0;968,6;972;968,6;1218,7;30;15,6;33,9;30;15,7;12,7;42;28;42;36;14;6,7;
2011-10-01;21:00;0;950,1;968,6;950,1;328,5;26,8;16,8;30;26,8;17;15,4;55;42;54;36;14,6;0;
2011-10-01;22:00;0;940,8;950,1;940,8;49;26,2;16,2;26,9;26,1;17;16,2;56;54;54;46;0;0;
2011-10-01;23:00;0;937,1;940,8;937,1;-9999;26,5;16,5;26,6;25,7;16,7;16,2;58;54;54;35;0;0;
2011-10-02;00:00;0;936,4;937,6;936,4;-9999;25;16,4;26,6;25;16,6;16,2;59;53;59;39;9;5,1;
2011-10-02;01:00;0;934,4;936,4;934,4;-9999;24,7;16,3;25,4;24,7;16,4;15,8;59;55;59;45;8;0;
2011-10-02;02:00;0;933,3;934,6;933,3;-9999;24,2;16,5;24,9;24,2;16,5;16,3;62;59;62;32;0;0;
2011-10-02;03:00;0;931,7;933,4;931,7;-9999;23,4;16,7;24,6;23,4;16,7;16,2;66;60;66;34;9,8;4,3;
2011-10-02;04:00;0;931,3;931,8;931,1;-9999;23,8;16,2;24,2;23,4;16,7;16,2;66;61;63;33;9,2;6,2;
2011-10-02;05:00;0;930,6;931,7;930,6;-9999;23,3;16,3;23,8;23,1;16,3;16,1;66;62;65;35;10,7;6,3;
2011-10-02;06:00;0;929,7;930,8;929,7;-9999;22,6;16,7;23,3;22,6;16,7;16,3;69;65;69;30;9,4;4,9;
2011-10-02;07:00;0;928,4;929,9;928,4;-9999;22,1;17;22,6;21,9;17;16,7;74;69;73;41;6,7;4,9;
2011-10-02;08:00;0;928,3;928,6;928,3;-9999;19,8;17,8;22,3;19,8;17,8;16,9;88;72;88;240;16,9;7,7;
2011-10-02;09:00;16;920,6;928,3;920,6;2,7;18,1;17,5;19,8;18,1;18,3;17,5;97;88;97;202;16,9;4,9;
2011-10-02;10:00;5,8;917;920,6;917;4,4;17,8;17,2;18,1;17,7;17,5;17,1;97;96;96;188;9,6;3,3;
2011-10-02;11:00;1,4;918;918;917;47,2;18;17,3;18,2;17,8;17,7;17,2;97;96;96;187;6,4;3,6;
2011-10-02;12:00;2,2;919,5;919,5;918;163,9;18,3;17,3;18,3;18;17,5;17,2;96;94;94;131;9,6;5,2;
2011-10-02;13:00;,4;922,1;922,1;919,6;373,9;19,2;17,8;19,2;18,3;17,8;17,2;94;91;91;103;10,9;7,6;
2011-10-02;14:00;0;927;927;922,1;882,6;20,4;18,4;20,4;19,2;18,4;17,4;91;87;88;90;11,5;7,6;
2011-10-02;15:00;0;936,1;936,1;927;1899;22,8;19,2;22,8;20,4;19,2;17,8;88;78;80;53;10,8;4,7;
2011-10-02;16:00;0;948,4;948,4;936,1;3646,3;26,6;17,1;26,8;22,8;19,8;16,6;80;54;56;33;6,1;2,6;
2011-10-02;17:00;0;958;958;948,5;3439,7;28,3;17,1;28,3;26,3;18,8;15;61;46;51;278;7,6;3,8;
2011-10-02;18:00;0;960,6;960,9;958,1;2440,2;28,2;17;28,9;27,3;19,9;15,4;60;45;51;284;10;5;
2011-10-02;19:00;0;959,9;960,9;959,9;2177,1;27,5;16,5;28,5;27,2;18,8;15,6;58;46;51;244;9,2;4,4;
2011-10-02;20:00;0;956,9;959,9;956,9;1309,9;26,6;16,3;28,1;26,6;17,1;15,5;54;48;53;233;8,2;2,9;
2011-10-02;21:00;0;952,5;956,9;952,5;731,9;25,9;16,6;26,6;25,9;17,3;16,4;58;53;57;228;6,3;2,9;
2011-10-02;22:00;0;944,6;952,5;944,6;62,5;23,5;17,7;25,9;23,5;17,7;16,6;70;56;70;217;5,3;1,8;
2011-10-02;23:00;0;937,5;944,6;937,5;-9999;22,6;17,9;23,5;22,6;18;17,7;75;70;75;215;2,7;1,8;
2011-10-03;00:00;0;933,1;937,5;933,1;-9999;21,4;18;22,6;21,4;18,3;17,8;81;75;81;227;2,3;0;
2011-10-03;01:00;0;930,2;933,1;930,2;-9999;21,2;17,7;21,5;20,9;18,2;17,6;84;79;80;193;1,9;0;
2011-10-03;02:00;0;928,6;930,3;928,6;-9999;20,4;17,4;21,2;20,3;17,8;17,4;84;80;83;216;1;0;
2011-10-03;03:00;0;927,8;928,7;927,8;-9999;20,3;17,7;20,5;20,3;17,8;17,4;85;83;85;232;0;0;
2011-10-03;04:00;0;928,3;928,3;927,8;-9999;20,1;17,5;20,6;20,1;17,7;17,3;85;82;85;224;2,4;1,4;
2011-10-03;05:00;0;928,6;928,8;928,3;-9999;19,6;17,6;20,1;19,6;17,8;17,5;88;85;88;229;2,4;,9;
2011-10-03;06:00;0;927,4;928,9;927,4;-9999;19;17,7;19,7;18,8;17,8;17,3;92;88;92;329;2,2;,6;
2011-10-03;07:00;0;926,7;927,5;926,7;-9999;18,9;17,7;19,2;18,7;17,9;17,4;93;91;93;218;2,2;0;
2011-10-03;08:00;0;925,9;926,9;925,9;-9999;18,8;17,8;18,9;18,3;17,9;17,3;95;93;94;203;1,3;0;
2011-10-03;09:00;0;925,7;926,2;925,7;-9999;18,1;17,3;18,8;18;17,8;17,2;95;94;95;199;0;0;
2011-10-03;10:00;0;926,6;926,6;925,7;58,3;19,1;18;19,1;18;18,1;17,2;96;94;94;200;2,1;,8;
2011-10-03;11:00;0;933,8;933,8;926,6;820,3;21,5;17,7;21,5;19,1;18,3;17,7;94;79;79;193;2,4;1,2;
2011-10-03;12:00;0;945;945;933,8;1787,9;23,7;18,5;23,8;21,5;18,9;17,6;80;70;72;167;5,3;2,2;
2011-10-03;13:00;0;955,6;955,6;945,1;2597,2;25,7;17,9;25,7;23,7;19;17,5;73;62;62;157;5,2;2,5;
2011-10-03;14:00;0;963,1;963,1;955,6;3517,3;27;16,4;27,6;25,6;18,9;15,9;65;50;52;149;6,5;3;
2011-10-03;15:00;0;967,5;967,5;963,1;3229,1;28,8;16,1;28,9;26,8;17,7;15;56;45;46;140;6,2;2,3;
2011-10-03;16:00;0;970,8;970,8;967,5;3104,5;30,2;14,3;30,3;28,1;16,4;14,1;48;38;38;200;5,9;2,1;
2011-10-03;17:00;0;976,1;976,1;970,8;3712,5;30,2;13,7;31;29,3;15,7;12,7;42;34;37;196;6,3;2,1;
2011-10-03;18:00;0;978,1;978,1;976,1;3389;31,5;12,9;31,9;30,3;14,2;11,3;37;31;32;218;6,4;2,2;
2011-10-03;19:00;0;976,9;978,9;976,9;2460,4;30,8;12,2;31,6;30;13,5;11,2;35;29;32;207;5,9;2,5;
2011-10-03;20:00;0;974,3;977,1;974,3;1726,3;30,9;12,7;31,4;30,6;13,5;11,2;34;29;33;192;5,7;2;
2011-10-03;21:00;0;969;974,3;969;757,4;29,6;11,8;31;29,6;12,6;10,8;35;29;33;189;4,2;2;
2011-10-03;22:00;0;957,4;969;957,4;73,3;27,1;12,9;29,6;27;13,3;11,3;42;33;41;192;3,6;1,5;
2011-10-03;23:00;0;946,7;957,4;946,7;-9999;26;13,6;27,1;25,7;14,2;12,8;49;41;46;169;3,3;2,4;
2011-10-04;00:00;0;942;946,7;942;-9999;25,1;13,6;26;25,1;13,9;13,1;49;46;49;165;3,5;1,9;
2011-10-04;01:00;0;939,6;942;939,6;-9999;25,3;13,1;25,3;24,7;13,9;13,1;51;47;47;168;3,7;2,6;
2011-10-04;02:00;0;938,3;939,9;938,3;-9999;24,3;13,6;25,3;23,6;14,2;13,1;55;47;51;168;3,7;2,4;
2011-10-04;03:00;0;936,3;938,5;936,3;-9999;23,5;13,9;24,4;22,7;14,7;13,4;60;50;55;132;4,4;2,6;
2011-10-04;04:00;0;935,5;936,4;935,5;-9999;23,4;13,6;23,8;23,1;14;13,5;56;53;54;138;6,8;3,5;
2011-10-04;05:00;0;935,1;935,8;935,1;-9999;22,6;13,6;23,6;22,6;13,7;13,4;57;53;57;142;8,3;4;
2011-10-04;06:00;0;933,3;935,2;933,3;-9999;22,1;13,1;22,7;22;13,6;13,1;58;56;57;143;10,2;6,3;
2011-10-04;07:00;0;931,2;933,4;931,2;-9999;21,2;13,2;22,2;21,2;13,5;13,1;61;56;60;144;9,7;5,3;
2011-10-04;08:00;0;929,7;931,3;929,7;-9999;20,8;13;21,4;20,8;13,2;13;61;59;61;142;9,7;5,9;
2011-10-04;09:00;0;928,6;929,9;928,6;-9999;19,2;13,6;20,9;19,2;13,6;12,8;70;60;70;94;9,3;2,6;
2011-10-04;10:00;0;927,6;928,6;926,6;65,5;21,6;13,7;21,8;19,2;13,9;13,2;70;59;61;93;6,2;3,4;
2011-10-04;11:00;0;935,6;935,6;927,6;774;23,3;13,3;23,4;21,6;14,3;13,3;61;53;53;142;9,4;5,7;
2011-10-04;12:00;0;941,1;941,1;935,6;1247,4;23,8;14,3;23,8;22,6;14,5;13,3;58;53;55;142;9,4;4,8;
2011-10-04;13:00;0;947,2;947,2;941,1;1598,9;27,1;15,7;27,1;23,5;15,9;14,2;59;49;50;103;8,7;4,9;
2011-10-04;14:00;0;958,9;958,9;947,2;2905;29;15,3;29,2;26,7;16,1;15;51;43;44;80;8,9;5,5;
2011-10-04;15:00;0;966,6;966,6;958,9;3620,8;31,1;16,3;31,1;28,9;16,3;15;45;40;41;45;8;3,4;
2011-10-04;16:00;0;971,5;971,5;966,7;3237,6;31;14,5;31,9;30,5;16;14,3;41;35;37;48;10,3;4,7;
2011-10-04;17:00;0;974,4;974,4;971,5;3128,5;32,1;13,8;32,9;30,8;15,2;13,7;39;32;33;30;8,5;4;
2011-10-04;18:00;0;975;976,3;974,4;2580,6;32,5;13,8;33,7;31,8;15,1;13;34;31;32;58;8,2;3;
2011-10-04;19:00;0;976;976;975;2528,9;32,8;13,5;33,7;32,1;14,8;13,3;33;30;31;13;6,5;3,2;
2011-10-04;20:00;0;972,8;976,9;972,8;1423,7;30;16,7;34;30;16,8;12,5;45;28;45;27;10,1;6,4;
2011-10-04;21:00;0;960;972,8;960;387,8;30,4;16,1;31;29,9;16,8;15,4;45;39;42;41;8,8;2,9;
2011-10-04;22:00;0;951,6;960;951,6;71,4;26,5;17,5;30,4;26,4;17,5;15,5;58;41;58;359;4,5;2,3;
2011-10-04;23:00;0;940,1;951,6;940,1;-9999;26;18,2;26,5;25,2;18,7;17,5;65;58;62;51;2,6;1,1;
2011-10-05;00:00;0;937;940,1;937;-9999;25,3;18;26,7;25,3;18,7;17,5;65;56;64;78;6,1;3,2;
2011-10-05;01:00;0;937,9;937,9;937;-9999;26,8;17,4;27;25,2;17,9;16,9;64;54;56;123;5;2,1;
2011-10-05;02:00;0;936,2;938,5;936,2;-9999;24,7;17,7;26,8;24,4;18,1;17,6;67;57;65;140;6,6;3,4;
2011-10-05;03:00;0;934,9;936,3;934,9;-9999;24,6;18;24,9;24,3;18,3;17,7;69;65;67;71;8,3;6;
2011-10-05;04:00;0;933,8;935,2;933,8;-9999;23,9;18,5;24,6;23,8;18,6;18;73;66;72;57;7,8;4,2;
2011-10-05;05:00;0;932,6;933,9;932,6;-9999;23,5;18,6;24,2;23,3;18,8;18,1;76;69;74;58;10,1;6,4;
2011-10-05;06:00;0;931,1;932,7;931,1;-9999;22,8;18,6;23,5;22,7;18,7;18,5;78;74;77;47;9,6;4,2;
2011-10-05;07:00;0;929,8;931,3;929,8;-9999;22;19;22,8;22;19;18,5;83;77;83;50;8,2;5,3;
2011-10-05;08:00;4;926,8;929,9;926,8;-9999;20,9;19,3;22,1;20,7;19,4;19;91;82;91;64;7,6;4,7;
2011-10-05;09:00;,8;924,8;926,8;924,7;-9999;20,9;19,5;21;20,8;19,6;19,1;92;89;92;89;8,5;5,9;
2011-10-05;10:00;,2;925,5;925,5;924,8;9,3;21,1;19,7;21,1;20,8;19,7;19,5;93;92;92;107;9,9;5,2;
2011-10-05;11:00;1;926,7;926,7;925,5;68,3;21;19,6;21,1;20,9;19,8;19,5;92;91;92;87;11,1;8;
2011-10-05;12:00;0;928,1;928,1;926,7;225,5;20,8;19,1;21;20,8;19,5;19;92;90;90;110;10,8;5,6;
2011-10-05;13:00;,2;929,4;929,4;928,1;515,2;20,6;19;20,8;20,5;19,5;18,8;92;90;91;87;10,9;8;
2011-10-05;14:00;,2;931,8;931,8;929,4;776,4;21,5;19,4;21,5;20,6;19,4;18,6;91;86;88;65;11,4;7,5;
2011-10-05;15:00;0;935,4;935,4;931,8;1071,6;22,4;19,9;22,5;21,5;20;18,8;89;83;86;68;11,6;6,9;
2011-10-05;16:00;,2;942,6;942,6;935,4;1612,8;24,3;20,9;24,3;22,4;21,1;19,8;86;80;81;77;10,8;7,7;
2011-10-05;17:00;0;949,6;949,6;942,6;2170,2;25,4;20,7;25,9;24,3;21,4;20,5;82;74;75;79;10,3;5,9;
2011-10-05;18:00;0;954;954;949,6;1782,9;25,9;20,5;27;25,4;21,6;20,3;77;70;72;23;7,8;5,1;
2011-10-05;19:00;0;952,2;954,1;952,2;849,7;26,3;20,7;26,3;25,6;20,9;20;74;70;71;45;7;4,2;
2011-10-05;20:00;0;954,5;954,5;952,2;1432,2;27,1;20,7;27,5;26,3;21,3;20,4;73;67;68;46;8;5,9;
2011-10-05;21:00;0;952,5;955,4;952,5;425,8;25,9;20,6;27,5;25,9;21,1;20,4;73;66;73;57;7,9;3,8;
2011-10-05;22:00;0;946,6;952,5;946,6;87;24,3;20,3;25,9;24,3;20,7;20,2;78;72;78;54;6,3;3,5;
2011-10-05;23:00;0;941,5;946,6;941,5;-9999;24,1;20;24,4;24;20,3;19,9;79;77;77;59;5,9;3,7;
2011-10-06;00:00;0;940;941,5;940;-9999;23,6;19,8;24,2;23,6;19,9;19,7;79;77;79;63;7,7;5,2;
2011-10-06;01:00;0;938,3;940,1;938,3;-9999;23,2;19,6;23,6;22,9;19,9;19,6;83;79;80;54;10;6,3;
2011-10-06;02:00;0;937,6;938,6;937,6;-9999;22,9;18,5;23,2;22,9;19,6;18,4;81;75;76;54;10,2;6,7;
2011-10-06;03:00;0;936,7;937,9;936,7;-9999;22,4;19,8;22,9;22,1;19,8;18,4;86;76;85;145;10,2;3,9;
2011-10-06;04:00;0;936,5;936,9;936,4;-9999;22,1;19;22,5;22,1;19,8;18,5;87;79;82;87;6,7;3,3;
2011-10-06;05:00;2,2;934,6;936,8;934,6;-9999;21,7;18,9;22,4;21,4;19,4;18,8;89;81;84;20;9,6;7,6;
2011-10-06;06:00;0;933,3;934,6;933,3;-9999;21,3;18,7;21,7;21,1;19;18,7;88;84;85;49;9,6;6;
2011-10-06;07:00;0;933,9;933,9;933,3;-9999;21,4;18,3;21,5;21,2;18,7;18,2;85;82;83;53;8,1;5;
2011-10-06;08:00;0;934,8;934,8;933,9;-9999;21,4;18,7;21,7;21,3;18,7;18,3;85;82;84;46;8,5;4;
2011-10-06;09:00;0;934,9;935,3;934,8;-9999;21,2;18,6;21,5;21,1;18,7;18,6;86;84;85;50;7,2;4,6;
2011-10-06;10:00;0;934,2;935,2;934,1;89,2;21,4;18,4;21,4;20,5;18,6;18,3;88;83;83;55;6,1;3,6;
2011-10-06;11:00;0;939,4;939,4;934,2;843,8;22,6;19;22,6;21,4;19,2;18,3;83;80;80;31;8;6;
2011-10-06;12:00;0;946,5;946,5;939,4;1794,4;24,6;19,7;24,6;22,6;19,8;18,8;81;73;74;37;9,5;6,5;
2011-10-06;13:00;0;954,3;954,3;946,5;2581,4;26,3;19,2;26,3;24,4;20;18,4;74;63;65;27;9,8;6,3;
2011-10-06;14:00;0;959,8;959,8;954,4;3219,9;27,4;19;27,5;26,1;19,5;17,9;65;58;60;31;10,5;5,9;
2011-10-06;15:00;0;964,8;964,8;959,9;3614,7;28,7;17,8;29,1;27,4;19,9;17,6;62;51;52;33;9;5,1;
2011-10-06;16:00;0;969,2;969,2;964,8;3752,5;30;17,9;30,2;28,6;18,6;16,8;54;46;48;51;8,8;3,4;
2011-10-06;17:00;0;974,4;974,4;969,2;3420;29,9;16,1;31,5;29,8;18,4;15,4;49;40;43;331;7,6;1,5;
2011-10-06;18:00;0;976,4;976,4;974,4;2917,5;32,3;15,7;32,3;29,8;17,2;14,4;45;35;37;346;5,9;2,1;
2011-10-06;19:00;0;978,4;978,7;976,4;2500,1;32;14,4;32,5;31,5;15,7;14,2;38;33;34;295;5,7;3,1;
2011-10-06;20:00;0;976,2;978,7;976,2;1662,1;31,8;13,9;32,7;31,7;15,4;13,9;37;33;34;10;5,6;1,4;
2011-10-06;21:00;0;972,3;976,4;972,3;741,9;31,7;13,9;32,6;31,7;14,8;13,7;36;33;34;209;3,7;0;
2011-10-06;22:00;0;961,9;972,3;961,9;69,2;29,9;15,4;32,1;29,4;17;13,9;45;34;41;140;3,7;2,5;
2011-10-06;23:00;0;952,4;961,9;952,4;-9999;28;16,3;29,9;27,6;17,5;15,3;55;42;49;113;4,7;2,2;
2011-10-07;00:00;0;947;952,4;947;-9999;27,6;16;28,4;27,5;16,5;15,5;50;46;49;121;4,9;2,6;
2011-10-07;01:00;0;938,3;947;938,3;-9999;24;17,4;27,6;23,9;17,7;16;68;49;66;104;10,6;6,4;
2011-10-07;02:00;0;932,7;938,3;932,7;-9999;22,9;17,6;24;22,9;17,7;16,8;72;66;72;55;12,5;8,6;
2011-10-07;03:00;0;929,6;932,7;929,6;-9999;22;16,5;22,9;22;17,5;16,4;72;69;71;68;12,6;6,2;
2011-10-07;04:00;0;927,9;929,6;927,9;-9999;21,4;16,6;22,2;21,2;16,6;16,3;75;69;75;54;8,5;5,2;
2011-10-07;05:00;0;926,9;927,9;926,8;-9999;21,6;17,8;21,7;21,2;17,8;16,6;79;74;79;55;7,6;5,6;
2011-10-07;06:00;0;927,2;927,4;926,9;-9999;21,5;17,7;21,6;21,3;17,8;17,7;80;79;79;51;7,1;3,7;
2011-10-07;07:00;0;927,2;927,5;927,2;-9999;21,4;17,6;21,6;21,3;17,7;17,5;79;78;79;66;5,7;3,8;
2011-10-07;08:00;0;928,2;928,2;927,2;-9999;21,2;17,7;21,8;21,2;17,7;17,5;80;77;80;63;6,3;4,4;
2011-10-07;09:00;0;927,9;928,6;927,9;-9999;20,3;17,9;21,3;20,3;17,9;17,7;86;80;86;50;6,5;3,7;
2011-10-07;10:00;0;927,2;928;926,9;74,8;20,6;18,5;20,6;20,2;18,5;17,9;89;86;88;49;5,9;4,5;
2011-10-07;11:00;0;933,8;933,8;927,3;792,9;23,2;19;23,3;20,6;19,2;18,5;88;77;77;47;7,9;5,8;
2011-10-07;12:00;0;943,7;943,7;933,8;1759,6;25,7;19,3;25,7;23,1;19,7;19;78;67;68;38;10,3;7,4;
2011-10-07;13:00;0;953;953;943,7;2544,7;27,1;19,5;27,3;25,6;19,7;18,8;69;62;63;26;11,6;7,4;
2011-10-07;14:00;0;960,4;960,4;953;3185,3;29,9;19,2;30;27,1;19,8;18,8;63;52;53;14;12,5;7,6;
2011-10-07;15:00;0;966,2;966,2;960,4;3591,8;30,5;18,7;31;29,1;19,6;18,4;54;49;50;5;12,5;6,5;
2011-10-07;16:00;0;970,2;970,2;966,2;3673,9;31,6;18,9;32,2;29,9;19,5;18,1;51;46;47;357;13,1;4,8;
2011-10-07;17:00;0;974,4;974,4;970,2;3297,5;33;17,1;33;31,6;18,8;16,3;47;37;39;357;9,5;3,6;
2011-10-07;18:00;0;973,1;975,9;973;2033,3;33,4;15,5;33,9;31,8;17,1;15,5;40;34;34;352;10,7;3,2;
2011-10-07;19:00;0;973,9;974,3;973;2151,6;33,5;17,7;34;32,2;18,2;14,8;42;32;39;294;11,6;6,9;
2011-10-07;20:00;0;971,6;974;971,6;1629,2;32,6;16,6;33,5;32,3;17,9;16,5;41;38;38;302;10;4,1;
2011-10-07;21:00;0;967,8;971,6;967,8;752,7;32,1;16;32,9;32,1;17,4;16;41;38;38;329;7;2,2;
2011-10-07;22:00;0;957,8;967,8;957,8;71,3;28,8;17,2;32,1;28,5;17,3;16;51;38;50;344;3,9;1,9;
2011-10-07;23:00;0;946,1;957,8;946,1;-9999;27,2;17,6;28,8;27,1;18,5;17,2;57;50;56;328;3,4;1,9;
2011-10-08;00:00;0;941,2;946,1;941,2;-9999;26,3;18,1;27,9;26,3;18,4;17,6;61;54;61;39;7,5;3,9;
2011-10-08;01:00;0;936,8;941,2;936,8;-9999;25,6;18,1;26,3;25,5;18,5;18,1;65;61;63;47;5;3,5;
2011-10-08;02:00;0;933,9;936,8;933,9;-9999;24,6;18,3;25,6;24,6;18,4;18,1;68;63;68;43;4,7;3;
2011-10-08;03:00;0;932;933,9;932;-9999;24,4;18,2;24,6;24;18,3;18,1;70;67;68;44;6,3;4,7;
2011-10-08;04:00;0;931;932,2;931;-9999;24;18,3;24,4;23,6;18,3;18,1;72;68;71;52;6,5;4,3;
2011-10-08;05:00;0;931,1;931,4;931;-9999;24;18,3;24,2;23,7;18,4;18,2;72;70;70;41;6,4;4,9;
2011-10-08;06:00;0;930,6;931,6;930,6;-9999;23,4;18,3;24,1;23,2;18,4;18,2;74;70;73;46;6,4;4,4;
2011-10-08;07:00;0;929,8;930,8;929,8;-9999;23,4;18,1;23,4;23,1;18,3;18,1;74;72;72;49;5,9;4,9;
2011-10-08;08:00;0;929,5;930,2;929,5;-9999;22,9;17,9;23,4;22,9;18,1;17,9;74;72;74;45;5,8;4;
2011-10-08;09:00;0;928,9;929,7;928,9;-9999;22,7;18;23;22,3;18,1;17,9;77;73;75;41;5;3,7;
2011-10-08;10:00;0;929,8;929,8;928,9;111,4;23,9;18,3;23,9;22,6;18,4;18;75;71;71;46;4,5;3,3;
2011-10-08;11:00;0;938,3;938,3;929,8;793,7;26,3;18,3;26,3;23,9;18,7;18,2;71;61;61;47;6;4,4;
2011-10-08;12:00;0;948,5;948,5;938,3;1692,8;28,6;18,4;28,7;26,3;19,1;17,9;62;53;54;38;7,4;5;
2011-10-08;13:00;0;958,2;958,2;948,5;2424,2;30,7;19;30,7;28,4;19,3;17,7;55;49;50;13;9,3;5,2;
2011-10-08;14:00;0;966,2;966,2;958,3;3103,6;32,3;17,3;32,7;30,3;18,9;17,3;50;41;41;22;9,8;6,4;
2011-10-08;15:00;0;971,7;971,7;966,2;3431,7;33,1;16,9;33,9;32,2;18,4;15,5;43;33;38;353;11,8;5,7;
2011-10-08;16:00;0;969,6;973,6;969,6;2152,4;30,4;17,7;34,5;30,3;18;15,7;47;35;47;297;12,5;6,8;
2011-10-08;17:00;0;969,7;969,7;965,5;3048,1;33,9;15,1;35;30,4;18,9;14,6;48;31;32;339;9,2;4,9;
2011-10-08;18:00;0;966;973,4;966;1470,3;29,6;20,8;35,5;29;20,8;14,6;59;30;59;276;12,7;6,1;
2011-10-08;19:00;0;963,1;965,9;961,2;2029,1;34;16,2;34,1;29,3;21,2;16;61;34;35;309;11,3;6,1;
2011-10-08;20:00;0;964,6;965,8;963,1;1576,4;33;16,1;34,4;32,2;17,2;14,6;41;33;36;350;13,6;7,2;
2011-10-08;21:00;0;956,1;964,7;956,1;486,4;28,7;17,5;33;28,7;17,5;14,6;51;35;51;44;10,5;5,8;
2011-10-08;22:00;0;943,2;956,1;943,2;58,9;26,6;18,2;28,7;26,6;18,2;17,2;60;51;60;2;7,5;1,2;
2011-10-08;23:00;0;936,1;943,2;936,1;-9999;26,1;18,3;26,9;26,1;18,4;18;62;58;62;50;4,4;1,3;
2011-10-09;00:00;0;931,3;936;931,3;-9999;24,3;18,7;26,1;24,3;18,7;18,1;71;62;71;10;4,1;1,4;
2011-10-09;01:00;0;927,9;931,3;927,9;-9999;24,7;18,7;24,7;24,2;18,8;18,5;72;69;69;356;8,9;4,1;
2011-10-09;02:00;0;927;928,1;927;-9999;23,3;18,7;24,8;23,3;18,8;18,4;75;69;75;11;8,9;4,2;
2011-10-09;03:00;0;925,1;927,1;925,1;-9999;23,1;18,6;23,6;23,1;18,8;18,5;77;74;76;9;5,8;2,9;
2011-10-09;04:00;0;924,8;925,2;924,7;-9999;23,3;18,6;23,4;22,9;18,6;18,5;77;74;75;48;5,9;4,4;
2011-10-09;05:00;0;925,6;925,6;924,8;-9999;22,8;18,7;23,4;22,8;18,7;18,6;77;75;77;63;5,9;0;
2011-10-09;06:00;0;924,3;925,9;924,3;-9999;22,4;18,4;22,8;22,2;18,7;18,3;79;77;78;58;2,3;,6;
2011-10-09;07:00;0;923,8;924,5;923,8;-9999;22,4;18,3;22,6;22;18,5;18,2;80;77;78;46;3,3;2,5;
2011-10-09;08:00;0;924,1;924,3;923,8;-9999;21,6;18,2;22,5;21,6;18,3;18,2;81;77;81;35;3,8;1,9;
2011-10-09;09:00;0;923,4;924,3;923,3;-9999;21,6;18,5;21,8;21,3;18,5;18,1;83;81;82;38;3,8;2,7;
2011-10-09;10:00;0;925,3;925,3;923,4;121,8;22,9;19;22,9;21,5;19;18,4;82;79;79;37;5;4,2;
2011-10-09;11:00;0;933,7;933,7;925,3;819,9;25,3;19,2;25,4;22,9;19,5;19;79;69;69;35;7;5,4;
2011-10-09;12:00;0;944,1;944,1;933,7;1712,1;27,4;19,4;27,4;25,3;19,7;18,8;69;62;62;41;7,2;5,6;
2011-10-09;13:00;0;955,2;955,2;944,1;2513;30,2;17,9;30,9;27,4;19,3;16,7;62;44;48;5;7,2;3,3;
2011-10-09;14:00;0;964,6;964,6;955,2;3172,6;31,8;17,5;32,1;29,9;18,3;16;48;39;43;352;7,4;3,7;
2011-10-09;15:00;0;969,7;969,7;964,6;3536,7;33,7;16,6;33,7;31,4;17,9;15,6;44;35;36;307;8,8;3,1;
2011-10-09;16:00;0;972,8;972,8;969,7;3384,5;33,3;16,2;34,5;32,6;16,6;14,8;38;32;36;324;7,8;3,2;
2011-10-09;17:00;0;976;976;972,9;3310,1;34,8;15,8;35,4;33,2;16,3;14,9;36;31;32;290;10,2;4,9;
2011-10-09;18:00;0;974,9;977;974,9;2481,7;35,8;16;36,1;33,6;16,6;15,1;34;30;31;278;9,8;5,1;
2011-10-09;19:00;0;972,9;974,9;972,9;2365;34,5;15;35,7;34;16,2;15;33;30;31;286;10,1;5,8;
2011-10-09;20:00;0;969,5;972,9;969,5;1525,9;34,6;15,1;35,5;33,9;15,6;14,6;32;30;31;272;9,4;6;
2011-10-09;21:00;0;963,7;969,5;963,7;702,9;33,4;15,1;34,6;33,4;15,3;14,8;33;31;33;268;9,4;4,4;
2011-10-09;22:00;0;952,5;963,7;952,5;50,4;30;16,7;33,4;30;16,7;15,1;45;33;45;275;5,9;3,2;
2011-10-09;23:00;0;942;952,5;942;-9999;28,7;17,3;30;28,7;17,3;16,7;50;45;50;286;3,9;0;
2011-10-10;00:00;0;936,9;942;936,9;-9999;28,2;17,4;28,7;28,1;17,5;17,3;52;50;52;283;1,9;0;
2011-10-10;01:00;0;934,8;936,9;934,8;-9999;28,5;16,9;29;27,9;17,6;16,7;53;48;50;254;0;0;
2011-10-10;02:00;0;932,7;935;932,7;-9999;27,4;17,1;28,5;27,3;18,2;16,6;57;49;53;254;0;0;
2011-10-10;03:00;0;931,6;932,7;931,5;-9999;28,4;16,7;28,4;27,3;18;16,7;57;49;49;131;0;0;
2011-10-10;04:00;0;930,4;932,2;930,4;-9999;26,2;17,7;28,4;25,7;18,4;16,8;63;49;60;247;0;0;
2011-10-10;05:00;0;929,4;930,6;929,4;-9999;26,2;18,3;26,6;26,1;18,5;17,3;63;57;62;204;0;0;
2011-10-10;06:00;0;929,4;929,6;929,4;-9999;26,6;17,7;26,7;26;19,1;17,5;66;57;58;139;0;0;
2011-10-10;07:00;0;931;931;929,4;-9999;25,4;18,8;27,3;25,4;18,9;17;67;53;67;54;0;0;
2011-10-10;08:00;1,4;929,5;931,2;929,5;-9999;24,8;19;25,6;24,1;19,5;18,1;76;64;70;351;2,6;0;
2011-10-10;09:00;,2;927,5;929,5;927,5;2,2;24,2;19,9;25,9;23,8;20,3;18,6;80;66;77;325;7,5;3,9;
2011-10-10;10:00;0;924,2;927,6;924,2;19,7;22,9;21;24,2;22,6;21,3;19,9;91;77;89;146;8,5;4,1;
2011-10-10;11:00;4,2;920,3;924,2;920,3;58,3;21;20,2;23,1;21;21;20;95;85;95;160;10;3;
2011-10-10;12:00;10,8;918;920,3;918;76,4;20,9;20;21;20,8;20,5;20;97;94;95;141;8,5;6,1;
2011-10-10;13:00;,4;919;919;918;130;21,6;20,5;21,6;20,9;20,5;19,9;95;93;93;145;8,9;3;
2011-10-10;14:00;4,6;921,3;921,3;919;69,8;21,6;20,7;21,8;21,4;20,9;20,4;95;93;94;82;6;4,3;
2011-10-10;15:00;1,6;922,9;922,9;921,3;151;21,8;20,9;21,8;21,5;21;20,6;95;94;95;90;6,5;3,7;
2011-10-10;16:00;2,6;925,8;925,8;922,9;439,8;21,7;20,7;22,1;21,6;21,2;20,4;95;92;94;31;8,2;3,6;
2011-10-10;17:00;13,2;924,3;926,1;924,3;68,9;21,1;20,4;21,7;21;20,6;20,2;96;94;96;51;7,9;5,7;
2011-10-10;18:00;2,8;924,6;924,6;924,3;161;21;20,1;21,3;21;20,5;20,1;96;94;94;44;8,4;3,9;
2011-10-10;19:00;1,8;925;925;924,6;157,2;21,2;19,9;21,2;21;20,4;19,9;95;92;92;54;7,1;4,8;
2011-10-10;20:00;,2;925,5;925,5;925;167,7;21,1;19,9;21,3;21,1;20,1;19,6;94;90;92;48;6,7;4,9;
2011-10-10;21:00;0;926,9;926,9;925,6;213,9;21,9;20,1;21,9;21,1;20,2;19,8;93;90;90;50;6,4;3,4;
2011-10-10;22:00;0;927,9;928,1;926,9;53,6;21,8;19,2;22;21,5;20,1;19,2;90;84;85;120;4;0;
2011-10-10;23:00;0;927,2;928,2;927,2;-9999;21,3;19,5;21,8;21,1;19,7;19,2;91;85;89;143;0;0;
2011-10-11;00:00;,2;928,2;928,2;927,2;-9999;21,5;20,4;22;21,1;20,4;18,9;94;83;94;141;0;0;
2011-10-11;01:00;0;928;928,7;928;-9999;20,4;19,2;21,5;20,4;20,4;19,2;95;92;93;25;0;0;
2011-10-11;02:00;0;928,1;928,1;927,9;-9999;20,7;20,2;20,7;20,4;20,2;19,2;97;93;97;42;8,3;5,1;
2011-10-11;03:00;0;929,2;929,2;928,1;-9999;20,8;20,3;20,8;20,6;20,3;20,1;97;97;97;41;8,8;6,9;
2011-10-11;04:00;0;930,3;930,3;929,2;-9999;20,9;20,4;21;20,7;20,6;20,3;97;97;97;29;10,1;7,3;
2011-10-11;05:00;0;930,3;930,7;930,3;-9999;20,6;20;20,9;20,6;20,3;20;97;96;97;40;9,7;5,8;
2011-10-11;06:00;0;930,2;930,7;930,2;-9999;20,5;19,8;20,6;20,5;20,1;19,8;97;96;96;37;7,3;4,7;
2011-10-11;07:00;0;930,2;930,5;930,2;-9999;20,5;19,7;20,6;20,4;19,8;19,7;96;95;95;44;6,4;3,6;
2011-10-11;08:00;0;930,3;930,6;930,2;-9999;20,4;19,5;20,6;20,3;19,8;19,5;95;94;94;40;5,3;3,7;
2011-10-11;09:00;0;931;931;930,3;-9999;20,6;19,4;20,7;20,4;19,6;19,4;94;93;93;42;6,6;5,1;
2011-10-11;10:00;0;932,5;932,5;931;131,6;21,1;19,7;21,1;20,6;19,7;19,4;93;91;92;53;6,6;3,6;
2011-10-11;11:00;0;938,1;938,1;932,5;785;22,7;20,5;22,7;21,1;20,5;19,7;91;86;87;88;5,2;2,8;
2011-10-11;12:00;0;946,6;946,6;938,1;1573,1;24,4;20,8;24,6;22,7;21,2;20,3;88;78;80;30;5,6;3,7;
2011-10-11;13:00;0;954,9;954,9;946,6;2399,2;26;21,3;26,1;24,4;21,9;20,7;83;74;76;14;7,3;5,4;
2011-10-11;14:00;0;961,8;961,8;954,9;3042,6;27,2;21,3;27,2;25,9;22,4;20,8;79;69;70;16;7,3;3,2;
2011-10-11;15:00;0;967,3;967,3;961,9;3431,7;28,4;21,7;28,5;27;22,8;21;75;65;67;11;8,4;2,8;
2011-10-11;16:00;0;970,1;970,1;967,3;2707,9;29;21,6;29,4;28;23,1;21;73;62;65;15;5,6;2,5;
2011-10-11;17:00;0;971,9;971,9;970,1;2578,1;29,9;20,5;30,5;28,7;22,1;20,2;65;56;57;2;5,1;1,9;
2011-10-11;18:00;0;974,2;974,3;971,9;2370,7;29,9;21,2;31,2;29,5;21,9;19,8;63;53;60;36;5,1;2,7;
2011-10-11;19:00;0;969,2;974,3;969,2;1699,4;28;19,9;30,8;27,5;22,3;19,4;69;56;61;334;11,6;5;
2011-10-11;20:00;0;963,3;969,2;963,3;1152,2;29,1;20,3;29,7;28;21,1;17,8;64;49;59;298;7;2,5;
2011-10-11;21:00;0;958,2;963,3;958,2;422;28,1;21,4;29,2;28,1;22;20,4;69;59;67;320;3,9;1,4;
2011-10-11;22:00;0;950,9;958,2;950,9;45,6;26,6;22,1;28,1;26,6;22,6;21,5;77;67;76;241;1,9;0;
2011-10-11;23:00;0;944,4;950,9;944,4;-9999;25,8;21,6;26,6;25,7;22;21;81;74;78;345;0;0;
2011-10-12;00:00;0;940,7;944,4;940,7;-9999;25,6;21,4;25,9;24,8;22,4;21,1;84;75;78;55;3,7;,8;
2011-10-12;01:00;0;939,8;940,9;939,8;-9999;25,3;20,7;25,5;25;21,9;20,7;83;75;75;135;6,4;3;
2011-10-12;02:00;0;938,9;940,1;938,9;-9999;24,8;20,8;25,4;24,4;21,3;20,6;82;75;79;139;6,4;1,9;
2011-10-12;03:00;0;937,2;939;937,2;-9999;23,7;21,4;24,8;23,6;21,4;20,5;87;77;87;34;5,2;2;
2011-10-12;04:00;0;935,1;937,2;935,1;-9999;23,5;21,1;23,7;23,4;21,3;21,1;87;86;86;42;4,3;3,2;
2011-10-12;05:00;0;933,6;935,3;933,6;-9999;23,1;21;23,5;22,8;21,1;20,8;90;86;88;101;3,9;1,5;
2011-10-12;06:00;0;933,6;933,8;933,4;-9999;23;20,7;23,8;23;21;20,4;88;81;87;144;3,9;2;
2011-10-12;07:00;0;932,7;933,9;932,7;-9999;22,9;20,8;23,3;22,2;20,9;20,4;91;86;88;102;3;1,8;
2011-10-12;08:00;0;931,8;932,9;931,8;-9999;21,9;20,5;23;21,9;20,9;20,5;92;87;92;40;3,9;2,5;
2011-10-12;09:00;0;931;931,9;931;-9999;22,3;20,3;22,3;21,9;20,7;20,3;92;88;88;48;4,1;3,5;
2011-10-12;10:00;0;931,7;931,7;931;38,4;22,7;20,4;22,7;22,1;20,4;20,2;89;87;87;52;4,1;3,2;
2011-10-12;11:00;0;936,3;936,3;931,8;366,7;24,5;21;24,5;22,7;21,1;20,4;87;80;81;56;4;2,6;
2011-10-12;12:00;0;945,4;945,4;936,3;1122,7;26,3;21,2;26,3;24,5;21,2;20,4;81;71;74;50;4,1;3,2;
2011-10-12;13:00;0;956,3;956,3;945,4;2082,9;28,1;21;28,6;26,3;22;20,5;74;63;66;25;4,5;2,7;
2011-10-12;14:00;0;964,2;964,2;956,3;2143,8;29,4;20,9;29,5;28,1;22;19,7;68;57;60;344;4,9;2,4;
2011-10-12;15:00;0;968,5;968,5;964,2;2897;30,5;21,5;30,5;29,1;22,1;20,1;64;55;59;355;6,5;2,3;
2011-10-12;16:00;0;969,4;969,4;968,5;3131,7;30,8;19,4;31,5;30,1;21,9;19,3;58;50;51;11;9,3;4,5;
2011-10-12;17:00;0;967;970,1;967;1434,8;26,7;20,5;31,8;26,7;21,1;19,2;69;49;69;306;9,3;5,9;
2011-10-12;18:00;0;951,9;967;951,9;1289;29,1;21,5;29,1;25,6;22;20,4;77;64;64;290;9,3;3,2;
2011-10-12;19:00;0;959,8;959,8;951,9;1853,6;30,8;20,5;31,3;29,1;21,6;19,1;64;49;54;346;8,1;4,5;
2011-10-12;20:00;0;958,9;961,4;958,9;697,9;30;20,5;30,8;30;21;19,4;59;51;57;284;7,1;3,6;
2011-10-12;21:00;0;954,9;958,9;954,9;400,7;28,6;19,8;30,1;28,5;21;19,6;63;55;59;312;6,2;3,8;
2011-10-12;22:00;0;947,4;954,8;947,4;33,9;27,4;20,1;28,6;27,3;20,6;19,8;67;59;65;270;6,2;,4;
2011-10-12;23:00;0;941,9;947,4;941,9;-9999;26,6;21,7;27,7;26,6;21,7;19,8;74;62;74;38;2;,1;
2011-10-13;00:00;0;938,5;941,9;938,5;-9999;23,6;21,1;26,7;23,6;22;20,8;86;71;86;297;9;6,3;
2011-10-13;01:00;0;931;938,5;931;-9999;23,3;21,2;23,7;23,3;21,4;20,8;88;84;88;344;9;,5;
2011-10-13;02:00;0;929,1;930,9;929,1;-9999;23,7;21,6;23,7;23,3;21,6;21,1;89;87;88;88;3,2;2,4;
2011-10-13;03:00;0;929,5;929,5;929,1;-9999;24,1;20,8;24,1;23,7;21,6;20,8;88;82;82;61;3,6;2,8;
2011-10-13;04:00;0;930,5;930,5;929,5;-9999;24,2;20,5;24,2;24;20,8;20,5;82;80;80;50;3,7;2,8;
2011-10-13;05:00;0;929,8;931;929,8;-9999;23,3;20;24,2;23,2;20,5;20;84;80;82;50;3,9;2,5;
2011-10-13;06:00;0;928,3;929,9;928,3;-9999;23;19,9;23,3;23;20,1;19,9;84;82;83;31;3,9;3,4;
2011-10-13;07:00;0;928,8;928,8;928,3;-9999;23,6;20;23,7;22,9;20,1;19,9;84;80;80;39;5,4;4,1;
2011-10-13;08:00;0;929,8;930;928,8;-9999;22,8;20,1;23,7;22,8;20,1;20;85;80;85;25;5,4;3;
2011-10-13;09:00;0;929,5;930;929,5;-9999;22,9;20,2;23,1;22,8;20,2;20,1;85;83;84;26;5,1;2,6;
2011-10-13;10:00;0;929,7;929,9;929,5;90,6;23,2;20,4;23,3;22,6;20,5;20,2;87;84;84;34;4,6;3,2;
2011-10-13;11:00;0;933,5;933,5;929,7;437,8;24,5;21,1;24,5;23,2;21,1;20,4;84;80;81;25;5,9;4,2;
2011-10-13;12:00;0;940,8;940,8;933,5;1009,8;26;20,3;26,1;24,5;21,2;20,3;81;71;71;6;8,1;5,8;
2011-10-13;13:00;0;951,3;951,3;940,8;2619,6;27,9;20,1;28,3;25,8;21;19,8;72;61;63;352;9,8;5,6;
2011-10-13;14:00;0;959,2;959,2;951,3;3287,3;30;18,9;30,4;27,8;20,7;18,9;63;50;51;321;10,7;5,9;
2011-10-13;15:00;0;964;964;959,2;3488,7;31,8;17,6;32,1;29,8;19,4;17,4;52;42;43;322;15,1;8,6;
2011-10-13;16:00;0;967,4;967,4;964;3522,5;31,4;18,2;32,5;31,2;19,3;17,2;47;42;45;303;22,1;9,1;
2011-10-13;17:00;0;969,3;969,3;967,5;3651,1;32,1;17,9;33,1;31,3;19;17,9;46;42;43;309;13,1;9;
2011-10-13;18:00;0;969;970,4;969;2762,2;33,2;17,9;34,1;31,6;19,3;17,8;46;40;40;302;14,8;7,3;
2011-10-13;19:00;0;968,2;969,7;968,2;2509,9;33,3;18,3;34;32,2;18,6;17,4;43;39;41;297;14,8;7;
2011-10-13;20:00;0;964,9;968,8;964,9;1632,1;32,5;18,6;33,6;32;18,7;17,6;44;40;44;298;13;7,6;
2011-10-13;21:00;0;959,6;964,9;959,6;823,2;31,2;18,1;32,5;31,2;18,6;17,8;46;42;46;300;11,1;6,2;
2011-10-13;22:00;0;949,8;959,6;949,8;79,1;28,4;19,1;31,2;28,4;19,4;17,5;58;45;57;303;8,4;,8;
2011-10-13;23:00;0;939,4;949,8;939,4;-9999;27,2;19,3;28,4;27,1;19,8;19,1;64;57;62;295;3,2;0;
2011-10-14;00:00;0;934,3;939,4;934,3;-9999;27;18,5;27,5;26,8;19,5;18,4;64;59;60;326;3;1,9;
2011-10-14;01:00;0;932,3;934,3;932,3;-9999;26,3;19,4;27;26,2;19,4;18,2;66;59;66;1;3;0;
2011-10-14;02:00;0;932;932,4;932;-9999;26,3;19,4;26,5;26,1;19,6;19,3;67;64;66;17;3,2;,6;
2011-10-14;03:00;0;930,8;932,3;930,8;-9999;25,3;19,2;26,3;25,2;19,7;19,2;70;65;69;22;3,4;0;
2011-10-14;04:00;0;929,1;930,9;929,1;-9999;25,1;19,2;25,6;25;19,4;19;71;67;70;3;1,8;0;
2011-10-14;05:00;0;929,1;929,3;929,1;-9999;24,3;19,7;25,5;24,3;19,7;19;75;68;75;295;5,9;3;
2011-10-14;06:00;0;927,6;929,4;927,6;-9999;24,2;19,8;24,3;23,8;20;19,7;79;75;77;267;4,1;0;
2011-10-14;07:00;0;927;927,8;926,9;-9999;23,2;20,3;24,3;23,2;20,4;19,7;84;76;84;352;3,1;1,2;
2011-10-14;08:00;0;925,5;927,1;925,5;-9999;23;20;23,6;22,9;20,3;20;85;81;84;39;3,8;1;
2011-10-14;09:00;0;924,9;925,7;924,9;-9999;22,6;19,8;23,2;22,5;20;19,8;84;82;84;358;4,1;0;
2011-10-14;10:00;0;925,4;925,4;924,7;31,1;23,3;20,5;23,3;22,5;20,5;19,8;86;84;85;333;0;0;
2011-10-14;11:00;0;928,8;928,8;925,4;253,5;24,6;20,9;24,6;23,3;21,1;20,6;85;79;80;37;2,2;,6;
2011-10-14;12:00;0;938,5;938,5;928,8;1286,8;26,6;20,1;26,8;24,7;21,1;19,8;79;66;67;343;5,5;2,2;
2011-10-14;13:00;0;947,9;947,9;938,5;1955,5;27,7;20,5;27,9;26,2;20,7;19,7;70;64;65;357;6;1,5;
2011-10-14;14:00;0;952,6;952,6;947,9;1485,1;29;21,1;29;27,2;21,1;19,8;66;61;62;268;5,6;1,8;
2011-10-14;15:00;0;957,6;957,6;952,6;2241,8;30,1;20,7;30,1;28,3;21,1;19,8;63;57;57;246;5;,9;
2011-10-14;16:00;0;961,1;961,1;957,6;2801,9;30,3;20,3;30,7;29,1;21,1;19,7;59;54;55;293;7,3;3,8;
2011-10-14;17:00;0;963,4;963,4;961,1;3143,2;31,8;20,4;31,8;29,7;21;19,5;57;50;51;269;7,2;3,2;
2011-10-14;18:00;0;963,7;966,1;963,4;2138;29,7;23;32,3;28,2;23;19,4;68;49;67;188;7,2;2,6;
2011-10-14;19:00;1,4;951,8;963,7;951,8;1323,4;28,8;22,3;30,1;26,6;23,3;21,3;81;62;68;129;6,3;3;
2011-10-14;20:00;7,4;939;951,7;939;399;23;20,4;28,8;22,9;22,9;20,3;89;68;85;146;11,2;3,1;
2011-10-14;21:00;,6;927,5;938,9;927,5;74,5;23,4;20,9;24,4;22,9;22,5;20,6;91;85;86;353;6,6;1,8;
2011-10-14;22:00;5,8;921,4;927,5;921,4;1,9;21,4;20,5;23,6;21,2;21,3;19,9;95;86;95;359;10,4;1,9;
2011-10-14;23:00;1,8;921,2;921,4;920,6;-9999;22,7;21,1;22,9;21,4;21,6;20,6;95;90;90;102;3,5;2,2;
2011-10-15;00:00;1,2;921,8;922;921,2;,5;22,9;20,4;22,9;21,9;21,1;20,4;93;85;85;64;7,6;4;
2011-10-15;01:00;0;924;924;921,8;3,9;22,3;20,2;23;22,3;20,4;19,8;88;83;88;81;6;4,3;
2011-10-15;02:00;0;924,7;924,7;924;1,2;22,5;20,5;22,5;22,2;20,6;20,3;90;88;89;86;6;2,3;
2011-10-15;03:00;0;925,6;925,6;924,7;1,2;22,1;19,6;22,5;22,1;20,5;19,6;89;85;86;62;6,3;4,5;
2011-10-15;04:00;0;925,3;926;925,3;-9999;21,7;20,1;22,1;21,7;20,1;19,6;91;86;91;43;7,4;5,7;
2011-10-15;05:00;0;925,5;925,6;925,3;-9999;22,1;21;22,2;21,6;21;20,1;94;91;93;41;8,1;5,6;
2011-10-15;06:00;0;926,4;926,4;925,5;-9999;22;20,9;22,1;21,9;21,1;20,9;95;93;93;29;7,9;5,7;
2011-10-15;07:00;0;927,1;927,1;926,4;-9999;21,9;21;22,1;21,9;21;20,9;95;93;95;36;8,4;5,5;
2011-10-15;08:00;0;927,7;927,7;927,1;-9999;22,2;21;22,2;21,9;21,1;21;95;93;93;42;10;7,4;
2011-10-15;09:00;0;928,6;928,6;927,7;-9999;22,1;20,9;22,2;22;21;20,9;93;93;93;34;10,3;7,1;
2011-10-15;10:00;0;929,4;929,4;928,6;35,8;22,3;20,7;22,3;22;20,9;20,7;94;91;91;27;9,5;4,8;
2011-10-15;11:00;0;931;931;929,4;177,1;22,5;21,1;22,5;22,2;21,1;20,7;92;91;92;12;6,8;4;
2011-10-15;12:00;0;934,9;934,9;931,1;607,5;23;21,3;23,1;22,5;21,6;21,1;93;89;90;355;6;3,8;
2011-10-15;13:00;0;938,9;938,9;934,9;990,6;24,3;21,6;24,3;22,9;22,1;21,1;92;85;85;358;4,8;3,4;
2011-10-15;14:00;0;950,5;950,5;939;3422,1;26,1;21,4;26,1;24;22,4;20,9;86;75;76;293;6,5;3,5;
2011-10-15;15:00;0;956,5;956,5;950,5;2647,3;27,1;22,2;27,6;25,9;22,9;20,7;78;68;75;32;7,1;3,8;
2011-10-15;16:00;0;961,5;961,5;956,5;3200,2;28,4;21,3;29;27;22,9;21,1;76;63;65;305;7,5;3,6;
2011-10-15;17:00;0;961,2;963,5;961,2;2502,9;23,6;20,4;29,1;23,3;22,2;20;85;60;82;255;13,7;9,3;
2011-10-15;18:00;1;943,1;961,1;943;954,9;25,6;22,7;25,6;22,7;22,7;19,9;90;82;84;195;13,7;,7;
2011-10-15;19:00;0;948,3;948,3;943,1;1064,4;26,7;22,2;26,8;25,6;22,6;21,1;84;74;76;255;4,2;2,9;
2011-10-15;20:00;0;949,3;949,5;948,3;557,1;26,9;22,3;27,3;26,7;22,8;21,9;79;72;76;258;4,8;3,2;
2011-10-15;21:00;0;947,6;949,4;947,6;349,6;26,4;22,1;27,5;26,4;22,8;21,5;78;71;77;263;5;3,2;
2011-10-15;22:00;7,4;940,2;947,6;940,2;25,1;22,2;20,9;26,4;22,1;22;20,9;94;76;92;278;12,4;6,2;
2011-10-15;23:00;,6;930,3;940,2;930,3;-9999;22,2;21,1;22,3;22,1;21,1;20,8;94;92;94;221;9,6;0;
2011-10-16;00:00;,2;929,2;930,3;929,2;-9999;22,5;21,6;22,5;22,2;21,6;21,1;95;94;95;250;2,9;,8;
2011-10-16;01:00;0;929,4;929,6;929,2;-9999;22,4;21,6;22,5;22,3;21,6;21,4;95;95;95;239;2,9;0;
2011-10-16;02:00;0;929,8;929,8;929,4;-9999;22,3;21,6;22,4;22,3;21,6;21,5;96;95;96;190;0;0;
2011-10-16;03:00;0;930,2;930,3;929,8;-9999;22,3;21,2;22,5;22,3;21,7;21,2;96;93;93;173;0;0;
2011-10-16;04:00;0;930,5;930,5;930,2;-9999;22,3;21,5;22,3;22,1;21,5;21,2;95;93;95;221;3,1;1,7;
2011-10-16;05:00;0;930,9;931;930,5;-9999;22,1;21,4;22,3;22;21,5;21,3;96;95;96;208;3,1;,2;
2011-10-16;06:00;0;931,1;931,3;930,9;-9999;22;21,3;22,1;22;21,4;21,3;96;96;96;233;1,7;0;
2011-10-16;07:00;0;931,2;931,5;931,1;-9999;21,8;21,2;22;21,8;21,4;21,2;96;96;96;186;,9;0;
2011-10-16;08:00;0;931,6;931,6;931,2;-9999;21,9;21,3;21,9;21,8;21,3;21,2;97;96;97;221;0;0;
2011-10-16;09:00;0;932,3;932,3;931,6;-9999;22;21,4;22;21,9;21,4;21,3;97;97;97;251;0;0;
2011-10-16;10:00;0;933;933;932,3;31,5;21,9;21,3;22;21,8;21,4;21,3;97;96;96;226;0;0;
2011-10-16;11:00;0;934,4;934,4;933;244,6;22,2;21,2;22,3;21,9;21,3;21;96;93;94;247;3,8;1,5;
2011-10-16;12:00;,6;937,8;937,8;934,4;582,4;22,3;21,1;22,9;22,2;21,5;20,9;94;91;93;253;4,4;1,9;
2011-10-16;13:00;,8;939,8;939,8;937,8;942,4;23,3;21,5;23,3;22,3;21,6;21;94;89;90;265;3,8;,3;
2011-10-16;14:00;0;944,9;944,9;939,8;1256,4;23,9;20,9;24,1;23,1;21,9;20,6;90;83;83;266;3,7;1,3;
2011-10-16;15:00;0;947,8;947,8;945;1067,7;24,5;21,7;24,5;23,7;22;20,6;87;83;85;263;4;2,2;
2011-10-16;16:00;0;951,9;951,9;947,8;1775,1;25;21,3;25,3;24,5;22,2;20,9;85;78;80;312;5,4;2,5;
2011-10-16;17:00;0;957,1;957,1;951,9;3102;27,1;21,7;27,5;24,9;22,5;21;83;71;72;277;6,9;4,3;
2011-10-16;18:00;0;958,4;959,1;957,1;2166,9;26,2;21,3;28;26,2;23;21,3;77;70;75;259;10,1;7,5;
2011-10-16;19:00;0;952,2;958,4;952,2;1287;26;20,8;26,9;25,3;22;20,4;79;72;73;254;10,5;6;
2011-10-16;20:00;0;949,9;952,2;949,9;1253,6;25,2;20,7;26,4;25,2;21,6;20,4;77;72;76;268;9,6;7,3;
2011-10-16;21:00;0;945,6;949,9;945,6;558,1;24,6;20,3;25,2;24,6;20,8;20;79;74;77;246;9,7;4,8;
2011-10-16;22:00;0;939,9;945,6;939,9;71,3;22,9;19,7;24,6;22,9;20,3;19,7;82;77;82;238;8,3;,8;
2011-10-16;23:00;0;934,5;939,9;934,5;-9999;22,3;19,8;22,9;22,2;19,9;19,7;87;82;86;255;3,5;2,8;
2011-10-17;00:00;0;932,4;934,5;932,4;-9999;21,8;19,8;22,4;21,8;20;19,7;89;85;88;231;3,9;0;
2011-10-17;01:00;0;931,5;932,6;931,5;-9999;21,7;20;21,9;21,6;20;19,8;90;88;90;206;0;0;
2011-10-17;02:00;0;931,1;931,8;931,1;-9999;21,5;20,3;21,7;21,5;20,3;19,9;93;90;93;272;,9;0;
2011-10-17;03:00;0;931,3;931,5;931,1;-9999;21,4;20,3;21,5;21,3;20,3;20,2;94;93;93;239;,9;0;
2011-10-17;04:00;0;931,4;931,6;931,3;-9999;21,3;20;21,4;21,3;20,3;20;94;93;93;226;0;0;
2011-10-17;05:00;0;931;931,7;931;-9999;20,9;20;21,3;20,9;20,2;20;95;93;95;236;0;0;
2011-10-17;06:00;0;930,4;931,3;930,4;-9999;20,7;19,9;20,9;20,7;20,1;19,8;95;95;95;226;0;0;
2011-10-17;07:00;0;929,7;930,6;929,7;-9999;20,3;19,6;20,8;20,3;19,9;19,6;96;94;96;206;0;0;
2011-10-17;08:00;0;928,7;929,9;928,7;-9999;20;19,2;20,4;19,9;19,7;19,1;96;94;95;188;1,9;0;
2011-10-17;09:00;0;928,1;928,9;928,1;-9999;19,8;19,1;20;19,8;19,3;19,1;96;95;95;190;0;0;
2011-10-17;10:00;0;928,9;928,9;928,1;104,1;20,2;19,4;20,2;19,8;19,5;19;96;95;95;225;0;0;
2011-10-17;11:00;0;932,7;932,7;928,9;441,7;21,2;19,5;21,3;20,2;19,9;19,4;96;90;90;200;0;0;
2011-10-17;12:00;0;941;941;932,7;1094,3;22,1;19,9;22,1;21,1;20;19,2;91;85;87;193;0;0;
2011-10-17;13:00;0;945,9;945,9;941;1102;23;19,9;23,1;21,9;20;19;87;80;82;168;3,2;,5;
2011-10-17;14:00;0;952;952;946;1451,8;23,9;19,4;24,3;23,1;20;19,1;83;74;76;161;3,4;,5;
2011-10-17;15:00;0;956,7;956,7;952;1719,2;25,5;19,3;25,5;23,9;20,3;18,8;78;68;69;198;3,3;1,2;
2011-10-17;16:00;0;960,9;960,9;956,7;1749,1;25,9;19,4;26,1;24,9;19,7;18,6;71;64;67;222;4,1;1,2;
2011-10-17;17:00;0;964;964;960,9;2253,7;26,7;19,7;27,2;25,8;21,1;18,9;71;63;66;201;4,9;1,8;
2011-10-17;18:00;0;964,1;964,8;964;1902,2;26,9;18,6;27;26,1;19,7;18,1;67;58;60;193;3,9;,9;
2011-10-17;19:00;0;964,2;965;964,1;1471,7;27,3;18,4;27,9;26,8;19,2;17,5;63;55;58;214;3,5;,1;
2011-10-17;20:00;0;958,2;964,2;958,2;455,1;26,4;18,5;27,4;26,4;18,9;17,9;63;56;62;226;3,7;1,6;
2011-10-17;21:00;0;952,3;958,2;952,3;214,6;26,2;20;26,4;26,2;20,1;18,6;69;62;68;199;2,6;0;
2011-10-17;22:00;0;947,9;952,3;947,9;38,6;25,2;19,1;26,2;25,2;20,1;19;72;67;69;173;4,2;1,2;
2011-10-17;23:00;0;943,2;947,9;943,2;-9999;24,6;19,4;25,2;24,6;19,4;18,8;73;68;73;158;2,5;1,5;
2011-10-18;00:00;0;939,7;943,2;939,7;-9999;23,6;19,7;24,6;23,6;19,8;19,2;79;73;79;166;2,4;0;
2011-10-18;01:00;0;935,3;939,7;935,3;-9999;23,1;19,5;23,7;22,9;20,1;18,9;82;77;80;146;0;0;
2011-10-18;02:00;0;933,6;935,3;933,5;-9999;23;18,6;23,8;22,5;19,5;18,6;83;73;76;132;1,8;,2;
2011-10-18;03:00;0;932,3;933,8;932,2;-9999;22,5;18,6;23;22,3;18,9;18,4;81;76;79;168;1,1;0;
2011-10-18;04:00;0;930,5;932,4;930,5;-9999;21,6;18,4;22,6;21,5;18,6;18,2;82;77;82;128;1;,5;
2011-10-18;05:00;0;929,8;930,6;929,8;-9999;20,8;17,9;22,6;20,8;18,5;17,7;84;76;84;179;1;0;
2011-10-18;06:00;0;927,5;929,9;927,5;-9999;20,6;18,4;20,8;20,5;18,6;17,8;88;84;88;230;0;0;
2011-10-18;07:00;0;928,6;928,6;927,3;-9999;21,7;17,9;21,7;20,5;18,7;17,9;88;79;79;125;2,4;1,5;
2011-10-18;08:00;0;931;931;928,6;-9999;21,5;18,1;21,9;21;18,3;17,9;84;78;81;139;6,2;4,6;
2011-10-18;09:00;0;930,9;931,6;930,9;-9999;20,5;17,9;21,5;20,5;18;17,9;85;81;85;142;7,6;4,5;
2011-10-18;10:00;0;930,9;931,1;930,7;147,2;21,2;17,7;21,2;20,5;17,9;17,7;85;80;80;139;8,6;4,8;
2011-10-18;11:00;0;935,3;935,3;930,9;797,6;22;17,9;22;21,1;18,1;17,6;81;77;78;144;8,6;4,8;
2011-10-18;12:00;0;942,7;942,7;935,3;1651;23,6;18;23,7;22;18,3;17,7;78;70;71;146;9,7;5,8;
2011-10-18;13:00;0;949,4;949,4;942,8;2333,7;24,9;18;25,1;23,5;18,6;17,6;72;64;66;139;9,7;5,2;
2011-10-18;14:00;0;955,4;955,4;949,5;2748,8;26,9;18,4;26,9;24,9;18,4;17,4;67;58;60;151;8,4;3,2;
2011-10-18;15:00;0;962,3;962,3;955,4;3149,7;28,2;16,3;28,5;26,8;18,8;16,2;60;48;49;149;8,7;3,3;
2011-10-18;16:00;0;967,9;967,9;962,3;3599,6;29,2;15,5;29,7;28,1;17,6;14,3;51;40;43;162;7;2,9;
2011-10-18;17:00;0;971,4;971,4;967,9;2519,5;29,7;14,6;30;29,1;16,7;13,9;47;39;40;204;5,2;1,9;
2011-10-18;18:00;0;971,3;972,2;971,3;1963,9;29,9;14,2;30,2;29,3;15,4;13,6;42;38;38;171;5,9;2,5;
2011-10-18;19:00;0;970,1;971,7;970,1;1727,7;29,6;13,4;30,3;29,3;15,2;13;41;36;37;196;5,9;1,3;
2011-10-18;20:00;0;965,2;970,1;965,2;947,2;29,2;15,5;29,8;29,1;15,5;13,7;43;37;43;195;3,3;1,3;
2011-10-18;21:00;0;958,5;965,2;958,5;468;27,7;14,7;29,3;27,7;15,2;13,8;45;39;45;179;3,3;1,1;
2011-10-18;22:00;0;948,5;958,4;948,5;43;26,1;14,3;27,7;26,1;15,4;13,9;49;45;48;159;2,9;1,2;
2011-10-18;23:00;0;941;948,5;941;-9999;24,4;15;26,1;24,4;15,1;14;56;48;56;141;4,4;2,8;
2011-10-19;00:00;0;936,3;941;936,3;-9999;24,8;13,3;25;23,7;15,1;13,3;58;49;49;126;4,4;1,8;
2011-10-19;01:00;0;934,8;936,2;934,8;-9999;23,3;13,6;25;23,3;14,3;12,9;55;48;54;163;3,7;1,9;
2011-10-19;02:00;0;931,3;934,9;931,3;-9999;22,9;13,4;23,3;22,5;14,1;13,4;59;54;55;169;3,4;0;
2011-10-19;03:00;0;929,7;931,4;929,7;-9999;22,2;13,4;22,9;22;13,7;13;59;54;57;148;3,6;2,1;
2011-10-19;04:00;0;930,7;930,7;929,7;-9999;22,6;13,3;23;22,2;13,4;12,8;57;53;56;140;6,9;4,5;
2011-10-19;05:00;0;930,6;931,2;930,6;-9999;21,4;14,1;22,6;21,4;14,2;13,2;63;56;63;139;6,6;3,9;
2011-10-19;06:00;0;928,5;930,8;928,5;-9999;21,6;14,3;21,8;20,8;14,7;14,1;68;62;63;141;7,1;4,7;
2011-10-19;07:00;0;927,2;929;927,2;-9999;20,7;14,7;21,7;20,5;14,7;14,2;69;63;69;145;7,1;3,2;
2011-10-19;08:00;0;926,7;927,4;926,6;-9999;20,5;14,8;21;20,3;14,8;14,6;70;67;70;141;6,9;4,6;
2011-10-19;09:00;0;927,6;927,6;926,7;-9999;20,8;15,1;21,1;20,4;15,1;14,8;71;68;70;141;7,7;3,2;
2011-10-19;10:00;0;928,9;928,9;927,6;162,6;21,5;15,6;21,5;20,5;15,7;15;72;69;69;122;7,2;3,6;
2011-10-19;11:00;0;936,1;936,1;928,9;920,1;24;16;24;21,5;16,2;15,5;70;61;61;138;11;5,3;
2011-10-19;12:00;0;945,1;945,1;936,1;1930,8;25,1;15,8;25,2;23,9;16,2;15,5;61;56;56;143;11,2;6,5;
2011-10-19;13:00;0;953,3;953,3;945,1;2734,4;27;16;27,1;25,1;16,6;15,8;58;51;51;141;10,3;5,2;
2011-10-19;14:00;0;961,1;961,1;953,4;3376,9;29,5;15,6;29,5;27;16,8;15;52;42;43;88;9,7;4,5;
2011-10-19;15:00;0;967,2;967,2;961,1;3730,8;30,4;16,1;30,6;28,5;16,9;15;46;41;42;70;8,4;2,1;
2011-10-19;16:00;0;973;973;967,2;3414,4;30,9;14,9;31,4;29,8;16,8;14,6;44;37;38;286;6,1;1,2;
2011-10-19;17:00;0;977,8;977,8;973;3904;32,4;14,8;32,7;30,8;16,6;13,8;40;32;35;203;6,4;1,8;
2011-10-19;18:00;0;979,4;979,8;977,8;3112,9;32,6;15,4;33,2;31,8;15,6;13,1;36;31;36;204;5,3;1,6;
2011-10-19;19:00;0;975,7;979,7;975,7;2008,9;32,3;14,9;33,1;31,3;15,4;13,9;38;33;35;212;4,9;2,1;
2011-10-19;20:00;0;970,3;975,8;970,3;1107,2;30,7;15,4;32,7;30,7;16;14,1;39;33;39;192;6,4;1,9;
2011-10-19;21:00;0;959,3;970,3;959,3;350,4;29,5;15;30,7;29,5;15,9;14,5;42;39;41;192;6,8;3,3;
2011-10-19;22:00;0;949;959,3;949;100,8;26,9;15;29,5;26,8;15,5;15;49;41;48;201;7,4;2,7;
2011-10-19;23:00;0;939,6;949;939,6;-9999;25,2;14,6;26,9;25,2;15,1;14,5;52;48;52;195;5,6;2,1;
2011-10-20;00:00;0;934,4;939,6;934,4;-9999;25,1;14;25,4;24,9;14,6;13,9;52;49;50;182;4,5;2,5;
2011-10-20;01:00;0;932,6;934,4;932,6;-9999;24,3;14;25,2;24,2;14,2;13,8;53;50;53;174;5,4;2,6;
2011-10-20;02:00;0;930,9;932,7;930,9;-9999;23,7;14,5;24,3;23,6;14,5;14;57;52;56;162;6,5;3,5;
2011-10-20;03:00;0;929,6;931;929,6;-9999;23,3;14,8;23,8;23,2;14,9;14,4;59;56;59;158;6,5;3,4;
2011-10-20;04:00;0;928,5;929,8;928,5;-9999;22,5;15,1;23,5;22,5;15,1;14,7;63;58;63;163;6,3;2,3;
2011-10-20;05:00;0;926,6;928,7;926,6;-9999;21,8;15,6;22,6;21,4;15,8;15,1;70;63;68;140;5,6;3,4;
2011-10-20;06:00;0;925,5;926,6;925,5;-9999;21,6;15,7;21,9;21,5;15,8;15,5;69;68;69;138;5,1;3,8;
2011-10-20;07:00;0;924,9;925,7;924,8;-9999;21,9;16,4;22;21,1;16,4;15,7;73;69;71;140;6,7;4;
2011-10-20;08:00;0;925,7;926;924,9;-9999;21,3;16,8;21,9;21;16,8;16,3;76;71;75;142;7,6;5,3;
2011-10-20;09:00;0;925,7;926;925,7;-9999;21,1;17,2;21,4;21;17,2;16,7;79;75;79;132;8,5;2,2;
2011-10-20;10:00;0;926,5;926,5;925,6;174,3;22;17,7;22;20,7;17,7;17,2;81;76;77;144;6,5;3,1;
2011-10-20;11:00;0;934,3;934,3;926,5;964,3;23,9;18,1;23,9;22;18,2;17,7;77;70;70;132;7;3,9;
2011-10-20;12:00;0;943,6;943,6;934,4;1930,7;25,9;18,5;26,1;23,8;18,9;18;70;63;64;90;7,6;5,3;
2011-10-20;13:00;0;952,8;952,8;943,7;2727;27,4;18,4;27,6;25,7;19;18;64;56;58;89;10,5;6,2;
2011-10-20;14:00;0;959;959;952,8;3259,4;28,8;18,1;29,5;27,3;18,8;17,7;58;51;52;102;9,4;4,6;
2011-10-20;15:00;0;964,5;964,5;959;3123,6;30,3;17,3;30,8;28,8;18,4;16,6;52;44;46;86;8,6;4;
2011-10-20;16:00;0;966,7;967,3;964,5;2496,1;31;16,5;31;29,8;17,9;16,3;47;41;42;89;7,9;4,4;
2011-10-20;17:00;0;972,1;972,1;966,7;3719,8;32,5;15;32,5;30,8;16,9;13,8;43;34;35;229;7,2;1,4;
2011-10-20;18:00;0;974,2;974,2;972,1;2550,6;30,6;15,5;32,9;30,3;17,3;13,6;43;33;40;177;8,8;4;
2011-10-20;19:00;0;969,5;974,3;969,5;2049,9;31,1;15,9;32,2;30,6;15,9;8,5;40;23;40;154;8,5;2,6;
2011-10-20;20:00;0;962;969,5;962;503,4;30,5;16,4;31,2;30,4;16,4;14,7;43;37;43;215;5;,1;
2011-10-20;21:00;0;957,4;962;957,4;399,7;27,9;17;31,5;27,9;17,1;15;52;37;52;317;6,8;4,3;
2011-10-20;22:00;0;944,1;957,4;944,1;103;25,7;17,1;28,2;25,7;17,7;16,7;60;51;59;272;6,8;0;
2011-10-20;23:00;0;935,4;944,1;935,4;-9999;25,3;16,9;25,8;25;17,7;16,9;64;58;59;260;0;0;
2011-10-21;00:00;0;933,3;935,4;933,3;-9999;25,2;18,3;26;24,7;18,6;16,8;68;57;66;46;5,1;,8;
2011-10-21;01:00;0;932;933,4;932;-9999;24,9;16,4;25,9;24,5;18,6;16,4;69;59;59;111;5,8;3,4;
2011-10-21;02:00;0;930,5;932,3;930,5;-9999;24;16,6;24,9;23,8;16,8;16,1;64;58;63;93;9,3;6;
2011-10-21;03:00;0;928,6;930,6;928,6;-9999;23;16,9;24;23;17;16,6;68;63;68;72;10,8;6,3;
2011-10-21;04:00;0;927,4;928,7;927,4;-9999;22,6;17,3;23,1;22,6;17,3;16,9;72;68;72;68;9,4;4,4;
2011-10-21;05:00;0;926,7;927,6;926,6;-9999;22;17,4;22,8;22;17,4;17,2;75;71;75;65;6,2;2,7;
2011-10-21;06:00;0;926,5;926,8;926,4;-9999;22,6;17;22,9;21,9;17,5;17;75;70;71;106;5,7;3,5;
2011-10-21;07:00;0;925,9;926,8;925,9;-9999;21,1;17,6;22,7;21,1;17,6;16,9;80;70;80;141;6;3,7;
2011-10-21;08:00;0;923,3;925,9;923,2;-9999;20,9;17,7;21,1;20,6;17,7;17,5;82;80;82;138;6,1;3;
2011-10-21;09:00;0;923,6;923,6;923;-9999;21,2;16,5;21,8;20,7;17,7;16,5;83;73;75;119;6,5;3,1;
2011-10-21;10:00;0;925,5;925,5;923,6;147,6;22,5;17,1;22,5;20,7;17,1;16,4;77;71;71;99;5,4;3,7;
2011-10-21;11:00;0;932,7;932,7;925,5;712;24,3;17,6;24,3;22,5;17,9;16,9;72;66;66;79;7,4;4,9;
2011-10-21;12:00;0;943,5;943,5;932,7;1889;26,1;17,7;26,2;24,1;18,2;17,4;68;59;60;67;10,2;7,1;
2011-10-21;13:00;0;951,7;951,7;943,5;2719,8;28;17,8;28;26;18,2;17,2;60;53;54;68;10,1;5,5;
2011-10-21;14:00;0;956,9;956,9;951,7;3002,9;28,3;17,3;28,9;27,5;18,2;16,4;56;47;51;68;10,3;4,9;
2011-10-21;15:00;0;960,6;960,7;956,9;3117,4;30,2;17,2;30,3;28,3;18;16,4;52;45;46;75;11,1;6,3;
2011-10-21;16:00;0;964,6;964,6;960,6;3669,5;30,2;15,1;31,2;29,4;17,7;15,1;46;40;40;85;11,1;3,8;
2011-10-21;17:00;0;961,3;965;961,3;1241,8;30,2;16,5;30,7;29,3;18;15,2;50;40;44;81;8,5;6,3;
2011-10-21;18:00;0;958,2;961,8;958,2;1367,3;28,8;17,4;30,8;28,1;17,5;15,8;51;41;50;59;9,1;3,4;
2011-10-21;19:00;,4;948,5;958,1;948,5;642,3;23,5;20,2;29,6;23,5;20,5;16;83;44;82;42;11,6;4,1;
2011-10-21;20:00;0;936,9;948,5;936,9;219,9;24,6;19,4;25,7;23,2;20,6;18,8;83;66;73;308;6,2;,2;
2011-10-21;21:00;,4;933,2;937;933,2;79,5;21,9;19;24,6;21,9;19,6;18,4;84;71;84;229;3,4;0;
2011-10-21;22:00;0;928,5;933,2;928,5;36,8;23;18,2;23,2;21,9;19,5;18,2;86;74;74;186;3,9;,2;
2011-10-21;23:00;0;927,2;928,8;927,2;-9999;21,6;17,6;23,1;21,6;18,5;17,5;79;73;78;188;3,9;0;
2011-10-22;00:00;,2;925,5;927,3;925,5;0;21,3;17,5;21,7;21,1;17,7;17;80;75;79;156;10,5;1,9;
2011-10-22;01:00;0;924,2;925,7;924,2;-9999;20,7;17,8;21,4;20,7;17,9;17,3;83;78;83;141;8,5;5,2;
2011-10-22;02:00;3,2;922,3;924,3;922,3;-9999;19,8;18;20,7;19,8;18,2;17,8;90;83;90;145;7,4;4,2;
2011-10-22;03:00;2,4;921,4;922,4;921,3;-9999;19,6;18,2;19,8;19,6;18,3;18;92;90;92;143;7,4;2,9;
2011-10-22;04:00;2,8;921,9;921,9;921,4;-9999;19,3;18,2;19,6;19,3;18,3;18,2;94;92;93;100;8,4;5;
2011-10-22;05:00;3,4;921,5;922,3;921,5;-9999;19;17,6;19,4;19;18,4;17,5;94;90;92;142;9,2;4,6;
2011-10-22;06:00;4;921,7;921,8;921,5;-9999;19;18,2;19,1;18,6;18,2;17,3;95;91;95;78;8,2;4,7;
2011-10-22;07:00;2,8;923,3;923,3;921,7;-9999;19,1;18,1;19,4;19;18,6;18,1;96;94;94;63;8,9;4,5;
2011-10-22;08:00;1,2;924,2;924,2;923,3;-9999;19,3;18,4;19,4;18,9;18,5;18;95;94;95;76;9,3;6,9;
2011-10-22;09:00;0;925,9;925,9;924,3;-9999;19,8;18,2;19,8;19,1;18,4;18,2;95;90;90;77;10,2;6,9;
2011-10-22;10:00;0;927,8;927,8;925,9;75,7;19,9;18,1;19,9;19,6;18,3;18,1;92;90;90;82;10,2;4,8;
2011-10-22;11:00;0;930,5;930,5;927,8;446,9;20,2;17,9;20,2;19,7;18,2;17,5;90;86;86;65;7,5;4,5;
2011-10-22;12:00;0;935,2;935,2;930,5;869,7;22,4;19,4;22,4;20,2;19,8;17,9;88;83;83;53;7,8;5,5;
2011-10-22;13:00;0;946,5;946,5;935,3;2587;24,1;20,3;24,2;22,4;21;19,2;84;78;79;51;10,5;8,1;
2011-10-22;14:00;0;953;953;946,5;3416,9;25,8;21,3;25,8;24,1;21,6;20,1;82;75;76;36;11;7,1;
2011-10-22;15:00;0;957,4;957,4;953;3686,2;26,6;20,5;26,7;25,4;21,5;19,8;77;68;70;28;11,8;8;
2011-10-22;16:00;0;960,2;960,2;957,4;3699,2;27,2;20,9;27,2;26,2;21,8;19,8;74;66;68;30;11,8;7,1;
2011-10-22;17:00;0;962,9;962,9;960,2;3721,6;28;21,3;28,1;27;21,5;19,7;71;63;67;23;11,3;6,7;
2011-10-22;18:00;0;963,9;964;962,9;3044,9;28,2;21;28,2;26,9;21,3;19,6;68;62;65;18;9,4;6,7;
2011-10-22;19:00;0;963,6;964,4;963,6;2652,7;27,7;19,6;28,2;27,3;20,9;19,5;66;61;62;30;10;6,6;
2011-10-22;20:00;0;958,9;963,9;958,9;949,3;26,2;19,5;27,8;26,2;20,3;18,9;67;61;67;32;9,2;5,4;
2011-10-22;21:00;0;953,4;958,9;953,4;508,5;25,6;19,8;26,2;25,6;20,4;19,4;71;67;70;45;7,6;,3;
2011-10-22;22:00;0;942,6;953,4;942,6;46,4;21,3;18,8;25,6;21,3;20,1;18,8;87;70;86;141;10,2;6;
2011-10-22;23:00;1,8;931;942,6;931;1,7;21,4;18,7;21,4;19,9;18,7;18,2;91;83;84;105;10,2;6,4;
2011-10-23;00:00;0;933,3;933,3;931;-9999;21,9;19,2;22;21,4;19,4;18,6;86;83;85;106;8,8;4,6;
2011-10-23;01:00;0;934,7;934,7;933,3;-9999;21,6;19,2;21,9;21,6;19,3;19,1;86;84;86;63;8,5;5;
2011-10-23;02:00;0;934,7;935,2;934,7;-9999;21,1;18,8;21,7;21,1;19,3;18,8;87;85;87;59;8;1,3;
2011-10-23;03:00;0;934,1;934,9;934,1;-9999;21;18,7;21,2;20,9;18,8;18,7;87;86;87;66;5,9;2,6;
2011-10-23;04:00;0;934;934,4;934;-9999;20,7;18,7;21;20,7;18,8;18,7;88;87;88;63;4,8;2,2;
2011-10-23;05:00;0;933,8;934,3;933,7;-9999;20,5;18,7;20,7;20,5;18,8;18,7;90;88;90;61;5,1;,3;
2011-10-23;06:00;0;933,9;934,1;933,7;-9999;20,4;18,6;20,5;20,4;18,7;18,5;90;89;89;62;6,3;3,6;
2011-10-23;07:00;0;934,2;934,2;933,9;-9999;20,4;18,6;20,5;20,4;18,6;18,5;89;89;89;53;8,6;6,2;
2011-10-23;08:00;0;934,6;934,7;934,2;-9999;20,3;18,6;20,4;20,3;18,6;18,6;90;89;90;52;8,6;4,8;
2011-10-23;09:00;0;934,8;935;934,6;-9999;20,1;18,7;20,4;20,1;18,7;18,6;91;89;91;72;6,9;3,8;
2011-10-23;10:00;0;935,4;935,4;934,8;87,1;20,5;18,8;20,5;20,1;18,8;18,5;91;89;90;61;5,4;2,5;
2011-10-23;11:00;0;938,7;938,7;935,4;393,9;21,4;19,1;21,4;20,5;19,1;18,8;90;86;87;70;6,8;1,7;
2011-10-23;12:00;0;945,9;945,9;938,7;1182,1;22,9;19,7;22,9;21,4;20;19;87;81;82;66;7,7;3,9;
2011-10-23;13:00;0;950,5;950,5;945,9;1214,4;23,6;19,2;23,6;22,8;19,8;18,8;82;76;77;59;6,9;4,5;
2011-10-23;14:00;0;958,9;958,9;950,5;2737,4;26;20;26;23,5;20,7;19;79;68;69;66;5,9;3,7;
2011-10-23;15:00;0;964,5;964,5;958,9;3171,5;26,6;20,1;26,8;25,7;21,2;18,9;73;65;68;55;6,7;4,1;
2011-10-23;16:00;0;966,2;966,4;964,5;3782,4;26,5;19,3;26,9;26;21;19;72;64;65;23;7,9;4,7;
2011-10-23;17:00;0;963,3;966,7;963,3;2154,6;25;19,2;26,6;25;20,4;18,9;74;65;70;14;7,6;4,9;
2011-10-23;18:00;0;959,2;963,3;959,2;1348;25,4;19,1;25,4;24,9;20;18,6;74;67;68;48;6,6;4;
2011-10-23;19:00;0;963,1;963,1;959,1;3133,6;27,3;18;27,5;25,4;20,1;17,9;69;57;57;45;7,5;3,1;
2011-10-23;20:00;0;964,9;965,3;963,1;1967,8;26,8;19;27,4;26,7;19,5;17,5;64;56;62;28;5,7;,7;
2011-10-23;21:00;0;960,8;965,1;960,8;719;26;19,4;26,8;26;19,5;18,5;68;61;67;35;3,9;0;
2011-10-23;22:00;0;953,2;960,8;953,2;133,6;23,8;19,5;26;23,8;19,7;19,1;77;67;77;36;,8;0;
2011-10-23;23:00;0;944;953,2;944;-9999;22,6;20,2;23,8;22,6;20,2;19,6;87;77;87;39;0;0;
2011-10-24;00:00;0;939,4;944;939,4;-9999;22,2;20;22,7;22,1;20,3;20;88;86;87;65;0;0;
2011-10-24;01:00;0;938,4;939,4;938,4;-9999;22,1;19,6;22,7;22,1;20,3;19,4;88;83;86;102;0;0;
2011-10-24;02:00;0;938,4;938,8;938,4;-9999;22,4;19,6;22,6;22,1;19,6;19,4;86;82;84;97;0;0;
2011-10-24;03:00;0;938,3;938,9;938,3;-9999;21,7;19,3;22,4;21,7;19,6;19,3;86;84;86;80;0;0;
2011-10-24;04:00;0;937,6;938,5;937,6;-9999;21,7;19,4;21,9;21,5;19,5;19,3;88;86;87;83;2,5;0;
2011-10-24;05:00;0;937,5;938;937,5;-9999;21,6;19,3;21,8;21,5;19,4;19,3;87;86;86;86;0;0;
2011-10-24;06:00;0;937,4;937,8;937,4;-9999;21,6;18,8;21,7;21,5;19,3;18,8;86;84;84;97;0;0;
2011-10-24;07:00;0;937,4;937,7;937,3;-9999;21,9;18,2;22;21,2;18,8;18,2;85;79;80;139;0;0;
2011-10-24;08:00;0;937,5;937,8;937,4;-9999;21,4;18,2;21,9;21,1;18,3;18;84;79;82;111;0;0;
2011-10-24;09:00;0;936,5;937,8;936,5;-9999;20,8;18,4;21,4;20,6;18,5;18;87;82;86;104;0;0;
2011-10-24;10:00;0;938;938;936,5;184,4;22,3;19,1;22,3;20,8;19,1;18,4;86;82;82;123;0;0;
2011-10-24;11:00;0;946,8;946,8;938;1019,8;24,5;19,6;24,5;22,3;20;19,1;82;74;74;77;3,7;,8;
2011-10-24;12:00;0;956,1;956,1;946,8;1990,3;26,3;19,4;26,3;24,5;20;19,1;75;65;66;71;5,1;2,2;
2011-10-24;13:00;0;965,2;965,2;956,1;2756,2;28,3;19,4;28,5;26,3;19,9;18,7;66;57;59;66;4,7;1;
2011-10-24;14:00;0;971,7;971,7;965,2;3364,3;29,7;17,1;29,9;28,2;20,2;16,2;60;44;47;72;5,4;1;
2011-10-24;15:00;0;975,7;975,7;971,8;3745,9;30,8;18,1;30,8;29,6;19;16,3;51;44;47;48;6;1,5;
2011-10-24;16:00;0;977,7;977,7;975,7;3905,7;31,4;18,3;31,5;30,4;18,8;16,1;50;41;46;18;6,4;1,9;
2011-10-24;17:00;0;978,9;978,9;977,7;3332,1;31,2;17,5;32,1;30,7;18,8;16,2;48;41;44;24;7,4;2,4;
2011-10-24;18:00;0;979,9;980,1;978,9;3284,7;31,8;16,9;32,2;31,1;18,8;15,7;47;38;41;27;7,4;1;
2011-10-24;19:00;0;979;980,7;979;2442,7;31,6;16,4;32,4;31,6;18,3;15,9;44;38;40;4;6,6;2,3;
2011-10-24;20:00;0;973,7;979;973,7;1108,2;31,5;18,4;31,6;31;18,4;16,7;47;40;46;27;6,1;3;
2011-10-24;21:00;0;970,7;973,7;970,7;865,7;30,7;18;31,6;30,7;18,9;17,4;48;44;47;23;4,5;2,3;
2011-10-24;22:00;0;959,8;970,7;959,8;67,8;28,5;19,5;30,6;28,4;20,1;17,9;60;47;58;68;3,4;1,8;
2011-10-24;23:00;0;950,9;959,8;950,9;-9999;27,8;19,7;28,5;27,8;21;19,5;65;58;61;79;2,7;2;
2011-10-25;00:00;0;945,8;950,9;945,8;-9999;26,7;19,1;27,8;26,6;19,7;18,8;64;59;63;76;2,5;0;
2011-10-25;01:00;0;941,5;945,8;941,5;-9999;24,8;19,4;27,3;24,8;19,9;18;72;57;72;355;3,3;2,5;
2011-10-25;02:00;0;937,2;941,5;937,2;-9999;25,3;19,2;25,5;24,4;19,9;18,9;76;68;69;84;3,3;0;
2011-10-25;03:00;0;935,5;937,2;935,5;-9999;25,2;18,6;25,5;24,5;19,6;18,6;73;66;67;71;4,1;3,3;
2011-10-25;04:00;0;936,6;936,6;935,5;-9999;25,3;18,7;25,5;25,1;18,8;18,5;68;65;67;86;4,3;,1;
2011-10-25;05:00;0;938,3;938,3;936,6;-9999;25,6;18,7;25,8;25,3;19;18,7;68;65;66;86;3,2;0;
2011-10-25;06:00;0;938,2;938,9;938,2;-9999;24,7;19,1;25,6;24,7;19,2;18,7;71;66;71;84;2,9;0;
2011-10-25;07:00;0;936,7;938,3;936,7;-9999;25,1;18,8;25,3;24,5;19,2;18,5;72;66;68;63;0;0;
2011-10-25;08:00;0;936,9;937,2;936,7;-9999;24,3;19,6;25,1;24,3;19,7;18,8;75;68;75;59;0;0;
2011-10-25;09:00;0;936,1;937,2;936,1;-9999;24,3;19,1;24,6;24,1;19,7;19;75;71;73;50;0;0;
2011-10-25;10:00;0;936,2;936,3;936;78,5;24,8;19,3;24,8;24,3;19,3;18,9;73;71;72;38;3,4;0;
2011-10-25;11:00;0;940,1;940,1;936,2;461,7;26,5;19,4;26,5;24,8;19,7;19,2;72;64;65;32;3,4;,3;
2011-10-25;12:00;0;948,5;948,5;940,1;1419,2;28,3;19,5;28,4;26,5;20,4;19,1;66;59;59;32;7;5,2;
2011-10-25;13:00;0;958,8;958,8;948,5;2547,8;29,6;19,4;29,9;28;20,3;18,7;61;53;54;24;8,1;4,3;
2011-10-25;14:00;0;965,5;965,5;958,8;3257,3;30,9;19,6;31,3;29,3;20,8;18,9;56;50;51;7;7,4;3,1;
2011-10-25;15:00;5,2;950,2;967,5;950,2;1633,7;23,3;20,2;31,5;20,9;21,1;16,1;84;47;83;341;21,6;9,7;
2011-10-25;16:00;5,2;932,3;950,2;932,3;436;21;19;24,6;20,8;20,4;18,8;92;72;89;275;18,8;7,1;
2011-10-25;17:00;,8;929,2;932,3;927;669,7;23,7;21,2;24,1;20,8;21,2;19,1;92;81;86;266;13,7;5;
2011-10-25;18:00;,8;925,3;930,5;925,3;226,8;20,4;18,5;23,8;20,2;21,2;18,2;91;80;89;278;18,6;5,5;
2011-10-25;19:00;,4;923,9;925,3;923,6;140,8;21,1;19,3;21,3;20,4;19,5;18,5;91;88;90;181;7,8;1;
2011-10-25;20:00;0;929,8;929,8;923,9;592,4;22,2;20;22,9;21,1;20,1;19,2;90;81;87;134;6,8;4;
2011-10-25;21:00;0;930,9;930,9;929,8;147,9;22,1;20,5;22,4;22;20,5;19,7;90;85;90;122;6,8;3,9;
2011-10-25;22:00;0;930,2;931,2;930,2;40,8;21,8;20,1;22,1;21,8;20,5;20,1;92;90;90;97;8,1;4,2;
2011-10-25;23:00;0;929,2;930,4;929,2;-9999;21,5;19,8;21,8;21,4;20,1;19,7;91;90;90;76;6,2;3;
2011-10-26;00:00;0;928,9;929,4;928,9;-9999;21,4;19,9;21,5;21,4;20;19,7;91;90;91;88;4,6;2,7;
2011-10-26;01:00;0;929,1;929,3;928,9;-9999;21,4;19,4;21,5;21,3;19,9;19,4;92;88;88;107;5,9;3,8;
2011-10-26;02:00;0;929,3;929,5;929,1;-9999;20,7;19,4;21,5;20,7;19,5;19,2;93;87;93;33;6,6;4,3;
2011-10-26;03:00;0;928,5;929,5;928,5;-9999;20,7;19,5;20,8;20,6;19,7;19,5;95;93;93;31;5,1;2,8;
2011-10-26;04:00;0;928,6;928,8;928,5;-9999;20,7;19,4;20,9;20,5;19,6;19,3;93;91;92;119;3,6;1,4;
2011-10-26;05:00;0;928,4;928,9;928,4;-9999;20,4;19,2;20,9;20,3;19,4;19,1;93;91;93;63;2,5;1,5;
2011-10-26;06:00;0;928;928,6;927,9;-9999;20,2;18,8;20,5;20,2;19,1;18,7;93;90;91;49;3,5;2,7;
2011-10-26;07:00;0;927,9;928,3;927,9;-9999;19,7;18,9;20,3;19,7;18,9;18,7;95;91;95;28;4,1;2,4;
2011-10-26;08:00;0;928,2;928,2;927,9;-9999;19,9;19,3;20,1;19,7;19,3;18,9;96;95;96;40;5,3;4,1;
2011-10-26;09:00;0;929,4;929,4;928,2;-9999;19,8;19,3;20;19,7;19,4;19,3;97;96;97;36;5,6;3,7;
2011-10-26;10:00;0;930,3;930,3;929,4;159,2;20;19,5;20;19,7;19,6;19,3;97;97;97;33;4,5;3,1;
2011-10-26;11:00;,2;933,7;933,7;930,3;504;20,7;20,3;20,7;20;20,3;19,5;97;97;97;39;6,4;4,4;
2011-10-26;12:00;0;940;940;933,7;1282,8;22,5;20,6;22,5;20,7;21,4;20,3;97;89;89;52;6,7;4,9;
2011-10-26;13:00;0;950,5;950,5;940;2321,6;24,5;20,4;24,6;22,5;21,3;20,3;89;77;78;37;6,4;1;
2011-10-26;14:00;0;959,7;959,7;950,5;2904,3;26,4;20,1;26,4;24,4;21,4;19,5;80;67;68;212;2,9;,4;
2011-10-26;15:00;0;965,2;965,2;959,7;2963,1;26,6;20,8;27,2;26,2;21,6;19,3;73;64;70;285;5,8;2,8;
2011-10-26;16:00;0;966,6;966,6;965,2;2818,2;27,5;19,9;27,5;26,4;21;19,2;71;62;63;296;5,8;1,6;
2011-10-26;17:00;0;968,7;968,7;966,6;2808,2;28,8;20,4;28,8;27,1;20,9;19,2;66;59;60;273;4,9;1,6;
2011-10-26;18:00;0;969,9;970,4;968,8;2202,6;28,4;19,9;29;27,9;20,7;19;64;58;60;268;4,7;3,1;
2011-10-26;19:00;0;967,2;969,9;967,2;1746,9;28,6;20,4;29,2;28,1;20,8;19,2;63;57;61;259;4,7;2,5;
2011-10-26;20:00;0;963,2;967,2;963,2;1076,1;28,5;19,8;28,6;28,1;21;19,1;65;57;59;278;4,2;2;
2011-10-26;21:00;0;959,8;963,2;959,8;644,2;27,8;20,8;28,5;27,7;20,9;19,5;67;59;66;298;3,1;2;
2011-10-26;22:00;0;952,2;959,8;952,2;97;25,2;21,5;27,8;25,2;21,5;20,4;80;65;80;347;2,9;2,1;
2011-10-26;23:00;0;943,6;952,2;943,6;-9999;24,7;20,8;25,2;24,5;21,6;20,8;82;77;79;291;2,4;0;
2011-10-27;00:00;0;939,4;943,6;939,4;-9999;24,1;20,5;25;24,1;21,4;20,3;83;77;80;301;0;0;
2011-10-27;01:00;0;936,6;939,4;936,6;-9999;24;20,3;24,1;23,4;20,8;20,2;84;79;80;271;1,6;0;
2011-10-27;02:00;0;935,5;936,8;935,5;-9999;23,1;20,5;24,1;23,1;21;20,1;87;78;86;81;1,5;0;
2011-10-27;03:00;0;934,1;935,7;934,1;-9999;22,8;20,5;23,3;22,6;20,8;20,2;89;84;87;145;0;0;
2011-10-27;04:00;0;933,1;934,3;933,1;-9999;22,4;20;23;22,4;20,5;19,9;87;83;86;29;0;0;
2011-10-27;05:00;0;932,4;933,3;932,4;-9999;21,7;20,1;22,5;21,5;20,1;19,8;91;86;91;43;4,4;2,8;
2011-10-27;06:00;0;931,8;932,6;931,7;-9999;21,9;20,3;22;21,6;20,4;20,1;92;91;91;34;4,8;3,6;
2011-10-27;07:00;0;932,1;932,2;931,8;-9999;22;20,3;22;21,7;20,4;20,2;92;90;90;29;5,4;3,7;
2011-10-27;08:00;0;932;932,6;932;-9999;21,4;20,1;22;21,3;20,3;20,1;93;90;93;28;5,4;3,3;
2011-10-27;09:00;0;931,4;932,2;931,4;-9999;21;19,8;21,4;21;20,1;19,8;93;92;93;30;4,1;1,8;
2011-10-27;10:00;0;931,5;931,6;931,1;133,5;21,8;20,2;21,8;20,9;20,2;19,8;94;91;91;104;2,6;0;
2011-10-27;11:00;0;936,5;936,5;931,5;524,7;23,1;21;23,1;21,7;21,1;20,2;92;87;88;189;1,3;0;
2011-10-27;12:00;0;944,2;944,2;936,6;1114,5;24,2;20,7;24,2;23;21,2;20,5;88;81;81;141;3,5;1,4;
2011-10-27;13:00;0;954,8;954,8;944,2;2084,3;26,9;20,9;26,9;24,2;21,5;20,3;81;68;70;11;3,5;1,5;
2011-10-27;14:00;0;963,6;963,6;954,8;2462,1;28;21,4;28;26,8;21,5;20;71;63;68;3;3,8;,5;
2011-10-27;15:00;0;967,8;967,8;963,6;3241;28,5;20,2;29;27,6;21,5;20,2;69;61;61;275;3,9;1,9;
2011-10-27;16:00;0;969,6;969,6;967,8;3239,6;29,8;19,9;30,5;28,4;21,4;19,4;64;54;55;311;4,3;1,5;
2011-10-27;17:00;0;971,8;972,6;969,6;2313,2;30,4;19,5;30,8;29,6;21;19,4;58;52;52;343;6,2;1,6;
2011-10-27;18:00;0;973,6;973,9;971,8;2634,4;30,5;19,7;31,5;30,1;21;19;56;49;52;357;5,2;1,2;
2011-10-27;19:00;0;969,4;973,6;969,4;1299,4;30,3;19,3;31,3;30,2;21,1;18,9;56;50;52;70;6,4;1,1;
2011-10-27;20:00;0;969,4;969,6;968,3;1468,5;29,5;19,7;31,8;29,5;20,1;18,4;56;47;56;104;5,2;1;
2011-10-27;21:00;0;957,9;969,4;957,9;218,2;28,6;20,6;29,4;28,1;20,6;19,8;64;56;62;161;4;0;
2011-10-27;22:00;0;950,9;957,9;950,9;106,2;27,4;21,1;28,7;27,2;21,8;20,3;71;61;69;169;2,9;0;
2011-10-27;23:00;0;945,3;950,8;945,3;-9999;25,6;20,8;27,7;25,6;21,4;20,2;75;64;75;201;2;0;
2011-10-28;00:00;0;940;945,3;940;-9999;26,3;20,6;26,5;25,6;21,6;20,5;78;71;71;143;1,4;0;
2011-10-28;01:00;0;938,5;940;938,5;-9999;25,1;21,6;26,4;25;21,6;20,6;81;70;81;105;0;0;
2011-10-28;02:00;0;936,9;938,6;936,9;-9999;25,1;20,7;25,9;24,6;21,6;20,6;82;73;77;118;3,4;1,3;
2011-10-28;03:00;0;935,7;937;935,7;-9999;24,7;20,3;25,3;24,6;21,1;20,3;81;76;77;78;4;2,5;
2011-10-28;04:00;0;934,1;935,9;934,1;-9999;23,7;20,6;24,7;23,2;20,6;20,2;85;76;83;66;4,5;3,3;
2011-10-28;05:00;0;933,6;934,1;933,5;-9999;24,2;20,3;24,4;23,7;20,7;20,3;83;79;79;100;4,8;2,4;
2011-10-28;06:00;0;932,6;934;932,6;-9999;23,8;20;24,2;23,2;20,4;20;84;79;79;91;4,6;3,4;
2011-10-28;07:00;0;932,5;932,8;932,5;-9999;23,5;19,7;24;23,3;20;19,7;80;78;79;76;5,6;3,4;
2011-10-28;08:00;0;931,5;932,8;931,5;-9999;22,4;19,6;23,6;22,4;19,7;19,6;84;78;84;47;4,8;3,2;
2011-10-28;09:00;0;929,3;931,5;929,3;-9999;22,2;19,5;22,6;21,6;19,6;19,4;87;83;85;71;4,1;3,4;
2011-10-28;10:00;0;932;932;929,3;205,2;24;20,5;24;22,1;20,5;19,5;85;81;81;51;4,1;2,2;
2011-10-28;11:00;0;943,6;943,6;932;1016,6;27,1;20,6;27,1;24;20,9;20,3;81;68;68;56;3,8;2,2;
2011-10-28;12:00;0;955,3;955,3;943,6;1981;28,8;21,1;28,8;27,1;21,3;20,3;68;62;63;55;6,7;4,3;
2011-10-28;13:00;0;962,5;962,5;955,3;2695,2;29,8;21,7;30;28,8;21,8;20,9;66;59;62;30;7,1;4,5;
2011-10-28;14:00;0;966,2;966,2;962,5;3319,3;30,8;21,2;30,9;29,6;21,9;20,1;62;55;56;43;8,9;5,1;
2011-10-28;15:00;0;969,2;969,2;966,2;3753,3;31,6;19,4;32;30,7;21,7;19,1;57;47;48;21;8,6;5,6;
2011-10-28;16:00;0;971,6;971,6;969,2;3823,5;32;19,5;32,8;31,6;20,8;18,2;52;43;48;8;9,6;4,6;
2011-10-28;17:00;0;973,2;973,4;971,6;3343,7;33,3;20;33,3;31,6;20,3;18,3;49;42;46;359;9,7;3,6;
2011-10-28;18:00;0;974,7;974,8;973,2;2874,6;33,6;19,3;33,8;32,6;19,8;16,8;45;38;43;342;9;4,1;
2011-10-28;19:00;0;974,3;975,1;974,3;2436,5;34,2;17,5;34,4;32,7;18,8;15,3;43;33;37;356;8;2,7;
2011-10-28;20:00;0;973,6;975,1;973,6;1749,1;33,7;16,8;34,5;33,4;18,3;15,6;39;33;36;18;9,4;3,5;
2011-10-28;21:00;0;968,2;973,7;968,2;814,5;32,8;16,5;33,7;32,8;17,2;15,1;38;34;38;344;6;1,6;
2011-10-28;22:00;0;956,6;968,2;956,6;93,1;30;18,8;32,8;29,6;19,8;17;55;38;51;353;4,1;0;
2011-10-28;23:00;0;945,4;956,6;945,4;-9999;29,1;20,2;30,4;28,5;20,7;18,8;61;50;59;354;2,8;,7;
2011-10-29;00:00;0;939,7;945,4;939,7;-9999;27,9;17,3;29,1;27,7;20,5;17,2;60;51;53;142;3,8;,8;
2011-10-29;01:00;0;937,4;939,7;937,4;-9999;27,8;17,3;28,1;27,6;17,6;16,7;54;51;53;123;4,1;1,5;
2011-10-29;02:00;0;935,7;937,5;935,7;-9999;26,5;18,7;28,4;26,3;18,7;16,5;62;49;62;91;4,2;2;
2011-10-29;03:00;0;933,6;935,7;933,6;-9999;26,5;18,1;26,9;26,4;18,5;17,9;62;58;60;73;4;3;
2011-10-29;04:00;0;932,5;933,7;932,5;-9999;26,1;18,7;26,5;26,1;18,9;18,1;64;60;64;94;3,8;,8;
2011-10-29;05:00;0;932,3;932,7;932,2;-9999;26,9;18,5;26,9;26;19;18,2;65;60;60;103;2,5;1,7;
2011-10-29;06:00;0;932,7;933;932,3;-9999;25,4;19,9;26,9;25,4;19,9;18,1;72;60;72;80;2,5;0;
2011-10-29;07:00;0;929,6;932,9;929,6;-9999;24,9;19;25,4;24,1;20,2;18,7;76;68;70;72;3,5;2,4;
2011-10-29;08:00;0;928,3;929,6;928,3;-9999;24,6;18,8;25;24,4;19;18,7;72;68;70;74;4;0;
2011-10-29;09:00;0;927,2;928,6;927,2;-9999;24;19;24,6;23,7;19,2;18,8;75;70;74;66;0;0;
2011-10-29;10:00;0;928,5;928,5;926,8;210,3;25,6;19,9;25,6;23,2;19,9;19,1;78;70;71;45;3,7;3;
2011-10-29;11:00;0;939;939;928,5;986,5;27,7;20,1;27,7;25,6;20,1;19,4;71;62;63;35;5,8;4,2;
2011-10-29;12:00;0;949,4;949,4;939;1931,9;29,8;20,7;29,8;27,7;20,7;19,7;64;56;58;32;6,7;4,4;
2011-10-29;13:00;0;958,4;958,4;949,4;2699,7;31,3;19,9;31,4;29,8;20,7;18,9;58;48;51;21;6;3,3;
2011-10-29;14:00;0;964,3;964,3;958,5;3288,3;32,8;20,7;32,8;31,2;20,7;18,8;52;45;49;352;9;3,3;
2011-10-29;15:00;0;968;968;964,3;3667,7;33,5;19,1;34,2;32,2;20,2;17,4;49;39;43;7;9,2;5,2;
2011-10-29;16:00;0;967,7;970,1;967,7;3174,6;33,4;19,5;34,2;32;20,5;18,3;49;42;44;314;10;3,2;
2011-10-29;17:00;0;968,7;968,7;967,6;2750,3;33,7;19;34,6;32,7;19,7;17,9;45;38;42;5;8,1;3,9;
2011-10-29;18:00;0;966,9;969;966,8;2194,1;34,7;18,4;34,8;33;20,1;17,1;44;36;38;331;7,3;3,3;
2011-10-29;19:00;0;967,9;968,9;966,9;2376,9;33,2;20;35,1;32,8;20;17,5;46;36;46;289;10,2;6,4;
2011-10-29;20:00;0;959,9;967,9;959,9;1335,4;26,8;17,5;33,9;26,8;20,1;17,3;57;41;57;301;16,3;11,1;
2011-10-29;21:00;0;939,6;959,9;939,6;279,8;28,1;20,4;28,9;26,6;20,5;16,8;63;52;63;300;16,3;1,4;
2011-10-29;22:00;0;934;939,6;934;51,6;27,8;20,1;28,2;27,5;20,7;20,1;65;63;63;288;4,7;1,5;
2011-10-29;23:00;0;931,4;933,9;931,4;-9999;27,9;20,4;28,6;27,8;21;18,8;65;55;64;96;2,2;0;
2011-10-30;00:00;0;929,7;931,5;929,7;-9999;27,3;19,9;28;26,1;20,5;19,3;71;60;64;128;0;0;
2011-10-30;01:00;0;929,1;929,8;929,1;-9999;27,9;19,6;27,9;26,9;20,5;19,1;68;59;60;110;2;0;
2011-10-30;02:00;0;929,7;929,9;929,1;-9999;25,4;20,1;27,9;25,4;20,7;19,6;73;60;73;38;6;4;
2011-10-30;03:00;0;925,2;929,7;925,2;-9999;24,9;19,3;25,7;24,6;20,1;19,3;74;70;71;58;6,7;3,8;
2011-10-30;04:00;0;923,5;925,2;923,5;-9999;25;18,6;25,1;24,6;19,4;18,6;72;68;68;48;5,7;3,8;
2011-10-30;05:00;0;922,4;923,9;922,4;-9999;24,1;18,9;25,1;23,9;18,9;18,5;74;67;73;31;7;5,4;
2011-10-30;06:00;0;920,5;922,6;920,5;-9999;22,3;18,8;24,1;22,3;19,4;18,7;82;72;80;33;13,6;9,4;
2011-10-30;07:00;0;917,4;920,5;917,4;-9999;21,7;18,1;22,4;21,7;18,8;18,1;81;78;80;38;14,3;7,4;
2011-10-30;08:00;0;915,7;917,4;915,7;-9999;21,4;17,7;21,7;21,2;18;17,5;80;77;80;44;13,8;7,4;
2011-10-30;09:00;0;915,6;915,9;915,5;-9999;20,9;18,1;21,4;20,9;18,2;17,7;84;80;84;29;10,6;7,2;
2011-10-30;10:00;0;915,2;915,9;915,1;91,3;20,4;19;20,9;20,4;19;18,1;91;84;91;36;11,6;8,1;
2011-10-30;11:00;0;917,2;917,2;915,2;402;21;18,3;21,1;20,4;19,1;18,2;92;84;85;36;13,4;8,8;
2011-10-30;12:00;0;920,2;920,2;917,3;450,2;20,9;18,8;21,2;20,8;18,8;18,3;88;84;88;18;13;5,4;
2011-10-30;13:00;0;919,3;920,6;919,3;284,2;20;18,1;20,9;20;19;18,1;92;88;89;30;14;9,3;
2011-10-30;14:00;0;921,8;921,8;919,3;1032,6;21;17,8;21,2;19,9;18,3;17,6;90;82;82;39;13,1;8,9;
2011-10-30;15:00;0;927,1;927,1;921,9;1024,6;21,6;17,9;21,8;21;18,3;17,5;82;79;80;44;11,9;5;
2011-10-30;16:00;0;928,4;928,4;927,1;707;22,1;18,9;22,2;20,9;18,9;17,6;83;78;82;199;8,1;0;
2011-10-30;17:00;0;931,1;931,1;928,4;656;22,2;18,4;22,2;21,5;18,9;18,1;83;79;79;188;6,1;0;
2011-10-30;18:00;0;932,3;932,3;931,2;689,5;22,8;18,6;22,8;22,2;18,9;18,1;80;76;77;178;2,8;,1;
2011-10-30;19:00;0;934,6;934,6;932,3;766,7;22,8;19;22,8;22,4;19,3;18,5;82;77;79;153;3,4;0;
2011-10-30;20:00;0;936,1;936,1;934,6;555,9;22,9;18,4;23,1;22,8;19,1;18,3;79;75;76;142;0;0;
2011-10-30;21:00;0;935,1;936,3;935,1;307,7;22,9;18,8;23,2;22,9;19;18,4;78;75;78;146;2,2;0;
2011-10-30;22:00;0;933,1;935,3;933,1;73,1;22,3;19,3;22,9;22,3;19,4;18,4;83;76;83;105;5,7;3,8;
2011-10-30;23:00;0;929,7;933,1;929,7;-9999;21;18,9;22,3;21;19,4;18,7;88;83;88;1;8,3;,5;
2011-10-31;00:00;0;926,9;929,7;926,9;-9999;20,7;19,3;21,1;20,6;19,3;18,8;91;88;91;257;2,7;0;
2011-10-31;01:00;0;926,6;927,1;926,6;-9999;20,6;19,2;20,9;20,6;19,5;19,2;92;91;92;337;0;0;
2011-10-31;02:00;0;925,6;926,9;925,5;-9999;19,9;18,9;20,6;19,9;19,1;18,8;94;92;94;301;0;0;
2011-10-31;03:00;0;924,3;925,7;924,2;-9999;19,8;19;19,9;19,3;19;18,3;95;94;95;278;2,4;0;
2011-10-31;04:00;0;924,5;924,6;924,3;-9999;19,4;18,7;19,9;19,3;19,2;18,6;96;95;96;230;0;0;
2011-10-31;05:00;0;925,2;925,2;924,5;-9999;19,4;18,8;19,6;19,1;19,1;18,5;97;96;97;255;2,4;0;
2011-10-31;06:00;0;925,7;925,7;925,2;-9999;19,3;18,8;19,4;19,2;18,9;18,7;97;97;97;223;0;0;
2011-10-31;07:00;,2;927;927;925,7;,2;19,6;19,1;19,6;19,1;19,1;18,7;97;97;97;209;3,4;,1;
2011-10-31;08:00;0;928,9;928,9;927;,4;19,6;19,2;19,8;19,5;19,3;19,1;97;97;97;209;2,3;,1;
2011-10-31;09:00;0;929,9;929,9;928,9;,8;19,5;19,1;19,7;19,4;19,2;19;97;97;97;198;1,4;0;
2011-10-31;10:00;0;930,9;930,9;929,9;134;19,9;19,4;19,9;19,4;19,5;19;98;97;97;204;1,6;,1;
2011-10-31;11:00;0;935;935;930,9;578,9;21,1;19,6;21,1;19,9;20,3;19,2;97;90;91;199;3,8;,2;
2011-10-31;12:00;0;944,3;944,3;935,1;1646,9;22,8;19;22,9;21,1;20,2;18,8;92;79;79;195;4,6;,8;
2011-10-31;13:00;0;952,7;952,7;944,4;2583,3;25;19,2;25,1;22,1;19,8;18,5;82;70;70;199;4,8;1;
2011-10-31;14:00;0;959,8;959,8;952,7;2526,6;26,1;18,5;26,3;24,4;19,1;17,7;71;63;63;195;4,4;,8;
2011-10-31;15:00;0;964,9;964,9;959,9;2931,7;26,9;18,1;27,7;25,4;19;17,3;65;56;59;212;5,2;1,4;
2011-10-31;16:00;0;965,3;966,7;964,9;1531,7;26,4;17,6;26,9;25,7;18,5;17,6;63;58;59;210;4,8;1,2;
2011-10-31;17:00;0;963,5;965,5;963,5;1128,3;26,5;18,7;27,1;26;18,9;17,4;63;58;62;203;4,3;1,4;
2011-10-31;18:00;0;962,2;963,7;962,1;1309,5;26,4;18,7;27;25,9;19,2;18;65;59;62;214;5,4;2,1;
2011-10-31;19:00;0;961;962,5;961;1350,3;26,9;17,8;27,3;26,1;19,1;17,5;64;56;58;201;5,6;1,1;
2011-10-31;20:00;0;960,3;962,3;960,3;1241,2;26,9;17,2;27,9;26,4;18;16,4;60;52;56;253;6,3;3,5;
2011-10-31;21:00;0;958;960,3;958;810,9;26,6;17,9;27,4;26,6;18,3;17,1;60;54;59;229;5,5;1,5;
2011-10-31;22:00;0;951,1;958;951,1;119,3;24,7;18,6;26,6;24,7;18,6;17,9;69;59;69;208;3,7;,6;
2011-10-31;23:00;0;942,4;951,1;942,4;-9999;23,2;18,7;24,7;23,2;18,7;18,6;76;69;76;223;3;0;
2011-11-01;00:00;0;937,1;942,4;937,1;-9999;22,8;19;23,3;22,7;19;18,7;79;76;79;190;2;0;
2011-11-01;01:00;0;934,5;937,1;934,5;-9999;22,5;19,3;22,8;22,4;19,3;19;82;79;82;186;,7;0;
2011-11-01;02:00;0;934,2;934,7;934,1;-9999;22,4;19,3;22,6;22,3;19,4;19,2;83;82;83;178;0;0;
2011-11-01;03:00;0;932,8;934,6;932,8;-9999;21;19;22,4;21;19,5;19;88;83;88;226;0;0;
2011-11-01;04:00;0;930,3;932,8;930,3;-9999;20,8;19,3;21,2;20,7;19,6;18,9;91;88;91;191;0;0;
2011-11-01;05:00;0;929,4;930,4;929,4;-9999;20,7;19,2;21,1;20,7;19,6;19,2;92;91;91;197;0;0;
2011-11-01;06:00;0;928,8;929,7;928,8;-9999;20,4;19,1;20,7;20,3;19,2;18,9;92;91;92;195;0;0;
2011-11-01;07:00;0;929,7;929,7;928,8;-9999;20,7;19,1;20,9;20,4;19,3;19,1;92;90;90;156;3,5;1,8;
2011-11-01;08:00;0;930,5;930,7;929,7;-9999;20,1;18,9;20,7;20;19,1;18,8;93;90;93;142;3,6;1,6;
2011-11-01;09:00;0;930,5;930,8;930,5;-9999;20,1;18,7;20,4;19,9;19;18,7;93;92;92;140;5,6;3,7;
2011-11-01;10:00;0;932,7;932,7;930,5;233,8;21,3;18,6;21,3;20;18,7;18,6;92;85;85;144;8,7;5,6;
2011-11-01;11:00;0;939,5;939,5;932,7;1057,5;22,3;18,1;22,4;21,3;18,7;18;85;77;77;144;11,2;6,8;
2011-11-01;12:00;0;946,9;946,9;939,5;2049,1;23,7;18,1;24;22,3;18,6;17,9;77;70;71;141;10,4;6,6;
2011-11-01;13:00;0;954,4;954,4;946,9;2819,1;25,5;18,3;25,5;23,6;19;17,9;71;65;65;137;10;4,4;
2011-11-01;14:00;0;961,4;961,4;954,5;3233,6;27,5;17,5;27,9;25,4;18,9;17,5;66;54;54;127;8,5;2,4;
2011-11-01;15:00;0;969,2;969,2;961,4;3222,9;29,2;17,7;29,3;27,3;18,9;17,3;58;50;50;186;6,1;1,5;
2011-11-01;16:00;0;972,5;972,6;969,2;2931,2;28,9;17,4;30,3;28;18,7;17;54;47;50;173;7,7;2,7;
2011-11-01;17:00;0;972,2;973;972,1;2298,5;29,2;17,9;30,4;28,3;18,8;17,1;54;48;50;182;7,3;3;
2011-11-01;18:00;0;973,8;974,1;972,2;2533,7;29,2;17;30,6;29,1;18,6;17;51;46;48;164;7,3;3,5;
2011-11-01;19:00;0;972;973,8;972;2229,5;30,2;16,5;30,7;29,2;18;16,5;49;44;44;164;6,6;3,6;
2011-11-01;20:00;0;969,2;972,3;969,2;1500,9;29,4;16,3;30,3;29,1;17,4;16,1;48;44;45;189;7,1;3,1;
2011-11-01;21:00;0;963,5;969,4;963,5;826,7;28,1;16,8;29,7;28,1;16,9;16,2;50;45;50;181;7,4;2,7;
2011-11-01;22:00;0;953,5;963,4;953,5;115;26,4;16,4;28,1;26,4;16,9;16,4;54;50;54;166;6,7;3;
2011-11-01;23:00;0;944,7;953,5;944,7;-9999;25,3;16,2;26,4;25,1;16,5;16,2;59;54;57;165;6,3;2,9;
2011-11-02;00:00;0;939,8;944,7;939,8;-9999;24,1;15,9;25,3;24,1;16,3;15,8;60;57;60;159;6,3;3,4;
2011-11-02;01:00;0;935,9;939,8;935,9;-9999;23,3;15,5;24,1;23,3;16;15,5;62;60;62;157;5,7;3,7;
2011-11-02;02:00;0;932,8;935,9;932,8;-9999;22,4;15,4;23,3;22,2;15,5;15,4;65;62;65;156;6,3;3,8;
2011-11-02;03:00;0;930,2;932,8;930,2;-9999;21,8;15,3;22,4;21,5;15,5;15,3;68;65;67;139;7,5;5;
2011-11-02;04:00;0;929,2;930,3;929,2;-9999;21,1;15,2;21,8;21,1;15,4;15,2;69;66;69;144;8,1;4,4;
2011-11-02;05:00;0;928,5;929,4;928,5;-9999;20,6;14,7;21,4;20,6;15,2;14,5;69;65;69;141;8,1;5;
2011-11-02;06:00;0;926;928,6;926;-9999;20,2;14,3;20,6;19,8;14,7;14,3;72;69;69;131;7,4;3,1;
2011-11-02;07:00;0;925,4;926,2;925,4;-9999;19,6;13,9;20,4;19,6;14,3;13,9;70;67;70;120;7,3;3,4;
2011-11-02;08:00;0;924,8;925,6;924,8;-9999;19,3;13,7;19,7;19,3;13,9;13,4;70;67;70;142;7,1;3,9;
2011-11-02;09:00;0;924,8;925,1;924,7;-9999;19,3;12,7;19,4;19,2;13,8;12,7;71;66;66;105;9,2;5,4;
2011-11-02;10:00;0;927,8;927,8;924,8;244,4;20,6;12,2;20,6;19,3;12,7;12,1;66;58;58;111;9,9;5,6;
2011-11-02;11:00;0;936,2;936,2;927,8;1077,5;23,3;12,2;23,3;20,6;12,4;11,8;59;50;50;117;11,1;5,2;
2011-11-02;12:00;0;947,1;947,1;936,2;2065,7;25,3;12,8;25,3;23,3;12,8;12;50;45;46;98;9,9;6,9;
2011-11-02;13:00;0;957,1;957,1;947,1;2845,5;27,5;13,3;27,7;25,3;13,6;12,5;46;41;42;86;9,7;4,2;
2011-11-02;14:00;0;965,4;965,4;957,1;3427,5;29,2;13,1;29,5;27,5;13,9;12;42;36;37;89;7;3,5;
2011-11-02;15:00;0;972,3;972,3;965,4;3765,9;31,7;13,9;31,7;29,2;14,3;12,7;38;34;34;78;6,3;,8;
2011-11-02;16:00;0;978,4;978,4;972,3;3611,5;30,9;13,1;32,2;30,7;14,7;12,7;37;32;34;256;5,1;,3;
2011-11-02;17:00;0;976,3;979,1;976,3;1381,4;31,6;14,4;32;30,5;15,3;13;38;33;35;280;3,5;,6;
2011-11-02;18:00;0;979,6;979,6;976,1;3317,8;31,8;12,8;33,2;31,6;14,7;12,4;35;29;31;208;6,6;,6;
2011-11-02;19:00;0;978,7;980,2;978,6;2250,4;32,9;11,5;33,2;31,4;13,7;10,9;33;27;27;199;5,2;,9;
2011-11-02;20:00;0;977;979,4;977;1764,4;31,8;11,9;33,1;31,8;13,5;11,2;31;27;30;167;6,3;2,7;
2011-11-02;21:00;0;968,6;977;968,6;799,9;30,2;14,3;32,2;30,2;14,7;11,8;38;29;38;183;6,6;2,5;
2011-11-02;22:00;0;955,4;968,6;955,4;85,2;27,8;14,6;30,2;27,8;15;14,2;45;38;45;179;4,6;1,2;
2011-11-02;23:00;0;944,8;955,4;944,8;-9999;26,5;14,1;27,8;26,5;14,7;14,1;47;45;46;159;4,5;2,2;
2011-11-03;00:00;0;939,4;944,8;939,4;-9999;25,3;14;26,6;25,3;14,1;13,8;49;45;49;152;4,5;2,3;
2011-11-03;01:00;0;935,9;939,4;935,9;-9999;25,2;13;25,5;25;14;13;50;47;47;137;4,7;3,2;
2011-11-03;02:00;0;934,5;936;934,5;-9999;24,7;12,9;25,4;24,4;13,4;12,8;50;46;48;134;4,6;2,9;
2011-11-03;03:00;0;934;934,7;934;-9999;24,2;12,8;25;24,2;12,9;12,5;49;46;49;140;7,3;5,1;
2011-11-03;04:00;0;932,8;934,2;932,8;-9999;23,5;13,4;24,2;23,5;13,4;12,8;53;49;53;139;7,8;3,7;
2011-11-03;05:00;0;932,5;933;932,3;-9999;23,9;13,6;24,1;23,4;13,6;13,4;54;51;52;103;9,8;6,6;
2011-11-03;06:00;0;932,7;933;932,5;-9999;23,5;13,7;23,9;23,4;13,7;13,5;55;52;54;101;9,8;6,2;
2011-11-03;07:00;0;931,3;933;931,3;-9999;22,6;14;23,5;22,6;14;13,7;58;54;58;105;9,1;4,4;
2011-11-03;08:00;0;929,2;931,4;929,2;-9999;22,6;14,2;22,7;22,1;14,3;14;61;58;59;97;8,2;5,5;
2011-11-03;09:00;0;928,1;929,6;928,1;-9999;21,6;14,5;22,6;21,5;14,5;14,2;64;59;64;81;8,2;5,4;
2011-11-03;10:00;0;929,2;929,2;928,1;218,1;22,6;15,1;22,6;21,6;15,1;14,5;65;62;62;92;8,4;6,1;
2011-11-03;11:00;0;935,5;935,5;929,2;809,2;24,4;16,1;24,4;22,6;16,4;15,2;64;60;60;74;8,4;3,8;
2011-11-03;12:00;0;946,2;946,2;935,5;1866,3;27;17,8;27;24,4;17,9;16,3;61;57;57;56;10,3;6,3;
2011-11-03;13:00;0;955,7;955,7;946,2;2804,8;28,7;18,4;28,7;26,9;18,7;17,6;58;54;54;59;10,3;6,7;
2011-11-03;14:00;0;961,3;961,3;955,7;3405,7;29,5;18,6;30,3;28,4;19,3;18,2;55;50;52;39;10,9;6,6;
2011-11-03;15:00;0;966,5;966,5;961,3;3845,9;31,2;19,3;31,4;29,6;19,7;18,5;52;48;49;41;10,9;5,6;
2011-11-03;16:00;0;969,5;969,5;966,5;3717,7;31,7;18,4;32,4;30,1;19,9;18,4;52;44;45;18;9,4;4,9;
2011-11-03;17:00;0;971;971,7;969,5;3033,7;31,8;18,1;32,3;30,5;19,8;18;50;44;44;30;9,6;4,7;
2011-11-03;18:00;0;972,4;972,4;971;3202,5;32,6;17,4;33;31,5;19,3;16,6;47;40;40;5;8,4;4,6;
2011-11-03;19:00;0;972,3;973;972,2;2455,6;32,1;16,4;32,8;31,6;18,1;16;43;38;39;43;7,6;3;
2011-11-03;20:00;0;971,2;972,9;971,2;1814,9;32;16,1;32,7;31,8;17,2;15,6;40;37;38;358;5,5;2,1;
2011-11-03;21:00;0;965,1;971,1;965,1;781,6;31,1;17,2;32,6;31,1;17,4;16,3;44;38;44;29;5,5;2,5;
2011-11-03;22:00;0;954,5;965,1;954,5;154,4;26,8;16,3;31,1;26,8;17,7;16,3;52;43;52;125;15,8;4,4;
2011-11-03;23:00;0;937,9;954,4;937,9;-9999;26,1;12,1;27,8;25;16,1;10,9;55;35;42;111;20,8;1,9;
2011-11-04;00:00;0;934,6;937,9;934,6;-9999;24,9;14,2;27,8;24,8;14,2;10,2;51;33;51;98;4,8;1,9;
2011-11-04;01:00;0;931,4;934,6;931,4;-9999;24,8;16,4;25,8;24,4;16,4;13,8;60;50;60;51;7;3,9;
2011-11-04;02:00;,2;927,4;931,5;927,4;-9999;21,1;17,7;24,8;21,1;19,3;16,8;85;60;81;83;15,4;10,5;
2011-11-04;03:00;4,8;916,4;927,3;916,4;,9;20,6;16,5;21,1;19,5;17,7;16,5;87;77;78;357;15;4,7;
2011-11-04;04:00;,2;917,9;917,9;916,2;,5;21,8;18,6;21,9;20,6;18,7;16,3;83;75;82;14;8,4;3,5;
2011-11-04;05:00;0;921,4;921,4;917,9;1,7;21,8;18,9;22;21,6;19,2;18,4;85;81;84;41;6;3,1;
2011-11-04;06:00;0;923,3;923,3;921,4;,5;21,7;18,2;21,9;21,5;19;18,2;86;81;81;138;3,9;,1;
2011-11-04;07:00;0;924,8;924,8;923,3;-9999;21,7;19,2;22,2;21,7;19,2;18,2;86;79;86;82;2,8;0;
2011-11-04;08:00;0;924,2;925,2;924,2;-9999;21,7;18,9;21,8;20,9;19,4;18,9;90;84;84;115;0;0;
2011-11-04;09:00;0;925,2;925,2;924,2;-9999;21,5;18,3;21,9;21,3;18,8;18,3;85;82;82;140;1,5;0;
2011-11-04;10:00;0;927,3;927,3;925,2;169,9;21,9;19,4;22;21,2;19,4;18,2;86;81;86;123;0;0;
2011-11-04;11:00;0;937,3;937,3;927,3;988,5;25,6;20,6;25,6;21,9;20,8;19,5;87;72;74;68;3,8;2,2;
2011-11-04;12:00;0;948,8;948,8;937,3;1989,3;26,5;20,9;26,5;25,6;21,2;20,2;75;69;71;48;3,8;1,3;
2011-11-04;13:00;0;956;956;948,8;2626,9;27,2;21;27,4;26,4;21,7;20,4;73;67;69;32;4,9;1,6;
2011-11-04;14:00;0;959,3;959,3;956;3038,5;29,2;21,2;29,2;27,2;22,1;20;72;61;62;25;6,4;2,9;
2011-11-04;15:00;0;963;963;959,3;3696,4;29,1;20,6;29,8;28,3;21,9;19,8;65;57;60;35;7,8;4;
2011-11-04;16:00;0;965,2;965,2;963;3709,6;30,5;20,9;30,8;28,9;21,5;19,9;62;55;57;37;7,4;3,2;
2011-11-04;17:00;0;968,4;968,4;965,2;3355,3;30,4;19,8;31,6;29,6;21,1;19,1;58;49;53;47;7,4;4;
2011-11-04;18:00;0;967,9;969,2;967,9;2353;29,9;19,3;31,2;29,9;20,5;19,2;56;50;53;29;7;2,3;
2011-11-04;19:00;0;966;967,9;966;1840,2;30;20,4;31;29,8;20,8;19,3;57;52;56;19;5,6;2,2;
2011-11-04;20:00;0;962;966;962;910,8;29,6;20,3;30,2;29,5;20,6;19,7;59;54;58;20;4,9;1,6;
2011-11-04;21:00;0;955,9;962;955,9;345;25,9;16,9;29,6;25,9;20,4;16,5;59;52;58;168;4,1;1,5;
2011-11-04;22:00;0;943,6;955,9;943,6;117,5;25,9;17,6;26,1;25,7;17,6;16,6;61;55;60;128;4,1;,4;
2011-11-04;23:00;0;937,6;943,6;937,6;-9999;25,6;18,6;26;25;19,4;16,8;71;57;65;97;3,9;0;
2011-11-05;00:00;0;934,6;937,6;934,6;-9999;24,9;17;26,3;23,9;18,8;16,4;70;60;62;120;16,4;8,3;
2011-11-05;01:00;1;924,9;934,8;924,9;0;20,4;17,9;24,8;20,4;18,7;17,1;88;62;86;88;19,4;11,9;
2011-11-05;02:00;0;920,2;924,8;920,2;-9999;19,6;17,7;20,6;19,6;18,1;17,5;89;83;89;65;15,4;8,4;
2011-11-05;03:00;0;919,5;920,3;919,4;-9999;20,1;18,3;20,1;19,6;18,3;17,6;91;86;89;53;12,4;4,5;
2011-11-05;04:00;0;921,1;921,1;919,5;-9999;19,6;18,2;20,5;19,6;18,4;18,2;91;87;91;30;6,7;3,4;
2011-11-05;05:00;0;920,7;921,5;920,6;-9999;19,5;18,2;19,6;19,3;18,4;18,1;94;91;92;17;6,5;4,2;
2011-11-05;06:00;0;921;921;920,7;-9999;19,5;18,1;19,5;19,3;18,4;18;95;91;91;186;6,4;0;
2011-11-05;07:00;0;921,8;921,8;921;-9999;19;17,6;20,1;19;18,2;17,3;92;84;92;45;8,8;4,2;
2011-11-05;08:00;0;921,6;922,1;921,5;-9999;19;18,1;19,1;18,9;18,1;17,6;94;92;94;44;13,4;9,4;
2011-11-05;09:00;0;922,9;922,9;921,6;-9999;19,5;18,4;19,5;19;18,4;18,1;95;93;93;56;13,4;7,4;
2011-11-05;10:00;0;925,1;925,1;922,9;144,7;20,1;18;20,1;19,5;18,4;18;93;88;88;47;10,8;7,7;
2011-11-05;11:00;0;929,3;929,3;925,1;596,1;20,5;18,8;20,6;20,1;18,9;18;91;87;90;31;10,4;3,4;
2011-11-05;12:00;0;936,5;936,5;929,3;1379,6;22,8;17,9;22,9;20,5;19;17,9;90;73;74;55;5,3;3,2;
2011-11-05;13:00;0;947,9;947,9;936,5;2158,6;24,9;17,2;25;22,8;18,3;16,7;74;61;62;29;7,5;3,4;
2011-11-05;14:00;0;955,9;955,9;947,9;2849,8;27;17,3;27;24,7;17,9;16,7;64;55;55;44;6,9;4,5;
2011-11-05;15:00;0;959,7;959,7;955,9;2910,8;27,3;19;27,3;26,4;19;17,1;62;55;61;36;7,4;3,5;
2011-11-05;16:00;0;963,2;963,2;959,7;3057,4;27,5;17,8;28,4;26,9;18,9;17,5;61;53;56;28;9,4;5,4;
2011-11-05;17:00;0;963,9;964;963,2;2153,1;27,6;18,3;28;27,1;18,8;17,6;59;55;57;33;9;3,2;
2011-11-05;18:00;0;964,2;964,3;963,9;2137,2;28,6;17,2;28,6;27,4;18,6;16,8;58;50;50;21;5,9;2,7;
2011-11-05;19:00;0;964,1;964,8;964,1;1563,6;27,9;17,3;28,6;27,7;18,1;16,5;54;48;53;44;4,7;,5;
2011-11-05;20:00;0;961,7;964,3;961,7;1070;28,3;17,4;28,5;27,6;17,7;16,7;55;49;51;41;2,5;,4;
2011-11-05;21:00;0;957,7;962;957,7;432,6;27,5;18,9;28,4;27,5;18,9;16,7;60;49;60;55;2,8;0;
2011-11-05;22:00;0;946,9;957,7;946,9;191,5;23,3;17,7;27,8;23,3;19,4;17,2;71;57;71;38;9,8;2,5;
2011-11-05;23:00;0;936,1;946,9;936,1;-9999;23,1;17,7;23,4;22,8;17,9;17,4;74;69;72;117;3,5;,3;
2011-11-06;00:00;0;934,5;936,1;934,5;-9999;23,7;17,5;23,8;23,1;17,8;17,4;72;68;68;73;4,1;2,8;
2011-11-06;01:00;0;935,4;935,4;934,5;-9999;23,6;18,2;24;23,4;18,3;17,6;72;68;72;112;4,1;,3;
2011-11-06;02:00;0;935,4;935,8;935,4;-9999;23,1;18,5;23,6;23,1;18,6;18,1;76;72;76;72;3,6;2,5;
2011-11-06;03:00;0;933,8;935,5;933,8;-9999;22,2;18,5;23,1;22,1;18,6;18,4;80;75;80;64;3,5;2,8;
2011-11-06;04:00;0;932,9;933,8;932,8;-9999;22,3;18,4;23,1;22,1;18,6;18,4;81;75;79;169;3,5;0;
2011-11-06;05:00;0;932;933,1;932;-9999;22;18,5;22,7;21,9;18,7;18,3;81;76;81;140;1,9;0;
2011-11-06;06:00;0;929,9;932,3;929,9;-9999;21,3;18,3;22;21,1;18,7;18,3;85;81;83;53;0;0;
2011-11-06;07:00;0;928,3;930;928,3;-9999;20,5;18,2;21,3;20,5;18,3;18,1;87;83;87;26;2,5;1,7;
2011-11-06;08:00;0;927,7;928,4;927,6;-9999;20,6;18,1;21;20,4;18,3;17,9;87;83;86;26;3;2,3;
2011-11-06;09:00;0;927,5;928;927,4;-9999;20,2;18,2;20,6;19,9;18,2;17,9;89;86;88;35;3,4;3;
2011-11-06;10:00;0;930,3;930,3;927,5;163;21,9;19,1;21,9;20,2;19,1;18,2;88;84;84;32;5,1;3,3;
2011-11-06;11:00;0;937,4;937,4;930,3;685,2;23,4;19,5;23,6;21,9;19,9;19;84;78;79;38;6,7;4,8;
2011-11-06;12:00;0;949,4;949,4;937,4;2102;25,5;18;25,7;23,4;19,6;17,9;79;63;63;23;7,3;5,3;
2011-11-06;13:00;0;957,8;957,8;949,4;2743,5;26,6;18,7;26,8;25,2;19;17,8;65;60;62;45;7,3;4;
2011-11-06;14:00;0;963,3;963,3;957,9;3409,1;28,3;16,7;29;26,6;18,7;15,4;62;45;50;48;7,6;4,6;
2011-11-06;15:00;0;967,8;967,8;963,3;3763,3;29,3;17,6;29,9;27,9;18,2;16,2;53;47;49;30;8,1;4,6;
2011-11-06;16:00;0;969,6;969,7;967,8;3555,9;29,9;15,4;30,5;28,4;17,9;15,4;51;41;42;8;9,7;5,1;
2011-11-06;17:00;0;971;971,1;969,6;3743,4;30,1;15,4;30,4;29,1;17,2;13,9;47;37;41;25;9;5,3;
2011-11-06;18:00;0;971,3;971,6;971;3302,4;30,3;15,1;31,3;29,3;16,9;14,5;46;38;40;15;8,9;5,1;
2011-11-06;19:00;0;970,7;971,7;970,7;2634,2;30,3;16,3;30,9;29,9;16,5;14,7;44;39;43;8;9,1;5,1;
2011-11-06;20:00;0;966,3;970,9;966,3;1307,7;28,9;17;30,4;28,8;17,1;16;49;42;49;16;7,4;4,9;
2011-11-06;21:00;0;958;966,3;958;482,2;28,1;18;29;28;18,1;16,9;55;48;55;8;7,4;3,1;
2011-11-06;22:00;0;950,2;958;950,2;80,1;26,3;18;28,1;26,3;18,1;17,6;60;53;60;11;5,4;2,7;
2011-11-06;23:00;0;941;950,2;941;-9999;24,3;18,5;26,3;24,2;19,2;18,1;73;60;70;26;9,2;4,9;
2011-11-07;00:00;0;936,3;941;936,3;-9999;23,6;18,8;24,3;23,6;18,8;18,5;74;70;74;24;7,4;2,9;
2011-11-07;01:00;0;934,3;936,3;934,3;-9999;23,6;18,7;23,7;23,5;18,8;18,6;75;73;74;30;7,6;5,5;
2011-11-07;02:00;0;933;934,5;933;-9999;22,8;19,2;23,6;22,8;19,2;18,7;80;74;80;27;7,6;3,8;
2011-11-07;03:00;0;932,5;933,2;932,4;-9999;22,4;19,5;23,1;22,4;19,5;19,2;84;79;84;21;8,2;4,2;
2011-11-07;04:00;0;930,9;932,7;930,9;-9999;21,7;19,9;22,4;21,7;19,9;19,6;90;84;90;34;6,6;3,4;
2011-11-07;05:00;0;929,7;931;929,7;-9999;21,8;19,8;21,8;21,6;20;19,8;90;88;88;89;5,4;,9;
2011-11-07;06:00;0;930,3;930,3;929,7;-9999;22;19,3;22;21,7;19,9;19,3;89;85;85;70;4,5;2,3;
2011-11-07;07:00;0;930,3;930,9;930,3;-9999;21,1;19;22;21,1;19,4;19;88;85;88;55;6,8;4,6;
2011-11-07;08:00;1,4;928,3;930,4;928,3;-9999;20,4;19,2;21,1;20,4;19,2;18,8;92;88;92;74;6,8;3,9;
2011-11-07;09:00;,8;926,2;928,4;926,2;-9999;19,4;17,8;20,4;19,4;19,2;17,8;95;91;91;54;9,1;6,8;
2011-11-07;10:00;,2;924;926,2;923,9;106,2;19,6;17,2;19,6;19;17,8;17,2;91;86;86;80;9,9;3,3;
2011-11-07;11:00;0;928,1;928,1;924;630,1;20,6;18;20,7;19,6;18;17,2;87;83;85;37;5,3;3,6;
2011-11-07;12:00;0;934,7;934,7;928,1;1154,3;20,7;18,1;21,3;20,4;18,9;17,5;88;83;85;45;8,4;5,9;
2011-11-07;13:00;0;938;938;934,7;1611,3;21,3;18,7;21,4;20,6;18,9;18;88;83;85;53;11,5;8;
2011-11-07;14:00;0;939,1;939,4;938;1511,2;21,5;17,6;21,6;20,7;18,8;17,4;85;78;79;57;13,3;6,7;
2011-11-07;15:00;0;944,1;944,1;939,1;2749,4;23,2;17,9;23,8;21,4;18,8;17,5;80;71;72;74;10,1;6,2;
2011-11-07;16:00;0;948,9;948,9;944,1;2726,8;24,8;18,1;25;23,1;18,5;17,5;74;66;66;64;11,1;7,3;
2011-11-07;17:00;0;952,8;952,8;948,9;3479,9;24,5;18,5;25,3;23,9;18,9;17,9;71;65;69;57;11,5;6,1;
2011-11-07;18:00;0;953,7;953,7;952,8;2535,8;24,5;18,8;25,4;24;19,4;18,3;72;68;71;59;9;5,5;
2011-11-07;19:00;0;952,6;954,1;952,6;2203;24,4;18,5;25,4;24,3;19,3;18;72;66;70;38;10;6,7;
2011-11-07;20:00;0;950,6;952,7;950,6;1524,5;24,7;18,5;25;24,1;19,1;18,1;72;67;69;47;9,2;4,4;
2011-11-07;21:00;0;949,1;950,8;949,1;918,6;24,3;18,6;24,8;24,2;18,8;18,1;72;67;71;47;6,8;3,5;
2011-11-07;22:00;0;943,9;949,1;943,9;149,5;22,5;18,8;24,3;22,5;18,8;18,4;80;71;80;47;5,4;2,4;
2011-11-07;23:00;0;936,7;943,9;936,7;-9999;21,8;18,6;22,5;21,6;18,9;18,6;83;80;82;66;3,9;2,7;
2011-11-08;00:00;0;933,3;936,7;933,3;-9999;21,2;18,2;22,1;21,2;18,7;18,2;84;80;83;77;7,4;5,3;
2011-11-08;01:00;0;930,6;933,3;930,6;-9999;20,1;17,9;21,2;20,1;18,2;17,9;87;83;87;84;7,6;4,9;
2011-11-08;02:00;0;927,8;930,6;927,8;-9999;19,3;17,3;20,1;19,3;17,9;17,3;88;87;88;84;8,4;5,3;
2011-11-08;03:00;0;925,8;927,9;925,8;-9999;18,9;17,2;19,3;18,9;17,3;17,2;90;88;90;95;7,3;3,4;
2011-11-08;04:00;0;925;926;925;-9999;18,6;17;18,9;18,6;17,2;17;91;90;91;75;5,6;3,5;
2011-11-08;05:00;0;924,6;925,2;924,5;-9999;18,4;17;18,6;18,3;17;16,9;92;90;92;95;5,5;2,9;
2011-11-08;06:00;0;924,4;924,9;924,4;-9999;18,1;16,8;18,4;18,1;17;16,8;93;92;92;88;5,8;4,2;
2011-11-08;07:00;0;924,7;924,8;924,4;-9999;18,1;16,7;18,2;18,1;16,8;16,7;92;91;92;93;5,8;3,2;
2011-11-08;08:00;0;925,1;925,1;924,7;-9999;17,9;16,7;18,1;17,9;16,8;16,7;92;92;92;84;6;4,4;
2011-11-08;09:00;0;925,4;925,5;925,1;-9999;17,7;16,6;18;17,7;16,7;16,6;93;92;93;91;6,3;3,1;
2011-11-08;10:00;0;928,7;928,7;925,4;275,3;19,6;17,6;19,6;17,7;17,6;16,6;93;88;89;35;6,2;4,4;
2011-11-08;11:00;0;937,8;937,8;928,7;1135,7;21,4;18,5;21,4;19,6;18,5;17,5;89;83;84;32;6,4;4,4;
2011-11-08;12:00;0;946,5;946,5;937,8;2085,8;22,9;18,6;23,1;21,3;18,9;18,1;84;75;76;44;10,1;6,3;
2011-11-08;13:00;0;953,9;953,9;946,5;2628,7;24,3;19,2;24,4;22,6;19,3;18,2;78;71;73;32;9,1;5,4;
2011-11-08;14:00;0;959,1;959,1;953,9;3124,3;25,8;19;25,9;23,8;19,4;18,5;73;66;66;42;8,5;5,5;
2011-11-08;15:00;0;963,5;963,5;959,1;3199,5;26,5;18,7;27,6;25,3;19,8;18,6;68;61;63;30;8,5;5;
2011-11-08;16:00;0;967,7;967,7;963,5;3639,5;27,5;18,6;28,6;25,9;19,7;18,5;66;57;58;30;8,6;5;
2011-11-08;17:00;0;970,8;970,8;967,7;3745,6;28,8;19,3;29,1;26,8;19,9;18,2;62;55;57;31;9;4,5;
2011-11-08;18:00;0;971,2;972;970,8;3318,1;28,4;18,9;28,9;27,6;19,8;18;60;54;56;30;9,1;5,2;
2011-11-08;19:00;0;970;971,3;970;2676,6;29;18,9;29,4;28,2;19,5;18,2;58;53;55;18;10,1;4,9;
2011-11-08;20:00;0;967,6;970,4;967,6;1842,8;28,2;18,7;29,1;28,1;19,2;18,1;57;52;56;10;8,4;4,4;
2011-11-08;21:00;0;963,4;967,6;963,4;932,9;27,5;18,9;28,2;27,5;19,1;18,4;60;56;59;25;7,7;3,3;
2011-11-08;22:00;0;955,3;963,4;955,3;172,4;25,2;18,6;27,5;25,1;19,1;18,3;68;58;67;126;6,2;4,1;
2011-11-08;23:00;0;943,4;955,3;943,4;-9999;24;18,2;25,6;23,7;18,8;16,8;70;64;70;103;8,9;2;
2011-11-09;00:00;0;939,2;943,4;939,2;-9999;23,8;17,6;24,3;23,6;18;17,1;70;65;68;99;4,4;1,3;
2011-11-09;01:00;0;936,7;939,3;936,7;-9999;22,8;18,3;23,8;22,8;18,4;17,6;76;68;76;84;4,3;2,6;
2011-11-09;02:00;0;934,1;936,7;934,1;-9999;22,8;19,2;22,8;22,3;19,2;18,3;81;76;80;47;5,8;4,3;
2011-11-09;03:00;0;933,7;934,4;933,7;-9999;22,1;19,2;22,9;22,1;19,3;19,2;84;80;84;43;6;3,9;
2011-11-09;04:00;0;931,9;933,9;931,9;-9999;21,5;19,2;22,1;21,5;19,2;19,1;87;84;87;75;5,5;3,4;
2011-11-09;05:00;0;931;932;931;-9999;21,5;19,2;21,7;21,5;19,3;19,2;87;86;87;53;7;4,8;
2011-11-09;06:00;0;929,9;931,3;929,9;-9999;20,8;19,1;21,5;20,7;19,2;19,1;90;87;90;60;7,1;4,2;
2011-11-09;07:00;0;929,6;930;929,5;-9999;21;19,3;21,1;20,8;19,3;19,1;90;90;90;67;6,3;3,4;
2011-11-09;08:00;0;930,2;930,3;929,6;-9999;20,8;19,1;21;20,7;19,3;19,1;91;90;90;62;6,2;4;
2011-11-09;09:00;0;929,7;930,5;929,7;-9999;20,7;18,8;20,8;20,6;19,1;18,7;90;88;89;48;8,5;5;
2011-11-09;10:00;0;931,1;931,1;929,7;139,9;21,6;19;21,6;20,6;19,2;18,7;89;86;86;43;9;5,8;
2011-11-09;11:00;0;936,1;936,1;931,2;577,8;22,6;19,2;22,6;21,6;19,3;19;86;81;81;50;9;6;
2011-11-09;12:00;0;944;944;936,1;1443,4;24;18,8;24,1;22,6;19,5;18,5;82;73;73;60;12,4;8,3;
2011-11-09;13:00;0;951,3;951,3;944;2294,5;25,7;19;25,9;24;19,3;18,4;73;66;67;49;12,8;7;
2011-11-09;14:00;0;957,6;957,6;951,3;2787,8;27,1;19,5;27,1;25,4;19,8;18,6;67;62;63;46;11,3;6,7;
2011-11-09;15:00;0;961,6;961,6;957,6;2981,7;28;19,3;28,3;26,2;20;18,9;65;57;59;47;10,3;5,7;
2011-11-09;16:00;0;964,8;964,8;961,6;2889,4;28,2;18,8;29,3;27,2;19,9;18,3;61;54;57;54;10,4;4,3;
2011-11-09;17:00;0;968,4;968,4;964,8;3259,1;29,1;19;29,9;27,7;19,7;18,4;59;52;55;45;8,3;4,8;
2011-11-09;18:00;0;971,3;971,3;968,4;3479,1;30;18,4;30,8;28,3;20,1;17,8;57;50;50;40;8,8;4,3;
2011-11-09;19:00;0;971,3;972,4;971,3;2720,3;30,1;17,9;31;29,8;19,4;17;53;45;48;29;8;4,1;
2011-11-09;20:00;0;969,5;971,6;969,5;1834,5;30;17,8;30,8;30;19,2;16;51;42;48;32;7,9;3,6;
2011-11-09;21:00;0;965,4;969,5;965,4;936,4;29,4;17,8;30,3;29,4;18,2;17,1;51;45;50;35;5,9;2,5;
2011-11-09;22:00;0;956,5;965,4;956,5;159,8;27,4;18,9;29,4;27,4;19,1;17,4;60;48;60;55;4;0;
2011-11-09;23:00;0;944,9;956,5;944,9;-9999;25,1;19,2;27,4;25;19,5;18,9;70;60;70;61;0;0;
2011-11-10;00:00;0;938,5;944,9;938,5;-9999;26,1;18,7;26,1;24,4;19,3;18,7;73;64;64;87;5,9;3,8;
2011-11-10;01:00;0;937,5;938,9;937,5;-9999;24,5;19,1;26,2;24,5;19,1;18,5;72;63;72;72;6,7;3,8;
2011-11-10;02:00;0;934,9;937,5;934,9;-9999;24;19,5;24,5;24;19,5;19,1;76;72;76;64;6,9;3,9;
2011-11-10;03:00;0;933,3;934,9;933,2;-9999;23,9;19,5;24,1;23,6;19,5;19,4;78;76;76;60;6,8;4,4;
2011-11-10;04:00;0;932,4;933,6;932,4;-9999;23,2;19,6;24;23,2;19,6;19,5;80;76;80;49;8,1;5,2;
2011-11-10;05:00;0;930;932,6;930;-9999;21,8;19,4;23,2;21,8;19,6;19,3;86;80;86;25;6,9;3,2;
2011-11-10;06:00;0;926,7;930;926,7;-9999;21,1;19,8;21,8;21;19,8;19,4;93;86;93;35;4,7;3,2;
2011-11-10;07:00;0;925,9;926,7;925,8;-9999;21,5;19,3;21,8;21;19,9;19,3;93;86;87;53;6,8;3,5;
2011-11-10;08:00;0;925,9;926,4;925,9;-9999;21,1;19,2;21,5;21;19,3;19,1;89;87;89;72;5,1;3,3;
2011-11-10;09:00;0;926;926,2;925,9;-9999;21,1;19,2;21,3;21,1;19,2;19,1;89;88;89;54;6,7;4,7;
2011-11-10;10:00;0;927,9;927,9;926;202,2;22,3;19,7;22,3;21,1;19,8;19,2;89;85;85;49;8,1;5,5;
2011-11-10;11:00;0;936,2;936,2;927,9;1096;23,9;19,9;24;22,1;20,1;19,5;86;78;79;38;10,4;7,1;
2011-11-10;12:00;0;944,5;944,5;936,2;2004,8;25,4;19,6;25,5;23,3;20,2;19,2;79;70;70;48;11,6;7,1;
2011-11-10;13:00;0;953,2;953,2;944,5;2971;26,2;19,7;26,7;25,3;20,2;19,3;71;66;67;56;10,6;6,2;
2011-11-10;14:00;0;956,7;956,7;953,3;3374,6;27,7;19,9;28;26,1;20,2;18,9;68;59;63;51;10,7;7;
2011-11-10;15:00;0;960,3;960,3;956,7;3822,3;29;19,3;29,1;27,6;20;18,6;62;55;56;37;12,6;5,7;
2011-11-10;16:00;0;964,9;964,9;960,3;3960,2;29,7;19;30,3;28,6;19,8;18,7;57;52;52;53;11;5,5;
2011-11-10;17:00;0;966,8;966,8;964,9;3774,5;30,7;19,2;30,7;29,4;19,7;18,2;54;49;50;29;9,6;4,3;
2011-11-10;18:00;0;970,4;970,4;966,8;3225,5;30,6;18,8;31,2;29,8;19,3;17,9;51;47;49;17;7,9;4,2;
2011-11-10;19:00;0;970,2;971,5;970,2;2741,7;30,5;18,8;31,1;29,9;19,3;18,2;51;47;50;31;9,6;2,6;
2011-11-10;20:00;0;967,1;970,4;967,1;1740,4;30,7;18,7;31,1;30,2;19;16,8;51;44;49;27;6;2,8;
2011-11-10;21:00;0;962,5;967,1;962,5;870,5;29,8;18,6;30,7;29,7;18,9;17,6;52;47;51;8;5,6;2,1;
2011-11-10;22:00;0;953,4;962,5;953,4;90,2;28,6;18,9;29,8;28;19,6;18,5;60;51;56;84;4,7;1,3;
2011-11-10;23:00;0;946,3;953,4;946,3;-9999;26,6;19,5;29;26,6;19,6;17,7;66;51;65;252;3,7;0;
2011-11-11;00:00;0;940,5;946,3;940,5;-9999;26;19,5;27,1;26;20,1;18,6;68;59;67;20;0;0;
2011-11-11;01:00;0;935,3;940,5;935,3;-9999;26,1;18,9;26,1;24,8;19,8;18,8;73;64;65;102;2,8;1,4;
2011-11-11;02:00;0;933,3;935,4;933,3;-9999;24,7;19,1;26,1;24,7;19,3;18,8;71;65;71;77;4,1;2,1;
2011-11-11;03:00;0;930,2;933,4;930,2;-9999;23,2;19,4;24,7;23,1;19,4;18,8;79;71;79;46;5,2;3,1;
2011-11-11;04:00;0;927,4;930,2;927,4;-9999;22,7;19,3;23,2;22,6;19,7;19,3;82;79;81;74;3,8;1,7;
2011-11-11;05:00;0;927,8;927,8;927,1;-9999;23,1;19;23,7;22,6;19,3;18,9;81;75;78;78;6,3;4,3;
2011-11-11;06:00;0;927,5;928,3;927,5;-9999;22,4;19,2;23,1;22,4;19,3;19;82;78;82;49;7,4;1,3;
2011-11-11;07:00;0;926,2;927,7;926,2;-9999;22,4;19,2;22,9;22,1;19,6;19,2;84;80;82;135;3,4;1,3;
2011-11-11;08:00;0;926,5;926,7;926,2;-9999;22,1;19;22,5;22;19,3;19;84;81;83;91;3,5;1,5;
2011-11-11;09:00;0;925,1;926,8;925,1;-9999;20,9;18,8;22,1;20,9;19;18,7;88;83;88;42;3;1,4;
2011-11-11;10:00;0;925,7;925,7;924,4;136,3;22,3;19,3;22,3;20,8;19,4;18,7;88;83;83;53;5,9;3,9;
2011-11-11;11:00;0;933,8;933,8;925,7;892,5;24,1;20,2;24,2;22,3;20,4;19,3;83;78;79;46;9,4;5,9;
2011-11-11;12:00;0;944,8;944,8;933,8;2079,1;26,1;19,7;26,3;24,2;20,7;19,7;79;68;68;30;9,7;6,9;
2011-11-11;13:00;0;953,2;953,2;944,9;2572,5;27,1;19,4;28,2;25,5;20,6;19;70;61;63;34;11;7,1;
2011-11-11;14:00;0;958,8;958,8;953,2;3499,4;29,3;20,2;29,4;27;20,5;19,3;65;57;58;32;11,6;6,2;
2011-11-11;15:00;0;963,9;963,9;958,9;3135,1;29,1;19,8;30;28,4;20,4;19,3;60;55;57;30;10,3;6,6;
2011-11-11;16:00;0;965,5;965,5;963,9;3166,5;29,8;20;30,5;28,8;20,8;19,3;59;53;56;24;10,1;4,8;
2011-11-11;17:00;0;967,9;967,9;965,6;3125,9;31,1;20;31,2;29,2;20,6;19,1;56;51;52;16;9;5,5;
2011-11-11;18:00;0;969;969,6;967,9;3249;31,3;18,6;32,2;30,3;20,4;18,6;54;47;47;24;10,5;6;
2011-11-11;19:00;0;969,2;969,8;969;2793,2;31,2;18,6;32;30,9;19,6;18,2;50;46;47;53;9;3,9;
2011-11-11;20:00;0;964,6;969,4;964,6;1399,6;30,5;19;31,3;30,3;19,2;17,9;50;46;50;43;6,9;3,5;
2011-11-11;21:00;0;961,2;964,6;961,2;841;29,8;18,9;30,9;29,8;19,1;18,4;52;49;52;46;5,7;1,4;
2011-11-11;22:00;0;951,8;961,2;951,8;89,4;27,4;19,3;29,8;27,4;19,3;18,7;61;52;61;349;2,7;0;
2011-11-11;23:00;0;941,5;951,7;941,5;-9999;26,5;19,7;27,4;26,2;19,7;19,2;66;61;66;237;2,4;0;
2011-11-12;00:00;0;935;941,5;935;-9999;25,5;19,8;26,5;25,2;20,1;19,7;73;66;71;358;2,1;0;
2011-11-12;01:00;0;932,7;935;932,6;-9999;25,3;19,7;25,9;25,3;20;19,6;72;69;71;145;2,3;,3;
2011-11-12;02:00;0;932,2;933;932,1;-9999;25,4;20,4;25,4;24,8;20,5;19,7;77;72;74;127;3,9;1,2;
2011-11-12;03:00;0;932;932,6;932;-9999;24,7;19,7;25,4;24,7;20,4;19,7;75;73;74;74;3,9;2,5;
2011-11-12;04:00;0;930,3;932,2;930,3;-9999;24,4;19,3;24,7;23,5;19,9;19,3;80;73;73;74;3;2,3;
2011-11-12;05:00;0;929,3;930,6;929,3;-9999;23,9;19,4;24,4;23,5;19,5;19,3;78;73;76;58;2,8;1,9;
2011-11-12;06:00;0;928,2;929,5;928,2;-9999;23,4;19,3;23,8;23,2;19,4;19,3;79;76;78;79;3,6;2,9;
2011-11-12;07:00;0;928;928,5;928;-9999;23,1;18,9;23,8;23,1;19,3;18,9;78;75;78;72;3,6;2,8;
2011-11-12;08:00;0;926,6;928,3;926,6;-9999;22,1;18,6;23,1;22,1;19;18,6;81;78;81;65;3,2;1,8;
2011-11-12;09:00;0;925,2;926,7;925,1;-9999;21;18,4;22,3;21;18,8;18,3;85;79;85;45;3;2,6;
2011-11-12;10:00;0;928,4;928,4;924,6;292,1;25,3;19,7;25,3;21;20;18,5;86;71;71;62;3;0;
2011-11-12;11:00;0;942,6;942,6;928,5;1137;26,7;19,6;26,8;25,2;20,1;19,5;72;64;65;28;4,8;3,3;
2011-11-12;12:00;0;953,5;953,5;942,6;2075,8;28,5;19,9;28,6;26,6;20,3;19,3;66;59;60;16;5,4;3,3;
2011-11-12;13:00;0;962;962;953,6;2837,8;29,9;18,6;29,9;28,2;20,1;18,6;60;51;51;21;6,4;3,8;
2011-11-12;14:00;0;967,1;967,1;962;3460,3;31;18,3;31,3;29,6;19,6;17,8;55;45;47;17;7,1;3,3;
2011-11-12;15:00;0;969,9;969,9;967,1;3828,1;31,7;17,5;32,5;30,4;19,3;17,5;49;42;43;29;8;4,4;
2011-11-12;16:00;0;972,7;972,7;969,9;3949,3;32,9;18;33,5;31,2;18,7;15,7;44;37;41;11;9,5;4,6;
2011-11-12;17:00;0;974,9;974,9;972,7;3753,8;32,6;16,5;33,6;31,9;18,3;16,4;43;38;38;20;8,9;3,6;
2011-11-12;18:00;0;975,2;975,9;974,9;3217,5;33,9;17;34;32,2;17,6;15,7;39;35;37;30;8,6;6,4;
2011-11-12;19:00;0;961,3;975,3;961,3;2560,2;30,1;18,6;33,9;28,8;20,4;17,3;59;37;50;69;15,7;5;
2011-11-12;20:00;0;960,6;961,3;960;2234,1;30,3;17,7;32;30;18,8;16;50;39;47;72;7;3,8;
2011-11-12;21:00;0;952,9;960,6;952,9;609,2;29,2;17,4;30,6;29,2;17,9;16,4;50;44;49;70;6,6;3,1;
2011-11-12;22:00;0;942,4;952,9;942,4;127,6;26,6;19,1;29,4;26,6;19,9;16,8;65;47;63;142;6,5;,2;
2011-11-12;23:00;0;934,9;942,4;934,9;-9999;26,5;19,1;26,9;25,8;19,8;19;69;63;64;79;3,3;2,5;
2011-11-13;00:00;0;931,5;934,9;931,5;-9999;25,5;18,8;26,6;25,5;19,1;18,6;67;62;66;67;5;2,5;
2011-11-13;01:00;0;928,5;931,5;928,5;-9999;24,8;19,8;25,5;24,6;19,8;18,8;74;66;74;41;4,6;3,4;
2011-11-13;02:00;0;927,1;928,6;927,1;-9999;24,3;19,6;24,8;23,9;19,8;19,5;78;74;75;64;3,9;2,3;
2011-11-13;03:00;0;928,4;928,4;927,1;-9999;24,9;19,6;25,4;24,3;19,8;19,5;75;71;72;51;3,3;2,3;
2011-11-13;04:00;0;928,8;929,3;928,4;-9999;24,1;19,4;25,1;24;19,6;19,4;75;71;75;45;3,8;3;
2011-11-13;05:00;0;928,6;928,9;928,4;-9999;24,2;19,4;24,7;24,1;19,5;19,4;75;73;74;59;3,8;2,1;
2011-11-13;06:00;0;928,2;928,9;928,2;-9999;24,1;19,3;24,3;23,9;19,4;19,3;75;74;75;52;3,5;2,7;
2011-11-13;07:00;0;927,3;928,5;927,3;-9999;23;19,1;24,1;22,9;19,4;19,1;79;75;79;59;3,6;2,8;
2011-11-13;08:00;0;927,6;927,6;927;-9999;23,7;18,8;24,2;23;19,1;18,8;79;72;74;64;4,8;2,5;
2011-11-13;09:00;0;927,7;928,1;927,6;-9999;22,8;18,7;24;22,7;18,9;18,7;78;73;78;40;3,9;3,3;
2011-11-13;10:00;0;927,4;927,7;926,9;188,8;24,4;19,6;24,4;22,7;19,6;18,7;79;74;74;50;3,9;2,6;
2011-11-13;11:00;0;942;942;927,4;1418,6;27,5;19,6;27,8;24,4;19,8;19,1;74;60;62;30;6,1;4,4;
2011-11-13;12:00;0;952,7;952,7;942,1;2113;29;19;29,2;27,4;20;18,9;63;54;55;26;7,8;6,3;
2011-11-13;13:00;0;960;960;952,8;2826,5;30,3;19,3;30,6;29;19,7;18,4;55;50;52;18;9,1;6,3;
2011-11-13;14:00;0;963,8;963,8;960;3420,3;31,5;17,8;32;30,1;19,9;17,4;53;43;44;5;10,2;6,8;
2011-11-13;15:00;0;965,6;965,6;963,8;3835,1;32,4;18,9;32,6;31,1;19,6;17,9;49;44;45;23;12;7,4;
2011-11-13;16:00;0;967,4;967,4;965,6;3937,8;32,8;20,2;33,6;32;20,5;18,6;49;43;48;28;12,9;8,1;
2011-11-13;17:00;0;967,2;968;967,2;3783,4;33,3;18,3;33,5;31,9;20,4;18,2;49;41;41;31;15,7;7,7;
2011-11-13;18:00;0;968,1;968,1;967,2;3319,5;33,2;17,2;34,1;32,4;19,8;16,7;46;36;39;22;13,3;7,9;
2011-11-13;19:00;0;966,4;968,6;966,4;2341,3;31,9;17,9;34,3;31,9;18,5;16;45;36;44;17;12;6,9;
2011-11-13;20:00;0;958,9;966,4;958,9;1161,1;31,5;18,8;32,3;31,5;18,8;17,7;47;43;47;6;10,6;5,6;
2011-11-13;21:00;0;951,5;958,9;951,5;528,3;30,1;18,2;31,5;30,1;18,7;17,5;49;46;49;2;9,5;3,8;
2011-11-13;22:00;0;943,1;951,5;943,1;86,9;27,6;19,2;30,1;27,6;19,2;18,3;60;49;60;26;5,7;2,2;
2011-11-13;23:00;0;934,4;943,1;934,4;-9999;26,4;19,8;27,6;26,4;19,8;19,1;67;60;67;46;3,5;2,2;
2011-11-14;00:00;0;930,3;934,4;930,3;-9999;26,3;20,1;26,7;26,3;20,1;19,7;69;66;69;56;3,9;2,2;
2011-11-14;01:00;0;929;930,3;929;-9999;26,3;20,2;26,5;26;20,4;20,1;71;69;69;67;5;3,3;
2011-11-14;02:00;0;929,1;929,5;929;-9999;25,4;19,8;26,5;25,4;20,2;19,6;71;66;71;35;6,3;3,7;
2011-11-14;03:00;0;926,3;929,2;926,3;-9999;24,7;20;25,4;24,5;20;19,8;76;71;75;39;5,6;4,4;
2011-11-14;04:00;0;924,4;926,4;924,4;-9999;23,8;20,1;24,7;23,8;20,1;20;80;75;80;33;5,6;4;
2011-11-14;05:00;0;923,1;924,5;923,1;-9999;23,5;20,1;24;23,5;20,2;20,1;81;79;81;41;6,8;3,7;
2011-11-14;06:00;0;922,2;923,3;922,2;-9999;23,4;20,1;23,5;23,2;20,2;20,1;83;81;82;41;5,2;3,2;
2011-11-14;07:00;0;922,4;922,5;922,2;-9999;23,3;19,9;23,6;23,2;20,1;19,9;82;81;81;39;4,9;3,3;
2011-11-14;08:00;0;923,5;923,5;922,4;-9999;23,4;19,9;23,7;23,3;19,9;19,9;81;80;81;40;5,7;3,8;
2011-11-14;09:00;0;923,3;924,1;923,3;-9999;22,8;19,9;23,4;22,8;20;19,8;84;81;84;31;5,7;3,8;
2011-11-14;10:00;0;924,7;924,7;923,3;234,9;23,9;20,3;24;22,6;20,4;19,9;85;80;80;41;7,1;5;
2011-11-14;11:00;0;931,3;931,3;924,7;822,4;25,3;20,6;25,3;23,9;20,6;20,2;80;75;75;35;9,1;6,7;
2011-11-14;12:00;0;940,7;940,7;931,4;1767,8;27,3;20,5;27,3;25,3;20,9;20,3;75;67;67;16;9,8;6,9;
2011-11-14;13:00;0;950,3;950,3;940,7;2543,5;29;20,2;29,5;27,2;21,2;20,2;67;59;59;2;11,2;6,8;
2011-11-14;14:00;0;956,2;956,2;950,3;2413,7;29,9;21;30;28,7;21;20;61;57;59;11;12,9;7,1;
2011-11-14;15:00;6,6;940;956,9;940;612,6;24,2;21,5;30;21,7;21,7;17,9;92;57;85;158;17;,4;
2011-11-14;16:00;3,6;930,3;940;930,3;630,5;24,4;20,6;25,8;21,7;22,9;19,3;91;80;80;346;13,4;2,9;
2011-11-14;17:00;0;939,8;939,8;930,3;2854,6;29;22,5;29,1;24,4;23,6;21,1;82;67;68;311;9,3;6,1;
2011-11-14;18:00;2,2;940,3;946,5;939,8;940,8;23,3;20;29,4;23,2;22,9;19,5;85;64;82;359;12,5;4,5;
2011-11-14;19:00;0;930,7;940,3;930,7;207,2;23,9;21,4;24,1;23,1;21,5;20;88;82;86;220;6,7;,2;
2011-11-14;20:00;0;931,7;931,7;930,6;271,8;24,2;21,5;25;23,9;22,1;20,3;86;76;84;77;3,3;2;
2011-11-14;21:00;0;932,8;932,8;931,7;248;24,8;21,9;24,9;24,2;22,3;21,2;87;80;84;182;3,3;0;
2011-11-14;22:00;0;932,3;933,2;932,3;47,6;23,9;21,6;24,8;23,9;22,7;21,5;90;84;87;88;4;2,5;
2011-11-14;23:00;,2;929,1;932,4;929,1;-9999;22,9;21,2;23,9;22,9;21,5;20,9;90;87;90;104;6,8;4;
2011-11-15;00:00;0;926;929,1;926;-9999;21,6;20,2;22,9;21,6;21,3;20,2;92;90;92;48;6,8;4,6;
2011-11-15;01:00;0;923,4;926;923,4;-9999;20,8;19,4;21,6;20,8;20,2;19,4;93;90;92;40;7;2,3;
2011-11-15;02:00;,4;922,1;923,4;922,1;-9999;20,9;19,5;21;20,8;19,7;19,4;92;91;92;34;6,8;4,9;
2011-11-15;03:00;3,8;921,6;922,3;921,6;-9999;20,5;19,6;20,9;20,5;19,8;19,4;95;92;95;5;7,3;4;
2011-11-15;04:00;1,4;921,5;921,9;921,3;-9999;20,7;20;20,7;20,4;20;19,1;96;92;96;17;7,3;3,5;
2011-11-15;05:00;0;923;923;921,5;-9999;20,8;20,2;20,8;20,6;20,2;20;97;96;96;16;5,2;2,9;
2011-11-15;06:00;0;923,7;923,7;923;-9999;20,6;19,9;20,8;20,6;20,2;19,8;96;95;95;6;5,2;3,3;
2011-11-15;07:00;0;924,2;924,2;923,7;-9999;20,5;19,8;20,6;20,5;19,9;19,8;96;95;96;24;5;2,3;
2011-11-15;08:00;,2;924,4;924,5;924,2;-9999;20,3;19,8;20,5;20,3;19,9;19,8;97;96;97;19;3,8;2,3;
2011-11-15;09:00;0;925,1;925,1;924,4;-9999;20,6;19,9;20,6;20,3;19,9;19,7;97;96;96;18;3,7;1,7;
2011-11-15;10:00;0;926,6;926,6;925,1;15,7;20,7;19,9;20,7;20,6;20,1;19,8;96;95;96;20;3,9;2,7;
2011-11-15;11:00;0;927,5;927,5;926,7;94,4;20,4;19,8;20,7;20,3;19,9;19,6;97;95;96;18;4,6;2,9;
2011-11-15;12:00;,2;929,9;929,9;927,5;405,9;21,1;20,4;21,1;20,4;20,4;19,8;97;96;96;331;3,8;2,1;
2011-11-15;13:00;0;932,7;932,7;929,9;493,8;21;20,4;21,3;20,8;20,5;20,2;96;94;96;328;4,9;3,1;
2011-11-15;14:00;0;934,9;934,9;932,7;826,5;21,8;20,9;21,8;21;21;20,2;96;94;95;297;4,8;2,2;
2011-11-15;15:00;0;941,6;941,6;934,9;1385,3;22,4;20,4;22,9;21,8;21,1;20,2;95;87;89;310;4,9;2,8;
2011-11-15;16:00;0;940,4;942,1;940,4;440,2;21,7;20,7;22,6;21,7;21,1;20;94;87;94;15;4,9;2,7;
2011-11-15;17:00;,6;939,8;940,4;939,1;919,7;23,3;21,1;23,5;21,7;21,5;20,7;95;87;87;275;5,4;2,7;
2011-11-15;18:00;0;946,5;946,5;939,8;1647,8;24,2;21,4;24,3;23,3;22;20,7;89;82;84;280;6;4,2;
2011-11-15;19:00;0;951,2;951,2;946,5;2139,7;25,4;21,2;25,6;24,2;22;20,8;86;77;77;284;8,3;4,7;
2011-11-15;20:00;0;952,6;952,9;951,2;1578,1;25;20,2;26;25;21,8;19,7;79;70;75;292;7,3;3,9;
2011-11-15;21:00;0;948,3;952,7;948,3;490,7;24,3;20;25,1;24,3;20,8;19,6;79;72;77;257;6,2;2,4;
2011-11-15;22:00;0;942,3;948,3;942,3;143,6;22,4;20,3;24,3;22,4;20,5;19,8;88;77;88;280;4,7;3;
2011-11-15;23:00;0;936;942,3;936;-9999;21,2;19,6;22,4;21,2;20,3;19,6;91;88;91;318;4,5;1,5;
2011-11-16;00:00;0;932,5;936;932,5;-9999;21;20;21,5;21;20;19,7;94;90;94;317;3,4;2,2;
2011-11-16;01:00;0;931;932,6;930,9;-9999;20,7;20;21;20,7;20,1;19,9;96;94;96;326;2,9;1,3;
2011-11-16;02:00;0;930;931,2;930;-9999;20,7;20,2;20,7;20,2;20,2;19,6;97;96;97;347;3,2;2,3;
2011-11-16;03:00;0;931,2;931,2;930;-9999;20,6;20,1;20,8;20,5;20,3;20;97;97;97;307;4,4;2,4;
2011-11-16;04:00;0;931,8;931,8;931,2;-9999;20,3;19,9;20,6;20,3;20,2;19,9;97;97;97;293;4,3;2,6;
2011-11-16;05:00;0;931,4;932,2;931,4;-9999;20,2;19,8;20,3;20;19,9;19,6;97;97;97;283;4;2,8;
2011-11-16;06:00;0;931,3;931,8;931,3;-9999;20;19,6;20,2;19,9;19,7;19,5;98;97;98;277;4,6;2,6;
2011-11-16;07:00;0;931,4;931,8;931,3;-9999;19,6;19,2;20,1;19,6;19,7;19,2;98;98;98;275;3,7;2,4;
2011-11-16;08:00;0;930,8;931,7;930,8;-9999;19,2;18,8;19,7;19,2;19,4;18,8;98;98;98;251;3,3;1,7;
2011-11-16;09:00;0;929,7;931;929,7;,6;18,8;18,4;19,3;18,7;18,9;18,4;98;98;98;216;3,1;1,1;
2011-11-16;10:00;,2;931;931;929,7;262,5;19,5;19,1;19,5;18,7;19,1;18,4;98;98;98;212;2;,6;
2011-11-16;11:00;0;938,8;938,8;931;1174,7;21,7;19;21,7;19,5;20,7;18,8;98;85;85;229;3,9;1,3;
2011-11-16;12:00;0;948,4;948,4;938,8;2078,5;24;18,9;24;21,7;19,5;18,1;85;72;74;193;4,2;1,6;
2011-11-16;13:00;0;958,1;958,1;948,4;2889,5;25,7;18,1;26,1;23,7;19,7;16;77;56;63;218;6,1;1,7;
2011-11-16;14:00;0;964;964;958,1;3308,2;26,9;17,7;27,1;25,7;18,2;15,7;64;53;57;227;5,5;1,8;
2011-11-16;15:00;0;967,1;967,1;964;3475,7;27,5;16,5;28;26,4;17,8;15,1;58;48;51;238;5,4;2,1;
2011-11-16;16:00;0;969,1;969,1;967,1;3267,7;28,2;15;28,9;27,4;17,7;14,8;53;44;45;171;4,9;1,3;
2011-11-16;17:00;0;972,2;972,2;969,1;3863,9;29,5;15,9;30,2;28;17,3;14;50;40;44;212;5,4;1,3;
2011-11-16;18:00;0;973,9;973,9;972,2;2947,9;30,4;15;30,7;28,8;16,7;13,9;46;37;39;248;5,4;,7;
2011-11-16;19:00;0;973,5;975,2;973,5;2383,6;30,7;14,6;31,1;29,2;16;13,8;44;37;38;252;5,7;2,3;
2011-11-16;20:00;0;969,7;973,7;969,7;1780,9;30,2;15,2;30,7;28,6;16,6;13,7;45;36;40;247;5,7;1,3;
2011-11-16;21:00;0;965;969,7;965;1060;28,6;16,4;30,3;28,6;16,6;14,6;48;40;48;243;5,5;1,1;
2011-11-16;22:00;0;954,8;965;954,8;178,4;25,4;16,7;28,7;25,4;17,3;16;59;46;58;240;3,6;0;
2011-11-16;23:00;0;942,3;954,8;942,3;-9999;24,2;17,1;25,5;24,2;17,1;16;65;56;64;218;2,2;0;
2011-11-17;00:00;0;934,7;942,3;934,7;-9999;23,1;17,5;24,2;22,8;17,5;16,8;72;64;71;205;1;0;
2011-11-17;01:00;0;929,8;934,7;929,8;-9999;22,2;17,2;23,1;22,2;18;16,5;74;69;73;190;0;0;
2011-11-17;02:00;0;927,5;929,8;927,4;-9999;23;16,6;23,1;22,1;17,5;16,1;75;65;67;167;0;0;
2011-11-17;03:00;0;928,5;928,6;927,5;-9999;22,8;16,7;23,1;21,3;17,8;16,1;81;65;68;114;,7;0;
2011-11-17;04:00;0;929,3;929,3;928,5;-9999;22,5;16,8;22,9;22,1;17,3;16,5;74;67;70;113;1;0;
2011-11-17;05:00;0;929,4;930,1;929,3;-9999;20,6;16,6;22,8;20,6;16,8;16,3;78;67;78;96;0;0;
2011-11-17;06:00;0;925,7;929,4;925,7;-9999;20,1;16,8;20,7;19,8;16,8;15,9;81;75;81;88;0;0;
2011-11-17;07:00;0;924,3;925,7;924,2;-9999;20,5;16,7;21;19,9;16,7;15,5;81;71;79;121;0;0;
2011-11-17;08:00;0;924,8;925;924,3;-9999;20,3;16,1;21,3;20,2;16,5;15,6;79;71;77;188;0;0;
2011-11-17;09:00;0;924,4;924,9;924,3;-9999;20,3;16;20,5;20;16,5;15,3;79;72;76;163;0;0;
2011-11-17;10:00;0;929,5;929,5;924,4;285,5;21,4;17;21,4;20,3;17;15,8;77;74;76;147;2,4;,2;
2011-11-17;11:00;0;938,3;938,3;929,5;1170,8;23,5;16,6;23,6;21,4;17,5;16,6;77;65;65;155;4,8;2,5;
2011-11-17;12:00;0;949,6;949,6;938,3;2103,9;26,1;16,9;26,4;23,5;17,9;16,4;68;55;57;162;3,9;1,5;
2011-11-17;13:00;0;960,1;960,1;949,7;2865,7;27,7;14,8;27,9;26;16,9;13,7;57;42;45;149;5;1,4;
2011-11-17;14:00;0;967,1;967,1;960,1;3476,9;28,6;14;29,1;27,7;15,8;13,4;47;40;41;193;4,2;,8;
2011-11-17;15:00;0;970,1;970,1;967,1;3894,8;29,7;15,3;30,1;28,3;16,2;13,7;46;38;42;285;4,8;,7;
2011-11-17;16:00;0;972,5;972,5;970,1;4034,5;30,3;15,2;30,7;29,1;16,1;14;43;37;40;294;4,4;1,4;
2011-11-17;17:00;0;974,5;974,5;972,5;3788,8;31,2;14,4;31,7;30;15,3;12,9;40;33;36;308;5,3;1,2;
2011-11-17;18:00;0;975,7;976,6;974,5;2820,8;32,4;13,8;32,7;30,8;15,2;13;37;31;32;279;4,8;1,4;
2011-11-17;19:00;0;976,5;977;975,7;2794,2;32,7;14,5;33,2;31,7;15,2;12,8;35;31;33;291;4,8;,9;
2011-11-17;20:00;0;975,9;977,1;975,9;2086,2;31,8;15,4;32,8;31,7;16,5;13,8;38;33;37;23;4,8;1,2;
2011-11-17;21:00;0;969,3;975,9;969,3;989,5;30,8;17;31,9;30,7;17,4;15,1;45;37;44;30;4,5;,9;
2011-11-17;22:00;0;959,3;969,3;959,3;235;28,4;17,6;30,8;28,4;18,3;16,3;53;42;52;8;3;0;
2011-11-17;23:00;0;947,2;959,2;947,2;-9999;27,3;16,2;28,8;27,3;18,9;15,9;59;46;51;150;4,1;2,1;
2011-11-18;00:00;0;940,3;947,2;940,3;-9999;27,2;15,3;27,4;27;16,1;14,8;51;46;48;136;3,9;1;
2011-11-18;01:00;0;936,2;940,3;936,2;-9999;25,5;15,5;27,2;24,6;16,8;14,4;62;48;54;120;3,2;,7;
2011-11-18;02:00;0;928,8;936,2;928,8;-9999;23,1;15,6;25,5;22,9;16,9;15,4;68;54;63;93;3,1;0;
2011-11-18;03:00;0;924,2;928,7;924,2;-9999;21,8;15,8;23,8;21,7;16,2;14,5;69;57;68;14;2;0;
2011-11-18;04:00;0;922,1;924,2;921,9;-9999;23,7;14,5;23,8;21,4;16;14;69;54;56;127;3;1,1;
2011-11-18;05:00;0;923,3;923,4;922,1;-9999;22,6;14,3;23,7;22,4;15,4;14,1;64;57;59;150;2,4;0;
2011-11-18;06:00;0;923,2;923,6;923,2;-9999;22,6;14,1;22,8;22;15,1;14;65;58;58;142;1,3;,8;
2011-11-18;07:00;0;924,2;924,2;923,2;-9999;22,1;13,9;23,2;21,9;14,9;13,3;64;54;60;127;6,4;3,5;
2011-11-18;08:00;0;925,3;925,3;924,2;-9999;22,1;14,1;23,2;21,4;14,5;13,6;64;56;60;117;6,4;2,2;
2011-11-18;09:00;0;927,2;927,2;925,3;-9999;22,6;13,4;23,6;22,1;14;12,9;60;52;56;126;4,3;2,6;
2011-11-18;10:00;0;929,7;929,7;927,2;283,1;22,7;14,7;22,7;22,1;14,7;13,4;62;56;61;143;5,5;2,5;
2011-11-18;11:00;0;935,9;935,9;929,7;1149;24,8;15,6;24,8;22,7;16,4;14,6;65;56;57;142;7,1;3,5;
2011-11-18;12:00;0;944,8;944,8;935,9;2078,6;26,8;16,3;27;24,8;16,6;15,3;57;52;53;140;7,5;2,4;
2011-11-18;13:00;0;957,2;957,2;944,8;2836,3;29,7;14,9;30;26,8;17;14,7;53;40;41;73;5,6;2,2;
2011-11-18;14:00;0;966,3;966,3;957,2;3455,4;31,2;14,4;31,3;29,6;16,3;13,7;43;36;36;20;4,9;1,4;
2011-11-18;15:00;0;971,1;971,1;966,3;3825,3;32;16,4;32,4;31;16,4;13,4;39;33;39;29;5,7;,7;
2011-11-18;16:00;0;973,4;973,4;971,1;3842,9;33,2;14,9;33,3;31,7;15,9;14,1;39;33;33;35;6,9;1,2;
2011-11-18;17:00;0;975,1;975,1;973,4;3747,1;33,4;14,8;34;32,5;15,8;14,2;36;32;33;9;6,9;3,1;
2011-11-18;18:00;0;976,9;976,9;975,1;3224,4;33,5;14,4;34,2;32,8;15,5;13,7;34;30;32;348;6,6;,4;
2011-11-18;19:00;0;976,3;978;976,3;2171,5;33,4;14,6;34,8;33;15,7;13,7;34;29;32;289;4,2;,8;
2011-11-18;20:00;0;967,2;976,3;967,2;811,7;33,4;14,4;33,8;32,5;15,4;14;36;31;32;79;3,4;0;
2011-11-18;21:00;0;966,6;967,8;966,6;883,5;32,3;16,4;33,9;32,3;16,4;14,2;39;31;39;6;2,3;0;
2011-11-18;22:00;0;956;966,6;956;87;30;17,9;32,2;30;18,3;17;49;39;48;253;0;0;
2011-11-18;23:00;0;945,8;956;945,8;-9999;28,7;16,5;30,1;28,7;18,6;16,3;51;47;48;191;0;0;
2011-11-19;00:00;0;937,2;945,8;937,2;-9999;27;17,3;28,7;27;17,3;15,8;56;47;55;147;0;0;
2011-11-19;01:00;0;932,6;937,2;932,5;-9999;27,7;15,7;28,3;26,7;17,9;15,2;58;45;48;130;1,9;0;
2011-11-19;02:00;0;932,4;933;932,4;-9999;26,8;15,7;27,7;26,7;16;15,3;51;47;51;146;,9;0;
2011-11-19;03:00;0;930;932,5;930;-9999;26,2;15,4;26,8;26,1;16;15,3;53;50;51;157;0;0;
2011-11-19;04:00;0;928,3;930;928,3;-9999;25,7;15,2;26,2;25,4;15,7;15,1;54;51;52;145;0;0;
2011-11-19;05:00;0;927,9;928,6;927,9;-9999;24,3;15,3;26;24,3;15,3;14,6;57;50;57;143;6,9;4;
2011-11-19;06:00;0;923,8;927,9;923,8;-9999;22,8;16,1;24,3;22,7;16,3;15,2;67;57;66;140;6;4,6;
2011-11-19;07:00;0;921,9;923,8;921,8;-9999;23;15,7;23,3;22,4;16,3;15,6;68;62;63;139;7,8;3;
2011-11-19;08:00;0;922,9;922,9;921,9;-9999;22,9;15,9;23,7;22,9;16,1;15,7;65;61;65;90;7,5;3,2;
2011-11-19;09:00;0;921,3;923,2;921,3;-9999;22,1;16;22,9;21,7;16,3;16;71;65;69;74;5,2;3,3;
2011-11-19;10:00;0;924,7;924,7;921,3;326,8;23,9;16,4;23,9;22;16,5;16,1;69;63;63;85;8,5;6,2;
2011-11-19;11:00;0;931,1;931,1;924,8;762,7;25,4;17,1;25,4;23,8;17,1;16,3;64;60;60;91;9,1;5,9;
2011-11-19;12:00;0;941,4;941,4;931,1;1788,9;27,6;17,5;27,6;25,3;17,6;16,9;61;54;54;71;8,4;3,8;
2011-11-19;13:00;0;953;953;941,4;2629;29,5;18,4;29,5;27,2;18,4;17,1;56;50;51;29;7,3;2,9;
2011-11-19;14:00;0;961,1;961,1;953;3366,7;30,4;18,3;30,9;29,2;18,8;17,6;52;47;48;26;6,6;1,4;
2011-11-19;15:00;0;964,7;964,7;961,1;3499;31,6;18,9;31,6;29,8;19,4;17,7;51;45;47;348;6,5;2,7;
2011-11-19;16:00;0;967,5;967,5;964,7;3617,2;32,1;18,3;33,1;31,3;19,1;18;48;42;44;343;7,7;3,4;
2011-11-19;17:00;0;971,8;971,8;967,5;3340,5;33,2;18,2;33,9;32,1;19,2;17,3;45;38;41;18;8,3;4;
2011-11-19;18:00;,2;961,5;972,1;961,5;896,5;26,6;19,6;33,3;26,5;21,6;17,7;70;40;65;335;11,8;5,6;
2011-11-19;19:00;1;937,1;961,5;937,1;574,9;27;20,8;27;24,2;20,8;17,9;74;62;69;345;16;,4;
2011-11-19;20:00;0;927,5;937,1;927,5;53,7;22,6;20,2;27,3;22,2;21,5;19;88;64;87;246;11,4;2,9;
2011-11-19;21:00;0;924;927,5;923,8;33,5;23,8;20,1;24;22,4;20,9;20;88;79;80;216;5,6;1,5;
2011-11-19;22:00;0;925,5;925,5;924;66,2;23,6;20,5;23,9;23,5;21;19,8;85;78;83;179;4,4;1,4;
2011-11-19;23:00;0;925,9;925,9;925,5;-9999;24,9;19,7;24,9;23,4;21,2;19,7;86;73;73;127;3,6;1,4;
2011-11-20;00:00;0;927,1;927,3;925,9;-9999;23,6;19,8;25,1;23,2;20,6;19,2;82;70;79;113;5,2;2,3;
2011-11-20;01:00;0;927,5;927,5;927,1;-9999;24,3;19,8;24,5;23,6;20;19,3;80;73;76;94;4,4;0;
2011-11-20;02:00;0;928,2;928,3;927,5;-9999;24,1;19,3;24,7;23,3;20;19,1;80;71;74;111;4,4;2,1;
2011-11-20;03:00;0;927,9;928,7;927,9;-9999;22,7;19,6;24,4;22,4;19,8;18,9;84;72;83;57;4,1;0;
2011-11-20;04:00;0;926,7;927,9;926,7;-9999;22,7;19,4;23,4;22,3;19,6;19,3;84;79;82;57;3,8;2,5;
2011-11-20;05:00;0;926,1;927;926,1;-9999;23,3;19,4;23,3;22,3;19,7;19,3;84;79;79;126;3,6;0;
2011-11-20;06:00;0;926;926,6;926;-9999;22,3;19,4;23,4;22,2;19,6;19,3;85;78;84;257;0;0;
2011-11-20;07:00;0;925,2;926,2;925,2;-9999;22,4;19,3;22,5;22;19,6;19,2;85;82;83;333;2,3;1,6;
2011-11-20;08:00;0;926,1;926,1;925,2;-9999;22,9;19,7;23,2;22,4;19,7;18,9;83;77;82;323;2,3;0;
2011-11-20;09:00;0;927;927;926,1;,1;22,2;19,6;22,9;21,8;20;19,3;88;81;85;129;2,1;0;
2011-11-20;10:00;0;929,7;929,7;927;154,8;23;20,1;23;22,2;20,1;19,3;85;80;84;106;2,1;0;
2011-11-20;11:00;0;937,3;937,3;929,7;868,5;25,5;20,5;25,5;23;21,1;20,1;86;73;74;81;4,7;3,3;
2011-11-20;12:00;0;947,6;947,6;937,3;1949,8;27,2;20,6;27,3;25,4;21,1;20,1;74;67;67;76;6,1;2,6;
2011-11-20;13:00;0;957,8;957,8;947,6;2732,8;29,1;21,4;29,2;27,2;21,5;20,2;68;61;63;26;5,6;2,2;
2011-11-20;14:00;0;965,5;965,5;957,8;3378,9;30,4;21,4;30,5;28,9;21,8;20,7;63;58;59;48;6,1;3,4;
2011-11-20;15:00;0;967,5;968;965,5;2636,4;29,6;20,8;30,9;29,6;21,7;20,1;60;54;59;18;6,6;2,8;
2011-11-20;16:00;0;963;967,5;963;1074;28,6;20,3;30,1;28,6;21,4;20,3;61;58;61;343;6,3;2,6;
2011-11-20;17:00;0;954;963;954;720,7;27,8;21,6;28,6;27;21,8;19,9;69;61;69;280;8,7;0;
2011-11-20;18:00;0;952;954;952;669,6;28,4;22,2;28,4;27,8;22,3;21,4;71;67;69;267;0;0;
2011-11-20;19:00;0;950,3;952,2;950,3;497;27,2;22;28,4;27,2;22,4;21,8;74;68;73;279;0;0;
2011-11-20;20:00;0;947;950,3;947;337,2;27,4;22,4;27,7;27,2;23;21,9;77;73;74;144;0;0;
2011-11-20;21:00;0;945,6;947;945,6;259,1;27,8;22,2;27,8;27,1;23,1;22;79;71;71;84;0;0;
2011-11-20;22:00;0;943,5;945,8;943,5;110,7;26,3;22,5;27,8;26,3;22,8;21,8;80;70;80;58;0;0;
2011-11-20;23:00;0;938,8;943,4;938,8;-9999;25,9;22,4;26,6;25,7;22,5;21,8;82;75;81;140;5,9;2;
2011-11-21;00:00;0;935,9;938,8;935,9;-9999;25,3;20,8;25,9;25,1;22,4;20,8;83;76;76;110;5,9;2;
2011-11-21;01:00;0;933,9;935,9;933,9;-9999;24,5;19,9;25,3;24,5;20,8;19,9;77;75;75;78;5,1;3,3;
2011-11-21;02:00;0;931,3;933,9;931,3;-9999;23,6;19,7;24,6;23,6;19,8;19,2;79;73;79;39;5,4;3,3;
2011-11-21;03:00;0;930,3;931,3;930,2;-9999;23,9;20,8;24,2;23,5;20,8;19,8;83;79;82;43;5,7;3,8;
2011-11-21;04:00;0;930;930,7;930;-9999;23,4;20,8;24;23,3;20,8;20,7;86;82;86;43;4,8;1,6;
2011-11-21;05:00;0;928,9;930,2;928,9;-9999;23,1;20,2;23,4;22,8;20,8;20,1;86;83;84;45;4,2;,4;
2011-11-21;06:00;0;928,8;929,1;928,7;-9999;23,1;20,2;23,3;22,9;20,3;20,2;85;83;84;42;4,2;0;
2011-11-21;07:00;0;928,6;929,2;928,6;-9999;22,4;20,3;23,1;22,4;20,3;20,1;88;84;88;31;0;0;
2011-11-21;08:00;0;927,7;928,8;927,7;-9999;21,9;20,3;22,4;21,9;20,4;20,2;91;88;91;42;0;0;
2011-11-21;09:00;0;926,9;927,9;926,9;-9999;22;20;22;21,7;20,4;20;91;89;89;40;5,1;4;
2011-11-21;10:00;0;930;930;926,9;228,9;23,7;20,5;23,7;22;20,5;20;89;82;82;35;6,5;5;
2011-11-21;11:00;0;940;940;930;1089,3;25,6;21;25,7;23,7;21,3;20,5;82;76;76;39;7,8;5,8;
2011-11-21;12:00;0;949,4;949,4;940;2006,2;27,2;21,1;27,5;25,4;21,6;20,8;77;68;69;31;9,6;6,9;
2011-11-21;13:00;0;958,1;958,1;949,4;2769,6;28,8;21,3;29,1;27,2;21,7;20,9;70;63;64;26;10,3;6,2;
2011-11-21;14:00;0;964,2;964,2;958,2;3311,2;30,1;21,8;30,6;28,7;22;21,1;64;59;61;9;10,5;5,8;
2011-11-21;15:00;0;967,9;967,9;964,2;3319,1;32,1;21;32,1;29,9;22;20,7;61;52;52;352;11,2;6,8;
2011-11-21;16:00;0;971,7;971,7;967,9;3480,9;32;20,2;33,4;31;21,3;19,6;54;46;50;19;11,2;6,6;
2011-11-21;17:00;0;974,9;974,9;971,7;3837;33,3;19,1;34,2;32,1;20,3;18,7;50;41;43;5;10,3;6;
2011-11-21;18:00;0;971,8;976,3;971,8;2212,5;32,1;19,3;34,7;30,4;20;18,4;52;40;47;334;11,8;4,4;
2011-11-21;19:00;0;972,9;972,9;970,1;3025,8;33,1;17,5;35,1;32,1;19,4;15,9;47;33;40;329;10,8;5,9;
2011-11-21;20:00;0;964,3;973,2;964,3;1480,5;30,6;20;33,9;30,1;20,6;17,5;55;40;53;27;10,9;5,6;
2011-11-21;21:00;0;954,5;964,3;954,5;659,6;29;19,8;31,1;28,9;20,2;19,4;58;52;58;39;8,6;3,4;
2011-11-21;22:00;0;944,7;954,5;944,7;116,3;27,5;19,7;29;27,5;20;19,6;63;57;63;52;5,5;2,3;
2011-11-21;23:00;0;938;944,6;938;-9999;27,5;19,2;27,5;27;19,7;19,2;64;60;60;44;4,8;2,7;
2011-11-22;00:00;0;936,7;938;936,7;-9999;26,7;19,8;27,5;26,7;19,8;19,1;66;60;66;33;4,9;3,4;
2011-11-22;01:00;0;934,2;936,8;934,2;-9999;26;20,9;26,7;25,9;20,9;19,9;73;66;73;35;10;6;
2011-11-22;02:00;0;929,8;934,2;929,8;-9999;23,6;20,4;26;23,6;21,2;20,4;82;74;82;38;13,6;7,6;
2011-11-22;03:00;0;925,1;929,8;925,1;-9999;23,1;20,3;23,6;23,1;20,4;20,2;84;82;84;35;11,5;8;
2011-11-22;04:00;0;924,1;925,1;924;-9999;22,7;20,3;23,1;22,7;20,6;20,2;87;84;86;328;11,5;1,8;
2011-11-22;05:00;2,2;923,1;924,3;923,1;-9999;21,7;20,7;22,8;21,7;20,7;20,3;94;86;94;226;3;1;
2011-11-22;06:00;2,6;921,4;923,1;921,4;-9999;21,6;20,9;21,8;21,5;20,9;20,6;96;94;96;172;3,1;1,8;
2011-11-22;07:00;4,6;921,2;921,6;921,2;-9999;21,4;20,8;21,6;21,4;20,9;20,7;96;96;96;257;8,4;4,6;
2011-11-22;08:00;15;920,2;921,6;920,2;,4;20,7;20,2;21,4;20,7;20,8;20,2;97;96;97;249;8,4;2,7;
2011-11-22;09:00;6,8;918,9;920,5;918,9;,7;20;19,1;20,7;19,9;20,2;19,1;97;95;95;247;10,2;3,4;
2011-11-22;10:00;1;918,5;919;918,4;23,6;20,1;19,3;20,1;19,9;19,3;19,1;96;95;95;231;6,1;2;
2011-11-22;11:00;0;920,5;920,5;918,5;175,9;20,7;19,6;20,7;20,1;19,6;19,3;96;93;93;246;4;1,5;
2011-11-22;12:00;0;926,9;926,9;920,5;853,3;22,8;19,8;22,8;20,7;20;19,3;94;83;83;239;3,5;1;
2011-11-22;13:00;0;937;937;927;1539,7;23,6;20,3;23,8;22,8;20,7;19,6;85;78;82;223;5,3;2,2;
2011-11-22;14:00;0;944;944;937;1729,2;25;20,7;25;23,5;20,8;19,7;83;75;77;254;4,8;2,4;
2011-11-22;15:00;0;949,3;949,3;944;2292,7;25,9;20,2;26,2;24,6;21,5;20;79;70;71;304;9,8;6,7;
2011-11-22;16:00;0;948,8;950;948,8;1591,7;25,1;20,7;26,4;25,1;21,3;19,8;78;70;77;299;10,8;6,1;
2011-11-22;17:00;2,6;946,4;948,8;946,4;1174,7;21,6;20,1;25,8;21,6;21,5;19,6;91;73;91;318;11,6;6,5;
2011-11-22;18:00;2;937,8;946,4;937,8;917,5;23,4;21,9;23,8;21,6;22,1;20,2;94;87;91;295;11,6;4,2;
2011-11-22;19:00;3;935,9;937,9;935,8;736,9;22,9;21,5;23,4;22,1;21,9;21;95;89;92;300;9,1;6;
2011-11-22;20:00;0;937;937;935,9;801,7;22,9;21,1;23,4;22,9;21,7;21,1;92;88;89;321;8,9;4,7;
2011-11-22;21:00;4,6;934,9;937,3;934,9;202,2;22,5;21,5;23;22;21,5;20,9;95;89;94;288;8,2;4,5;
2011-11-22;22:00;0;933,2;934,9;933,2;151,2;22,1;20,5;23;22,1;21,8;20,5;94;90;91;266;7,8;4,3;
2011-11-22;23:00;0;930,4;933,3;930,4;-9999;21,1;20;22,1;21,1;20,5;20;94;91;94;245;5,9;1,7;
2011-11-23;00:00;0;928,2;930,4;928,2;-9999;20,6;19,7;21,1;20,6;20,1;19,7;95;94;95;238;4,3;,1;
2011-11-23;01:00;0;926,7;928,3;926,7;-9999;20,8;19,8;20,8;20,3;19,9;19,6;96;94;94;218;1,9;1,3;
2011-11-23;02:00;0;926,7;927;926,7;-9999;20,3;19,4;20,8;20,3;19,7;19,3;94;93;94;223;2,4;,6;
2011-11-23;03:00;0;926,4;927;926,4;-9999;19,8;18,9;20,4;19,8;19,5;18,9;95;94;95;228;1,8;,5;
2011-11-23;04:00;0;925,3;926,7;925,3;-9999;18,8;18,2;19,8;18,8;19;18,2;96;94;96;273;1,4;,7;
2011-11-23;05:00;,2;924,5;925,4;924,5;-9999;18,5;17,9;19,5;18,5;19;17,9;97;96;96;327;1,3;0;
2011-11-23;06:00;0;923,5;924,7;923,5;-9999;18,2;17,8;19;18,1;18,5;17,5;97;96;97;30;2,6;2,2;
2011-11-23;07:00;0;923,4;923,8;923,4;-9999;18;17,6;18,3;17,9;17,9;17,4;97;97;97;34;3,2;1,8;
2011-11-23;08:00;0;923,3;923,9;923,2;-9999;17,5;17,2;18;17,5;17,5;17,2;98;97;98;48;2,4;0;
2011-11-23;09:00;,2;923,5;923,6;923,3;-9999;17,6;17,2;18;17,4;17,6;17,1;98;98;98;134;2,6;0;
2011-11-23;10:00;0;926,3;926,3;923,5;307,7;19,3;18,9;19,3;17,5;18,9;17,2;98;98;98;92;0;0;
2011-11-23;11:00;0;936,3;936,3;926,4;1142;21,9;19,5;21,9;19,3;20,6;18,9;98;84;86;39;2,9;1,1;
2011-11-23;12:00;0;946,9;946,9;936,3;2192,4;22,9;19;23,1;21,6;20,3;17,9;90;75;79;49;3,1;2;
2011-11-23;13:00;0;956,7;956,7;946,9;2955,6;25,2;16,2;25,3;22,9;19,1;13,8;79;51;57;351;3,8;,7;
2011-11-23;14:00;0;962,3;962,3;956,7;3578,7;25,9;15,6;26,3;25,2;16,9;13;59;46;53;277;5,1;2;
2011-11-23;15:00;0;963;963,1;962,3;3965,3;26,6;15,4;27,1;25,6;17;12,9;58;45;50;274;5,9;1,8;
2011-11-23;16:00;0;965,4;965,4;963;4026,6;27,9;16,9;27,9;26,6;17,1;14,1;55;45;51;337;5,9;2,1;
2011-11-23;17:00;0;968,1;968,1;965,4;3811,2;28,2;15,4;28,6;27,4;17,4;13,4;53;41;46;335;6,1;2,8;
2011-11-23;18:00;0;970;970;968,1;3359,1;28,9;16,6;29,3;28,1;17,5;14,3;50;42;47;311;6,6;2,5;
2011-11-23;19:00;0;969,3;970,9;969,3;2705,5;28,9;16,1;29,1;28,5;18;14,4;53;40;46;291;6,9;3,5;
2011-11-23;20:00;0;966,2;969,4;966,2;1941,6;28,5;16;28,9;28,3;17,1;14,3;50;40;47;294;8,6;3,7;
2011-11-23;21:00;0;961,4;966,1;961,4;1040,5;27,4;18,1;28,5;27,4;18,1;15,2;57;46;57;292;6,4;1,9;
2011-11-23;22:00;0;952,3;961,4;952,3;205,8;24,5;18,1;27,4;24,3;19,1;16,9;70;54;68;269;3,5;2,4;
2011-11-23;23:00;0;941,7;952,3;941,7;-9999;23,2;18,1;24,7;23,2;18,4;17;73;64;73;221;2,6;,4;
2011-11-24;00:00;0;935,2;941,7;935,2;-9999;23,3;18,4;23,5;22,9;19,3;17,7;80;71;74;147;1,4;0;
2011-11-24;01:00;0;932,5;935,1;932,5;-9999;22,6;17,9;23,3;22,6;18,7;17,2;77;70;75;210;1;,3;
2011-11-24;02:00;0;930,7;932,6;930,7;-9999;22,6;17,3;22,9;22,4;18,2;16,5;76;67;72;165;1,3;,1;
2011-11-24;03:00;0;930,3;930,9;930,3;-9999;22,3;16,8;22,7;22,1;18;16,6;76;68;71;132;,9;0;
2011-11-24;04:00;0;931;931;930,3;-9999;22,4;16;22,9;22,1;16,8;15,8;72;65;67;127;1,3;,8;
2011-11-24;05:00;0;932,2;932,2;931;-9999;21,2;16,3;22,7;21,2;16,3;15,7;73;65;73;139;3,3;2,3;
2011-11-24;06:00;0;930,7;932,4;930,7;-9999;21,2;15,7;21,9;20,3;16,4;15,6;78;68;71;114;4,1;3;
2011-11-24;07:00;0;929;931,2;929;-9999;20,3;16;21,6;19,6;16,3;15,6;81;69;77;102;4,1;2,2;
2011-11-24;08:00;0;929,5;929,5;928,9;-9999;21,7;15,3;21,8;20,3;16,1;15,3;77;67;67;125;3,9;1,8;
2011-11-24;09:00;0;931,9;931,9;929,6;,5;21,3;15,3;21,8;21,1;15,4;15,1;70;66;69;118;3,1;2;
2011-11-24;10:00;0;936,3;936,3;931,9;295,2;23;16,5;23;21,3;16,5;15,2;69;64;67;116;3,5;1,9;
2011-11-24;11:00;0;947,2;947,2;936,3;1160,6;25,5;18,2;25,5;23;19,1;16,5;70;63;64;126;3,4;1,7;
2011-11-24;12:00;0;959,3;959,3;947,2;2111,7;27,5;17,4;27,9;25,5;19,7;15,2;68;47;54;83;3,2;1,4;
2011-11-24;13:00;0;967,8;967,8;959,3;2886,2;28,1;17,5;28,4;27,4;18,1;15,8;55;47;53;291;4,5;2,2;
2011-11-24;14:00;0;970,9;970,9;967,8;3528,8;29,4;15;29,8;27,9;18,3;14,4;54;40;42;265;5,5;3,2;
2011-11-24;15:00;0;972,4;972,4;970,9;3954,3;30,6;16,8;30,9;29,3;17,5;13,6;47;35;43;266;7,5;4,9;
2011-11-24;16:00;0;973,8;973,8;972,4;4110,1;30,7;14;30,9;30,2;17,5;13,3;46;35;36;276;7,5;3,5;
2011-11-24;17:00;0;974,8;974,8;973,8;3893;31,6;15,6;31,9;30,6;15,9;13;42;32;38;266;7,4;3,6;
2011-11-24;18:00;0;974,4;975,4;974,4;3407,7;31,9;14,3;32,2;31,1;16,8;12,6;41;32;34;230;7,4;2,7;
2011-11-24;19:00;0;974,4;975;974,4;2784,7;32,2;14,4;32,4;31,4;17;12,2;41;31;34;233;7,4;2,7;
2011-11-24;20:00;0;972,8;974,8;972,8;1977,5;31,6;14,8;32,4;31,3;16,3;13,7;40;33;36;236;6,5;2,4;
2011-11-24;21:00;0;966,5;972,8;966,5;938,4;29,1;15,5;31,7;29,1;15,7;12,7;44;32;44;235;6,9;1,3;
2011-11-24;22:00;0;955,1;966,5;955,1;164,7;27,7;16,2;29,1;27,7;16,5;15,4;50;43;49;190;3,4;0;
2011-11-24;23:00;0;944,4;955,1;944,4;-9999;25,6;16,4;27,7;25,6;16,8;15,7;57;49;57;153;0;0;
2011-11-25;00:00;0;937,5;944,4;937,5;-9999;25,8;15,6;26,2;25,1;16,5;14,8;59;49;53;122;,7;0;
2011-11-25;01:00;0;935,9;937,5;935,9;-9999;25,7;14,6;26,3;24,5;16,6;14,2;61;48;50;126;4,3;2,3;
2011-11-25;02:00;0;936,2;936,3;935,9;-9999;25,3;15,2;26,2;24,8;15,7;14,3;57;49;54;130;5,7;2,3;
2011-11-25;03:00;0;934,3;936,4;934,3;-9999;24,3;15,1;25,5;23,8;15,8;14,9;61;52;57;132;6;2;
2011-11-25;04:00;0;931,7;934,4;931,7;-9999;23,8;15,1;24,8;22,9;16,2;14,9;66;55;58;119;4,5;2,3;
2011-11-25;05:00;0;929,7;931,9;929,7;-9999;23,4;14,5;24;22,3;15,8;14,5;67;56;57;107;4,9;2,6;
2011-11-25;06:00;0;926,3;929,8;926,3;-9999;21,3;14,6;23,4;21;15,1;14,6;68;57;66;83;3,8;,2;
2011-11-25;07:00;0;925,1;926,3;925;-9999;21,7;13,9;23,2;21,1;14,6;13,6;66;55;61;87;4,6;0;
2011-11-25;08:00;0;924,8;926;924,8;-9999;18,8;15,1;23,7;18,3;15,2;12,7;81;51;79;50;6,5;4,6;
2011-11-25;09:00;0;919,4;924,8;919,4;1,6;19,3;16;19,5;18,6;16,1;14,9;82;79;82;52;5,3;4,4;
2011-11-25;10:00;0;923;923;919,4;307,9;21,2;16,9;21,2;18,9;16,9;15,7;82;75;77;56;5,7;3,8;
2011-11-25;11:00;0;935,1;935,1;923;1075,8;24,2;18,5;24,2;21,2;18,7;17,1;78;70;71;28;5,1;3,6;
2011-11-25;12:00;0;946;946;935,1;2077,1;25,6;19,7;25,6;24,2;20,2;18,6;74;70;70;33;5,9;4,2;
2011-11-25;13:00;0;956,1;956,1;946;2829,5;28;17;28,3;25,5;20,1;17;71;51;51;6;5,7;2,4;
2011-11-25;14:00;0;963,4;963,4;956,1;3453,8;29,4;15,7;29,6;27,8;18,1;14,9;54;41;43;37;5,3;2,4;
2011-11-25;15:00;0;967,5;967,5;963,5;3832,9;30,7;15,2;30,8;29,4;17,6;13;48;34;39;44;5,2;1,9;
2011-11-25;16:00;0;970,5;970,5;967,5;3912,7;30,9;14,6;31,5;30,4;16,6;13;43;33;37;317;5,7;2,1;
2011-11-25;17:00;0;970;971,7;970;3169,6;31,9;14,7;31,9;29,7;17;11,7;44;29;35;293;6,5;2,3;
2011-11-25;18:00;0;972,5;972,5;970;3378,4;32,1;11;32,7;31,7;14,5;10,6;35;27;27;121;4;1,1;
2011-11-25;19:00;0;974,6;974,7;972,5;2726,7;32,7;12,2;33,4;32;14,5;11,1;34;27;29;244;3,5;1;
2011-11-25;20:00;0;971,9;975;971,9;1898,5;32,2;12,1;32,9;31,9;14,3;11;34;27;29;295;3,3;0;
2011-11-25;21:00;0;966,1;971,9;966,1;939,3;31;14,3;32,8;30,6;18,2;11,8;48;28;36;273;0;0;
2011-11-25;22:00;0;951,5;966,1;951,5;110,9;28,4;16;30,9;28,1;19,1;15,1;58;37;47;234;0;0;
2011-11-25;23:00;0;941,1;951,4;941,1;-9999;25,9;18,6;28,6;25,9;18,9;15,9;65;47;64;257;3,8;0;
2011-11-26;00:00;0;933,8;941,1;933,8;-9999;25,7;19;26,5;25,6;19,4;17,4;67;58;67;127;2,8;0;
2011-11-26;01:00;0;929,8;933,8;929,8;-9999;26,3;17,4;26,3;24,7;19,7;16,7;73;55;58;125;0;0;
2011-11-26;02:00;0;928;929,9;928;-9999;25;17,9;26,4;23,7;19,1;15,7;75;52;65;103;1,8;,7;
2011-11-26;03:00;0;928,5;928,6;927,9;-9999;24,8;16,6;26,7;24,5;18;15;65;49;61;106;2,7;1,5;
2011-11-26;04:00;0;928,7;928,7;928,4;-9999;24,7;16;26,1;24,7;17;14,9;62;50;58;158;2,6;,5;
2011-11-26;05:00;0;926,9;928,9;926,9;-9999;21,7;16,8;24,8;21,7;17,5;15,4;74;56;74;52;4,9;3,8;
2011-11-26;06:00;0;924,2;926,9;924,2;-9999;22,7;15,9;23,5;21,4;17;15,6;76;61;65;63;5,8;3,9;
2011-11-26;07:00;0;922,3;924,5;922,3;-9999;21,7;16,8;22,7;21,6;16,8;15,8;74;65;74;35;5;4,1;
2011-11-26;08:00;0;920,6;922,3;920,6;-9999;21,3;17,8;21,7;21,2;17,8;16,8;81;74;81;38;4,8;4;
2011-11-26;09:00;0;920,7;920,9;920,6;-9999;21,4;18,5;21,6;21,3;18,5;17,8;84;80;84;40;4,9;4,1;
2011-11-26;10:00;0;923,6;923,6;920,7;213,9;23;19,8;23;21,2;19,9;18,5;85;82;82;21;4,7;2,8;
2011-11-26;11:00;0;934,8;934,8;923,7;1023;25,6;20,7;25,6;22,9;20,7;19,7;83;74;75;23;4;2,8;
2011-11-26;12:00;0;946,1;946,1;934,8;1755,8;26,4;20,6;26,5;25,4;20,8;19,6;75;69;71;356;4,6;2,4;
2011-11-26;13:00;0;951,9;951,9;946,1;1987,1;27,6;20,5;27,8;26,2;21,6;20,1;73;65;65;312;4,9;2,4;
2011-11-26;14:00;0;958,8;958,8;951,9;3283,3;29,5;20,2;29,8;27,4;21,5;19,4;68;55;57;297;5;1,7;
2011-11-26;15:00;0;964,6;964,6;958,8;3832,9;31,2;18,4;31,2;29;20,6;17,5;59;45;46;357;5,5;1;
2011-11-26;16:00;0;970,4;970,4;964,7;4158,8;32,1;16,2;32,9;30,9;18,7;15,8;47;37;38;146;4,3;,6;
2011-11-26;17:00;0;973,4;974,1;970,4;3085,7;31,6;16,9;32,9;31,5;19,2;13,3;46;31;42;277;3,8;,9;
2011-11-26;18:00;0;964,5;973,4;964,5;1235,1;30,1;20,7;32,3;29,1;21,6;14,9;62;35;57;306;7;4,1;
2011-11-26;19:00;0;961,3;964,5;961,3;2233,8;31,4;20,4;31,7;30,1;20,8;17,1;58;43;52;292;7;3,4;
2011-11-26;20:00;0;954,6;961,7;954,6;1080,7;30;21;31,5;28,9;21,4;19,5;61;50;59;282;6,9;3,3;
2011-11-26;21:00;0;953,1;954,6;953,1;1006,3;29,8;20,2;30,4;29,8;21,3;19,7;60;53;56;297;4,7;3,3;
2011-11-26;22:00;0;943,4;953,2;943,4;157,3;26,5;17;29,8;25,6;20,8;17;61;52;56;155;6,8;1,7;
2011-11-26;23:00;0;934,6;943,4;934,6;-9999;25,3;18,2;26,6;25,3;18,9;17,1;67;56;65;8;7;4,1;
2011-11-27;00:00;0;929,7;934,6;929,7;-9999;23,7;18,5;25,3;23,7;18,6;18,1;73;65;73;36;5,7;3,8;
2011-11-27;01:00;0;926,3;929,7;926,3;-9999;23,8;18,2;24,5;23,6;18,6;18;73;68;71;67;5,5;3,3;
2011-11-27;02:00;0;925,9;926,5;925,9;-9999;23,4;18,4;24,4;23,3;18,6;18,2;74;68;74;34;5,6;3,4;
2011-11-27;03:00;0;924,5;926,2;924,5;-9999;23,4;18,5;23,4;22,7;18,5;18,4;77;74;74;46;5,1;4,2;
2011-11-27;04:00;0;924,2;924,7;924,2;-9999;22,6;18,7;23,4;22,6;18,7;18,5;78;74;78;46;6,4;4,8;
2011-11-27;05:00;0;922,6;924,4;922,6;-9999;22;18,7;22,6;21,8;18,8;18,7;83;78;82;40;6,4;4;
2011-11-27;06:00;0;922,9;922,9;922,3;-9999;22,6;18,9;22,8;22;19;18,7;82;78;79;103;5,3;2,9;
2011-11-27;07:00;0;923,8;923,9;922,9;-9999;22,4;19;22,8;22,1;19,1;18,7;83;78;81;78;6,5;4,8;
2011-11-27;08:00;0;924;924,3;923,8;-9999;21,9;18,6;22,5;21,8;19,1;18,6;83;80;82;69;7,4;4,1;
2011-11-27;09:00;0;922,5;924,2;922,5;-9999;21,1;18,5;21,9;21;18,7;18,4;85;82;85;45;5,4;3,9;
2011-11-27;10:00;0;925,3;925,3;922,4;291,2;22,6;18,9;22,6;21,1;18,9;18,5;85;79;80;46;6,5;5,1;
2011-11-27;11:00;0;933,5;933,5;925,3;1027,4;24;19,4;24;22,6;19,6;18,7;80;75;76;43;8,1;5,8;
2011-11-27;12:00;0;941,9;941,9;933,6;2020,8;26;20;26;24;20,2;19,5;76;69;70;48;8,9;5,1;
2011-11-27;13:00;0;950,4;950,4;941,9;2731;27,4;20,4;27,7;25,9;21;19,7;70;65;65;25;7,4;4,8;
2011-11-27;14:00;0;956,4;956,4;950,4;3404,8;28,5;21;29;27,4;21,5;19,8;67;61;64;28;7,3;3,9;
2011-11-27;15:00;0;960,9;960,9;956,4;3791,8;30,4;20,2;30,4;28,5;21,4;19,9;65;55;55;21;6,6;3,7;
2011-11-27;16:00;0;965,7;965,7;960,9;3831,4;30,9;20;31,5;29,8;20,6;18,6;55;49;52;30;6,6;3;
2011-11-27;17:00;0;968,1;968,1;965,7;3467,9;31,1;18,7;32,3;30,2;20,5;18,4;53;46;48;345;7,8;2,8;
2011-11-27;18:00;0;963,7;969,3;963,7;1384,6;30,9;19,8;31,8;29,5;21,3;18,1;59;46;52;35;6,2;4,1;
2011-11-27;19:00;0;963,2;963,7;962,6;2621,3;30,9;19,4;31,7;30,2;20,8;18,6;55;48;51;43;8,6;4,1;
2011-11-27;20:00;0;955,6;963,3;955,6;581,7;27,7;18,7;30,9;27,3;20,4;16,9;58;49;58;147;8,1;4,2;
2011-11-27;21:00;0;941,4;955,6;941,4;168,5;25,2;20,2;28,1;25,2;20,6;18,8;74;58;74;177;8,1;1,9;
2011-11-27;22:00;0;933,2;941,4;933,2;135,1;24,4;20,4;25,3;24,1;20,7;19,8;81;73;78;236;7,2;,9;
2011-11-27;23:00;0;929,9;933,2;929,9;-9999;24,5;20,6;25;23,8;20,6;19,7;81;73;79;113;2,7;,1;
2011-11-28;00:00;0;930,1;930,1;929,6;-9999;25,2;19,7;25,5;24,5;20,7;19,7;79;71;72;137;3,6;2;
2011-11-28;01:00;0;931,1;931,2;930,1;-9999;25,2;20,1;25,8;24,4;20,4;19,5;78;68;74;127;3,6;,1;
2011-11-28;02:00;0;931,4;931,7;931,1;-9999;24,9;20,3;25,7;24,4;20,7;19,4;79;68;76;100;2,6;0;
2011-11-28;03:00;0;928,8;931,7;928,8;-9999;23,3;19,8;24,9;23,1;20,8;19,8;82;76;81;66;3,6;2,9;
2011-11-28;04:00;0;926,6;928,8;926,6;-9999;22,9;19,6;23,8;22,6;19,8;19,5;83;77;82;64;4,5;3,4;
2011-11-28;05:00;0;924,3;926,6;924,3;-9999;21,9;19,4;22,9;21,9;19,6;19,4;86;82;86;32;4;3,3;
2011-11-28;06:00;0;922,7;924,3;922,6;-9999;21,9;19,4;22;21,7;19,5;19,4;87;86;86;53;4,2;3,7;
2011-11-28;07:00;0;923;923;922,7;-9999;21,9;19,7;22,1;21,9;19,7;19,4;88;85;88;46;5,2;2,8;
2011-11-28;08:00;0;922,8;923,4;922,7;-9999;21,7;19,9;21,9;21,3;19,9;19,6;90;88;89;50;4,4;3,2;
2011-11-28;09:00;0;923,3;923,3;922,8;-9999;21,4;19,6;21,9;21,4;20;19,6;90;89;90;89;4,6;0;
2011-11-28;10:00;0;927,2;927,2;923,3;299,3;23,2;20,7;23,2;20,8;20,8;19,3;92;86;86;67;4,3;3,2;
2011-11-28;11:00;0;933,9;933,9;927,2;705,3;23,4;20,7;23,6;23,2;21;20,3;86;84;85;50;8,3;6,1;
2011-11-28;12:00;0;937,2;937,2;933,9;937,2;24,5;21,4;24,6;23,4;21,5;20,5;85;81;83;29;9,3;6,4;
2011-11-28;13:00;0;944,4;944,4;937,3;1578,4;24,9;21,1;25,5;24,4;21,5;20,7;83;78;79;31;9,3;3,8;
2011-11-28;14:00;0;947,1;947,1;944,4;1370,5;25,8;21,2;25,8;24,7;21,6;20,7;80;76;76;30;5,6;3,1;
2011-11-28;15:00;0;948,9;948,9;947,2;994,7;25,8;20,6;26;25,1;21,2;20,6;78;73;73;349;5,1;,9;
2011-11-28;16:00;0;951,7;951,7;948,9;1351,1;26,3;20,6;26,5;25,7;21,6;20,6;76;71;71;278;4,1;2;
2011-11-28;17:00;0;955,7;955,7;951,7;1792,3;26,6;20,8;27,4;26,3;21,4;20;72;65;70;286;3,4;2,1;
2011-11-28;18:00;0;960;960;955,7;2957,3;29,5;20,6;29,6;26,6;21,5;19,8;71;59;59;269;4,4;1,8;
2011-11-28;19:00;0;963,8;963,8;960;2744,7;30,5;17,8;30,5;28,7;20,2;17,8;60;47;47;255;5,3;2;
2011-11-28;20:00;0;965,9;965,9;963,8;1804,5;30;18;30,9;29,7;18,4;17;49;45;49;104;3,8;,6;
2011-11-28;21:00;0;957,6;966,1;957,6;1186;27,9;20,2;30,1;27,5;20,3;17,8;64;48;63;132;7,7;2,7;
2011-11-28;22:00;0;946,7;957,6;946,7;154;26,7;20,6;28;26,7;20,6;19,9;69;62;69;92;6,7;1,4;
2011-11-28;23:00;0;939,7;946,7;939,7;-9999;25,2;20,4;27,2;25;20,8;19,2;76;62;75;87;5,1;3,6;
2011-11-29;00:00;0;934,5;939,7;934,5;-9999;24,8;20,1;25,2;24,7;20,4;19,7;76;72;75;134;5,1;2;
2011-11-29;01:00;0;930,8;934,5;930,8;-9999;23;20;25,1;22,9;20,5;19,8;85;73;83;198;3,3;,5;
2011-11-29;02:00;0;926,5;930,8;926,5;-9999;22,1;19,5;23;21,8;20,1;19,5;88;83;85;63;3,2;1,1;
2011-11-29;03:00;0;926,9;926,9;925,7;-9999;23,7;18,9;24,1;21,6;19,5;18,8;86;73;74;118;4,1;2,5;
2011-11-29;04:00;0;928;928,2;926,9;-9999;23;19,4;23,9;22,4;19,5;18,8;83;74;80;100;4;0;
2011-11-29;05:00;0;927;928,3;927;-9999;22,5;19,7;23,1;22;19,7;19,2;85;80;84;67;4,8;3,4;
2011-11-29;06:00;0;926,9;927,3;926,9;-9999;22,4;19,5;22,8;22;19,7;19,4;86;82;84;88;4,8;0;
2011-11-29;07:00;0;926,5;927,2;926,5;-9999;22,1;19,3;22,4;21,5;19,5;19,1;87;83;84;98;4,5;2,1;
2011-11-29;08:00;0;926,7;926,9;926,5;-9999;22,1;19,1;22,5;21,7;19,3;19;86;82;83;93;3,4;2,3;
2011-11-29;09:00;0;927,3;927,6;926,7;-9999;21,1;19,2;22,6;21,1;19,2;18,7;89;80;89;130;5,3;2,7;
2011-11-29;10:00;0;928,6;928,6;926,8;256,6;22,5;19;22,5;21,1;19,3;18,8;89;79;81;148;5,4;2,2;
2011-11-29;11:00;0;939,3;939,3;928,6;1055,8;25,8;18,6;25,9;22,4;19,6;18,1;81;63;64;40;4,6;3,1;
2011-11-29;12:00;0;950,4;950,4;939,3;2028,7;27,3;20,6;27,4;25,8;21;18,7;69;64;67;23;6,8;4,2;
2011-11-29;13:00;0;959,8;959,8;950,4;2837,9;28,4;20,5;28,8;27,2;21,2;20,2;69;61;62;23;7,3;3,6;
2011-11-29;14:00;0;966;966;959,8;3467,7;29,1;19,6;29,8;28,4;21,2;19,6;63;56;57;20;6,5;3;
2011-11-29;15:00;0;963,7;966,6;963,7;1758,1;29,9;19,6;30,3;28,5;20,9;19,2;60;54;54;359;7,1;1,1;
2011-11-29;16:00;0;968,6;968,6;963,7;3449,2;31,1;19,3;31,1;29,7;20,4;19;55;49;50;51;6,1;1,8;
2011-11-29;17:00;0;971,7;972,3;968,6;2636,9;30,5;19,7;32,8;30,5;20,2;18,4;53;45;53;52;4,1;2,1;
2011-11-29;18:00;0;962,2;971,7;962,2;970,8;27,8;20,8;30,7;27,6;20,9;19,2;66;51;66;257;8;4;
2011-11-29;19:00;0;948,6;962,1;948,6;945,4;26,9;20;27,8;26,2;20,4;19,2;67;62;66;274;8,4;4,1;
2011-11-29;20:00;,6;936,7;948,6;936,7;524,9;19,9;18,4;27,9;19,9;20;18,3;91;60;91;61;18,3;9,8;
2011-11-29;21:00;,4;923,9;936,7;923,9;339,7;23,1;19,2;23,1;19,9;19,2;18,2;91;78;79;83;14,3;3,2;
2011-11-29;22:00;0;925,8;925,8;923,9;166,4;22,7;18,9;23,4;22,3;19,3;17,9;83;74;79;121;5,3;2,3;
2011-11-29;23:00;0;925,3;926,1;925,2;-9999;22,4;19;23;22;19,2;18,1;84;74;81;109;4,6;2;
2011-11-30;00:00;0;924,1;925,6;924,1;-9999;20,7;18,2;22,5;20,7;19;18;86;78;86;277;5,2;2,1;
2011-11-30;01:00;0;921,9;924,1;921,9;-9999;21,2;18,7;21,2;20,4;18,9;18,3;89;86;86;69;4,5;1,5;
2011-11-30;02:00;0;923,4;923,4;921,9;-9999;22,3;18,3;22,4;21,2;18,7;17,7;86;75;78;93;2,1;0;
2011-11-30;03:00;0;923,9;924,9;923,4;-9999;20,4;18,5;22,6;20,1;18,8;18;92;78;89;42;7,7;4,3;
2011-11-30;04:00;0;922,2;923,9;922,2;-9999;20,7;17,7;20,7;20,2;18,5;17,7;89;83;83;48;5,3;4,6;
2011-11-30;05:00;0;922,5;922,6;922,2;-9999;20,6;17,8;20,9;20,4;18,1;17,7;85;83;84;96;5,2;2,2;
2011-11-30;06:00;0;923,8;923,8;922,5;-9999;21,7;17,5;21,8;20,4;18;17,5;85;77;77;100;3,7;2,7;
2011-11-30;07:00;0;924,2;924,4;923,8;-9999;20,7;17,8;21,7;20,5;18;17,2;85;77;83;56;4,5;4;
2011-11-30;08:00;0;924,7;924,7;924,2;-9999;21,3;18,1;21,3;20,4;18,2;17,8;86;82;82;71;5;4;
2011-11-30;09:00;0;926,2;926,2;924,7;-9999;21;18,2;21,4;20,4;18,3;17,9;86;82;84;71;5;3,5;
2011-11-30;10:00;0;929,1;929,1;926,2;264,9;22,7;19,5;22,7;20,9;19,6;18,2;86;82;82;38;4,1;3,2;
2011-11-30;11:00;0;939,9;939,9;929,1;1030,3;24,4;19,5;24,5;22,7;19,9;19,4;82;74;74;29;6,1;4,4;
2011-11-30;12:00;0;948,3;948,3;939,9;2021,3;26,2;20,4;26,4;24,3;20,9;19,6;77;70;70;33;7,6;5,4;
2011-11-30;13:00;0;956,7;956,7;948,4;2772,8;27,4;20,2;28,1;26,1;20,8;19,8;71;63;65;31;8,9;6;
2011-11-30;14:00;0;962,2;962,2;956,7;3396,4;28,2;20,6;29;27,4;21,1;20;66;61;63;33;8,9;5,2;
2011-11-30;15:00;0;965,2;965,2;962,2;3847,8;30,5;20,7;30,5;28,2;21,4;19,8;64;55;56;29;8,7;5,4;
2011-11-30;16:00;0;968,8;968,8;965,2;3959,2;30,9;19,4;31,6;30,1;21,1;19,4;57;51;51;28;11,2;4,7;
2011-11-30;17:00;0;973,3;973,3;968,8;3638,6;28,9;20,3;32,4;28,9;21,1;18,3;60;45;60;339;12,3;5,8;
2011-11-30;18:00;0;952,8;973,4;952,8;1237,5;28,4;18,7;29,2;24,5;20,9;16,2;65;54;56;330;14,9;4,1;
2011-11-30;19:00;0;956,8;956,8;952,7;2091,6;30;17,6;30,3;28;18,8;14,9;57;42;47;11;7,1;4;
2011-11-30;20:00;0;962,2;962,2;956,8;1970,1;29,9;20,8;30,9;29,1;21;17,9;60;47;58;4;7;4,8;
2011-11-30;21:00;0;959,8;962,4;959,8;1027,9;29,2;20,7;30,2;29,2;21,2;20,1;60;55;60;348;7,8;3,9;
2011-11-30;22:00;0;953,4;959,8;953,4;261,3;27,2;19,8;29,6;27,2;21;19,8;66;58;64;27;6;4,3;
2011-11-30;23:00;0;942,1;953,4;942,1;-9999;25,3;20,3;27,2;25,3;20,3;19,8;74;64;74;34;6,2;1,5;
2011-12-01;00:00;0;934,5;942,1;934,5;-9999;23,4;19,8;25,3;23,4;20,3;19,7;80;74;80;37;5,5;3,9;
2011-12-01;01:00;0;929,7;934,5;929,7;-9999;22,8;18,7;23,7;22,8;19,8;18,7;81;76;78;37;8,1;5;
2011-12-01;02:00;0;927,5;929,7;927,5;-9999;22,7;18;22,9;22,6;18,7;18;78;74;75;46;6,8;5;
2011-12-01;03:00;3,2;926,8;928,5;926,8;-9999;20,7;19,1;24,5;20,2;19,1;17,5;92;66;90;143;10,4;5,1;
2011-12-01;04:00;0;922,4;926,8;922,4;,4;20,6;18,5;21;20,6;19,2;18,1;91;83;88;110;9,8;3,4;
2011-12-01;05:00;4,8;921,6;922,7;921,6;-9999;19,9;18,7;20,9;19,8;18,7;18;93;84;93;30;6,8;1,8;
2011-12-01;06:00;0;920,7;921,6;920,7;1,9;19,5;18;20,4;19,5;18,8;18;93;86;91;31;5,3;3,4;
2011-12-01;07:00;0;920,3;920,9;920,2;-9999;19,8;17,8;19,8;19,5;18;17,6;91;88;89;41;4,9;3,8;
2011-12-01;08:00;0;921;921;920,3;-9999;19,4;17,5;19,9;19,4;17,9;17,5;90;86;89;20;5;4;
2011-12-01;09:00;,2;920,9;921,3;920,8;0;19,7;17,3;19,9;19,2;17,5;17,1;89;85;86;129;5,8;3,3;
2011-12-01;10:00;0;922,7;922,7;920,9;141,3;20,5;18,2;20,5;19,4;18,2;17,2;91;85;86;124;5,5;2,3;
2011-12-01;11:00;0;933,5;933,5;922,7;1225,6;22,1;18,5;22,2;20,5;19,1;18;88;78;80;88;5,7;4;
2011-12-01;12:00;0;939,7;939,7;933,5;1321,6;23,5;18,7;23,6;22,1;19,3;18,1;83;72;74;70;6,1;2,6;
2011-12-01;13:00;0;945,4;945,4;939,8;1175,9;23,7;19;25,4;23,5;20,4;18,5;77;70;75;353;4,9;1,4;
2011-12-01;14:00;0;948,3;948,3;945,4;1531,7;25,7;20,6;25,7;23,7;20,7;19,1;79;71;74;2;5,7;2,8;
2011-12-01;15:00;0;955,1;955,1;948,3;3141,1;26,9;21,3;26,9;25,4;21,6;19,9;76;69;71;323;7,3;3,2;
2011-12-01;16:00;0;960,8;960,8;955,1;3593,6;27,8;19,6;28,8;26,7;21,6;19,5;72;60;61;335;7,6;2,3;
2011-12-01;17:00;0;963,8;964;960,8;2239,7;28;20,3;29,1;27,8;21,3;19,6;67;60;63;306;6,4;3,1;
2011-12-01;18:00;3;950,5;963,8;950,5;707,4;24,7;21,2;28,1;23,8;22,2;18,5;84;63;81;358;12,3;2,6;
2011-12-01;19:00;0;950,7;950,7;948,8;1439,3;27,4;21,2;27,6;24,8;22,3;20,5;81;67;69;267;6,1;3,6;
2011-12-01;20:00;0;951,8;952,4;950,7;998,3;26,7;21,2;27,5;26,7;21,5;20,4;72;66;72;254;5,8;3,9;
2011-12-01;21:00;0;948,8;951,8;948,8;575,8;25,8;21,3;26,7;25,8;21,8;20,9;78;72;76;263;5,5;3,5;
2011-12-01;22:00;0;944,8;948,8;944,8;198,1;24,6;22,1;26,1;24,6;22,1;21;86;74;86;359;4,9;0;
2011-12-01;23:00;0;938,5;944,8;938,5;-9999;22,3;20,1;24,6;22,2;22,2;19,9;88;81;88;65;4,8;0;
2011-12-02;00:00;0;932;938,5;932;-9999;21,7;19,6;22,5;21,6;20,2;19,4;88;85;87;155;0;0;
2011-12-02;01:00;0;928,7;932;928,7;-9999;20,6;18,7;22;20,6;19,6;18,7;90;84;89;42;4,6;2,7;
2011-12-02;02:00;0;927,3;928,6;927,2;-9999;21,5;18,3;21,8;20,6;18,9;18,2;89;80;82;135;3,2;1,3;
2011-12-02;03:00;0;927,8;928,1;927,3;-9999;20,3;18,3;21,7;20,2;18,6;18,1;89;80;89;60;2,9;2;
2011-12-02;04:00;0;926,2;928;926,2;-9999;20;17,9;20,3;20;18,3;17,8;90;86;87;54;3,9;2,8;
2011-12-02;05:00;0;925,2;926,4;925,2;-9999;19,4;18,3;20;19,4;18,3;17,7;93;87;93;47;3,9;2,2;
2011-12-02;06:00;0;924,9;925,4;924,9;-9999;19,6;18,3;19,8;19,4;18,6;18,3;93;92;93;32;2,7;2,5;
2011-12-02;07:00;0;925,1;925,3;925;-9999;19,6;18,1;19,6;19,4;18,3;18,1;93;91;91;46;3,9;3,4;
2011-12-02;08:00;0;925,9;925,9;925,1;-9999;19,6;18,3;19,7;19,4;18,3;18,1;92;91;92;64;3,9;1,8;
2011-12-02;09:00;0;926,6;926,6;925,9;-9999;19,6;18,1;19,9;19,4;18,5;18;92;90;91;52;3,4;3;
2011-12-02;10:00;0;929,8;929,8;926,6;219,7;21,6;19,3;21,6;19,6;19,3;18,1;91;87;87;63;3,4;1,7;
2011-12-02;11:00;0;939,3;939,3;929,9;770,9;22,5;20;22,8;21,3;20;18,8;87;81;86;189;2,7;,1;
2011-12-02;12:00;0;947,8;947,8;939,3;1064,2;24,8;20,8;24,8;22,5;20,9;19,4;86;75;79;243;1,7;0;
2011-12-02;13:00;0;955,2;955,2;947,8;1637,8;26,4;20,9;26,5;24,4;21,4;20,4;81;71;72;336;2,1;,3;
2011-12-02;14:00;0;963,7;963,7;955,2;2755,9;27,3;20;27,8;25,7;22;19,9;75;64;64;201;3,7;,7;
2011-12-02;15:00;0;969,8;969,8;963,8;3319,6;28,2;20,6;29,1;26,9;22;20;68;61;63;205;3,6;1,1;
2011-12-02;16:00;0;971,9;971,9;969,8;3183,7;28,9;21;30,2;27,7;22,4;20,2;67;57;62;272;5,3;2,1;
2011-12-02;17:00;11,4;952,8;972,3;952,8;687,1;21,3;19,5;28,9;21,2;21,1;18,3;91;59;90;143;14,6;7,4;
2011-12-02;18:00;5,4;937,8;952,8;937,8;1218,6;21,8;20;22,9;21,3;21;19,2;92;83;90;334;14;3,3;
2011-12-02;19:00;0;934,3;937,8;934,3;221,2;22;20;22,1;21,5;20,2;19,4;91;86;88;281;6,1;3,2;
2011-12-02;20:00;0;937,6;937,6;934,3;884,8;24,3;20,4;24,5;21,8;21;19,4;90;77;79;349;6,1;2;
2011-12-02;21:00;0;947,5;947,5;937,7;1099,5;25,7;19,9;25,9;24;21,3;18,7;83;65;70;120;3,6;0;
2011-12-02;22:00;0;947,3;949,8;947,3;225,9;24,3;21,1;25,7;24;21,5;19;86;68;83;137;3,6;0;
2011-12-02;23:00;0;942,1;947,3;942,1;-9999;24,3;19,7;24,8;24,1;21,3;19,1;84;71;75;138;4,7;2,6;
2011-12-03;00:00;0;939,5;942,1;939,5;-9999;23,1;20;24,5;23;20,2;19,6;84;74;82;112;4,2;2,2;
2011-12-03;01:00;0;937,9;939,5;937,9;-9999;22,2;20;24,8;21,9;20,4;18,2;89;67;87;296;5,8;1,4;
2011-12-03;02:00;0;935,9;937,9;935,9;-9999;22,1;19,6;23,6;21,7;20,3;19,5;90;77;86;76;4;3;
2011-12-03;03:00;0;934;935,9;934;-9999;21,9;19,8;22,8;21,5;19,9;19,3;89;82;88;99;4;1,9;
2011-12-03;04:00;0;932,6;934;932,6;-9999;21,2;19,6;22,2;21,2;20;19,6;91;87;91;39;5,1;3,6;
2011-12-03;05:00;0;931,7;932,7;931,7;-9999;21,2;19,6;21,5;21,1;19,7;19,5;91;89;91;32;5,3;4,3;
2011-12-03;06:00;0;931,2;932;931,2;-9999;20,7;19,3;21,3;20,7;19,6;19,3;92;89;92;31;5,3;3;
2011-12-03;07:00;0;929,9;931,3;929,9;-9999;20,4;19,1;20,7;20,3;19,3;19,1;93;92;93;52;4,2;1,9;
2011-12-03;08:00;0;929,1;930,1;929,1;-9999;20,3;19,2;20,4;20,1;19,2;19;94;93;93;45;4,6;3,8;
2011-12-03;09:00;0;929,3;929,5;929,1;-9999;20;19;20,4;20;19,2;18,9;94;93;94;51;4,6;1,4;
2011-12-03;10:00;0;932,9;932,9;929,3;272;21,8;19,5;21,8;20;19,7;19;94;87;87;134;2,3;1,8;
2011-12-03;11:00;0;943,2;943,2;932,9;1024,3;24,8;20,7;24,8;21,8;21;19,5;87;77;78;109;3,1;1;
2011-12-03;12:00;0;956,2;956,2;943,2;2008,6;27;20,4;27,6;24,8;21,8;20,1;80;66;67;138;2,4;,2;
2011-12-03;13:00;0;965,9;965,9;956,2;2768,2;28,4;21,7;28,5;27;21,7;19,4;69;60;67;79;3,7;2;
2011-12-03;14:00;0;970,1;970,1;965,9;3409,8;28,7;20,6;28,9;27,9;22,3;19,8;71;59;62;59;4,7;,5;
2011-12-03;15:00;0;971,1;971,2;970,1;3759,7;29,4;20,4;29,8;28,7;22,5;20;67;58;59;71;5,1;1,7;
2011-12-03;16:00;0;973,5;973,5;971,1;3571,8;30,6;20,9;31,3;29,2;21,8;19,1;62;50;56;43;4,4;2,2;
2011-12-03;17:00;0;977;977;973,5;3983,4;31,3;17,8;31,7;30,6;22,1;17,8;60;45;45;107;4,8;1,2;
2011-12-03;18:00;0;977,7;977,9;977;2808,9;31,3;19,8;32,9;30,7;21,3;18,2;56;43;51;236;3,7;1,5;
2011-12-03;19:00;0;973,4;978;973,4;1841,9;28,2;19,4;32,9;27,7;20,1;17,3;61;40;59;153;7,8;4,5;
2011-12-03;20:00;0;955,7;973,3;955,7;743;26,9;20,5;28,9;26,3;20,6;18,6;68;56;68;252;7,8;1,5;
2011-12-03;21:00;0;949,1;955,7;949,1;282,2;27,4;20;27,4;26,4;21;19,2;72;61;64;207;2,9;0;
2011-12-03;22:00;0;946,6;949,1;946,6;136,4;26,6;19;27,7;26,5;21,4;19;72;59;63;249;2,7;,6;
2011-12-03;23:00;0;941,2;946,6;941,2;-9999;25,3;20,4;26,6;25,3;21;19;76;63;74;89;1,9;,3;
2011-12-04;00:00;0;936,9;941,2;936,9;-9999;25,8;19,7;26,3;24,7;21,2;19,1;80;65;69;120;1,2;0;
2011-12-04;01:00;0;935,9;937;935,8;-9999;26,2;18,4;26,5;25,4;20,1;17,7;73;58;62;136;1,8;,1;
2011-12-04;02:00;0;932,9;936,4;932,9;-9999;22,8;19,4;26,2;22,5;19,6;18,3;83;62;81;55;6,9;3;
2011-12-04;03:00;0;929,5;932,9;929,5;-9999;22,3;19,5;23;22,3;19,8;19,4;84;81;84;62;3,7;0;
2011-12-04;04:00;0;927,9;929,6;927,9;-9999;21,8;19;23;21,8;19,5;19;84;78;84;61;1,7;0;
2011-12-04;05:00;0;926,5;928;926,5;-9999;22;18,8;22,3;21,7;19,2;18,8;85;81;82;58;4,2;3,1;
2011-12-04;06:00;0;926,9;926,9;926,5;-9999;22,4;19;22,5;21,9;19;18,8;83;80;81;58;6;4,7;
2011-12-04;07:00;0;928,5;928,5;926,9;-9999;22,2;19,5;22,8;22,2;19,5;19;85;81;85;36;7,9;5,3;
2011-12-04;08:00;0;928,8;928,9;928,5;-9999;22;19,7;22,3;22;19,8;19,5;87;85;87;38;7,9;5,8;
2011-12-04;09:00;0;928,2;929,2;928,2;-9999;21,6;19,9;22;21,5;19,9;19,7;90;87;90;43;8;5,2;
2011-12-04;10:00;0;928,9;928,9;928,2;214,6;21,8;20,4;21,8;21,5;20,4;19,9;92;89;92;33;8,2;3,7;
2011-12-04;11:00;0;935,4;935,4;929;929,4;23,2;20,9;23,3;21,8;21,1;20,4;92;86;87;46;6,8;3;
2011-12-04;12:00;0;941,9;941,9;935,4;1458,2;24,7;20,8;24,7;23,3;21;20,2;87;78;79;41;7,3;4,5;
2011-12-04;13:00;0;949,8;949,8;941,9;2619,2;26,1;21,4;26,1;24,6;21,4;20,2;79;72;75;48;8,9;6,2;
2011-12-04;14:00;0;954,9;954,9;949,8;3262,4;27,2;20,5;27,4;26;21,9;20,4;75;66;67;37;9,5;6;
2011-12-04;15:00;0;958,5;958,5;954,9;3758,1;28,5;21;28,6;27,2;21,5;19,9;68;62;64;54;9,3;4,8;
2011-12-04;16:00;0;961,9;961,9;958,5;3926,6;29,6;20,2;30,1;28,5;21,7;19,7;65;55;57;43;9,5;5,6;
2011-12-04;17:00;0;964,9;964,9;961,9;3803,5;30,4;19,6;30,5;29,4;21,3;19,1;59;51;52;48;9,6;5,3;
2011-12-04;18:00;0;967,5;967,5;964,9;3407,9;30,9;18,8;31,6;30,4;20,9;18,8;55;49;49;32;8,1;3,8;
2011-12-04;19:00;0;968,8;968,9;967,5;2764,4;31,2;18,3;31,4;30,7;19,6;17,9;51;46;46;82;7,6;3,2;
2011-12-04;20:00;0;967,9;969,3;967,9;2024,5;31;19,4;31,5;30,7;20;18,1;52;46;50;33;6;2,9;
2011-12-04;21:00;0;964,9;968,1;964,9;1106,4;30,2;19,7;31,2;30,2;19,9;18,2;53;47;53;50;6;2,7;
2011-12-04;22:00;0;954,7;964,9;954,7;206,4;26,7;21,1;30,2;26,7;21,1;19,3;71;53;71;41;3,9;0;
2011-12-04;23:00;0;941,1;954,7;941,1;-9999;25,4;20,5;26,7;25,4;21,3;20,4;76;71;74;48;1,5;0;
2011-12-05;00:00;0;933,9;941,1;933,9;-9999;24,6;20,2;25,4;24,4;20,5;20,1;79;74;76;55;1,6;0;
2011-12-05;01:00;0;930,2;933,9;930,2;-9999;23,6;20,1;24,6;23,2;20,2;19,9;83;76;81;62;3,8;3,4;
2011-12-05;02:00;0;929,1;930,2;929,1;-9999;23,6;19,9;24;23,6;20,1;19,8;81;78;80;66;4,3;3,5;
2011-12-05;03:00;0;928,3;929,4;928,3;-9999;23,2;19,9;23,6;23,1;20;19,8;82;80;81;67;4,6;3,5;
2011-12-05;04:00;0;927,9;928,6;927,9;-9999;22,5;20;23,5;22,5;20;19,8;85;80;85;53;5;3,4;
2011-12-05;05:00;0;927,5;928;927,5;-9999;22,6;19,9;23,2;22,5;20,1;19,9;85;82;85;48;5,3;3,1;
2011-12-05;06:00;0;926,4;927,7;926,4;-9999;22,3;20,1;22,6;22,3;20,1;19,9;87;85;87;59;4,7;2,8;
2011-12-05;07:00;0;925,8;926,6;925,8;-9999;21,9;20;22,3;21,9;20,1;20;89;87;89;56;5,6;3,9;
2011-12-05;08:00;0;925,4;926;925,3;-9999;22;20,2;22,1;21,6;20,3;19,9;91;89;90;57;8,2;5;
2011-12-05;09:00;0;926,2;926,2;925,4;-9999;21,8;19,8;22;21,8;20,2;19,8;90;88;88;47;9,4;6;
2011-12-05;10:00;0;929,2;929,2;926,2;320,5;22,9;20,3;22,9;21,8;20,4;19,8;89;86;86;50;10,7;6,8;
2011-12-05;11:00;0;936,7;936,7;929,2;1166,1;24;20,8;24;22,9;20,9;20,2;86;81;82;45;11,9;7,4;
2011-12-05;12:00;0;941,5;941,5;936,7;1393,7;24,4;20,7;24,8;23,7;21;20,3;83;77;80;40;10,9;6,9;
2011-12-05;13:00;0;948,4;948,4;941,5;2480,4;26,7;20,4;27,2;24,1;21,8;19,9;81;67;68;48;12,5;8;
2011-12-05;14:00;0;955,4;955,4;948,4;3330;27,7;20,7;28,3;26,2;21,2;19,7;70;63;66;26;12,5;6,2;
2011-12-05;15:00;0;958,8;958,8;955,4;3432,3;29;19,9;29,2;27,2;21,4;19,7;68;58;58;24;10,7;7,7;
2011-12-05;16:00;0;961,6;961,6;958,8;3553,9;29,6;20,2;30,2;28;21,1;19,7;63;55;57;31;10,6;5,5;
2011-12-05;17:00;0;964,4;964,4;961,6;3758,3;27,5;19,9;31,1;27,5;21,4;19,2;63;53;63;32;14,7;8,7;
2011-12-05;18:00;0;956,3;964,7;956,3;2865,1;28,8;20,5;28,8;25,3;22,5;20,3;81;61;61;27;14,7;8,3;
2011-12-05;19:00;0;957,5;957,5;956,3;2910,6;29,1;20,7;29,4;28,3;21,1;20,1;63;59;61;18;12,7;6,8;
2011-12-05;20:00;0;955,6;958,2;955,6;1929,7;28;20,6;29,2;27,9;20,9;20,1;65;60;64;22;10,3;6,8;
2011-12-05;21:00;0;949,1;955,6;949,1;663,7;26,5;20,4;28,1;26,5;20,8;19,8;69;62;69;27;8,9;3,9;
2011-12-05;22:00;0;941;949,1;941;122,9;25;20,4;26,5;25;20,7;20,2;76;68;76;21;6,1;3;
2011-12-05;23:00;0;934,3;941;934,3;-9999;23,8;20,7;25;23,8;20,7;20,3;83;76;83;35;4,7;3,6;
2011-12-06;00:00;0;931,3;934,3;931,3;-9999;23,7;20,3;24,2;23,7;20,8;20,2;83;79;81;44;5,6;3,2;
2011-12-06;01:00;0;929,4;931,4;929,4;-9999;23,2;20,3;23,7;23,2;20,4;20,2;84;81;83;50;4,5;2,8;
2011-12-06;02:00;0;928,9;929,5;928,9;-9999;23,3;20,6;23,6;23;20,6;20,2;85;82;85;76;3,7;1,2;
2011-12-06;03:00;0;929,5;929,5;928,9;-9999;23,2;20,7;23,5;23;20,8;20,4;87;84;86;77;3,3;2,1;
2011-12-06;04:00;0;929,7;930;929,5;-9999;23,3;20,5;23,3;23;20,7;20,5;87;84;84;56;5,2;3,8;
2011-12-06;05:00;0;929,9;930,3;929,7;-9999;22,8;20,1;23,4;22,8;20,5;20,1;85;84;85;73;5,9;2;
2011-12-06;06:00;0;928,1;930,1;928,1;-9999;22;20;22,8;21,9;20,1;19,9;89;85;88;61;4,4;1,8;
2011-12-06;07:00;0;928,1;928,3;928,1;-9999;22,1;20,2;22,2;22;20,3;20;90;88;89;36;3,2;0;
2011-12-06;08:00;0;928,1;928,6;928,1;-9999;21,6;20;22,1;21,6;20,2;20;91;89;90;35;3,4;2,5;
2011-12-06;09:00;0;927;928,3;927;-9999;21,3;19,7;21,6;21,1;20;19,7;92;90;91;41;4,6;3,5;
2011-12-06;10:00;0;929;929;927;278,5;22,9;20,2;22,9;21,1;20,2;19,6;92;85;85;41;5,2;3,5;
2011-12-06;11:00;0;939,8;939,8;929;1063,3;24,4;20,3;24,6;22,9;20,5;19,7;85;75;78;31;7,1;4,6;
2011-12-06;12:00;0;946,5;946,5;939,8;1587,1;26,1;20,5;26,1;24,4;20,7;19,9;79;70;71;32;7,5;5,5;
2011-12-06;13:00;0;956,4;956,4;946,6;2886,8;27,7;20,3;28;25,9;21;19,9;71;63;64;22;9,6;6,3;
2011-12-06;14:00;0;960,9;960,9;956,4;2528,6;27,7;20,3;28,7;27,2;21;19,8;67;61;64;31;9,5;5,8;
2011-12-06;15:00;0;963,9;963,9;960,9;3523,2;29,3;19,5;30,1;27,5;20,8;19;65;53;56;20;9,2;6;
2011-12-06;16:00;0;966,7;966,7;963,9;3566,4;29,9;19,7;30,9;29,1;20,2;18,7;56;51;54;5;8,6;4,6;
2011-12-06;17:00;0;967,9;967,9;966,7;3572,9;29,9;19,9;30,6;28,9;20,4;18,7;57;51;55;325;7,9;3,2;
2011-12-06;18:00;0;969,3;969,3;967,9;3444,5;30,7;19,1;31,2;29,8;20,1;17,8;55;45;50;329;6,9;2,6;
2011-12-06;19:00;0;970,1;970,7;969,3;2540,5;31,3;19,5;31,8;30,1;20,3;18,3;53;47;50;341;7,1;3;
2011-12-06;20:00;0;965,5;970,6;965,5;1444,6;26,6;21,8;31,8;26,6;21,8;18,3;75;47;75;354;8,7;5,9;
2011-12-06;21:00;0;949;965,5;949;237,1;27,5;22,3;27,6;26,4;22,5;22;78;72;73;353;8,3;1,9;
2011-12-06;22:00;0;943,1;948,9;943,1;36,7;26,1;20,9;27,6;26,1;22,7;20,2;77;67;73;281;5,4;3,5;
2011-12-06;23:00;0;934,8;943,1;934,8;-9999;24;21,2;26,1;24;21,4;21;85;73;85;249;8,4;2;
2011-12-07;00:00;0;929,8;934,8;929,8;-9999;23;21,2;24;23;21,3;21,2;90;85;90;237;5;1,1;
2011-12-07;01:00;0;927,5;929,8;927,5;-9999;22,7;21;23;22,7;21,2;21;90;90;90;240;4;1;
2011-12-07;02:00;,2;926,5;927,7;926,4;-9999;22,4;21;22,7;22,4;21,4;21;93;90;92;176;3,6;1,7;
2011-12-07;03:00;0;925,8;926,7;925,8;-9999;22,1;20,7;22,4;22;21;20,7;93;91;92;157;3,9;1,4;
2011-12-07;04:00;0;925,5;926,1;925,5;-9999;21,9;20,5;22,1;21,9;20,8;20,5;93;92;92;163;3,3;2;
2011-12-07;05:00;0;925,6;925,9;925,5;-9999;21,8;20,2;21,9;21,8;20,6;20,2;93;91;91;142;4,2;3,1;
2011-12-07;06:00;0;925,6;925,9;925,6;-9999;21,6;20,1;21,8;21,6;20,3;20,1;92;91;91;138;5,4;4;
2011-12-07;07:00;0;925,7;925,9;925,6;-9999;21,4;20;21,6;21,4;20,1;19,9;92;90;92;144;6,9;3,8;
2011-12-07;08:00;0;926,1;926,1;925,8;-9999;21,6;20,2;21,7;21,4;20,3;20;93;92;92;99;7,3;4,1;
2011-12-07;09:00;0;926,6;926,6;926,1;-9999;21,3;20,1;21,6;21,3;20,2;20,1;93;92;93;68;6,9;0;
2011-12-07;10:00;0;927,8;927,8;926,6;74,3;21,9;20;21,9;21,3;20,1;20;93;89;89;83;5,1;,9;
2011-12-07;11:00;0;931,2;931,2;927,8;301,4;22,8;20,2;22,8;21,9;20,3;20,1;89;85;85;50;6,2;4,4;
2011-12-07;12:00;0;937,1;937,1;931,2;953;24,6;20,9;24,6;22,8;21,2;20,2;86;80;80;38;6,5;4,4;
2011-12-07;13:00;0;947,9;947,9;937,1;1916,5;25,3;21;25,8;24,6;21,5;20,3;80;73;77;18;7,1;4,3;
2011-12-07;14:00;0;953,2;953,2;948;1805,8;26,9;21,1;26,9;25,3;21,4;20,5;78;70;71;26;5,8;3,5;
2011-12-07;15:00;0;959,3;959,3;953,2;2180;28;21;28,2;26,7;21,6;20,5;71;66;66;25;5,5;3,6;
2011-12-07;16:00;0;964,3;964,3;959,3;3115,2;28,9;20,9;29,4;27,6;21,9;20,5;68;61;62;358;6,4;3,5;
2011-12-07;17:00;0;968;968;964,3;3023,7;29,8;20;30,7;28,9;21,6;19,3;63;53;56;282;6,3;2,6;
2011-12-07;18:00;0;963,1;968,6;963,1;1210,2;28,2;20,6;30;28,1;21,7;19,5;65;54;63;200;8,5;,9;
2011-12-07;19:00;0;957,8;963,1;957,8;1217,5;27,9;20,2;28,5;27,5;21,6;19,6;69;61;63;225;5,8;,7;
2011-12-07;20:00;0;955,9;957,8;955,9;995,9;27,3;21,7;28,3;27;21,8;19,9;71;60;71;236;3;1;
2011-12-07;21:00;0;951;955,9;951;472,9;27,1;20,9;27,3;26,8;21,8;20,3;73;67;69;1;3;1,4;
2011-12-07;22:00;0;945,4;951;945,4;150,6;25,6;20,8;27,1;25,6;21,2;20;75;69;75;50;2,8;,4;
2011-12-07;23:00;0;938,1;945,4;938,1;-9999;24,4;21,2;25,9;24,2;21,7;20,4;82;71;82;87;4,1;2,5;
2011-12-08;00:00;0;934,2;938,1;934,2;-9999;23,8;21,5;24,8;23,7;21,6;21,2;87;82;87;22;3,4;2,2;
2011-12-08;01:00;0;931,6;934,2;931,6;-9999;23,9;21,6;23,9;23,2;21,6;21,4;90;87;87;101;2,6;0;
2011-12-08;02:00;0;931,5;931,8;931,4;-9999;23,8;21,3;24;23,5;21,6;21,3;88;85;86;69;3,6;2,3;
2011-12-08;03:00;0;931,9;932;931,5;-9999;23,7;21,4;23,9;23,6;21,4;21,2;88;85;87;46;3,3;,6;
2011-12-08;04:00;0;932,7;932,7;931,9;-9999;23,9;21,3;23,9;23,6;21,5;21,3;88;85;85;25;3,6;2,8;
2011-12-08;05:00;0;933,2;933,3;932,7;-9999;23,5;20,9;23,9;23,4;21,3;20,9;87;85;86;10;3,6;1,3;
2011-12-08;06:00;0;932,8;933,5;932,8;-9999;22,7;20,8;23,5;22,7;21;20,4;89;83;89;50;3,3;2,5;
2011-12-08;07:00;0;931,1;932,9;931,1;-9999;22,7;21;22,9;22,6;21,1;20,8;91;89;90;92;4,1;1,8;
2011-12-08;08:00;0;930,5;931,3;930,5;-9999;22,6;20,8;22,7;22,4;21;20,8;92;90;90;140;2,9;1,5;
2011-12-08;09:00;0;929,3;930,9;929,3;-9999;21,7;19,6;22,6;21,4;20,8;19,5;90;87;88;132;5,1;1,7;
2011-12-08;10:00;0;929,3;929,4;928,8;125,2;22,8;20,5;22,8;21,6;20,5;19,6;90;86;87;93;4,3;1,2;
2011-12-08;11:00;0;935,2;935,2;929,3;407,5;23,5;21,1;23,8;22,8;21,1;20,2;87;83;86;37;6,2;4,7;
2011-12-08;12:00;0;937,1;937,1;935,2;345,5;23,5;21,3;23,6;23,3;21,5;21,1;89;86;88;34;7,5;4,8;
2011-12-08;13:00;0;939,5;939,5;937,1;642,3;24,2;21,6;24,2;23,5;21,6;21,2;88;85;85;34;7,2;4,7;
2011-12-08;14:00;0;947,5;947,5;939,5;1762,5;27;21,1;27,2;24,2;21,8;21,1;85;70;70;14;9,3;6,1;
2011-12-08;15:00;0;959,4;959,4;947,6;3245,3;28;20,6;28,6;27;21,8;20,5;71;64;64;18;9,9;6,1;
2011-12-08;16:00;0;949,2;960,5;949,2;626,1;23,4;21,4;28;23,3;21,4;20,3;89;64;89;291;9,5;5,6;
2011-12-08;17:00;1,2;939,5;949,2;939,5;815,2;22,7;21,7;23,5;22,4;22,1;21,3;95;88;94;300;8,1;4,6;
2011-12-08;18:00;,4;938,2;939,5;938,2;766,5;23;22;23,1;22,6;22;21,4;95;91;94;279;6,1;2,7;
2011-12-08;19:00;,2;938,6;938,6;938,2;745,5;23,3;21,8;23,5;23;22,3;21,7;94;91;91;264;5,6;4,2;
2011-12-08;20:00;0;938,7;938,9;938,6;649,4;23,5;21,5;23,6;23,2;22;21,3;92;88;89;258;5,8;2,2;
2011-12-08;21:00;0;939,2;939,3;938,7;472,4;23,6;21,4;23,8;23,4;21,9;21,1;90;86;87;242;3,9;,2;
2011-12-08;22:00;0;936,6;939,5;936,6;101,5;22,3;20,7;23,6;22,3;21,4;20,7;92;86;90;249;3,9;1,1;
2011-12-08;23:00;0;932,2;936,5;932,2;-9999;21,7;20,6;22,3;21,7;20,7;20,5;93;90;93;197;3,9;0;
2011-12-09;00:00;0;930,1;932,2;930,1;-9999;21,6;20,6;21,7;21,5;20,7;20,5;94;93;94;161;0;0;
2011-12-09;01:00;0;930,4;930,4;930,1;-9999;21,4;20,3;21,8;21,4;20,7;20,3;94;92;94;153;4;1,1;
2011-12-09;02:00;0;930,8;930,8;930,4;-9999;21,5;20,4;21,8;21,4;20,6;20,3;94;92;93;146;2,7;0;
2011-12-09;03:00;0;931,2;931,2;930,8;-9999;21,2;20,3;21,8;21,1;20,6;20,2;95;92;95;75;4;2,6;
2011-12-09;04:00;0;930,8;931,4;930,7;-9999;21,3;19,9;21,5;21,1;20,3;19,9;95;91;92;97;4,5;1,4;
2011-12-09;05:00;0;930,4;931,2;930,4;-9999;20,9;19,9;21,3;20,7;20;19,7;94;92;94;81;4,5;0;
2011-12-09;06:00;0;930,1;930,6;930;-9999;20,7;19,9;20,9;20,6;20;19,6;95;94;95;49;0;0;
2011-12-09;07:00;0;930,4;930,4;930,1;-9999;20,9;20,2;20,9;20,6;20,2;19,9;96;95;96;46;0;0;
2011-12-09;08:00;0;931;931;930,4;-9999;20,7;20,2;20,9;20,6;20,2;20;97;96;97;36;5,1;2,6;
2011-12-09;09:00;0;931,7;931,7;931,1;-9999;20,6;20,1;20,7;20,5;20,2;20,1;97;97;97;35;6;4,4;
2011-12-09;10:00;0;932,5;932,5;931,7;122,2;20,9;20,4;20,9;20,6;20,4;20,1;97;97;97;29;6;4,1;
2011-12-09;11:00;0;937,2;937,2;932,5;776,1;22,9;21,5;22,9;20,9;21,7;20,4;97;91;92;20;5,1;3,6;
2011-12-09;12:00;0;949,4;949,4;937,2;1751,2;24;21,6;24,1;22,9;22;21;92;86;86;24;5,1;3,5;
2011-12-09;13:00;0;958,3;958,3;949,4;2431,4;25,9;21,6;26,5;23,6;22,4;21,2;87;75;77;16;6,3;4;
2011-12-09;14:00;0;961;961,3;958,3;1703,8;25,6;21,9;26,3;24,9;22,2;21,2;83;76;80;32;6,7;4,2;
2011-12-09;15:00;0;961;961;960,3;1845,8;26,6;21,8;26,6;25,4;22,2;20,9;81;75;75;24;6,4;1,4;
2011-12-09;16:00;0;963,9;963,9;961;2425,9;27,4;20,9;28;26,2;22,2;20,7;76;67;68;3;6,2;2,8;
2011-12-09;17:00;0;969,4;969,4;963,9;3486,5;29;20,5;29,9;27,3;22,1;20,2;70;58;60;9;6,4;3;
2011-12-09;18:00;,6;961,5;970,8;961,5;968,6;21,2;19,7;29,2;21,2;21,3;19,3;91;58;91;335;16,8;8,7;
2011-12-09;19:00;2;939;961,5;939;491,8;22,5;20,6;22,9;20,9;20,7;19,6;94;86;89;21;13;4,6;
2011-12-09;20:00;,4;935,3;939;935,3;139,3;22,3;20,5;22,7;22,3;20,9;20,2;90;87;90;331;6,2;1,7;
2011-12-09;21:00;,2;933,9;935,3;933,8;36,6;22,2;20,9;22,3;22,1;21;20,5;93;90;92;262;3,3;0;
2011-12-09;22:00;,6;933,7;934,1;933,7;9,9;22,1;21,1;22,3;22;21,3;20,7;95;92;94;132;2,1;,7;
2011-12-09;23:00;,4;933,7;934,1;933,7;-9999;22,3;21,6;22,3;22;21,6;21;96;94;95;98;2,9;,5;
2011-12-10;00:00;,4;934,3;934,3;933,7;-9999;22;21,3;22,4;22;21,6;21,3;96;95;95;71;2,4;1,4;
2011-12-10;01:00;,2;934,3;934,6;934,3;-9999;21,9;21,3;22,1;21,9;21,3;21,1;96;94;96;35;5,1;2,2;
2011-12-10;02:00;,2;934,4;934,7;934,3;-9999;21,8;21,2;22;21,8;21,4;21,2;97;96;97;17;5,5;4,2;
2011-12-10;03:00;0;934,3;934,8;934,3;-9999;21,5;21,1;21,9;21,5;21,3;21;97;97;97;20;5,8;3,2;
2011-12-10;04:00;0;934,2;934,6;934,2;,3;21,3;20,9;21,6;21,3;21,1;20,9;97;97;97;20;5,8;4;
2011-12-10;05:00;0;933,8;934,5;933,7;1,1;21,2;20,7;21,4;21,1;20,9;20,7;97;97;97;10;6,5;3,9;
2011-12-10;06:00;0;933,5;934;933,5;0;21;20,6;21,2;20,9;20,8;20,5;98;97;98;15;5,8;4,1;
2011-12-10;07:00;0;933,4;933,8;933,4;-9999;20,9;20,5;21,1;20,9;20,7;20,5;98;98;98;11;5,8;2,6;
2011-12-10;08:00;0;933,6;933,8;933,4;-9999;20,9;20,5;21;20,9;20,6;20,5;98;98;98;360;4,4;2,1;
2011-12-10;09:00;0;933,3;934;933,3;-9999;20,7;20,3;21;20,7;20,6;20,3;98;98;98;2;3,8;2,4;
2011-12-10;10:00;0;933,9;933,9;933,3;128,4;21,1;20,7;21,1;20,7;20,7;20,3;98;98;98;6;3,4;2,2;
2011-12-10;11:00;0;936,7;936,7;933,9;415,2;21,8;21,4;22;21,1;21,6;20,7;98;98;98;359;5,1;3,5;
2011-12-10;12:00;0;943,8;943,8;936,7;1076;23,1;21,8;23,1;21,8;22,2;21,4;98;92;92;352;5,8;2,6;
2011-12-10;13:00;0;951,2;951,2;943,9;1392,2;24,3;21,8;24,4;23,1;22,6;21,4;93;85;86;314;4,2;1,8;
2011-12-10;14:00;0;957,6;957,6;951,2;1883,2;25,3;21,8;26;24,3;22,8;21,3;87;80;81;330;5,3;2,6;
2011-12-10;15:00;0;959,8;960,7;957,6;1662,9;26,2;22;27,2;25,4;23,1;21,3;82;73;78;285;6,5;4,1;
2011-12-10;16:00;,6;959,3;960,6;959,3;2110,5;25,3;22,7;27,6;25;23,6;20,8;87;71;85;272;8,3;4,6;
2011-12-10;17:00;1,2;955,8;959,3;955,8;1789,3;24,9;22,4;27,6;23,5;23,9;21,2;90;71;86;330;10;3,6;
2011-12-10;18:00;0;957,3;957,3;954,7;2244,8;25,1;22,5;27,2;24,9;23,5;21,8;87;73;86;291;7,4;3,9;
2011-12-10;19:00;8,8;946,8;957,4;946,8;791,9;23,8;21,7;25,1;22,3;22,8;20,7;93;86;88;202;8,6;,2;
2011-12-10;20:00;0;945,4;947;945,4;527,4;23,4;22;24,7;23;22,5;21,5;93;86;92;45;6,6;,6;
2011-12-10;21:00;0;948,4;948,4;945,1;1167,3;25,7;21,9;25,8;23,4;23;21,8;92;80;80;284;2,6;0;
2011-12-10;22:00;0;950;951,2;948,4;287,7;24,5;22,6;25,7;24,5;22,6;21,7;89;79;89;115;1,2;,1;
2011-12-10;23:00;0;942,5;950;942,5;-9999;22,9;21,7;24,5;22,9;22,7;21,7;93;89;93;63;2,9;0;
2011-12-11;00:00;0;937;942,5;937;-9999;22,6;21,5;22,9;22,5;21,7;21,4;94;93;94;60;3,6;0;
2011-12-11;01:00;0;936,1;937;936,1;-9999;22,7;21,7;22,9;22,6;21,7;21,5;94;92;94;36;2,9;0;
2011-12-11;02:00;0;936,2;936,4;936,1;-9999;22,7;21,5;22,9;22,7;21,9;21,5;95;93;93;16;3,7;1,2;
2011-12-11;03:00;0;935,8;936,6;935,8;-9999;22,7;21,5;22,7;22,5;21,6;21,4;94;93;93;351;2,5;0;
2011-12-11;04:00;0;936,3;936,3;935,8;-9999;22,6;21,5;22,8;22,6;21,6;21,4;94;93;94;43;3,6;2,2;
2011-12-11;05:00;0;936,2;936,7;936,2;-9999;22,5;21,6;22,7;22,5;21,6;21,5;95;94;95;43;3,2;0;
2011-12-11;06:00;0;935,6;936,5;935,6;-9999;22,1;21,4;22,5;22;21,6;21,2;96;95;96;31;2,6;2,1;
2011-12-11;07:00;0;935,3;935,8;935,3;-9999;22,2;21,5;22,3;22,1;21,6;21,4;96;96;96;41;3,6;2,4;
2011-12-11;08:00;0;934,4;935,6;934,4;-9999;21,8;21,2;22,2;21,7;21,5;21,1;97;96;97;39;3,1;0;
2011-12-11;09:00;0;934,2;934,7;934,2;4,3;21,8;21,2;21,9;21,7;21,3;21,1;97;96;97;42;0;0;
2011-12-11;10:00;0;936,8;936,8;934,2;323;23;22,1;23;21,7;22,1;21,2;97;95;95;46;3,5;,8;
2011-12-11;11:00;0;944,7;944,7;936,8;941,7;24;22,5;24,3;23;22,8;22,1;95;90;92;24;4,6;3,4;
2011-12-11;12:00;0;953,2;953,2;944,7;1765,3;25,9;23,1;25,9;24;23,5;22,5;92;83;85;24;4,6;2,5;
2011-12-11;13:00;0;962,3;962,3;953,2;2675,2;27;22,1;27,5;25,9;23,4;21,8;85;74;75;318;5;2,2;
2011-12-11;14:00;0;966,5;966,5;962,3;2926,2;28,4;22,3;28,5;26,9;23,1;21,8;77;67;70;297;5,3;2,8;
2011-12-11;15:00;0;966,6;967,5;966,5;2646,2;29,8;22,8;29,8;27,5;23;21,4;75;61;66;266;6,5;3,4;
2011-12-11;16:00;0;966,6;968,1;966,6;2823,3;30,2;23,1;30,3;28,4;23,9;21,5;71;61;66;260;7,3;3,8;
2011-12-11;17:00;0;969,6;969,6;966,6;3709;30,4;21,8;31;29,7;22,9;20,5;66;54;60;261;6,3;2,4;
2011-12-11;18:00;0;972,1;972,1;969,6;3553,5;31,4;20,7;31,9;30,4;22,3;20,2;61;52;53;262;5,7;2,1;
2011-12-11;19:00;0;973,1;973,4;972,2;2855,6;32;21,2;32,1;30,5;22;20,4;58;50;53;259;5,6;3,2;
2011-12-11;20:00;0;971,3;973,5;971,3;1804,6;30,1;21,2;32,2;30,1;21,8;20;59;49;59;248;5,6;1,9;
2011-12-11;21:00;0;959;971,3;959;254;27,6;21,1;30,2;27,6;22,4;20,7;68;58;68;266;6;3;
2011-12-11;22:00;0;946,7;959;946,7;119,3;25,8;20;28;25,5;22,2;19,4;74;68;71;125;8,4;1,6;
2011-12-11;23:00;0;939,4;946,7;939,4;-9999;26;22,1;26,5;25,4;22,1;20,1;79;70;79;96;4,3;,8;
2011-12-12;00:00;1,8;934,1;939,5;934,1;-9999;22,9;21,6;26;22,9;22,6;21;92;79;92;22;5,8;3,1;
2011-12-12;01:00;0;928,1;934;928,1;-9999;22,6;21,2;22,9;22,5;21,6;21,2;93;92;92;32;4,8;3,2;
2011-12-12;02:00;0;925,9;928,1;925,9;-9999;22,2;20,7;22,6;22,1;21,2;20,7;92;91;92;21;4,9;0;
2011-12-12;03:00;0;925;926,1;925;-9999;21,7;20,7;22,3;21,6;20,8;20,7;94;91;94;40;6,5;3,9;
2011-12-12;04:00;0;923,9;925,2;923,9;-9999;21,5;20,4;21,7;21,4;20,7;20,4;95;93;94;74;5;0;
2011-12-12;05:00;0;923,7;924,2;923,7;-9999;21,6;20,4;21,6;21,4;20,4;20,3;94;93;93;78;3,5;1,7;
2011-12-12;06:00;0;923,9;924,1;923,7;-9999;21,4;20,1;21,6;21,4;20,3;20,1;93;92;92;59;3,4;2,2;
2011-12-12;07:00;0;925,1;925,1;923,9;-9999;21,7;20,1;21,8;21,4;20,3;20,1;93;90;91;54;4,8;3,8;
2011-12-12;08:00;0;925,4;925,7;925,1;-9999;20,8;19,8;21,7;20,8;20,1;19,8;94;91;94;73;4,8;2,3;
2011-12-12;09:00;0;924,8;925,6;924,7;-9999;20,9;19,9;21,4;20,8;20,1;19,7;94;92;94;80;3,5;2,7;
2011-12-12;10:00;0;927,7;927,7;924,8;233,9;22,6;20,8;22,6;20,9;20,8;19,8;94;90;90;81;3,8;2,9;
2011-12-12;11:00;0;938;938;927,7;1075,4;24,1;21,1;24,1;22,6;21,2;20,7;90;83;84;59;5,9;4,3;
2011-12-12;12:00;0;946,2;946,2;938;1999,4;25,7;22,4;25,7;24,1;22,8;21;85;81;82;30;6,9;4,9;
2011-12-12;13:00;0;953,5;953,5;946,2;2447,2;26,5;22,6;26,7;25,4;23,4;22,1;84;79;79;20;7,1;4,6;
2011-12-12;14:00;0;960,2;960,2;953,6;3396,6;27,9;22,9;28,3;26,4;23,4;22,5;82;73;74;12;7,3;3,2;
2011-12-12;15:00;0;964,3;964,3;960,3;3070,4;28,4;22,3;29,1;27,4;23,2;21,4;76;65;70;6;6;1,5;
2011-12-12;16:00;0;965,9;965,9;964,3;3259,4;30,4;21,4;30,6;28,1;23,1;21,2;71;59;59;41;4,9;1,6;
2011-12-12;17:00;0;967,2;967,6;965,9;2513,8;31,3;20,2;31,7;29,6;22,6;18,3;62;46;52;6;4,5;1,6;
2011-12-12;18:00;0;970,2;970,2;967,2;2792,6;30,9;21,1;31,6;30,5;22,3;19,7;60;50;56;14;5,9;2,6;
2011-12-12;19:00;0;965,6;970,6;965,6;1359,9;29,8;21,7;31;29,8;22,2;20,9;62;56;62;299;5,8;3,5;
2011-12-12;20:00;0;955,7;965,6;955,7;511,5;27,4;21,8;29,8;27,4;22,4;20,3;73;58;72;318;7,6;4,6;
2011-12-12;21:00;,8;945,7;955,7;945,7;184,8;23,2;20,4;27,4;23,2;22,2;19,5;84;66;84;215;7,6;2,2;
2011-12-12;22:00;2;929,5;945,7;929,5;15,2;21,6;19,5;23,3;21,6;21,5;19,2;91;82;88;298;8;3,7;
2011-12-12;23:00;0;924;929,4;924;-9999;22,5;20,6;22,8;21,6;20,8;19,6;90;87;89;78;5,6;2,1;
2011-12-13;00:00;0;925;925;924;-9999;22,7;20,5;23,3;22,5;21;20,2;90;84;87;88;3,8;0;
2011-12-13;01:00;0;926,2;926,2;925;-9999;23;21,1;24,2;22,6;21,5;20,3;91;79;89;77;3,8;1;
2011-12-13;02:00;0;926,4;926,9;926,2;-9999;23;20,6;23;22,2;20,9;20,4;90;86;86;81;4,5;2,4;
2011-12-13;03:00;0;929,2;929,2;926,4;-9999;23,6;20,4;24,5;23;20,8;19,5;86;74;82;91;4;2,1;
2011-12-13;04:00;0;930,6;930,6;929,2;-9999;23;21;24;23;21;20,2;88;80;88;43;2,9;,4;
2011-12-13;05:00;0;929,4;930,9;929,4;-9999;22,2;20,9;23;22,2;21,2;20,8;92;88;92;246;2;,7;
2011-12-13;06:00;0;928,6;929,5;928,5;-9999;22,5;21,2;22,7;22,2;21,3;20,9;93;90;92;34;1,7;,1;
2011-12-13;07:00;0;929;929;928,6;-9999;23,1;21,3;23,1;22,5;21,4;20,9;92;90;90;132;2,3;,1;
2011-12-13;08:00;0;930,2;930,2;929;-9999;22,4;21,2;23,2;22,3;21,3;20,8;93;87;93;196;2,8;,1;
2011-12-13;09:00;0;930,3;930,6;930,2;-9999;22,5;21,5;22,5;22,3;21,5;21,1;94;93;94;99;1,1;0;
2011-12-13;10:00;0;930,9;930,9;930,3;100,8;22,8;21,7;22,8;22,2;21,7;21,2;95;93;94;58;2,9;1,8;
2011-12-13;11:00;0;935,5;935,5;930,9;474,4;23,9;21,9;23,9;22,8;22;21,6;94;88;89;50;3,8;2,4;
2011-12-13;12:00;0;940,6;940,6;935,5;732;24,6;22,5;24,6;23,9;22,6;21,7;89;86;88;29;4,6;3,2;
2011-12-13;13:00;0;945,4;945,4;940,6;1047,5;25,5;22,5;25,6;24,5;23,1;22,1;89;84;84;28;5,5;3,3;
2011-12-13;14:00;0;956,8;956,8;945,4;3193,7;27,9;22,7;28,2;25,5;23,8;22,4;85;73;73;4;5,6;2,9;
2011-12-13;15:00;3;946,7;960,3;946,7;512,4;20,7;20;27,9;20,6;23;19,6;96;73;96;296;12,9;7,4;
2011-12-13;16:00;3,6;929,3;946,7;929,3;91,5;21;20,2;21;20,7;20,3;19,6;96;93;95;242;11;1,2;
2011-12-13;17:00;,4;929,3;929,3;928,5;563,1;22,1;20,6;22,1;21;20,8;20;95;91;91;161;6,8;1;
2011-12-13;18:00;0;938,7;938,7;929,3;2379,2;24,2;21,1;24,3;22,1;21,8;20,6;92;81;83;128;7,1;3,1;
2011-12-13;19:00;0;945,2;945,2;938,7;1370;25,3;20,8;25,4;24,2;21,7;20,1;83;73;76;127;5,6;2,7;
2011-12-13;20:00;0;946;946,4;945,2;677,7;25;21;25,3;24,9;21,4;20,1;80;74;79;166;4,4;1,2;
2011-12-13;21:00;0;944,2;946,2;944,2;314,1;24,4;21,2;25;24,4;21,6;20;82;74;82;183;2,7;,3;
2011-12-13;22:00;0;940,7;944,2;940,7;87,1;23,3;21;24,4;23,3;21,6;20,8;87;81;87;47;3,4;2,2;
2011-12-13;23:00;0;936,2;940,7;936,2;-9999;23;21,1;23,3;22,9;21,1;20,6;89;86;89;81;3,6;1,6;
2011-12-14;00:00;0;934,2;936,2;934,2;-9999;22,6;21,7;23;22,6;21,7;21,1;94;89;94;317;2,1;,9;
2011-12-14;01:00;0;933,6;934,4;933,5;-9999;22,7;21,8;22,7;22,4;21,9;21,4;95;94;95;180;1,6;0;
2011-12-14;02:00;0;933,5;933,9;933,5;-9999;22,8;21,3;22,8;22,4;21,8;21,2;95;90;91;122;1,9;,4;
2011-12-14;03:00;0;933,9;934;933,5;-9999;22,4;21,3;22,8;22,4;21,4;21,1;94;91;94;42;3,1;2,4;
2011-12-14;04:00;0;933,7;934,2;933,7;-9999;22;21,2;22,4;22;21,4;21,1;95;93;95;311;3,1;1,7;
2011-12-14;05:00;0;933,4;934;933,3;-9999;22,2;21,6;22,2;22;21,6;21,2;97;95;97;15;3,1;2,2;
2011-12-14;06:00;0;933,6;933,8;933,4;-9999;21,9;21,3;22,2;21,9;21,6;21,3;97;96;96;29;3,5;1,9;
2011-12-14;07:00;30,2;932,8;933,9;932,8;-9999;20,9;20,4;22,1;20,7;21,4;19,9;97;95;97;274;9,9;6,8;
2011-12-14;08:00;38,4;930;932,8;930;-9999;20,5;20,1;20,9;20,5;20,4;20;98;97;98;251;9,5;3,4;
2011-12-14;09:00;4,2;929,4;930,3;929,4;,1;20,4;20;20,5;20,3;20,1;19,9;98;98;98;220;5,8;1,8;
2011-12-14;10:00;1,4;929,9;929,9;929,4;17,3;20,8;20,4;20,8;20,3;20,4;20;98;98;98;162;3,5;1,3;
2011-12-14;11:00;1;932,1;932,1;929,9;167,5;21,4;21,1;21,5;20,8;21,1;20,5;98;98;98;148;4,5;2,4;
2011-12-14;12:00;0;936,2;936,2;932,1;567,9;22,2;21,5;22,3;21,4;21,7;21,1;98;96;96;167;3,8;,8;
2011-12-14;13:00;0;941;941;936,2;729,7;23,2;21,5;23,2;22,2;21,8;21,3;96;90;90;178;3,3;,1;
2011-12-14;14:00;0;950,1;950,1;941;1843,3;25;21,3;25;23,2;21,8;21;91;80;80;307;2,3;,3;
2011-12-14;15:00;0;958,5;958,5;950,1;1869,6;25,6;22,1;25,9;24,9;22,5;20,8;83;75;81;272;3,3;2;
2011-12-14;16:00;0;962,7;962,7;958,5;2515,5;26,8;20,5;26,8;25,1;22,7;20,2;83;68;69;269;3,6;,6;
2011-12-14;17:00;0;965,4;965,7;962,7;3607,9;27,4;22,6;28,6;26,4;23;20,2;78;63;75;271;7;4,8;
2011-12-14;18:00;0;964,9;965,4;964,7;3624,9;27,4;21,8;29;27,3;23,7;20,5;78;62;72;281;7,2;4,5;
2011-12-14;19:00;0;957,9;965,3;957,9;1360,4;27,5;22,2;27,6;25,2;22,4;20,8;81;70;73;257;8,8;5,3;
2011-12-14;20:00;0;957,5;958,4;957,5;2027,2;27,6;21,1;28,3;27,1;22,5;20,1;73;64;68;264;7,9;4;
2011-12-14;21:00;0;957,4;957,7;957,4;1288,8;27,4;20,4;28,1;27,4;21,2;20,1;68;63;66;261;5,8;3,1;
2011-12-14;22:00;0;949;957,4;949;167;23,6;20,7;27,4;23,6;21,7;20,3;84;65;84;251;8,4;4,9;
2011-12-14;23:00;0;936,8;949;936,8;1,3;22,8;21,1;23,6;22,3;21,1;20;91;84;90;52;8,4;1,9;
2011-12-15;00:00;0;933,4;936,8;933,4;-9999;22,4;21,2;22,9;22,4;21,5;20,9;93;89;93;110;5,2;3;
2011-12-15;01:00;0;931,9;933,4;931,9;-9999;22;20,9;22,5;21,9;21,3;20,8;94;92;93;64;4,4;2,1;
2011-12-15;02:00;0;930,5;932;930,5;-9999;21,7;20,6;22;21,6;20,8;20,4;93;92;93;20;4;2,4;
2011-12-15;03:00;0;930,2;930,7;930,1;-9999;21,5;20,8;21,7;21,5;20,8;20,3;95;93;95;316;3,8;1,1;
2011-12-15;04:00;5,2;929,9;930,5;929,9;-9999;20,7;20,1;21,6;20,7;21;20;96;95;96;231;5,8;,7;
2011-12-15;05:00;5,4;928,5;929,9;928,4;-9999;20,9;20,2;21;20,7;20,4;20,1;96;96;96;335;3,6;1,8;
2011-12-15;06:00;,4;928,3;928,8;928,2;-9999;20,7;20,1;20,9;20,7;20,2;20;96;95;96;269;2,4;,9;
2011-12-15;07:00;0;928,4;928,6;928,3;-9999;20,8;20,2;20,9;20,7;20,3;20,1;97;96;97;133;2;,9;
2011-12-15;08:00;0;928,8;928,8;928,4;-9999;20,7;20,2;20,9;20,7;20,3;20,1;97;97;97;24;3,4;2,7;
2011-12-15;09:00;0;929,3;929,4;928,8;,2;20,5;20,1;20,7;20,5;20,2;20,1;97;97;97;20;3,4;,8;
2011-12-15;10:00;0;929,6;929,6;929,3;134,1;20,6;20,2;20,6;20,3;20,2;19,9;97;97;97;235;1,5;,1;
2011-12-15;11:00;0;937,4;937,4;929,6;733,8;22,2;20,9;22,6;20,6;22,1;20,2;97;92;92;206;1;0;
2011-12-15;12:00;0;944,6;944,6;937,4;1194,4;23,7;21,2;24;22,2;21,5;20,8;93;84;86;243;3,8;1;
2011-12-15;13:00;0;949,5;949,5;944,6;1456,8;24,8;20,8;25,2;23,6;21,5;20,3;87;76;78;207;5,4;2,2;
2011-12-15;14:00;0;959;959;949,5;3020,6;26,4;20,2;26,7;24,8;22,3;19,6;79;67;69;203;4,9;1,8;
2011-12-15;15:00;0;963,5;963,5;959;3400;27,9;20,2;27,9;26,4;20,6;18,8;70;59;63;209;4,5;1,5;
2011-12-15;16:00;0;965,7;965,8;963,5;3313,6;28,5;20,2;28,8;26,9;21,1;18,3;64;56;61;243;6,2;1,8;
2011-12-15;17:00;0;967;967;965,7;3662,1;29,1;17;29,5;27,7;20,4;17;62;47;48;240;5;2,4;
2011-12-15;18:00;0;967,9;968,1;967;3242,4;29,2;19,6;29,6;28,2;20,8;18,3;61;48;57;234;5,9;1,8;
2011-12-15;19:00;0;966;968,3;966;2715,9;29,1;19,7;29,4;28;20,1;17,6;58;51;57;236;6,6;1,8;
2011-12-15;20:00;0;963;966;963;2077,8;28,7;17,1;29,2;28,2;19,3;16,9;57;49;49;242;5,9;2;
2011-12-15;21:00;0;959,7;963;959,7;1134,8;28,3;18,2;28,8;27,9;18,6;16,6;55;49;55;241;4,5;1,3;
2011-12-15;22:00;0;952,9;959,7;952,9;330,1;25,2;18,6;28,2;25,2;19;16,7;67;52;67;260;3,2;,1;
2011-12-15;23:00;0;939;952,9;939;-9999;22,7;18,2;25,2;22,7;18,8;18,1;77;67;76;223;1,4;,5;
2011-12-16;00:00;0;928,8;938,9;928,8;-9999;22,2;18;22,7;21,9;18,6;17,3;80;72;77;107;1,4;,6;
2011-12-16;01:00;0;925,3;928,8;925,3;-9999;22,1;16,9;22,8;22,1;18,2;16,3;78;67;73;125;1,5;,8;
2011-12-16;02:00;0;923,9;925,5;923,9;-9999;22,4;15,8;22,8;21,2;17,3;15,7;77;65;66;116;2,6;2,1;
2011-12-16;03:00;0;925,2;925,2;923,9;-9999;22,1;14,6;23,2;21,6;16,5;14,4;72;57;62;109;3,3;2,1;
2011-12-16;04:00;0;925,5;926;925,2;-9999;21,7;15,2;22,4;21,5;15,5;14,2;68;60;67;123;2,5;1,4;
2011-12-16;05:00;0;922,9;925,6;922,9;-9999;19,6;15,2;21,8;19,6;15,7;14,4;76;64;76;128;2,6;,8;
2011-12-16;06:00;0;921;922,9;921;-9999;20,6;14,4;20,9;19,6;15,4;14,3;77;66;68;154;1,7;,5;
2011-12-16;07:00;0;920,8;921,1;920,5;-9999;21,1;13,9;21,7;20,5;14,7;13,9;68;62;64;123;1,7;1,1;
2011-12-16;08:00;0;921,6;921,9;920,8;-9999;19,4;14,3;21,4;19,4;14,6;13,9;73;63;72;123;2;1,2;
2011-12-16;09:00;0;921,9;921,9;921,6;-9999;21;13,9;21,5;19,4;14,3;13,6;72;61;64;132;2,5;1;
2011-12-16;10:00;0;925,7;925,7;921,9;249,1;21,5;14,7;21,7;20,1;14,7;13,7;69;61;65;119;3,4;1,9;
2011-12-16;11:00;0;937,2;937,2;925,7;1070,4;23,6;17,8;23,6;21,5;18,3;14,7;75;62;70;104;2,9;2;
2011-12-16;12:00;0;949,5;949,5;937,2;1993,8;25,9;15,7;25,9;23,6;18,1;15,7;70;53;53;33;2,9;1,1;
2011-12-16;13:00;0;959,5;959,5;949,5;2586;26,8;15,3;27,1;25,8;17,5;15,1;59;48;49;344;3,3;,4;
2011-12-16;14:00;0;968,2;968,2;959,5;3296,2;28,1;14,1;28,6;26,6;16,9;13,8;53;42;42;257;2,6;1,1;
2011-12-16;15:00;0;969,8;970,4;968,2;3562,7;29,3;13,1;29,5;27,6;16;12,5;48;36;37;248;4,1;1,7;
2011-12-16;16:00;0;970,3;970,4;969,8;3949,2;29,3;13,2;30,1;29,1;16;12;45;34;37;275;5,5;3,6;
2011-12-16;17:00;0;968,1;970,4;968,1;3808,5;29,5;14,6;30;29,1;15,5;11,8;44;34;40;267;5,8;2,2;
2011-12-16;18:00;0;968,4;968,8;968,1;3505,4;30;13,6;30,6;29,4;15,9;12,6;43;33;37;278;5,2;2,7;
2011-12-16;19:00;0;967,2;968,7;967,2;2851,6;29,9;14,6;30,6;29,7;16,4;12,3;44;33;39;284;5,4;2,2;
2011-12-16;20:00;0;965,2;967,4;965,2;2073,5;30;15,6;30,5;29,5;17,5;13;48;35;42;263;5,3;2,2;
2011-12-16;21:00;0;959,9;965,3;959,9;1184,5;28,4;17,1;30,1;28,4;18,6;15,3;54;41;50;263;4,8;2,6;
2011-12-16;22:00;0;949,6;959,9;949,6;365;25;17,1;28,4;25;18,7;17;61;50;61;271;3,3;2,9;
2011-12-16;23:00;0;935;949,6;935;1,9;23,2;15,3;25;23,2;17,2;14,7;63;56;61;274;3,2;2,7;
2011-12-17;00:00;0;927,4;935;927,4;-9999;23,7;15,3;24,1;22,7;15,8;13,7;63;53;59;186;3,2;,1;
2011-12-17;01:00;0;925,5;927,4;925,5;-9999;22,6;15,3;24,2;22,6;16,4;14,7;66;56;63;150;1,3;,1;
2011-12-17;02:00;0;923,3;925,6;923,2;-9999;22,1;15,1;23,4;21,5;16,2;14,4;70;57;65;124;2,6;1,7;
2011-12-17;03:00;0;923,8;923,8;923,3;-9999;22,3;14,1;23,4;22;15,9;13,6;68;54;60;106;2,8;2,3;
2011-12-17;04:00;0;923,2;924,5;923,2;-9999;21,5;14,7;22,8;19,9;15,3;13,1;75;54;65;101;4;2,1;
2011-12-17;05:00;0;919,4;923,3;919,4;-9999;19,2;14,9;21,5;18,3;15,1;14,3;81;64;76;48;4,2;3,4;
2011-12-17;06:00;0;917,3;919,4;917,3;-9999;19,1;15,8;19,5;19,1;15,8;14,7;81;75;81;50;4,7;4,4;
2011-12-17;07:00;0;917,6;917,6;917,3;-9999;18,9;16,4;19,4;18,9;16,5;15,8;85;80;85;50;4,7;4,3;
2011-12-17;08:00;0;918,2;918,2;917,6;-9999;19;16,7;19,5;18,9;16,9;16,5;87;84;87;40;4,7;4;
2011-12-17;09:00;0;917,9;918,6;917,9;-9999;19;16,3;19,1;18,3;16,8;16,2;88;85;85;49;4,3;,9;
2011-12-17;10:00;0;920,7;920,7;917,9;227,5;20;17,6;20;18,8;17,6;16,3;88;84;86;44;3,4;2,8;
2011-12-17;11:00;0;932,4;932,4;920,7;910,9;22,9;20,4;23;20;20,4;17,7;88;83;86;53;3,5;2,7;
2011-12-17;12:00;0;942,1;942,1;932,4;1522,9;23,9;20,9;24,2;22,9;21,4;20,3;87;82;84;47;6,3;4,9;
2011-12-17;13:00;0;949,7;949,7;942,1;2148,1;25,2;21,2;25,7;23,8;22,1;20,8;85;77;79;6;6,6;2,4;
2011-12-17;14:00;0;959;959;949,8;2887,5;27,9;20,2;28,1;25;22;19,8;81;62;63;8;3,8;,8;
2011-12-17;15:00;0;965,6;965,6;959;3302,2;28,3;19,3;28,6;27,4;21;17,1;66;53;58;278;3,8;1,1;
2011-12-17;16:00;0;969,2;969,2;965,6;3800,8;29,8;17,3;30,2;28;20,1;15,1;61;41;47;252;5,5;1,9;
2011-12-17;17:00;0;972,5;972,5;969,2;3746,5;30,9;15,1;31,1;29,3;17,7;13;48;33;38;245;5,2;1,7;
2011-12-17;18:00;0;974,4;974,9;972,5;3312,1;30,2;18,8;31,5;29,9;19,3;14,1;52;36;51;279;5,5;3,1;
2011-12-17;19:00;0;970,1;974,4;970,1;2697,1;29,9;18,7;30,8;29,7;19,6;17;55;45;51;290;6,9;3,7;
2011-12-17;20:00;0;964,1;970,1;964,1;1558,7;29,1;19,3;30;28,9;19,8;17,4;56;48;56;281;5,5;2,9;
2011-12-17;21:00;0;956,3;964,1;956,3;774,5;27,6;19,1;29,2;27,6;19,6;18,2;60;53;60;288;4;2,3;
2011-12-17;22:00;0;947,9;956,3;947,9;249,6;25,5;20;27,6;25,5;20,4;19,1;72;60;72;276;3,3;2,4;
2011-12-17;23:00;0;937,6;947,9;937,6;2,2;24,6;18,8;25,5;24,1;19,9;18,7;74;70;70;275;3,5;2,4;
2011-12-18;00:00;0;932,8;937,6;932,8;-9999;24,3;17,8;25,1;24,3;18,8;17,8;71;64;67;247;2,8;,4;
2011-12-18;01:00;0;930,5;932,8;930,5;-9999;22,1;18,7;24,5;22,1;19,6;17,5;81;65;81;94;2,2;1;
2011-12-18;02:00;0;927,9;930,5;927,9;-9999;22,4;18,8;23,4;22;19,3;18,7;82;76;80;44;2,2;1,1;
2011-12-18;03:00;0;925,8;927,9;925,8;-9999;21,6;18,5;22,4;21,6;19,1;18,5;83;80;82;25;2,8;2,5;
2011-12-18;04:00;0;924,2;925,9;924,2;-9999;20,8;18,8;21,7;20,8;19;18,3;89;82;89;33;4,5;2,7;
2011-12-18;05:00;0;923,2;924,4;923,2;-9999;21;19;21;20,5;19;18,7;89;88;89;34;3,7;3,3;
2011-12-18;06:00;0;924,5;924,5;923,2;-9999;21,3;19,4;21,3;21;19,4;19,1;89;88;89;34;3,5;2,5;
2011-12-18;07:00;0;926,1;926,1;924,5;-9999;21,3;19,6;21,5;21,2;19,7;19,4;90;89;90;35;3,7;3,2;
2011-12-18;08:00;0;926,6;926,7;926,1;-9999;21,2;19,8;21,3;20,9;19,8;19,4;92;90;92;39;3,6;2,8;
2011-12-18;09:00;0;927,4;927,4;926,6;-9999;21,2;20;21,3;21,2;20;19,8;93;92;93;34;3,3;2,8;
2011-12-18;10:00;0;928,7;928,7;927,4;114,2;22;20,6;22;21,2;20,6;20;93;91;91;64;3,3;,3;
2011-12-18;11:00;0;937,3;937,3;928,7;838;24,2;21;24,2;22;21,4;20,6;92;83;83;53;3,3;2,2;
2011-12-18;12:00;0;946,8;946,8;937,3;1506;25;21,2;25,6;24,1;21,9;20,8;84;77;79;24;4,7;3,4;
2011-12-18;13:00;0;956,2;956,2;946,9;2396,2;26,3;20,6;26,7;25;21,8;20;80;68;71;9;5;2;
2011-12-18;14:00;0;962,9;962,9;956,2;3117,4;28,3;20,2;28,3;26,1;21,1;18,1;72;56;62;295;4,9;,9;
2011-12-18;15:00;0;968,9;968,9;962,9;3887,8;28,5;20,1;29,2;27,8;21,8;19,1;68;57;60;325;4,8;2,2;
2011-12-18;16:00;0;969,5;969,7;969;4060,1;29,9;20,2;30,7;28,5;21;18,6;63;50;56;269;5,3;2;
2011-12-18;17:00;0;971;971,1;969,5;4042,1;30,9;18,5;31,1;29,2;20,7;18,4;57;48;48;265;5,5;3,1;
2011-12-18;18:00;0;968,5;971,9;968,5;2362,6;30,3;19,2;31,4;29;20,4;17,2;56;44;52;249;6,5;2,6;
2011-12-18;19:00;0;965,1;968,5;965;2117,8;30,6;18,6;30,9;29,8;20,2;17;56;43;49;278;5,4;2,9;
2011-12-18;20:00;0;965,3;966;965,1;1951;30,4;16,9;31,4;30;19,1;16,4;52;41;44;239;5;1,6;
2011-12-18;21:00;0;960;965,6;960;718,9;29,3;18,4;30,4;29;18,9;16,5;53;44;52;239;5,1;1,1;
2011-12-18;22:00;0;952,2;960;952,2;276,9;27,7;18,9;29,3;27,7;19,6;18,4;60;52;59;209;3,1;1,4;
2011-12-18;23:00;0;942,3;952,2;942,3;4,1;25,6;19,6;27,7;25,6;20,4;19;71;59;69;229;2,4;,4;
2011-12-19;00:00;0;933,8;942,3;933,8;-9999;24,3;19,3;25,6;24,2;19,7;19,3;75;69;73;218;1,6;,5;
2011-12-19;01:00;0;929,1;933,8;929,1;-9999;24,5;18,1;24,6;24,2;19,5;18;75;68;68;202;1,3;0;
2011-12-19;02:00;0;927,4;929,1;927,4;-9999;24,7;17,6;25;23,9;19,3;17,6;75;65;65;129;1,8;,6;
2011-12-19;03:00;0;929,1;929,1;927,4;-9999;24,6;16,9;24,8;24,3;18,1;16,6;67;60;62;112;2,6;2,2;
2011-12-19;04:00;0;928,8;930;928,8;-9999;22,3;17;24,6;22,3;17,4;16,5;73;62;72;119;3,2;,6;
2011-12-19;05:00;0;928,3;928,8;927,9;-9999;23,1;17,6;24,6;22,3;17,8;16,2;73;59;71;96;2,9;1,6;
2011-12-19;06:00;0;926,1;928,7;926,1;-9999;21,7;19,3;23,1;21,3;19,3;17,7;86;71;86;44;4,6;3,7;
2011-12-19;07:00;0;925,5;926,2;925,5;-9999;21,9;19,7;22;21,7;19,7;19,3;88;86;88;43;4,8;3,6;
2011-12-19;08:00;0;925,5;925,9;925,5;-9999;21,2;19,4;21,9;21,2;19,8;19,4;89;87;89;37;4,4;3,3;
2011-12-19;09:00;0;924,4;925,7;924,3;-9999;20,8;19,1;21,2;20,8;19,4;19;90;89;90;30;4;2,1;
2011-12-19;10:00;0;924,9;924,9;924,2;131,4;21,8;19,5;21,8;20,8;19,7;19,1;90;87;87;235;3,1;,1;
2011-12-19;11:00;0;931,3;931,3;924,9;584,3;23,8;19,9;23,8;21,7;20,5;19,4;88;79;79;31;1,2;,5;
2011-12-19;12:00;0;943,6;943,6;931,3;1379,7;25,4;20,3;25,5;23,8;20,7;19,6;79;72;73;20;2,8;1,8;
2011-12-19;13:00;0;954,4;954,4;943,7;2116,2;27,1;20,3;27,2;25,3;21;19,6;74;65;66;10;3,9;,9;
2011-12-19;14:00;0;960,8;960,8;954,4;2312,3;27,4;20;28;26,5;21;19;70;59;64;346;3,2;1,3;
2011-12-19;15:00;0;965,2;965,2;960,8;3046,9;29,3;19,7;29,3;27,4;20,8;18,8;65;54;57;40;3,3;1;
2011-12-19;16:00;0;969,9;969,9;965,2;3941,6;29,8;19,7;31;29,1;20,5;18,8;59;50;55;307;5,1;2,1;
2011-12-19;17:00;0;971,1;971,7;969,9;3041,5;30,4;19;30,8;29,5;19,8;17,9;55;48;51;349;5,1;1,1;
2011-12-19;18:00;0;969;971,1;968,6;2353,7;30,9;18,4;31,6;29,6;20,1;17,8;54;45;47;289;7,8;1,7;
2011-12-19;19:00;0;971,9;971,9;969;2706,8;31,6;18,3;32;30,8;20,2;17,7;52;43;45;273;5,7;2;
2011-12-19;20:00;0;970,5;972,4;970,5;2209,3;31,3;17,5;32,2;30,9;19,4;17,3;49;43;44;292;4,3;1,9;
2011-12-19;21:00;0;965,6;970,5;965,6;1095,6;30,4;19,8;31,6;30,4;20;16,9;54;42;53;268;3,2;1,9;
2011-12-19;22:00;0;953,4;965,6;953,4;148,9;28,7;20;30,4;28,4;21;19,1;65;52;60;269;3,1;1,2;
2011-12-19;23:00;0;945,2;953,4;945,2;3,2;26,9;19,6;28,7;26,8;21,4;18,5;68;56;64;38;3,1;2,1;
2011-12-20;00:00;0;936;945,1;936;-9999;24,9;20,4;26,9;24,9;20,7;19,6;77;64;76;45;5;2,5;
2011-12-20;01:00;0;929,4;936;929,4;-9999;23,5;20,7;24,9;23,5;20,7;20,3;85;76;84;45;4,1;3,1;
2011-12-20;02:00;0;926,7;929,4;926,7;-9999;24;20,7;24,5;23,3;21;20,7;85;80;82;28;7,1;4,8;
2011-12-20;03:00;0;926,1;927,2;926,1;-9999;23;20,3;24;22,9;20,7;20,2;85;82;84;32;6,7;4,5;
2011-12-20;04:00;0;924,1;926,2;924,1;-9999;21,9;19,5;23,1;21,9;20,3;19,5;86;83;86;27;6,9;4,7;
2011-12-20;05:00;0;921,5;924,1;921,5;-9999;21,4;18,9;21,9;21,3;19,5;18,9;87;86;86;23;6,1;4,6;
2011-12-20;06:00;0;920,7;921,6;920,7;-9999;21;19;21,5;20,9;19;18,9;89;86;89;36;5,7;4;
2011-12-20;07:00;0;920,2;921;920,2;-9999;20,8;18,8;21,2;20,7;19;18,8;89;87;89;38;5,2;3,8;
2011-12-20;08:00;0;920,3;920,5;920,2;-9999;20,8;19;20,9;20,6;19;18,8;90;89;90;50;4,4;2,7;
2011-12-20;09:00;0;921;921;920,3;-9999;20,7;19;21;20,7;19,2;19;90;89;90;78;4;2,3;
2011-12-20;10:00;0;923,9;923,9;921;211,5;22,2;19,9;22,2;20,6;19,9;19;91;87;87;55;4,7;3,5;
2011-12-20;11:00;0;934,7;934,7;923,9;996;24,1;20,6;24,1;22,2;20,6;19,9;87;80;81;50;6,9;4,4;
2011-12-20;12:00;0;945,2;945,2;934,7;1884,8;25,7;20,6;26,1;24,1;21,4;20,4;81;72;73;47;6,9;4,3;
2011-12-20;13:00;0;953,2;953,2;945,2;2663,3;27,6;21,3;27,6;25,6;21,8;20,3;75;68;69;27;7,2;3,5;
2011-12-20;14:00;0;960,8;960,8;953,3;3287,6;28,8;21;28,8;27,1;21,7;20,5;70;62;63;18;7,2;3,7;
2011-12-20;15:00;0;964,8;964,8;960,8;3700,8;29,8;21,5;29,9;28,4;22;20,2;67;59;61;354;6,5;3,3;
2011-12-20;16:00;0;966,9;967;964,8;3174,7;29,7;21;30,4;29,1;21,6;19,8;62;54;60;17;6,5;3,1;
2011-12-20;17:00;0;966,6;967,4;966,6;2521,3;30,8;21,5;30,8;29,4;22,1;19,5;61;52;58;345;5,8;3,5;
2011-12-20;18:00;0;969,1;969,1;966,6;3184,4;32;21;32;30;21,5;19,5;58;49;52;31;6,9;3,2;
2011-12-20;19:00;0;971,4;971,4;969,1;2867,5;31,2;19,4;32,3;31,2;21,5;18,7;55;47;49;350;6,9;3,1;
2011-12-20;20:00;0;969,7;971,9;969,7;1990,8;31,4;20,1;32,3;30,4;20,8;19,2;55;48;51;17;6,1;3,1;
2011-12-20;21:00;,2;952,8;969,7;952,8;451,9;23;20,1;31,6;22,9;20,6;18,7;86;49;84;181;8,6;3,2;
2011-12-20;22:00;,4;934,6;952,7;934,6;227,7;24,9;21,3;26,5;23;21,5;19,8;85;67;81;117;6,8;3,4;
2011-12-20;23:00;0;931,4;934,6;931,4;10,9;24,1;20,1;25,4;24,1;21,6;20,1;82;75;79;79;8,1;5,8;
2011-12-21;00:00;0;928,1;931,4;928,1;-9999;22,7;20,1;24,3;22,6;20,5;19,9;85;78;85;29;8,1;3,5;
2011-12-21;01:00;0;925;928,1;925;-9999;22,7;20,2;23;22,6;20,2;20;86;83;85;34;5,5;4,3;
2011-12-21;02:00;0;924,9;925,2;924,8;-9999;22,8;20,5;23;22,6;20,5;20,2;87;85;87;41;5,8;3,9;
2011-12-21;03:00;0;926,2;926,2;924,9;-9999;23,3;20,5;23,3;22,7;20,6;20,4;88;84;84;39;5,1;3,6;
2011-12-21;04:00;0;927,2;927,3;926,2;-9999;22,6;20,5;23,4;22,6;20,6;20,5;88;84;88;35;5,9;3,9;
2011-12-21;05:00;0;926,3;927,4;926,2;-9999;22,4;20,5;22,6;22,3;20,6;20,5;90;88;89;27;5;4,1;
2011-12-21;06:00;0;925,4;926,5;925,4;-9999;22;20,5;22,4;21,8;20,5;20,3;92;89;92;51;4,8;3,1;
2011-12-21;07:00;0;925,4;925,7;925,4;-9999;21,7;20,4;22,3;21,7;20,7;20,4;93;91;93;38;5,5;3;
2011-12-21;08:00;0;925,3;925,7;925,3;-9999;21,7;20,7;22;21,6;20,8;20,4;94;93;94;34;5;4;
2011-12-21;09:00;0;925,7;925,8;925,4;-9999;21,6;20,6;21,9;21,5;20,8;20,5;94;93;94;32;5;2,4;
2011-12-21;10:00;0;928;928;925,7;225,2;22,9;21,5;22,9;21,5;21,5;20,6;95;92;92;39;3,6;1,8;
2011-12-21;11:00;0;938,3;938,3;928;961,7;25;22,1;25;22,9;22,3;21,5;92;84;84;35;4,6;3;
2011-12-21;12:00;0;948,2;948,2;938,3;1784,9;26,3;21,6;26,4;25;22,3;20,6;84;71;76;15;6,3;4,3;
2011-12-21;13:00;0;956;956;948,2;2677,3;27,5;21,8;27,6;26,3;21,8;20,8;76;69;71;14;8,3;4,6;
2011-12-21;14:00;0;962,2;962,2;956;3330,2;28,8;21,3;28,9;27,5;22,1;21,1;71;63;64;18;7,8;5;
2011-12-21;15:00;0;965,7;965,7;962,2;3722,3;30,8;21,8;30,8;28,6;21,8;20,1;65;56;59;34;7,9;4,1;
2011-12-21;16:00;0;969,3;969,3;965,7;3539;30,5;19,7;31,5;29,4;21,7;19,5;60;50;52;44;10,1;3,2;
2011-12-21;17:00;0;971,1;971,1;969,3;3380,6;31,3;20,1;31,4;30,3;21,2;19,4;58;50;52;8;7,6;3,5;
2011-12-21;18:00;0;971,9;972,3;971,1;3372,1;32,2;20,3;32,2;30,4;20,8;19;55;47;49;353;7,6;4,4;
2011-12-21;19:00;0;971,4;972,6;971,4;2799,7;31,3;21,1;32,8;30,8;21,1;18,9;55;47;55;354;9,4;5,9;
2011-12-21;20:00;0;963,1;971,6;963,1;2107,6;30,6;21,2;31,3;29,8;21,9;20,6;60;54;57;336;10,8;6,6;
2011-12-21;21:00;0;954,7;963,1;954,7;843,7;27,4;20,9;30,6;27,4;21,2;19;68;54;68;27;11,2;4,3;
2011-12-21;22:00;0;943,1;954,7;943,1;264,7;24,9;20,7;27,6;24,9;21,1;20,7;77;66;77;350;9,8;5,5;
2011-12-21;23:00;0;932;943,1;932;,2;23,5;20,1;24,9;23,4;20,6;20,1;83;76;81;26;7,5;3;
2011-12-22;00:00;0;927,4;932;927,4;-9999;22,8;20,2;23,5;22,8;20,2;19,9;85;80;85;28;4,6;2,6;
2011-12-22;01:00;0;926,9;927,4;926,5;-9999;23,2;20,2;23,8;22,6;20,8;20,1;86;81;83;110;6,9;2,8;
2011-12-22;02:00;0;927;927,4;926,9;-9999;23,2;20,3;23,5;22,7;20,4;19,9;86;81;84;109;5;3;
2011-12-22;03:00;0;926,7;927,3;926,7;-9999;22,3;20,3;23,2;22,3;20,3;19,8;88;83;88;145;4,8;2,3;
2011-12-22;04:00;0;925,5;926,9;925,5;-9999;22;20,4;22,3;22;20,4;20;91;88;91;63;3,5;0;
2011-12-22;05:00;0;925,7;925,7;925,4;-9999;21,9;20;22,7;21,9;20,6;20;91;86;89;359;0;0;
2011-12-22;06:00;0;925,2;926;925,2;-9999;21,4;19,8;21,9;21,4;20,1;19,8;91;89;91;43;1,9;0;
2011-12-22;07:00;0;924;925,4;924;-9999;20,9;19,5;21,4;20,9;19,8;19,5;91;90;91;26;4,9;2,5;
2011-12-22;08:00;0;922,9;924,2;922,9;-9999;20,5;19,3;20,9;20,5;19,6;19,3;93;91;93;29;3,4;2,8;
2011-12-22;09:00;0;922,3;923,1;922,2;-9999;20,4;19,4;20,6;20,4;19,4;19,3;94;93;94;33;5,4;3,8;
2011-12-22;10:00;0;925,3;925,3;922,3;248,1;21,7;20,3;21,7;20,4;20,3;19,3;94;91;91;36;4,8;1,7;
2011-12-22;11:00;0;935,7;935,7;925,3;991,8;23,2;20,5;23,4;21,7;20,9;20;92;84;85;37;7,4;4,9;
2011-12-22;12:00;0;942,6;942,6;935,7;1872,9;24,3;20,5;24,4;23,2;20,9;20,2;85;78;79;41;7,4;5,3;
2011-12-22;13:00;0;950,5;950,5;942,6;2565,8;26,2;20,5;26,2;24,3;21,5;20,1;80;70;71;17;7,2;4,9;
2011-12-22;14:00;0;958,7;958,7;950,6;3418,4;27,8;20,5;28;26,2;21,6;20,2;73;64;64;16;7,3;4;
2011-12-22;15:00;0;963,1;963,1;958,7;3326,6;28,8;20;29,4;27,4;21,1;19,5;66;58;59;11;7,4;3,3;
2011-12-22;16:00;0;966,5;966,5;963,1;3721,4;30,3;20,3;30,3;27,9;21,5;19,4;64;54;55;9;6,5;2,5;
2011-12-22;17:00;0;967,4;968,1;966,6;2953,9;30,6;19,1;31,3;29;20,7;18,6;58;50;50;322;6,5;2,8;
2011-12-22;18:00;0;968,1;969,3;967,4;2254,8;29,2;20,6;31,2;29;21,5;18,7;61;49;60;34;6;2,6;
2011-12-22;19:00;26,4;950,2;968,1;950,2;1017,3;20,1;19,5;30,8;20,1;21,8;19,5;97;54;97;330;18,6;11,6;
2011-12-22;20:00;11,6;927,6;950,1;927,6;539,5;22,7;22,3;22,7;20,1;22,3;19,5;97;97;97;32;16,5;4,1;
2011-12-22;21:00;,2;930,5;930,5;927,6;878,1;23,4;21,3;23,8;22,8;23;20,9;97;85;88;35;6,2;3,3;
2011-12-22;22:00;0;930,3;930,8;930,3;270,6;22,9;21,8;23,4;22,9;21,8;21,1;93;88;93;62;5,6;3,3;
2011-12-22;23:00;0;929,1;930,6;929,1;29,6;22,6;21,4;23,1;22,6;22,2;21,2;95;91;93;142;6,4;3,9;
2011-12-23;00:00;0;928,3;929,2;928,3;-9999;22,8;21;22,9;22,4;21,9;20,9;95;89;89;104;6,4;4,3;
2011-12-23;01:00;0;928,7;928,8;928,3;-9999;22,6;20,1;23;22,5;21,1;20;90;85;86;127;6,1;2,9;
2011-12-23;02:00;0;928,3;928,9;928,3;-9999;22,7;20,6;22,8;22,1;21,1;20,1;92;86;88;102;6,1;2;
2011-12-23;03:00;0;928,8;929;928,3;-9999;22,1;20,7;22,7;22;20,8;20,4;93;87;91;147;3,8;0;
2011-12-23;04:00;0;927,7;929,1;927,7;-9999;21,5;20,1;22,2;21,4;20,7;20;92;91;92;34;6,8;5,2;
2011-12-23;05:00;0;927,3;927,9;927,3;-9999;21,3;20;21,7;21,3;20,2;20;92;91;92;25;8,4;5;
2011-12-23;06:00;0;926,9;927,6;926,9;-9999;21,2;20;21,3;21,1;20;19,9;93;92;93;41;7,8;5,2;
2011-12-23;07:00;0;927,4;927,4;926,9;-9999;21,2;20,3;21,4;21,1;20,3;20;95;93;95;42;8,7;5,5;
2011-12-23;08:00;0;927,7;927,8;927,4;-9999;21,1;19,9;21,3;21,1;20,3;19,9;95;93;93;46;7,7;4,5;
2011-12-23;09:00;0;927,6;928;927,6;-9999;20,9;19,8;21,2;20,8;20;19,7;94;93;93;35;6,4;4,2;
2011-12-23;10:00;0;929;929;927,6;124,6;21,3;20,2;21,3;20,9;20,2;19,8;93;93;93;33;6,4;4,3;
2011-12-23;11:00;0;932;932;929,1;235,1;22,2;20,6;22,2;21,3;20,6;20,2;94;91;91;68;6,3;3,3;
2011-12-23;12:00;0;936,5;936,5;932;654,6;22,7;20,6;22,9;22,1;21;20,5;92;88;88;39;8,1;5,6;
2011-12-23;13:00;0;943,6;943,6;936,5;1645,6;23,9;20,6;24,3;22,7;22;20,3;89;80;82;35;11,1;7;
2011-12-23;14:00;0;949,6;949,6;943,7;2521,5;24,7;21,4;25,1;23,6;22,3;20,5;87;80;82;30;10,6;7,1;
2011-12-23;15:00;0;954,3;954,3;949,6;3001,3;25,7;21,8;26,1;24,5;22,9;21,1;84;79;79;20;10,6;7,2;
2011-12-23;16:00;0;956,4;956,4;954,3;3378,6;25,8;21,5;26,2;25,3;22,5;21,1;82;76;77;36;10,9;7,9;
2011-12-23;17:00;0;958,1;958,1;956,4;3330,4;26,9;22,4;27,3;25,5;22,8;21,1;81;72;77;26;12;6,2;
2011-12-23;18:00;0;960,9;960,9;958,1;3291,2;27,6;22,3;28,3;26,9;23,8;21,8;79;70;73;31;10;6,9;
2011-12-23;19:00;0;961,3;961,6;960,9;3017,4;28,1;21,9;28,1;26,9;23,2;21,5;76;69;69;24;11,5;6;
2011-12-23;20:00;0;959,1;962,2;959,1;1722,7;26,3;20,9;28,6;26,3;22,4;20,4;72;65;72;33;9,8;5,5;
2011-12-23;21:00;0;951;959,1;951;510,5;25,8;21,3;26,3;25,8;21,3;20,5;76;71;76;40;7,3;3,7;
2011-12-23;22:00;3,4;943,3;951;943,3;138,6;21,1;20,3;25,8;21,1;21,5;19,3;95;74;95;49;12,3;8,3;
2011-12-23;23:00;7;929,9;943,3;929,9;1,2;21,1;20,5;21,3;21;20,8;20,2;97;95;97;19;11,8;5,4;
2011-12-24;00:00;0;927,5;929,9;927,5;-9999;20,8;20,3;21,1;20,8;20,5;20,3;97;97;97;10;8,2;4,2;
2011-12-24;01:00;0;926,7;927,7;926,7;-9999;20,9;20,4;20,9;20,6;20,4;20;97;96;97;90;5,6;2,4;
2011-12-24;02:00;,2;926,9;927,1;926,7;-9999;20,6;20;20,9;20,4;20,4;19,8;97;96;96;85;3,3;2,2;
2011-12-24;03:00;0;926,9;927,2;926,8;-9999;20,7;19,9;20,7;20,3;19,9;19,7;96;95;95;60;5,2;3,8;
2011-12-24;04:00;0;927,6;927,6;926,9;-9999;20,4;19,8;20,7;20,4;19,9;19,8;96;95;96;63;5,7;2,8;
2011-12-24;05:00;0;927,8;927,9;927,6;-9999;20,4;19,7;20,4;20,1;19,8;19,5;97;96;96;48;5,2;3,7;
2011-12-24;06:00;0;928,2;928,3;927,8;-9999;20,3;19,6;20,4;20,2;19,7;19,5;96;95;95;51;5,8;4;
2011-12-24;07:00;0;928,5;928,6;928,2;-9999;20,3;19,3;20,3;20,2;19,6;19,2;95;94;94;55;5,8;3,1;
2011-12-24;08:00;0;929;929,1;928,5;-9999;20,2;19;20,4;20,1;19,3;19;94;93;93;49;4,9;2,8;
2011-12-24;09:00;0;929;929,4;929;-9999;19,9;19;20,2;19,9;19;19;95;93;95;45;5,1;3,8;
2011-12-24;10:00;0;931;931;929;174;20,9;19,8;20,9;19,9;19,8;19;95;93;93;30;5,1;3,2;
2011-12-24;11:00;0;939,4;939,4;931;1047,1;22,6;20,8;22,6;20,9;20,8;19,7;93;88;89;32;7,5;5,4;
2011-12-24;12:00;0;944,6;944,6;939,4;1112,8;22,7;20,4;23,1;22,2;21;20;89;86;87;27;8,6;5,4;
2011-12-24;13:00;0;948,5;948,5;944,6;1468,2;23,6;21,4;23,6;22,7;21,4;20,4;88;86;87;37;8,8;5,8;
2011-12-24;14:00;0;955,5;955,5;948,5;2725,2;25,1;22;26;23,7;22,8;21;88;78;83;27;8,9;5,6;
2011-12-24;15:00;0;961,1;961,1;955,5;3039,1;25,5;22,5;26,4;24,9;22,8;21,2;84;77;83;30;9,4;5,9;
2011-12-24;16:00;0;963,8;963,8;961,1;3696,2;26,8;21,2;27,4;25,3;23;20,8;84;70;72;2;9,2;4,8;
2011-12-24;17:00;0;966,7;966,7;963,8;3509,2;27,6;21,5;28,2;26,8;22,2;20,7;74;65;70;19;7,6;4;
2011-12-24;18:00;0;968,6;968,7;966,7;3028,8;28;21,3;28,8;27,3;22,6;20,6;74;63;67;31;7,7;4,2;
2011-12-24;19:00;0;955,3;968,8;955,3;1499,5;24,4;21;28;23,5;21,7;20,6;85;67;82;39;13,3;8,2;
2011-12-24;20:00;0;952,7;955,3;952,6;2278,1;25,1;21,2;25,3;24,4;21,4;20,6;82;77;79;31;11,7;6,5;
2011-12-24;21:00;0;951,8;953,4;951,8;903,6;24,7;20,5;25,5;24,6;21,6;20,1;80;75;77;34;9,3;3,5;
2011-12-24;22:00;0;950,1;951,8;950,1;396,3;23,9;20,9;25,2;23,9;21;19,8;84;72;84;11;4,9;,2;
2011-12-24;23:00;0;943,8;950,1;943,8;-9999;23,1;21;23,9;23,1;21,1;20,7;88;83;88;53;1,8;0;
2011-12-25;00:00;0;939,3;943,8;939,3;-9999;22,5;20,4;23,4;22,3;21;20,4;89;85;88;70;3,3;2,8;
2011-12-25;01:00;0;937,5;939,3;937,5;-9999;22,8;20,1;22,9;22,5;20,6;20;89;84;85;108;3,7;1,9;
2011-12-25;02:00;0;936,8;937,8;936,8;-9999;22,4;19,8;22,8;22,1;20,3;19,7;88;84;85;96;4,1;2,4;
2011-12-25;03:00;0;936;937;936;-9999;21,9;19;22,5;21,7;19,9;19;88;82;83;81;5,2;4,1;
2011-12-25;04:00;0;935,4;936,2;935,4;-9999;21,8;19,3;22,1;21,8;19,3;18,9;86;83;86;74;5,9;3,5;
2011-12-25;05:00;0;935,3;935,7;935,3;-9999;21,7;19,6;21,9;21,7;19,6;19,3;88;86;87;88;5,3;3,4;
2011-12-25;06:00;0;935,5;935,7;935,3;-9999;21,8;19,6;21,9;21,6;19,7;19,6;88;87;87;64;7,3;4,4;
2011-12-25;07:00;0;935,1;935,9;935;-9999;21,8;19,4;21,8;21,3;19,6;19,4;89;86;86;53;6,1;3,6;
2011-12-25;08:00;0;934,3;935,5;934,2;-9999;21,7;19,3;22,1;20,8;19,7;19;90;85;86;105;4,7;1,9;
2011-12-25;09:00;0;935,5;935,5;934,3;-9999;21,3;18,7;22,6;21,3;19,9;18,7;89;83;85;166;4,6;,5;
2011-12-25;10:00;0;935,9;936;935;175;21,5;19,7;21,6;20,3;19,9;18,5;93;85;90;186;2,5;,2;
2011-12-25;11:00;0;941;941;935,9;530,7;23,4;20,5;23,4;21,3;20,8;19,7;93;84;84;45;1,4;,3;
2011-12-25;12:00;0;953,1;953,1;941;1842,1;26,1;21,2;26,4;23,3;21,7;20,3;85;70;74;256;3,6;,3;
2011-12-25;13:00;0;965,3;965,3;953,2;2669,2;27,3;21,9;27,3;25,8;22,1;20,5;77;70;72;355;4,3;2;
2011-12-25;14:00;0;971,1;971,1;965,3;3143,2;27,3;20,7;28,6;26,7;22;19,9;73;62;67;344;5,1;2,2;
2011-12-25;15:00;0;973,8;973,8;971,1;3577;28,9;19,2;29,4;27,3;22,2;19,2;69;56;56;332;7;2,2;
2011-12-25;16:00;0;974,3;974,4;973,8;3767,7;30,3;20,4;30,3;28,6;21,3;18,4;63;51;55;304;6,2;2,2;
2011-12-25;17:00;0;976;976;974,3;4032,2;30,3;20,3;30,8;29,5;21,6;19;60;50;55;269;6,2;2,4;
2011-12-25;18:00;0;973,9;976,9;973,9;2420,4;29,4;20,7;31,1;29;21,9;19,6;64;51;59;278;5,8;3,7;
2011-12-25;19:00;0;970,7;973,9;970,7;2905,7;30;21,2;30,6;29,4;22,2;20,3;63;54;59;269;7,4;4,7;
2011-12-25;20:00;0;969,7;971;969,7;2266,8;30,7;19,6;30,7;30;21,6;19,1;60;51;51;273;6,7;3,7;
2011-12-25;21:00;0;967,2;970,3;967,2;1190,3;26,2;21,1;31,1;26,1;21,3;17,8;74;46;74;146;8,3;4,6;
2011-12-25;22:00;0;949,2;967,2;949,2;198,1;25;21,9;26,2;24,9;22;21,2;84;74;83;157;8,8;2,7;
2011-12-25;23:00;0;941,6;949,2;941,6;4,6;25,3;20,9;25,3;24,7;22,2;20,8;85;76;77;130;5,3;2,4;
2011-12-26;00:00;0;940,7;941,6;940,7;-9999;24,7;21,2;25,6;24,7;21,3;20,6;81;74;81;136;5,1;2,5;
2011-12-26;01:00;,2;936,9;940,8;936,9;-9999;23,2;21,1;25;23,2;21,5;20,9;88;79;88;261;5,1;2,2;
2011-12-26;02:00;0;934,4;936,9;934,4;-9999;23,2;20,9;23,2;22,9;21,2;20,9;90;87;87;247;3,4;,9;
2011-12-26;03:00;0;933,9;934,6;933,9;-9999;23,6;21,1;23,6;23;21,2;20,8;88;86;86;192;2,6;,2;
2011-12-26;04:00;0;934,8;934,8;933,9;-9999;23,3;21,1;23,8;23,3;21,2;21,1;88;85;88;174;2,3;1,1;
2011-12-26;05:00;0;934,8;935,3;934,8;-9999;23,2;21,2;23,4;23,1;21,2;21,1;89;87;88;137;4,5;3,2;
2011-12-26;06:00;0;934,6;935,2;934,6;-9999;23;21,4;23,2;22,9;21,4;21,2;91;88;91;168;4,5;,1;
2011-12-26;07:00;0;934,8;934,9;934,6;-9999;23,3;21,1;23,3;22,9;21,5;21,1;91;87;87;139;3,3;1,1;
2011-12-26;08:00;0;935,1;935,3;934,8;-9999;23;21,2;23,3;22,8;21,4;21,1;91;87;89;139;4;1;
2011-12-26;09:00;0;934,3;935,4;934,3;-9999;22,2;20,7;23,1;22;21,3;20,6;94;87;91;195;4;0;
2011-12-26;10:00;0;934,7;934,7;934,3;79,3;22,8;21,4;22,8;22,1;21,6;20,7;94;91;92;180;2,4;0;
2011-12-26;11:00;0;937,2;937,2;934,7;230,1;23,3;21,4;23,3;22,8;21,6;21,3;92;89;89;134;0;0;
2011-12-26;12:00;0;943,2;943,2;937,2;858,5;24,7;20,9;24,8;23,3;21,6;20,8;89;79;79;136;3,2;2;
2011-12-26;13:00;0;952;952;943,3;1555,9;26,6;20,7;26,6;24,7;21,4;20,6;80;70;70;100;5,9;4,3;
2011-12-26;14:00;0;958,1;958,1;952;1683,3;27,5;21,3;27,5;26,4;21,9;20,6;74;67;69;142;6;2,8;
2011-12-26;15:00;0;965,8;965,8;958,1;3508,6;29,7;21;29,7;27,5;21,6;20,1;69;60;60;129;6,2;2,1;
2011-12-26;16:00;0;972,5;972,5;965,9;3934,2;30,6;19,5;31,1;29,3;21,5;19,5;61;51;52;167;4,3;1,2;
2011-12-26;17:00;,6;972,7;974,8;972,5;2058,2;29,7;22,5;31;29,4;22,7;18,5;67;48;65;63;6,5;2,2;
2011-12-26;18:00;,6;958,3;972,7;958,3;1013,7;28,1;19,9;29,6;26,6;23;18,8;79;59;61;140;7,5;1,2;
2011-12-26;19:00;0;962;962;958,2;1827;29,9;21,7;30,1;28,1;22,1;19,3;68;58;61;297;3,9;2,4;
2011-12-26;20:00;,8;958,6;964,3;958,6;1063,2;24,1;21,9;30,2;24,1;22,9;20,9;88;58;87;290;8,2;5,2;
2011-12-26;21:00;0;946,8;958,6;946,7;1088,4;26,5;22,6;26,5;24;23,3;21,9;89;78;79;299;8,5;4,3;
2011-12-26;22:00;0;945,3;947,3;945,3;376,8;25,9;22,4;26,6;25,6;23,1;21,8;86;78;81;68;6,6;1,6;
2011-12-26;23:00;0;939,1;945,4;939,1;5,2;23,8;21,8;25,9;23,7;22,4;21,2;89;79;89;353;6,8;2,9;
2011-12-27;00:00;0;936,1;939,1;936,1;-9999;23,5;21,9;24,4;23,5;22,5;21,8;91;87;91;331;9,9;5;
2011-12-27;01:00;0;933,9;936,2;933,9;-9999;22,8;21,4;23,5;22,8;21,9;21,3;92;90;92;351;9;4,6;
2011-12-27;02:00;0;932,1;934;932,1;-9999;22,2;21,4;22,8;22,1;21,6;20,8;95;92;95;50;6,2;3,6;
2011-12-27;03:00;,4;930,4;932,3;930,4;-9999;21,7;21,1;22,2;21,7;21,4;21,1;96;95;96;23;7;3,6;
2011-12-27;04:00;0;930,2;930,6;930,1;-9999;22;21,1;22,1;21,7;21,3;21,1;97;95;95;153;4,8;,2;
2011-12-27;05:00;0;930,8;930,8;930,2;-9999;22;21,3;22,1;21,9;21,4;21;96;94;96;88;2,6;,2;
2011-12-27;06:00;,4;931,7;931,7;930,8;-9999;22;21,1;22,2;22;21,3;21,1;96;94;94;56;2,6;,8;
2011-12-27;07:00;2;931,9;932,2;931,7;-9999;21,8;21,2;22;21,7;21,2;21,1;96;94;96;51;4,8;2,3;
2011-12-27;08:00;4,4;932;932,3;931,9;-9999;21,7;21;22;21,5;21,4;20,8;97;95;96;113;6,6;3,8;
2011-12-27;09:00;6,2;931,2;932,3;931,1;-9999;21,5;20,5;21,7;21,2;21;20,1;96;93;94;102;6,3;2,3;
2011-12-27;10:00;2;931,6;931,6;931,2;6,1;21,4;20,8;21,6;21,3;20,9;20,3;96;93;96;259;3,9;1;
2011-12-27;11:00;3;932,3;932,3;931,6;50,9;21,4;20,9;21,4;21,1;20,9;20,6;97;96;97;246;3,8;1;
2011-12-27;12:00;,2;936,2;936,2;932,3;823,5;22,6;21,5;22,6;21,3;21,5;20,8;97;94;94;281;6,2;4,1;
2011-12-27;13:00;0;944,2;944,2;936,2;1517,1;23,6;20,9;23,9;22,6;21,9;20,5;94;82;85;282;7,1;3,3;
2011-12-27;14:00;0;952,8;952,8;944,3;2627,4;24,9;21,2;25;23,6;21,6;20,3;86;76;80;325;6,9;3,6;
2011-12-27;15:00;0;956,7;956,7;952,8;2726,3;25,4;21,5;26;24,4;22,6;20,3;83;74;79;313;7,7;5;
2011-12-27;16:00;0;958,6;958,6;956,7;3252,9;26,1;21,7;26,2;24,8;22,4;20,7;83;75;77;306;8,1;3,9;
2011-12-27;17:00;0;957,7;960;957,7;1566,9;25,1;21,2;26,5;24,9;22,5;20,8;82;74;79;311;6,2;3,5;
2011-12-27;18:00;0;950,6;957,7;950,6;345;24,2;22,1;25,1;24,1;22,1;21,2;88;79;88;342;5,7;4;
2011-12-27;19:00;0;948,6;950,6;948,3;964,5;25,6;21,6;25,6;24,1;22,2;21,5;88;78;78;290;5,5;3,1;
2011-12-27;20:00;0;953,4;953,4;948,6;1433,8;26,2;21,8;26,3;24,9;22,8;21,2;83;77;77;271;4,7;2,5;
2011-12-27;21:00;0;954,1;955,4;953,4;978,7;25,3;22,2;26,8;25,3;22,2;21,5;83;74;83;274;4,5;2,7;
2011-12-27;22:00;0;948,1;954,1;948,1;224,3;24,5;22;25,3;24,5;22,3;21,9;87;82;86;268;3,6;1,2;
2011-12-27;23:00;0;942,6;948,1;942,6;1,4;23,5;22,2;24,4;23,4;22,2;22;93;87;93;287;2,2;,1;
2011-12-28;00:00;0;938,7;942,6;938,7;-9999;22,9;21,7;23,5;22,8;22,3;21,6;93;92;93;54;2,1;1,9;
2011-12-28;01:00;0;936,6;938,7;936,6;-9999;22,8;21,4;23,1;22,7;21,8;21,4;94;91;92;344;2,1;0;
2011-12-28;02:00;0;935,1;936,8;935,1;-9999;22,1;21,2;22,8;22;21,4;21;95;92;95;37;2,8;0;
2011-12-28;03:00;0;934,7;935,3;934,7;-9999;22,4;21,4;22,4;22,1;21,4;21,2;95;94;94;328;1,9;1;
2011-12-28;04:00;0;934,7;935;934,7;-9999;21,6;20,7;22,4;21,6;21,4;20,7;95;93;95;33;3,6;2,4;
2011-12-28;05:00;0;933,6;934,9;933,6;-9999;21,3;20,8;21,6;21,3;20,8;20,6;96;95;96;32;3,5;2,1;
2011-12-28;06:00;0;933,5;933,9;933,4;-9999;21,1;20,6;21,5;21,1;21;20,6;97;96;96;18;3,4;1,9;
2011-12-28;07:00;0;933;933,7;932,9;-9999;21,4;20,8;21,5;21;20,9;20,4;97;96;96;109;2,6;,3;
2011-12-28;08:00;0;932,7;933,4;932,7;-9999;20,9;20,3;21,4;20,8;20,7;20,1;97;96;96;114;1,6;0;
2011-12-28;09:00;0;932,7;933;932,5;-9999;21,2;20,3;21,3;20,6;20,4;19,9;96;94;95;35;3,1;2,5;
2011-12-28;10:00;0;934,8;934,8;932,7;99;21,7;20,9;21,7;21,2;20,9;20,3;96;95;95;43;3,1;2,3;
2011-12-28;11:00;0;943,9;943,9;934,8;798,6;24,3;21,7;24,3;21,7;22,3;21;96;83;85;4;2,8;1,2;
2011-12-28;12:00;0;955,3;955,3;943,9;1602,4;25,9;21,9;25,9;24,3;22,2;20,9;86;76;79;357;4,1;2,3;
2011-12-28;13:00;0;963,8;963,8;955,3;2564,8;26,4;21,8;27;25,9;22,8;21,4;79;74;76;328;5,7;3;
2011-12-28;14:00;0;968,7;968,7;963,8;2785,8;27,6;22,2;28;26,1;22,7;21;78;67;72;312;5,7;3,3;
2011-12-28;15:00;0;971,1;971,1;968,8;3518,7;28,2;21,5;28,8;27,2;22,5;20,7;73;65;67;321;5,7;2,5;
2011-12-28;16:00;0;971,7;972,4;971,1;3229,6;29;21;29,4;28,1;22,5;20,9;70;62;62;319;6,7;3;
2011-12-28;17:00;0;973,9;973,9;971,7;3548,3;29,2;21,9;30,2;28,9;22,9;21,3;69;60;65;328;6,8;3,1;
2011-12-28;18:00;0;973,5;974,4;973,5;3486,8;30,1;21,7;30,7;29,2;23;21,1;66;58;61;295;7,1;4,2;
2011-12-28;19:00;0;970,3;974;970,3;1947;28,8;22,6;30,2;28,8;22,6;20,4;69;56;69;294;7,1;3,4;
2011-12-28;20:00;0;964,1;970,3;964,1;961,7;28,6;22,3;29;28,6;22,7;21,6;70;65;69;294;4,7;2,4;
2011-12-28;21:00;0;960,7;964,1;960,7;642;28,2;23;28,9;28,2;23,2;22,4;74;68;73;260;3,3;,7;
2011-12-28;22:00;0;955,3;960,7;955,3;161,2;27,3;23,1;28,4;27,3;23,3;22,1;78;71;78;36;1,5;0;
2011-12-28;23:00;0;948,5;955,3;948,5;-9999;26,5;23,1;27,6;26,3;23,2;21,8;82;71;82;16;1;,1;
2011-12-29;00:00;0;944;948,5;944;-9999;25,8;23,4;26,5;25,8;23,9;22,9;88;81;86;108;1,6;,3;
2011-12-29;01:00;0;940,2;944;940,2;-9999;24,4;22,6;25,8;24,4;23,3;22,4;90;85;89;54;4,5;3,1;
2011-12-29;02:00;0;937,3;940,2;937,3;-9999;24;22,1;24,4;24;22,6;22,1;90;89;89;43;4,3;3,4;
2011-12-29;03:00;0;935,5;937,4;935,5;-9999;23,4;22;24;23,4;22,1;22;92;89;92;22;4,2;3,1;
2011-12-29;04:00;0;934,2;935,6;934,2;-9999;23,2;21,9;23,4;23,2;22;21,9;93;92;93;36;4,1;3;
2011-12-29;05:00;0;933,2;934,4;933,2;-9999;22,8;21,6;23,2;22,8;21,9;21,6;93;93;93;29;3,9;0;
2011-12-29;06:00;0;932;933,4;932;-9999;22,6;21,2;22,8;22,5;21,6;21,2;94;92;92;35;2,6;0;
2011-12-29;07:00;0;931,8;932,3;931,8;-9999;22,6;21;22,7;22,5;21,2;21;92;91;91;44;4,6;3,5;
2011-12-29;08:00;0;931,6;932,2;931,6;-9999;22,3;20,8;22,6;22,3;21;20,8;92;90;91;30;4,3;3;
2011-12-29;09:00;0;931;931,8;931;-9999;21,9;20,7;22,3;21,9;20,8;20,7;93;91;93;25;4,4;3,3;
2011-12-29;10:00;0;932,7;932,7;931;176,4;22,9;21,5;22,9;21,9;21,5;20,8;93;92;92;40;4,7;3,3;
2011-12-29;11:00;0;940,4;940,4;932,7;816,7;24,4;22,3;24,4;22,9;22,3;21,5;92;88;88;28;6;3,9;
2011-12-29;12:00;0;951,1;951,1;940,4;1709,8;26;22,2;26,2;24,4;23;22,1;88;79;80;8;5,8;2,3;
2011-12-29;13:00;0;958,9;958,9;951,1;2502,2;27,6;22,9;27,8;25,8;23,1;21,9;83;74;75;297;6,5;4,4;
2011-12-29;14:00;0;964,2;964,2;958,9;3127,2;29,1;23,1;29,1;27,3;23,8;22,2;78;70;70;303;7,8;4,5;
2011-12-29;15:00;0;964,8;966,2;964,3;3087,7;29,7;22,8;29,7;27,2;23,6;21,5;74;64;67;310;9,5;4,2;
2011-12-29;16:00;0;963,5;965,9;963,5;2029,9;26,2;22;29,9;26,2;23;21,1;78;63;77;20;9,4;5;
2011-12-29;17:00;0;960,6;963,5;959,2;3183,3;28,9;22,6;29,2;25,9;23,8;21,8;82;66;69;359;8,6;6,1;
2011-12-29;18:00;0;963,6;963,6;960,6;3044,6;28,5;23,5;29,5;28,3;24,7;21,9;76;66;74;10;9,2;5,9;
2011-12-29;19:00;0;955,9;963,9;955,9;1610,7;26,1;22;29;25,9;24,1;20,4;78;67;78;4;14;7,9;
2011-12-29;20:00;0;945,1;955,9;945,1;795,2;23,7;20,4;26,2;23,6;22,9;19,8;83;75;82;29;15,8;5,5;
2011-12-29;21:00;0;935,8;945,1;935,8;152;22,8;20,6;23,7;22,8;20,7;20,2;87;82;87;16;8,5;2;
2011-12-29;22:00;0;931,3;935,8;931,3;29,4;22,5;21,1;22,9;22,4;21,1;20,6;92;87;92;7;4,5;2,1;
2011-12-29;23:00;0;929,9;931,3;929,9;-9999;22,2;21;22,6;22,1;21,2;20,8;93;91;93;282;3,5;1,1;
2011-12-30;00:00;0;929,2;930,1;929,2;-9999;22;21,1;22,2;22;21,2;20,9;95;93;95;285;3;0;
2011-12-30;01:00;0;929,6;929,6;929,2;-9999;22,2;21,2;22,3;22;21,3;21,1;95;93;94;163;1,3;0;
2011-12-30;02:00;,2;930,1;930,1;929,6;-9999;22,4;21,4;22,4;22,1;21,4;21,1;94;94;94;142;1,4;0;
2011-12-30;03:00;,2;930,7;930,7;930,1;-9999;22,4;21,6;22,4;22,2;21,6;21,3;95;94;95;94;1,7;0;
2011-12-30;04:00;0;931,6;931,6;930,7;-9999;22,5;21,6;22,5;22,4;21,7;21,5;96;94;95;74;3,3;1,6;
2011-12-30;05:00;0;932,5;932,5;931,7;-9999;22,4;21,6;22,5;22,4;21,7;21,6;95;95;95;67;4;2,3;
2011-12-30;06:00;,2;932,8;933;932,5;-9999;22,3;21,2;22,4;22,3;21,6;21,2;95;94;94;48;5;3,7;
2011-12-30;07:00;0;932,8;933,2;932,8;-9999;22,1;20,9;22,4;22,1;21,2;20,9;94;93;93;45;5;2,9;
2011-12-30;08:00;0;932,2;933,1;932,2;-9999;21,7;20,8;22,2;21,7;21;20,7;95;93;95;30;3,8;,9;
2011-12-30;09:00;0;931,4;932,4;931,4;-9999;21,7;20,7;21,8;21,6;20,9;20,7;96;94;94;38;3,5;0;
2011-12-30;10:00;0;932,5;932,5;931,4;60,4;22;20,9;22;21,7;21;20,7;95;94;94;38;4,3;,4;
2011-12-30;11:00;0;938,5;938,5;932,5;763,6;22,8;21,6;23,1;22;22;21;94;92;93;37;7,8;5;
2011-12-30;12:00;0;945,2;945,2;938,5;1558,6;24,2;22;24,2;22,7;22,5;21,5;94;87;88;36;9,2;6,1;
2011-12-30;13:00;0;952,8;952,8;945,2;2080,4;25,7;22,4;25,8;24,2;23,2;21,8;88;81;82;16;8,4;5,4;
2011-12-30;14:00;0;958,3;958,3;952,8;2045,8;27;22,8;27,1;25,7;23,2;22,2;83;76;78;13;7,7;4,9;
2011-12-30;15:00;0;967,2;967,2;958,3;3879,3;27,6;22,2;28,5;27;24,1;22;79;69;72;347;8,2;4,6;
2011-12-30;16:00;3,4;956,7;968,7;956,7;1835,5;21,6;20,6;29;21,2;23,3;19,8;95;69;94;315;15,5;4,9;
2011-12-30;17:00;2,6;939,8;956,7;939,8;542,2;23,1;21,9;23,1;21,6;21,9;20,5;96;92;93;318;8,6;5,6;
2011-12-30;18:00;0;937;939,8;937;282,3;22,5;21,4;23,1;22,5;21,9;21,4;95;92;93;310;10,4;5,6;
2011-12-30;19:00;3;934;937,1;934;196,7;21,8;21,2;22,5;21,7;21,4;21;97;94;97;286;10,4;5,1;
2011-12-30;20:00;2,2;933,4;934,1;933,4;214,8;21,8;21,1;22;21,8;21,4;21,1;97;96;96;269;7,4;4,5;
2011-12-30;21:00;,8;932,5;933,7;932,5;181,6;21,4;20,8;21,9;21,4;21,2;20,7;96;95;96;256;6,6;4,2;
2011-12-30;22:00;0;932;932,8;932;105,5;21,2;20,3;21,5;21,2;20,9;20,3;96;95;95;187;6,6;0;
2011-12-30;23:00;0;931,5;932,3;931,5;,5;21,4;20,2;21,4;21,1;20,5;20,1;95;93;93;128;4;1,1;
2011-12-31;00:00;0;931,7;931,8;931,5;-9999;21,1;20,3;21,6;21,1;20,4;20,1;95;92;95;61;4,3;2,2;
2011-12-31;01:00;0;932;932,1;931,7;-9999;21,1;20,5;21,2;21,1;20,5;20,3;96;95;96;14;3,7;2,6;
2011-12-31;02:00;0;932,6;932,6;932;-9999;21,1;20,5;21,2;21,1;20,5;20,5;97;96;97;40;4,4;,3;
2011-12-31;03:00;0;933,2;933,2;932,6;-9999;21,2;20,5;21,2;21,1;20,6;20,5;97;96;96;24;4,8;2,8;
2011-12-31;04:00;0;933,5;933,6;933,2;-9999;21,1;20,6;21,2;21;20,6;20,4;97;96;97;36;6,4;4,3;
2011-12-31;05:00;0;934,7;934,7;933,5;-9999;21,4;20,9;21,4;21,1;20,9;20,6;97;97;97;41;6,4;4,1;
2011-12-31;06:00;0;935,5;935,5;934,7;-9999;21,5;20,9;21,5;21,4;20,9;20,9;97;97;97;29;6;4,2;
2011-12-31;07:00;0;936,3;936,3;935,5;-9999;21,6;21,1;21,6;21,5;21,1;20,9;97;97;97;28;5,7;3,8;
2011-12-31;08:00;0;937,1;937,1;936,3;-9999;21,6;21,1;21,6;21,6;21,1;21,1;97;97;97;30;5,7;4;
2011-12-31;09:00;0;937,5;937,6;937,1;-9999;21,5;21,1;21,6;21,5;21,1;21,1;97;97;97;32;5,4;3,2;
2011-12-31;10:00;0;937,8;937,9;937,5;67;21,6;21,2;21,7;21,4;21,2;21;97;97;97;33;5,5;1,4;
2011-12-31;11:00;0;939,6;939,6;937,8;318,3;22,2;21,5;22,2;21,6;21,5;21,2;97;95;96;26;5,3;3,6;
2011-12-31;12:00;,2;944,6;944,6;939,6;736,6;22,4;21,4;22,8;22,2;21,8;21,3;96;93;94;10;5,3;3,3;
2011-12-31;13:00;,4;949,8;949,8;944,6;1185,4;23,4;21,6;24,1;22,4;22,6;21,4;95;89;90;333;5;1,5;
2011-12-31;14:00;,2;953,4;953,4;949,8;1482,7;25;22,2;25,1;23,4;22,9;21,8;92;84;84;330;7,5;4,3;
2011-12-31;15:00;0;962,1;962,1;953,4;2697,3;25,3;21,8;27,4;25;23,7;21,7;87;77;81;307;10,3;5,3;
2011-12-31;16:00;4,6;954,6;962,5;954,6;1907,7;24,2;22,4;25,5;22,7;23,5;21;95;81;90;305;12,8;6,2;
2011-12-31;17:00;0;953,7;954,6;953,4;1968,8;24,7;22,4;25,2;24,2;23;21,8;91;82;87;314;11,1;5,5;
2011-12-31;18:00;9,4;944,8;954,1;944,8;519,1;21,4;20,9;24,7;21,1;22,4;20,1;97;85;97;289;13,8;2,7;
2011-12-31;19:00;,6;939,3;944,7;939,3;244,7;22,1;21,4;22,1;21,2;21,4;20,7;97;95;96;249;4,1;,6;
2011-12-31;20:00;9,8;936,4;939,6;936,4;56,5;21,2;20,7;22,3;21,1;21,4;20,4;97;94;97;253;12,2;3,1;
2011-12-31;21:00;3,2;935,7;936,5;935,6;33,6;21,3;20,8;21,4;21,2;20,9;20,7;97;97;97;215;5;,2;
2011-12-31;22:00;,6;935,3;935,9;935,3;37,2;21,3;20,7;21,3;21,1;20,8;20,5;97;96;96;181;2,9;0;
2011-12-31;23:00;0;935,2;935,6;935,2;,4;21,3;20,6;21,3;21,1;20,7;20,5;97;96;96;140;3,1;,9;
